stamp,joint1_to_base,joint2_to_joint1,joint3_to_joint2,joint4_to_joint3,joint5_to_joint4,joint6_to_joint5,gripper_controller
6.972,-0.0000,-0.0000,0.0013,-0.0000,-0.0011,0.0000,0.0000
6.984,-0.0000,-0.0000,0.0013,-0.0000,-0.0011,0.0000,0.0000
6.996,-0.0000,-0.0000,0.0013,-0.0000,-0.0011,0.0000,0.0000
7.008,-0.0000,-0.0000,0.0013,-0.0000,-0.0011,0.0000,0.0000
7.020,-0.0000,-0.0000,0.0013,-0.0000,-0.0011,0.0000,0.0000
7.032,-0.0000,-0.0000,0.0013,-0.0000,-0.0011,0.0000,0.0000
7.044,-0.0000,-0.0000,0.0013,-0.0000,-0.0011,0.0000,0.0000
7.056,-0.0000,-0.0000,0.0013,-0.0000,-0.0011,0.0000,0.0000
7.068,-0.0000,-0.0000,0.0013,-0.0000,-0.0011,0.0000,0.0000
7.080,-0.0000,-0.0000,0.0013,-0.0000,-0.0011,0.0000,0.0000
7.092,-0.0000,-0.0000,0.0013,-0.0000,-0.0011,0.0000,0.0000
7.104,-0.0000,-0.0000,0.0013,-0.0000,-0.0011,0.0000,0.0000
7.116,-0.0000,-0.0000,0.0013,-0.0000,-0.0011,0.0000,0.0000
7.128,-0.0000,-0.0000,0.0013,-0.0000,-0.0011,0.0000,0.0000
7.140,-0.0000,-0.0000,0.0013,-0.0000,-0.0011,0.0000,0.0000
7.152,-0.0000,-0.0000,0.0013,-0.0000,-0.0011,0.0000,0.0000
7.164,-0.0000,-0.0000,0.0013,-0.0000,-0.0011,0.0000,0.0000
7.176,-0.0000,-0.0000,0.0013,-0.0000,-0.0011,0.0000,0.0000
7.188,-0.0000,-0.0000,0.0013,-0.0000,-0.0011,0.0000,0.0000
7.200,-0.0000,-0.0000,0.0013,-0.0000,-0.0011,0.0000,0.0000
7.212,-0.0000,-0.0000,0.0013,-0.0000,-0.0011,0.0000,0.0000
7.224,-0.0000,-0.0000,0.0013,-0.0000,-0.0011,0.0000,0.0000
7.236,-0.0000,-0.0000,0.0013,-0.0000,-0.0011,0.0000,0.0000
7.248,-0.0000,-0.0000,0.0013,-0.0000,-0.0011,0.0000,0.0000
7.260,-0.0000,-0.0000,0.0013,-0.0000,-0.0011,0.0000,0.0000
7.272,-0.0000,-0.0000,0.0013,-0.0000,-0.0011,0.0000,0.0000
7.284,-0.0000,-0.0000,0.0013,-0.0000,-0.0011,0.0000,0.0000
7.296,-0.0000,-0.0000,0.0013,-0.0000,-0.0011,0.0000,0.0000
7.308,-0.0000,-0.0000,0.0013,-0.0000,-0.0011,0.0000,0.0000
7.320,-0.0000,-0.0000,0.0013,-0.0000,-0.0011,0.0000,0.0000
7.332,-0.0000,-0.0000,0.0013,-0.0000,-0.0011,0.0000,0.0000
7.344,-0.0000,-0.0000,0.0013,-0.0000,-0.0011,0.0000,0.0000
7.356,-0.0000,-0.0000,0.0013,-0.0000,-0.0011,0.0000,0.0000
7.368,-0.0000,-0.0000,0.0013,-0.0000,-0.0011,0.0000,0.0000
7.380,-0.0000,-0.0000,0.0013,-0.0000,-0.0011,0.0000,0.0000
7.392,-0.0000,-0.0000,0.0013,-0.0000,-0.0011,0.0000,0.0000
7.404,-0.0000,-0.0000,0.0013,-0.0000,-0.0011,0.0000,0.0000
7.416,-0.0000,-0.0000,0.0013,-0.0000,-0.0011,0.0000,0.0000
7.428,-0.0000,-0.0000,0.0013,-0.0000,-0.0011,0.0000,0.0000
7.440,-0.0000,-0.0000,0.0013,-0.0000,-0.0011,0.0000,0.0000
7.452,-0.0000,-0.0000,0.0013,-0.0000,-0.0011,0.0000,0.0000
7.464,-0.0000,-0.0000,0.0013,-0.0000,-0.0011,0.0000,0.0000
7.476,-0.0000,-0.0000,0.0013,-0.0000,-0.0011,0.0000,0.0000
7.488,-0.0000,-0.0000,0.0013,-0.0000,-0.0011,0.0000,0.0000
7.500,-0.0000,-0.0000,0.0013,-0.0000,-0.0011,0.0000,0.0000
7.512,-0.0000,-0.0000,0.0013,-0.0000,-0.0011,0.0000,0.0000
7.524,-0.0000,-0.0000,0.0013,-0.0000,-0.0011,0.0000,0.0000
7.536,-0.0000,-0.0000,0.0013,-0.0000,-0.0011,0.0000,0.0000
7.548,-0.0000,-0.0000,0.0013,-0.0000,-0.0011,0.0000,0.0000
7.560,-0.0000,-0.0000,0.0013,-0.0000,-0.0011,0.0000,0.0000
7.572,-0.0000,-0.0000,0.0013,-0.0000,-0.0011,0.0000,0.0000
7.584,-0.0000,-0.0000,0.0013,-0.0000,-0.0011,0.0000,0.0000
7.596,-0.0000,-0.0000,0.0013,-0.0000,-0.0011,0.0000,0.0000
7.608,-0.0000,-0.0000,0.0013,-0.0000,-0.0011,0.0000,0.0000
7.620,-0.0000,-0.0000,0.0013,-0.0000,-0.0011,0.0000,0.0000
7.632,-0.0000,-0.0000,0.0013,-0.0000,-0.0011,0.0000,0.0000
7.644,-0.0000,-0.0000,0.0013,-0.0000,-0.0011,0.0000,0.0000
7.656,-0.0000,-0.0000,0.0013,-0.0000,-0.0011,0.0000,0.0000
7.668,-0.0000,-0.0000,0.0013,-0.0000,-0.0011,0.0000,0.0000
7.680,-0.0000,-0.0000,0.0013,-0.0000,-0.0011,0.0000,0.0000
7.692,-0.0000,-0.0000,0.0013,-0.0000,-0.0011,0.0000,0.0000
7.704,-0.0000,-0.0000,0.0013,-0.0000,-0.0011,0.0000,0.0000
7.716,-0.0000,-0.0000,0.0013,-0.0000,-0.0011,0.0000,0.0000
7.728,-0.0000,-0.0000,0.0013,-0.0000,-0.0011,0.0000,0.0000
7.740,-0.0000,-0.0000,0.0013,-0.0000,-0.0011,0.0000,0.0000
7.752,-0.0000,-0.0000,0.0013,-0.0000,-0.0011,0.0000,0.0000
7.764,-0.0000,-0.0000,0.0013,-0.0000,-0.0011,0.0000,0.0000
7.776,-0.0000,-0.0000,0.0013,-0.0000,-0.0011,0.0000,0.0000
7.788,-0.0000,-0.0000,0.0013,-0.0000,-0.0011,0.0000,0.0000
7.800,-0.0000,-0.0000,0.0013,-0.0000,-0.0011,0.0000,0.0000
7.812,-0.0000,-0.0000,0.0013,-0.0000,-0.0011,0.0000,0.0000
7.824,-0.0000,-0.0000,0.0013,-0.0000,-0.0011,0.0000,0.0000
7.836,-0.0000,-0.0000,0.0013,-0.0000,-0.0011,0.0000,0.0000
7.848,-0.0000,-0.0000,0.0013,-0.0000,-0.0011,0.0000,0.0000
7.860,-0.0000,-0.0000,0.0013,-0.0000,-0.0011,0.0000,0.0000
7.872,-0.0000,-0.0000,0.0013,-0.0000,-0.0011,0.0000,0.0000
7.884,-0.0000,-0.0000,0.0013,-0.0000,-0.0011,0.0000,0.0000
7.896,-0.0000,-0.0000,0.0013,-0.0000,-0.0011,0.0000,0.0000
7.908,-0.0000,-0.0000,0.0013,-0.0000,-0.0011,0.0000,0.0000
7.920,-0.0000,-0.0000,0.0013,-0.0000,-0.0011,0.0000,0.0000
7.932,-0.0000,-0.0000,0.0013,-0.0000,-0.0011,0.0000,0.0000
7.944,-0.0000,-0.0000,0.0013,-0.0000,-0.0011,0.0000,0.0000
7.956,-0.0000,-0.0000,0.0013,-0.0000,-0.0011,0.0000,0.0000
7.968,-0.0000,-0.0000,0.0013,-0.0000,-0.0011,0.0000,0.0000
7.980,-0.0000,-0.0000,0.0013,-0.0000,-0.0011,0.0000,0.0000
7.992,-0.0000,-0.0000,0.0013,-0.0000,-0.0011,0.0000,0.0000
8.004,-0.0000,-0.0000,0.0013,-0.0000,-0.0011,0.0000,0.0000
8.016,-0.0000,-0.0000,0.0013,-0.0000,-0.0011,0.0000,0.0000
8.028,-0.0000,-0.0000,0.0013,-0.0000,-0.0011,0.0000,0.0000
8.040,-0.0000,-0.0000,0.0013,-0.0000,-0.0011,0.0000,0.0000
8.052,-0.0000,-0.0000,0.0013,-0.0000,-0.0011,0.0000,0.0000
8.064,-0.0000,-0.0000,0.0013,-0.0000,-0.0011,0.0000,0.0000
8.076,-0.0000,-0.0000,0.0013,-0.0000,-0.0011,0.0000,0.0000
8.088,-0.0000,-0.0000,0.0013,-0.0000,-0.0011,0.0000,0.0000
8.100,-0.0000,-0.0000,0.0013,-0.0000,-0.0011,0.0000,0.0000
8.112,-0.0000,-0.0000,0.0013,-0.0000,-0.0011,0.0000,0.0000
8.124,-0.0000,-0.0000,0.0013,-0.0000,-0.0011,0.0000,0.0000
8.136,-0.0000,-0.0000,0.0013,-0.0000,-0.0011,0.0000,0.0000
8.148,-0.0000,-0.0000,0.0013,-0.0000,-0.0011,0.0000,0.0000
8.160,-0.0000,-0.0000,0.0013,-0.0000,-0.0011,0.0000,0.0000
8.172,-0.0000,-0.0000,0.0013,-0.0000,-0.0011,0.0000,0.0000
8.184,-0.0000,-0.0000,0.0013,-0.0000,-0.0011,0.0000,0.0000
8.196,-0.0000,-0.0000,0.0013,-0.0000,-0.0011,0.0000,0.0000
8.208,-0.0000,-0.0000,0.0013,-0.0000,-0.0011,0.0000,0.0000
8.220,-0.0000,-0.0000,0.0013,-0.0000,-0.0011,0.0000,0.0000
8.232,-0.0000,-0.0000,0.0013,-0.0000,-0.0011,0.0000,0.0000
8.244,-0.0000,-0.0000,0.0013,-0.0000,-0.0011,0.0000,0.0000
8.256,-0.0000,-0.0000,0.0013,-0.0000,-0.0011,0.0000,0.0000
8.268,-0.0000,-0.0000,0.0013,-0.0000,-0.0011,0.0000,0.0000
8.280,-0.0000,-0.0000,0.0013,-0.0000,-0.0011,0.0000,0.0000
8.292,-0.0000,-0.0000,0.0013,-0.0000,-0.0011,0.0000,0.0000
8.304,-0.0000,-0.0000,0.0013,-0.0000,-0.0011,0.0000,0.0000
8.316,-0.0000,-0.0000,0.0013,-0.0000,-0.0011,0.0000,0.0000
8.328,-0.0000,-0.0000,0.0013,-0.0000,-0.0011,0.0000,0.0000
8.340,-0.0000,-0.0000,0.0013,-0.0000,-0.0011,0.0000,0.0000
8.352,-0.0000,-0.0000,0.0013,-0.0000,-0.0011,0.0000,0.0000
8.364,-0.0000,-0.0000,0.0013,-0.0000,-0.0011,0.0000,0.0000
8.376,-0.0000,-0.0000,0.0013,-0.0000,-0.0011,0.0000,0.0000
8.388,-0.0000,-0.0000,0.0013,-0.0000,-0.0011,0.0000,0.0000
8.400,-0.0000,-0.0000,0.0013,-0.0000,-0.0011,0.0000,0.0000
8.412,-0.0000,-0.0000,0.0013,-0.0000,-0.0011,0.0000,0.0000
8.424,-0.0000,-0.0000,0.0013,-0.0000,-0.0011,0.0000,0.0000
8.436,-0.0000,-0.0000,0.0013,-0.0000,-0.0011,0.0000,0.0000
8.448,-0.0000,-0.0000,0.0013,-0.0000,-0.0011,0.0000,0.0000
8.460,-0.0000,-0.0000,0.0013,-0.0000,-0.0011,0.0000,0.0000
8.472,-0.0000,-0.0000,0.0013,-0.0000,-0.0011,0.0000,0.0000
8.484,-0.0000,-0.0000,0.0013,-0.0000,-0.0011,0.0000,0.0000
8.496,-0.0000,-0.0000,0.0013,-0.0000,-0.0011,0.0000,0.0000
8.508,-0.0000,-0.0000,0.0013,-0.0000,-0.0011,0.0000,0.0000
8.520,-0.0000,-0.0000,0.0013,-0.0000,-0.0011,0.0000,0.0000
8.532,-0.0000,-0.0000,0.0013,-0.0000,-0.0011,0.0000,0.0000
8.544,-0.0000,-0.0000,0.0013,-0.0000,-0.0011,0.0000,0.0000
8.556,-0.0000,-0.0000,0.0013,-0.0000,-0.0011,0.0000,0.0000
8.568,-0.0000,-0.0000,0.0013,-0.0000,-0.0011,0.0000,0.0000
8.580,-0.0000,-0.0000,0.0013,-0.0000,-0.0011,0.0000,0.0000
8.592,-0.0000,-0.0000,0.0013,-0.0000,-0.0011,0.0000,0.0000
8.604,-0.0000,-0.0000,0.0013,-0.0000,-0.0011,0.0000,0.0000
8.616,-0.0000,-0.0000,0.0013,-0.0000,-0.0011,0.0000,0.0000
8.628,-0.0000,-0.0000,0.0013,-0.0000,-0.0011,0.0000,0.0000
8.640,-0.0000,-0.0000,0.0013,-0.0000,-0.0011,0.0000,0.0000
8.652,-0.0000,-0.0000,0.0012,-0.0000,-0.0011,0.0000,0.0000
8.664,-0.0000,-0.0000,0.0012,-0.0000,-0.0011,0.0000,0.0000
8.676,-0.0000,-0.0000,0.0012,-0.0000,-0.0010,0.0000,0.0000
8.688,-0.0000,-0.0000,0.0012,-0.0000,-0.0010,0.0000,0.0000
8.700,-0.0000,-0.0000,0.0012,-0.0000,-0.0010,0.0000,0.0000
8.712,-0.0000,-0.0000,0.0012,-0.0000,-0.0010,0.0000,0.0000
8.724,-0.0000,-0.0000,0.0012,-0.0000,-0.0010,0.0000,0.0000
8.736,-0.0000,-0.0000,0.0012,-0.0000,-0.0010,0.0000,0.0000
8.748,-0.0000,-0.0000,0.0012,-0.0000,-0.0010,0.0000,0.0000
8.760,-0.0000,-0.0000,0.0012,-0.0000,-0.0010,0.0000,0.0000
8.772,-0.0000,-0.0000,0.0012,-0.0000,-0.0010,0.0000,0.0000
8.784,-0.0000,-0.0000,0.0012,-0.0000,-0.0010,0.0000,0.0000
8.796,-0.0000,-0.0000,0.0012,-0.0000,-0.0010,0.0000,0.0000
8.808,-0.0000,-0.0000,0.0011,-0.0000,-0.0010,0.0000,0.0000
8.820,-0.0000,-0.0000,0.0011,-0.0000,-0.0010,0.0000,0.0000
8.832,-0.0000,-0.0000,0.0011,-0.0000,-0.0010,0.0000,0.0000
8.844,-0.0000,-0.0000,0.0011,-0.0000,-0.0010,0.0000,0.0000
8.856,-0.0000,-0.0000,0.0011,-0.0000,-0.0009,0.0000,0.0000
8.868,-0.0000,-0.0000,0.0011,-0.0000,-0.0009,0.0000,0.0000
8.880,-0.0000,-0.0000,0.0011,-0.0000,-0.0009,0.0000,0.0000
8.892,-0.0000,-0.0000,0.0011,-0.0000,-0.0009,0.0000,0.0000
8.904,-0.0000,-0.0000,0.0011,-0.0000,-0.0009,0.0000,0.0000
8.916,-0.0000,-0.0000,0.0011,-0.0000,-0.0009,0.0000,0.0000
8.928,-0.0000,-0.0000,0.0011,-0.0000,-0.0009,0.0000,0.0000
8.940,-0.0000,-0.0000,0.0011,-0.0000,-0.0009,0.0000,0.0000
8.952,-0.0000,-0.0000,0.0010,-0.0000,-0.0009,0.0000,0.0000
8.964,-0.0000,-0.0000,0.0010,-0.0000,-0.0009,0.0000,0.0000
8.976,-0.0000,-0.0000,0.0010,-0.0000,-0.0009,0.0000,0.0000
8.988,-0.0000,-0.0000,0.0010,-0.0000,-0.0009,0.0000,0.0000
9.000,-0.0000,-0.0000,0.0010,-0.0000,-0.0009,0.0000,0.0000
9.012,-0.0000,-0.0000,0.0010,-0.0000,-0.0009,0.0000,0.0000
9.024,-0.0000,-0.0000,0.0010,-0.0000,-0.0009,0.0000,0.0000
9.036,-0.0000,-0.0000,0.0010,-0.0000,-0.0008,0.0000,0.0000
9.048,-0.0000,-0.0000,0.0010,-0.0000,-0.0008,0.0000,0.0000
9.060,-0.0000,-0.0000,0.0010,-0.0000,-0.0008,0.0000,0.0000
9.072,-0.0000,-0.0000,0.0010,-0.0000,-0.0008,0.0000,0.0000
9.084,-0.0000,-0.0000,0.0010,-0.0000,-0.0008,0.0000,0.0000
9.096,-0.0000,-0.0000,0.0010,-0.0000,-0.0008,0.0000,0.0000
9.108,-0.0000,-0.0000,0.0009,-0.0000,-0.0008,0.0000,0.0000
9.120,-0.0000,-0.0000,0.0009,-0.0000,-0.0008,0.0000,0.0000
9.132,-0.0000,-0.0000,0.0009,-0.0000,-0.0008,0.0000,0.0000
9.144,-0.0000,-0.0000,0.0009,-0.0000,-0.0008,0.0000,0.0000
9.156,-0.0000,-0.0000,0.0009,-0.0000,-0.0008,0.0000,0.0000
9.168,-0.0000,-0.0000,0.0009,-0.0000,-0.0008,0.0000,0.0000
9.180,-0.0000,-0.0000,0.0009,-0.0000,-0.0008,0.0000,0.0000
9.192,-0.0000,-0.0000,0.0009,-0.0000,-0.0008,0.0000,0.0000
9.204,-0.0000,-0.0000,0.0009,-0.0000,-0.0008,0.0000,0.0000
9.216,-0.0000,-0.0000,0.0009,-0.0000,-0.0007,0.0000,0.0000
9.228,-0.0000,-0.0000,0.0009,-0.0000,-0.0007,0.0000,0.0000
9.240,-0.0000,-0.0000,0.0009,-0.0000,-0.0007,0.0000,0.0000
9.252,-0.0000,-0.0000,0.0008,-0.0000,-0.0007,0.0000,0.0000
9.264,-0.0000,-0.0000,0.0008,-0.0000,-0.0007,0.0000,0.0000
9.276,-0.0000,-0.0000,0.0008,-0.0000,-0.0007,0.0000,0.0000
9.288,-0.0000,-0.0000,0.0008,-0.0000,-0.0007,0.0000,0.0000
9.300,-0.0000,-0.0000,0.0008,-0.0000,-0.0007,0.0000,0.0000
9.312,-0.0000,-0.0000,0.0008,-0.0000,-0.0007,0.0000,0.0000
9.324,-0.0000,-0.0000,0.0008,-0.0000,-0.0007,0.0000,0.0000
9.336,-0.0000,-0.0000,0.0008,-0.0000,-0.0007,0.0000,0.0000
9.348,-0.0000,-0.0000,0.0008,-0.0000,-0.0007,0.0000,0.0000
9.360,-0.0000,-0.0000,0.0008,-0.0000,-0.0007,0.0000,0.0000
9.372,-0.0000,-0.0000,0.0008,-0.0000,-0.0007,0.0000,0.0000
9.384,-0.0000,-0.0000,0.0008,-0.0000,-0.0006,0.0000,0.0000
9.396,-0.0000,-0.0000,0.0008,-0.0000,-0.0006,0.0000,0.0000
9.408,-0.0000,-0.0000,0.0007,-0.0000,-0.0006,0.0000,0.0000
9.420,-0.0000,-0.0000,0.0007,-0.0000,-0.0006,0.0000,0.0000
9.432,-0.0000,-0.0000,0.0007,-0.0000,-0.0006,0.0000,0.0000
9.444,-0.0000,-0.0000,0.0007,-0.0000,-0.0006,0.0000,0.0000
9.456,-0.0000,-0.0000,0.0007,-0.0000,-0.0006,0.0000,0.0000
9.468,-0.0000,-0.0000,0.0007,-0.0000,-0.0006,0.0000,0.0000
9.480,-0.0000,-0.0000,0.0007,-0.0000,-0.0006,0.0000,0.0000
9.492,-0.0000,-0.0000,0.0007,-0.0000,-0.0006,0.0000,0.0000
9.504,-0.0000,-0.0000,0.0007,-0.0000,-0.0006,0.0000,0.0000
9.516,-0.0000,-0.0000,0.0007,-0.0000,-0.0006,0.0000,0.0000
9.528,-0.0000,-0.0000,0.0007,-0.0000,-0.0006,0.0000,0.0000
9.540,-0.0000,-0.0000,0.0007,-0.0000,-0.0006,0.0000,0.0000
9.552,-0.0000,-0.0000,0.0006,-0.0000,-0.0006,0.0000,0.0000
9.564,-0.0000,-0.0000,0.0006,-0.0000,-0.0005,0.0000,0.0000
9.576,-0.0000,-0.0000,0.0006,-0.0000,-0.0005,0.0000,0.0000
9.588,-0.0000,-0.0000,0.0006,-0.0000,-0.0005,0.0000,0.0000
9.600,-0.0000,-0.0000,0.0006,-0.0000,-0.0005,0.0000,0.0000
9.612,-0.0000,-0.0000,0.0006,-0.0000,-0.0005,0.0000,0.0000
9.624,-0.0000,-0.0000,0.0006,-0.0000,-0.0005,0.0000,0.0000
9.636,-0.0000,-0.0000,0.0006,-0.0000,-0.0005,0.0000,0.0000
9.648,-0.0000,-0.0000,0.0006,-0.0000,-0.0005,0.0000,0.0000
9.660,-0.0000,-0.0000,0.0006,-0.0000,-0.0005,0.0000,0.0000
9.672,-0.0000,-0.0000,0.0006,-0.0000,-0.0005,0.0000,0.0000
9.684,-0.0000,-0.0000,0.0006,-0.0000,-0.0005,0.0000,0.0000
9.696,-0.0000,-0.0000,0.0005,-0.0000,-0.0005,0.0000,0.0000
9.708,-0.0000,-0.0000,0.0005,-0.0000,-0.0005,0.0000,0.0000
9.720,-0.0000,-0.0000,0.0005,-0.0000,-0.0005,0.0000,0.0000
9.732,-0.0000,-0.0000,0.0005,-0.0000,-0.0004,0.0000,0.0000
9.744,-0.0000,-0.0000,0.0005,-0.0000,-0.0004,0.0000,0.0000
9.756,-0.0000,-0.0000,0.0005,-0.0000,-0.0004,0.0000,0.0000
9.768,-0.0000,-0.0000,0.0005,-0.0000,-0.0004,0.0000,0.0000
9.780,-0.0000,-0.0000,0.0005,-0.0000,-0.0004,0.0000,0.0000
9.792,-0.0000,-0.0000,0.0005,-0.0000,-0.0004,0.0000,0.0000
9.804,-0.0000,-0.0000,0.0005,-0.0000,-0.0004,0.0000,0.0000
9.816,-0.0000,-0.0000,0.0005,-0.0000,-0.0004,0.0000,0.0000
9.828,-0.0000,-0.0000,0.0005,-0.0000,-0.0004,0.0000,0.0000
9.840,-0.0000,-0.0000,0.0005,-0.0000,-0.0004,0.0000,0.0000
9.852,-0.0000,-0.0000,0.0004,-0.0000,-0.0004,0.0000,0.0000
9.864,-0.0000,-0.0000,0.0004,-0.0000,-0.0004,0.0000,0.0000
9.876,-0.0000,-0.0000,0.0004,-0.0000,-0.0004,0.0000,0.0000
9.888,-0.0000,-0.0000,0.0004,-0.0000,-0.0004,0.0000,0.0000
9.900,-0.0000,-0.0000,0.0004,-0.0000,-0.0004,0.0000,0.0000
9.912,-0.0000,-0.0000,0.0004,-0.0000,-0.0003,0.0000,0.0000
9.924,-0.0000,-0.0000,0.0004,-0.0000,-0.0003,0.0000,0.0000
9.936,-0.0000,-0.0000,0.0004,-0.0000,-0.0003,0.0000,0.0000
9.948,-0.0000,-0.0000,0.0004,-0.0000,-0.0003,0.0000,0.0000
9.960,-0.0000,-0.0000,0.0004,-0.0000,-0.0003,0.0000,0.0000
9.972,-0.0000,-0.0000,0.0004,-0.0000,-0.0003,0.0000,0.0000
9.984,-0.0000,-0.0000,0.0004,-0.0000,-0.0003,0.0000,0.0000
9.996,-0.0000,-0.0000,0.0003,-0.0000,-0.0003,0.0000,0.0000
10.008,-0.0000,-0.0000,0.0003,-0.0000,-0.0003,0.0000,0.0000
10.020,-0.0000,-0.0000,0.0003,-0.0000,-0.0003,0.0000,0.0000
10.032,-0.0000,-0.0000,0.0003,-0.0000,-0.0003,0.0000,0.0000
10.044,-0.0000,-0.0000,0.0003,-0.0000,-0.0003,0.0000,0.0000
10.056,-0.0000,-0.0000,0.0003,-0.0000,-0.0003,0.0000,0.0000
10.068,-0.0000,-0.0000,0.0003,-0.0000,-0.0003,0.0000,0.0000
10.080,-0.0000,-0.0000,0.0003,-0.0000,-0.0002,0.0000,0.0000
10.092,-0.0000,-0.0000,0.0003,-0.0000,-0.0002,0.0000,0.0000
10.104,-0.0000,-0.0000,0.0003,-0.0000,-0.0002,0.0000,0.0000
10.116,-0.0000,-0.0000,0.0003,-0.0000,-0.0002,0.0000,0.0000
10.128,-0.0000,-0.0000,0.0003,-0.0000,-0.0002,0.0000,0.0000
10.140,-0.0000,-0.0000,0.0003,-0.0000,-0.0002,0.0000,0.0000
10.152,-0.0000,-0.0000,0.0002,-0.0000,-0.0002,0.0000,0.0000
10.164,-0.0000,-0.0000,0.0002,-0.0000,-0.0002,0.0000,0.0000
10.176,-0.0000,-0.0000,0.0002,-0.0000,-0.0002,0.0000,0.0000
10.188,-0.0000,-0.0000,0.0002,-0.0000,-0.0002,0.0000,0.0000
10.200,-0.0000,-0.0000,0.0002,-0.0000,-0.0002,0.0000,0.0000
10.212,-0.0000,-0.0000,0.0002,-0.0000,-0.0002,0.0000,0.0000
10.224,-0.0000,-0.0000,0.0002,-0.0000,-0.0002,0.0000,0.0000
10.236,-0.0000,-0.0000,0.0002,-0.0000,-0.0002,0.0000,0.0000
10.248,-0.0000,-0.0000,0.0002,-0.0000,-0.0002,0.0000,0.0000
10.260,-0.0000,-0.0000,0.0002,-0.0000,-0.0001,0.0000,0.0000
10.272,-0.0000,-0.0000,0.0002,-0.0000,-0.0001,0.0000,0.0000
10.284,-0.0000,-0.0000,0.0002,-0.0000,-0.0001,0.0000,0.0000
10.296,-0.0000,-0.0000,0.0001,-0.0000,-0.0001,0.0000,0.0000
10.308,-0.0000,-0.0000,0.0001,-0.0000,-0.0001,0.0000,0.0000
10.320,-0.0000,-0.0000,0.0001,-0.0000,-0.0001,0.0000,0.0000
10.332,-0.0000,-0.0000,0.0001,-0.0000,-0.0001,0.0000,0.0000
10.344,-0.0000,-0.0000,0.0001,-0.0000,-0.0001,0.0000,0.0000
10.356,-0.0000,-0.0000,0.0001,-0.0000,-0.0001,0.0000,0.0000
10.368,-0.0000,-0.0000,0.0001,-0.0000,-0.0001,0.0000,0.0000
10.380,-0.0000,-0.0000,0.0001,-0.0000,-0.0001,0.0000,0.0000
10.392,-0.0000,-0.0000,0.0001,-0.0000,-0.0001,0.0000,0.0000
10.404,-0.0000,-0.0000,0.0001,-0.0000,-0.0001,0.0000,0.0000
10.416,-0.0000,-0.0000,0.0001,-0.0000,-0.0001,0.0000,0.0000
10.428,-0.0000,-0.0000,0.0001,-0.0000,-0.0000,0.0000,0.0000
10.440,-0.0000,-0.0000,0.0001,-0.0000,-0.0000,0.0000,0.0000
10.452,-0.0000,-0.0000,0.0000,-0.0000,-0.0000,0.0000,0.0000
10.464,-0.0000,-0.0000,0.0000,-0.0000,-0.0000,0.0000,0.0000
10.476,-0.0000,-0.0000,0.0000,-0.0000,-0.0000,0.0000,0.0000
10.488,-0.0000,-0.0000,0.0000,-0.0000,-0.0000,0.0000,0.0000
10.500,-0.0000,-0.0000,0.0000,-0.0000,-0.0000,0.0000,0.0000
10.512,-0.0000,-0.0000,0.0000,-0.0000,-0.0000,0.0000,0.0000
10.524,-0.0000,-0.0000,0.0000,-0.0000,-0.0000,0.0000,0.0000
10.536,-0.0000,-0.0000,0.0000,-0.0000,-0.0000,0.0000,0.0000
10.548,-0.0000,-0.0000,0.0000,-0.0000,-0.0000,0.0000,0.0000
10.560,-0.0000,-0.0000,0.0000,-0.0000,-0.0000,0.0000,0.0000
10.572,-0.0000,-0.0000,0.0000,-0.0000,-0.0000,0.0000,0.0000
10.584,-0.0000,-0.0000,0.0000,-0.0000,-0.0000,0.0000,0.0000
10.596,-0.0000,-0.0000,0.0000,-0.0000,-0.0000,0.0000,0.0000
10.608,-0.0000,-0.0000,0.0000,-0.0000,-0.0000,0.0000,0.0000
10.620,-0.0000,-0.0000,0.0000,-0.0000,-0.0000,0.0000,0.0000
10.632,-0.0000,-0.0000,0.0000,-0.0000,-0.0000,0.0000,0.0000
10.644,-0.0000,-0.0000,0.0000,-0.0000,-0.0000,0.0000,0.0000
10.656,-0.0000,-0.0000,0.0000,-0.0000,-0.0000,0.0000,0.0000
10.668,-0.0000,-0.0000,0.0000,-0.0000,-0.0000,0.0000,0.0000
10.680,-0.0000,-0.0000,0.0000,-0.0000,-0.0000,0.0000,0.0000
10.692,-0.0000,-0.0000,0.0000,-0.0000,-0.0000,0.0000,0.0000
10.704,-0.0000,-0.0000,0.0000,-0.0000,-0.0000,0.0000,0.0000
10.716,-0.0000,-0.0000,0.0000,-0.0000,-0.0000,0.0000,0.0000
10.728,-0.0000,-0.0000,0.0000,-0.0000,-0.0000,0.0000,0.0000
10.740,-0.0000,-0.0000,0.0000,-0.0000,-0.0000,0.0000,0.0000
10.752,-0.0000,-0.0000,0.0000,-0.0000,-0.0000,0.0000,0.0000
10.764,-0.0000,-0.0000,0.0000,-0.0000,-0.0000,0.0000,0.0000
10.776,-0.0000,-0.0000,0.0000,-0.0000,-0.0000,0.0000,0.0000
10.788,-0.0000,-0.0000,0.0000,-0.0000,-0.0000,0.0000,0.0000
10.800,-0.0000,-0.0000,0.0000,-0.0000,-0.0000,0.0000,0.0000
10.812,-0.0000,-0.0000,0.0000,-0.0000,-0.0000,0.0000,0.0000
10.824,-0.0000,-0.0000,0.0000,-0.0000,-0.0000,0.0000,0.0000
10.836,-0.0000,-0.0000,0.0000,-0.0000,-0.0000,0.0000,0.0000
10.848,-0.0000,-0.0000,0.0000,-0.0000,-0.0000,0.0000,0.0000
10.860,-0.0000,-0.0000,0.0000,-0.0000,-0.0000,0.0000,0.0000
10.872,-0.0000,-0.0000,0.0000,-0.0000,-0.0000,0.0000,0.0000
10.884,-0.0000,-0.0000,0.0000,-0.0000,-0.0000,0.0000,0.0000
10.896,-0.0000,-0.0000,0.0000,-0.0000,-0.0000,0.0000,0.0000
10.908,-0.0000,-0.0000,0.0000,-0.0000,-0.0000,0.0000,0.0000
10.920,-0.0000,-0.0000,0.0000,-0.0000,-0.0000,0.0000,0.0000
10.932,-0.0000,-0.0000,0.0000,-0.0000,-0.0000,0.0000,0.0000
10.944,-0.0000,-0.0000,0.0000,-0.0000,-0.0000,0.0000,0.0000
10.956,-0.0000,-0.0000,0.0000,-0.0000,-0.0000,0.0000,0.0000
10.968,-0.0000,-0.0000,0.0000,-0.0000,-0.0000,0.0000,0.0000
10.980,-0.0000,-0.0000,0.0000,-0.0000,-0.0000,0.0000,0.0000
10.992,-0.0000,-0.0000,0.0000,-0.0000,-0.0000,0.0000,0.0000
11.004,-0.0000,-0.0000,0.0000,-0.0000,-0.0000,0.0000,0.0000
11.016,-0.0000,-0.0000,0.0000,-0.0000,-0.0000,0.0000,0.0000
11.028,-0.0000,-0.0000,0.0000,-0.0000,-0.0000,0.0000,0.0000
11.040,-0.0000,-0.0000,0.0000,-0.0000,-0.0000,0.0000,0.0000
11.052,-0.0000,-0.0000,0.0000,-0.0000,-0.0000,0.0000,0.0000
11.064,-0.0000,-0.0000,0.0000,-0.0000,-0.0000,0.0000,0.0000
11.076,-0.0000,-0.0000,0.0000,-0.0000,-0.0000,0.0000,0.0000
11.088,-0.0000,-0.0000,0.0000,-0.0000,-0.0000,0.0000,0.0000
11.100,-0.0000,-0.0000,0.0000,-0.0000,-0.0000,0.0000,0.0000
11.112,-0.0000,-0.0000,0.0000,-0.0000,-0.0000,0.0000,0.0000
11.124,-0.0000,-0.0000,0.0000,-0.0000,-0.0000,0.0000,0.0000
11.136,-0.0000,-0.0000,0.0000,-0.0000,-0.0000,0.0000,0.0000
11.148,-0.0000,-0.0000,0.0000,-0.0000,-0.0000,0.0000,0.0000
11.160,-0.0000,-0.0000,0.0000,-0.0000,-0.0000,0.0000,0.0000
11.172,-0.0000,-0.0000,0.0000,-0.0000,-0.0000,0.0000,0.0000
11.184,-0.0000,-0.0000,0.0000,-0.0000,-0.0000,0.0000,0.0000
11.196,-0.0000,-0.0000,0.0000,-0.0000,-0.0000,0.0000,0.0000
11.208,-0.0000,-0.0000,0.0000,-0.0000,-0.0000,0.0000,0.0000
11.220,-0.0000,-0.0000,0.0000,-0.0000,-0.0000,0.0000,0.0000
11.232,-0.0000,-0.0000,0.0000,-0.0000,-0.0000,0.0000,0.0000
11.244,-0.0000,-0.0000,0.0000,-0.0000,-0.0000,0.0000,0.0000
11.256,-0.0000,-0.0000,0.0000,-0.0000,-0.0000,0.0000,0.0000
11.268,-0.0000,-0.0000,0.0000,-0.0000,-0.0000,0.0000,0.0000
11.280,-0.0000,-0.0000,0.0000,-0.0000,-0.0000,0.0000,0.0000
11.292,-0.0000,-0.0000,0.0000,-0.0000,-0.0000,0.0000,0.0000
11.304,-0.0000,-0.0000,0.0000,-0.0000,-0.0000,0.0000,0.0000
11.316,-0.0000,-0.0000,0.0000,-0.0000,-0.0000,0.0000,0.0000
11.328,-0.0000,-0.0000,0.0000,-0.0000,-0.0000,0.0000,0.0000
11.340,-0.0000,-0.0000,0.0000,-0.0000,-0.0000,0.0000,0.0000
11.352,-0.0000,-0.0000,0.0000,-0.0000,-0.0000,0.0000,0.0000
11.364,-0.0000,-0.0000,0.0000,-0.0000,-0.0000,0.0000,0.0000
11.376,-0.0000,-0.0000,0.0000,-0.0000,-0.0000,0.0000,0.0000
11.388,-0.0000,-0.0000,0.0000,-0.0000,-0.0000,0.0000,0.0000
11.400,-0.0000,-0.0000,0.0000,-0.0000,-0.0000,0.0000,0.0000
11.412,-0.0000,-0.0000,0.0000,-0.0000,-0.0000,0.0000,0.0000
11.424,-0.0000,-0.0000,0.0000,-0.0000,-0.0000,0.0000,0.0000
11.436,-0.0000,0.0000,0.0000,-0.0000,-0.0000,0.0000,0.0000
11.448,-0.0000,0.0000,0.0000,-0.0000,-0.0000,0.0000,0.0000
11.460,-0.0000,0.0000,0.0000,-0.0000,-0.0000,0.0000,0.0000
11.472,-0.0000,0.0000,0.0000,-0.0000,-0.0000,0.0000,0.0000
11.484,-0.0000,0.0000,0.0000,-0.0000,-0.0000,0.0000,0.0000
11.496,-0.0000,0.0000,0.0000,-0.0000,-0.0000,0.0000,0.0000
11.508,-0.0000,0.0000,0.0000,-0.0000,-0.0000,0.0000,0.0000
11.520,-0.0000,0.0000,0.0000,-0.0000,-0.0000,0.0000,0.0000
11.532,-0.0000,0.0000,0.0000,-0.0000,-0.0000,0.0000,0.0000
11.544,-0.0000,0.0000,0.0000,-0.0000,-0.0000,0.0000,0.0000
11.556,-0.0000,0.0000,0.0000,-0.0000,-0.0000,0.0000,0.0000
11.568,-0.0000,0.0000,0.0000,-0.0000,-0.0000,0.0000,0.0000
11.580,-0.0000,0.0000,0.0000,-0.0000,-0.0000,0.0000,0.0000
11.592,-0.0000,0.0000,0.0000,-0.0000,-0.0000,0.0000,0.0000
11.604,-0.0000,0.0000,0.0000,-0.0000,-0.0000,0.0000,0.0000
11.616,-0.0000,0.0000,0.0000,-0.0000,-0.0000,0.0000,0.0000
11.628,-0.0000,0.0000,0.0000,-0.0000,-0.0000,0.0000,0.0000
11.640,-0.0000,0.0000,0.0000,-0.0000,0.0000,0.0000,0.0000
11.652,-0.0000,0.0000,0.0000,-0.0000,0.0000,0.0000,0.0000
11.664,-0.0000,0.0000,0.0000,-0.0000,0.0000,0.0000,0.0000
11.676,-0.0000,0.0000,0.0000,-0.0000,0.0000,0.0000,0.0000
11.688,-0.0000,0.0000,0.0000,-0.0000,0.0000,0.0000,0.0000
11.700,-0.0000,0.0000,0.0000,-0.0000,0.0000,0.0000,0.0000
11.712,-0.0000,0.0000,0.0000,-0.0000,0.0000,0.0000,0.0000
11.724,-0.0000,0.0000,0.0000,-0.0000,0.0000,0.0000,0.0000
11.736,-0.0000,0.0000,0.0000,-0.0000,0.0000,0.0000,0.0000
11.748,-0.0000,0.0000,0.0000,-0.0000,0.0000,0.0000,0.0000
11.760,-0.0000,0.0000,0.0000,-0.0000,0.0000,0.0000,0.0000
11.772,-0.0000,0.0000,0.0000,-0.0000,0.0000,0.0000,0.0000
11.784,-0.0000,0.0000,0.0000,-0.0000,0.0000,0.0000,0.0000
11.796,-0.0000,0.0000,0.0000,-0.0000,0.0000,0.0000,0.0000
11.808,-0.0000,0.0000,0.0000,-0.0000,0.0000,0.0000,0.0000
11.820,-0.0000,0.0000,0.0000,-0.0000,0.0000,0.0000,0.0000
11.832,-0.0000,0.0000,0.0000,-0.0000,0.0000,0.0000,0.0000
11.844,-0.0000,0.0000,0.0000,-0.0000,0.0000,0.0000,0.0000
11.856,-0.0000,0.0000,0.0000,-0.0000,0.0000,0.0000,0.0000
11.868,-0.0000,0.0000,0.0000,-0.0000,0.0000,0.0000,0.0000
11.880,-0.0000,0.0000,0.0000,-0.0000,0.0000,0.0000,0.0000
11.892,-0.0000,0.0000,0.0000,-0.0000,0.0000,0.0000,0.0000
11.904,-0.0000,0.0000,0.0000,-0.0000,0.0000,0.0000,0.0000
11.916,-0.0000,0.0000,0.0000,-0.0000,0.0000,0.0000,0.0000
11.928,-0.0000,0.0000,0.0000,-0.0000,0.0000,0.0000,0.0000
11.940,-0.0000,0.0000,0.0000,-0.0000,0.0000,0.0000,0.0000
11.952,-0.0000,0.0000,0.0000,-0.0000,0.0000,0.0000,0.0000
11.964,-0.0000,0.0000,0.0000,-0.0000,0.0000,0.0000,0.0000
11.976,-0.0000,0.0000,0.0000,-0.0000,0.0000,0.0000,0.0000
11.988,-0.0000,0.0000,0.0000,-0.0000,0.0000,0.0000,0.0000
12.000,-0.0000,0.0000,0.0000,-0.0000,0.0000,0.0000,0.0000
12.012,-0.0000,0.0000,0.0000,-0.0000,0.0000,0.0000,0.0000
12.024,-0.0000,0.0000,0.0000,-0.0000,0.0000,0.0000,0.0000
12.036,-0.0000,0.0000,0.0000,-0.0000,0.0000,0.0000,0.0000
12.048,-0.0000,0.0000,0.0000,-0.0000,0.0000,0.0000,0.0000
12.060,-0.0000,0.0000,0.0000,-0.0000,0.0000,0.0000,0.0000
12.072,-0.0000,0.0000,0.0000,-0.0000,0.0000,0.0000,0.0000
12.084,-0.0000,0.0000,0.0000,-0.0000,0.0000,0.0000,0.0000
12.096,-0.0000,0.0000,0.0000,-0.0000,0.0000,0.0000,0.0000
12.108,-0.0000,0.0000,0.0000,-0.0000,0.0000,0.0000,0.0000
12.120,-0.0000,0.0000,0.0000,-0.0000,0.0000,0.0000,0.0000
12.132,-0.0000,0.0000,0.0000,-0.0000,0.0000,0.0000,0.0000
12.144,-0.0000,0.0000,0.0000,-0.0000,0.0000,0.0000,0.0000
12.156,-0.0000,0.0000,0.0000,-0.0000,0.0000,0.0000,0.0000
12.168,-0.0000,0.0000,0.0000,-0.0000,0.0000,0.0000,0.0000
12.180,-0.0000,0.0000,0.0000,-0.0000,0.0000,0.0000,0.0000
12.192,-0.0000,0.0000,0.0000,-0.0000,0.0000,0.0000,0.0000
12.204,-0.0000,0.0000,0.0000,-0.0000,0.0000,0.0000,0.0000
12.216,-0.0000,0.0000,0.0000,-0.0000,0.0000,0.0000,0.0000
12.228,-0.0000,0.0000,0.0000,-0.0000,0.0000,0.0000,0.0000
12.240,-0.0000,0.0000,0.0000,-0.0000,0.0000,0.0000,0.0000
12.252,-0.0000,0.0000,0.0000,-0.0000,0.0000,0.0000,0.0000
12.264,-0.0000,0.0000,0.0000,-0.0000,0.0000,0.0000,0.0000
12.276,-0.0000,0.0000,0.0000,-0.0000,0.0000,0.0000,0.0000
12.288,-0.0000,0.0000,0.0000,-0.0000,0.0000,0.0000,0.0000
12.300,-0.0000,0.0000,0.0000,-0.0000,0.0000,0.0000,0.0000
12.312,-0.0000,0.0000,0.0000,-0.0000,0.0000,0.0000,0.0000
12.324,-0.0000,0.0000,0.0000,-0.0000,0.0000,0.0000,0.0000
12.336,-0.0000,0.0000,0.0000,-0.0000,0.0000,0.0000,0.0000
12.348,-0.0000,0.0000,0.0000,-0.0000,0.0000,0.0000,0.0000
12.360,-0.0000,0.0000,0.0000,-0.0000,0.0000,0.0000,0.0000
12.372,-0.0000,0.0000,0.0000,-0.0000,0.0000,0.0000,0.0000
12.384,-0.0000,0.0000,0.0000,-0.0000,0.0000,0.0000,0.0000
12.396,-0.0000,0.0000,0.0000,-0.0000,0.0000,0.0000,0.0000
12.408,-0.0000,0.0000,0.0000,-0.0000,0.0000,0.0000,0.0000
12.420,-0.0000,0.0000,0.0000,-0.0000,0.0000,0.0000,0.0000
12.432,-0.0000,0.0000,0.0000,-0.0000,0.0000,0.0000,0.0000
12.444,-0.0000,0.0000,0.0000,-0.0000,0.0000,0.0000,0.0000
12.456,-0.0000,0.0000,0.0000,-0.0000,0.0000,0.0000,0.0000
12.468,-0.0000,0.0000,0.0000,-0.0000,0.0000,0.0000,0.0000
12.480,-0.0000,0.0000,0.0000,-0.0000,0.0000,0.0000,0.0000
12.492,-0.0000,0.0000,0.0000,-0.0000,0.0000,0.0000,0.0000
12.504,-0.0000,0.0000,0.0000,-0.0000,0.0000,0.0000,0.0000
12.516,-0.0000,0.0000,0.0000,-0.0000,0.0000,0.0000,0.0000
12.528,-0.0000,0.0000,0.0000,-0.0000,0.0000,0.0000,0.0000
12.540,-0.0000,0.0000,0.0000,-0.0000,0.0000,0.0000,0.0000
12.552,-0.0000,0.0000,0.0000,-0.0000,0.0000,0.0000,0.0000
12.564,-0.0000,0.0000,0.0000,-0.0000,0.0000,0.0000,0.0000
12.576,-0.0000,0.0000,0.0000,-0.0000,0.0000,0.0000,0.0000
12.588,-0.0000,0.0000,0.0000,-0.0000,0.0000,0.0000,0.0000
12.600,-0.0000,0.0000,0.0000,-0.0000,0.0000,0.0000,0.0000
12.612,-0.0000,0.0000,0.0000,-0.0000,0.0000,0.0000,0.0000
12.624,-0.0000,0.0000,0.0000,-0.0000,0.0000,0.0000,0.0000
12.636,-0.0000,0.0000,0.0000,-0.0000,0.0000,0.0000,0.0000
12.648,-0.0000,0.0000,0.0000,-0.0000,0.0000,0.0000,0.0000
12.660,-0.0000,0.0000,0.0000,-0.0000,0.0000,0.0000,0.0000
12.672,-0.0000,0.0000,0.0000,-0.0000,0.0000,0.0000,0.0000
12.684,-0.0000,0.0000,0.0000,-0.0000,0.0000,0.0000,0.0000
12.696,-0.0000,0.0000,0.0000,-0.0000,0.0000,0.0000,0.0000
12.708,-0.0000,0.0000,0.0000,-0.0000,0.0000,0.0000,0.0000
12.720,-0.0000,0.0000,0.0000,-0.0000,0.0000,0.0000,0.0000
12.732,-0.0000,0.0000,0.0000,-0.0000,0.0000,0.0000,0.0000
12.744,-0.0000,0.0000,0.0000,-0.0000,0.0000,0.0000,0.0000
12.756,-0.0000,0.0000,0.0000,-0.0000,0.0000,0.0000,0.0000
12.768,-0.0000,0.0000,0.0000,-0.0000,0.0000,0.0000,0.0000
12.780,-0.0000,0.0000,0.0000,-0.0000,0.0000,0.0000,0.0000
12.792,-0.0000,0.0000,0.0000,-0.0000,0.0000,0.0000,0.0000
12.804,-0.0000,0.0000,0.0000,-0.0000,0.0000,0.0000,0.0000
12.816,-0.0000,0.0000,0.0000,-0.0000,0.0000,0.0000,0.0000
12.828,-0.0000,0.0000,0.0000,-0.0000,0.0000,0.0000,0.0000
12.840,-0.0000,0.0000,0.0000,-0.0000,0.0000,-0.0000,0.0000
12.852,-0.0000,0.0000,0.0000,-0.0000,0.0000,-0.0000,0.0000
12.864,-0.0000,0.0000,0.0000,-0.0000,0.0000,-0.0000,0.0000
12.876,-0.0000,0.0000,0.0000,-0.0000,0.0000,-0.0000,0.0000
12.888,-0.0000,0.0000,0.0000,-0.0000,0.0000,-0.0000,0.0000
12.900,-0.0000,0.0000,0.0000,-0.0000,0.0000,-0.0000,0.0000
12.912,-0.0000,0.0000,0.0000,-0.0000,0.0000,-0.0000,0.0000
12.924,-0.0000,0.0000,0.0000,-0.0000,0.0000,-0.0000,0.0000
12.936,0.0000,0.0000,0.0000,-0.0000,0.0000,-0.0000,0.0000
12.948,0.0000,0.0000,0.0000,-0.0000,0.0000,-0.0000,0.0000
12.960,0.0000,0.0000,0.0000,-0.0000,0.0000,-0.0000,0.0000
12.972,0.0000,0.0000,0.0000,-0.0000,0.0000,-0.0000,0.0000
12.984,0.0000,0.0000,0.0000,-0.0000,0.0000,-0.0000,0.0000
12.996,0.0000,0.0000,0.0000,-0.0000,0.0000,-0.0000,0.0000
13.008,0.0000,0.0000,0.0000,-0.0000,0.0000,-0.0000,0.0000
13.020,0.0000,0.0000,0.0000,-0.0000,0.0000,-0.0000,0.0000
13.032,0.0000,0.0000,0.0000,-0.0000,0.0000,-0.0000,0.0000
13.044,0.0000,0.0000,0.0000,-0.0000,0.0000,-0.0000,0.0000
13.056,0.0000,0.0000,0.0000,-0.0000,0.0000,-0.0000,0.0000
13.068,0.0000,0.0000,0.0000,-0.0000,0.0000,-0.0000,0.0000
13.080,0.0000,0.0000,0.0000,-0.0000,0.0000,-0.0000,0.0000
13.092,0.0000,0.0000,0.0000,-0.0000,0.0000,-0.0000,0.0000
13.104,0.0000,0.0000,0.0000,-0.0000,0.0000,-0.0000,0.0000
13.116,0.0000,0.0000,0.0000,-0.0000,0.0000,-0.0000,0.0000
13.128,0.0000,0.0000,0.0000,-0.0000,0.0000,-0.0000,0.0000
13.140,0.0000,0.0000,0.0000,-0.0000,0.0000,-0.0000,0.0000
13.152,0.0000,0.0000,0.0000,-0.0000,0.0000,-0.0000,0.0000
13.164,0.0000,0.0000,0.0000,-0.0000,0.0000,-0.0000,0.0000
13.176,0.0000,0.0000,0.0000,-0.0000,0.0000,-0.0000,0.0000
13.188,0.0000,0.0000,0.0000,-0.0000,0.0000,-0.0000,0.0000
13.200,0.0000,0.0000,0.0000,-0.0000,0.0000,-0.0000,0.0000
13.212,0.0003,0.0002,-0.0001,0.0000,0.0010,0.0003,0.0000
13.224,0.0010,0.0005,-0.0002,0.0000,0.0029,0.0010,0.0000
13.236,0.0019,0.0009,-0.0003,0.0000,0.0057,0.0019,-0.0000
13.248,0.0031,0.0015,-0.0005,0.0000,0.0091,0.0031,-0.0000
13.260,0.0044,0.0021,-0.0007,0.0000,0.0131,0.0044,-0.0000
13.272,0.0060,0.0029,-0.0009,0.0000,0.0177,0.0060,-0.0000
13.284,0.0077,0.0037,-0.0012,0.0001,0.0227,0.0077,-0.0000
13.296,0.0095,0.0046,-0.0015,0.0001,0.0282,0.0095,-0.0000
13.308,0.0115,0.0055,-0.0018,0.0001,0.0340,0.0115,-0.0000
13.320,0.0136,0.0066,-0.0021,0.0001,0.0402,0.0135,-0.0000
13.332,0.0157,0.0076,-0.0025,0.0001,0.0466,0.0157,-0.0000
13.344,0.0180,0.0087,-0.0028,0.0001,0.0533,0.0180,-0.0000
13.356,0.0203,0.0098,-0.0032,0.0002,0.0602,0.0203,-0.0000
13.368,0.0227,0.0110,-0.0036,0.0002,0.0673,0.0227,-0.0000
13.380,0.0252,0.0122,-0.0039,0.0002,0.0746,0.0251,-0.0000
13.392,0.0277,0.0134,-0.0043,0.0002,0.0820,0.0276,-0.0000
13.404,0.0302,0.0146,-0.0047,0.0002,0.0896,0.0302,-0.0000
13.416,0.0328,0.0159,-0.0051,0.0003,0.0972,0.0328,-0.0000
13.428,0.0354,0.0171,-0.0056,0.0003,0.1050,0.0354,-0.0000
13.440,0.0381,0.0184,-0.0060,0.0003,0.1129,0.0380,-0.0000
13.452,0.0408,0.0197,-0.0064,0.0003,0.1208,0.0407,-0.0000
13.464,0.0435,0.0210,-0.0068,0.0003,0.1288,0.0434,-0.0000
13.476,0.0462,0.0223,-0.0072,0.0004,0.1369,0.0461,-0.0000
13.488,0.0489,0.0237,-0.0077,0.0004,0.1451,0.0489,-0.0000
13.500,0.0517,0.0250,-0.0081,0.0004,0.1532,0.0516,-0.0000
13.512,0.0545,0.0263,-0.0085,0.0004,0.1615,0.0544,-0.0000
13.524,0.0573,0.0277,-0.0090,0.0004,0.1697,0.0572,-0.0000
13.536,0.0601,0.0290,-0.0094,0.0005,0.1780,0.0600,-0.0000
13.548,0.0629,0.0304,-0.0099,0.0005,0.1863,0.0628,-0.0000
13.560,0.0657,0.0318,-0.0103,0.0005,0.1947,0.0656,-0.0000
13.572,0.0685,0.0331,-0.0107,0.0005,0.2030,0.0684,-0.0000
13.584,0.0713,0.0345,-0.0112,0.0005,0.2114,0.0713,-0.0000
13.596,0.0742,0.0359,-0.0116,0.0006,0.2198,0.0741,-0.0000
13.608,0.0770,0.0372,-0.0121,0.0006,0.2282,0.0769,-0.0000
13.620,0.0799,0.0386,-0.0125,0.0006,0.2367,0.0798,-0.0000
13.632,0.0827,0.0400,-0.0130,0.0006,0.2451,0.0826,-0.0000
13.644,0.0856,0.0414,-0.0134,0.0007,0.2536,0.0855,-0.0000
13.656,0.0884,0.0427,-0.0139,0.0007,0.2620,0.0883,-0.0000
13.668,0.0913,0.0441,-0.0143,0.0007,0.2705,0.0912,-0.0000
13.680,0.0941,0.0455,-0.0148,0.0007,0.2790,0.0940,-0.0000
13.692,0.0970,0.0469,-0.0152,0.0007,0.2875,0.0969,-0.0000
13.704,0.0999,0.0483,-0.0157,0.0008,0.2960,0.0997,-0.0000
13.716,0.1027,0.0497,-0.0161,0.0008,0.3044,0.1026,-0.0000
13.728,0.1056,0.0510,-0.0166,0.0008,0.3129,0.1055,-0.0000
13.740,0.1085,0.0524,-0.0170,0.0008,0.3214,0.1083,-0.0000
13.752,0.1113,0.0538,-0.0175,0.0009,0.3300,0.1112,-0.0000
13.764,0.1142,0.0552,-0.0179,0.0009,0.3385,0.1141,-0.0000
13.776,0.1171,0.0566,-0.0184,0.0009,0.3470,0.1169,-0.0000
13.788,0.1199,0.0580,-0.0188,0.0009,0.3555,0.1198,-0.0000
13.800,0.1228,0.0594,-0.0193,0.0009,0.3640,0.1227,-0.0000
13.812,0.1257,0.0608,-0.0197,0.0010,0.3725,0.1255,-0.0000
13.824,0.1286,0.0621,-0.0202,0.0010,0.3810,0.1284,-0.0000
13.836,0.1314,0.0635,-0.0206,0.0010,0.3896,0.1313,-0.0000
13.848,0.1343,0.0649,-0.0211,0.0010,0.3981,0.1342,-0.0000
13.860,0.1372,0.0663,-0.0215,0.0011,0.4066,0.1370,-0.0000
13.872,0.1401,0.0677,-0.0220,0.0011,0.4151,0.1399,-0.0000
13.884,0.1429,0.0691,-0.0224,0.0011,0.4236,0.1428,-0.0000
13.896,0.1458,0.0705,-0.0229,0.0011,0.4322,0.1456,-0.0000
13.908,0.1487,0.0719,-0.0233,0.0011,0.4407,0.1485,-0.0000
13.920,0.1516,0.0733,-0.0238,0.0012,0.4492,0.1514,-0.0000
13.932,0.1544,0.0747,-0.0242,0.0012,0.4577,0.1543,-0.0000
13.944,0.1573,0.0760,-0.0247,0.0012,0.4663,0.1571,-0.0000
13.956,0.1602,0.0774,-0.0251,0.0012,0.4748,0.1600,-0.0000
13.968,0.1631,0.0788,-0.0256,0.0012,0.4833,0.1629,-0.0000
13.980,0.1660,0.0802,-0.0260,0.0013,0.4918,0.1658,-0.0000
13.992,0.1688,0.0816,-0.0265,0.0013,0.5004,0.1686,-0.0000
14.004,0.1717,0.0830,-0.0269,0.0013,0.5089,0.1715,-0.0000
14.016,0.1746,0.0844,-0.0274,0.0013,0.5174,0.1744,-0.0000
14.028,0.1775,0.0858,-0.0278,0.0014,0.5260,0.1773,-0.0000
14.040,0.1803,0.0872,-0.0283,0.0014,0.5345,0.1801,-0.0000
14.052,0.1832,0.0886,-0.0287,0.0014,0.5430,0.1830,-0.0000
14.064,0.1861,0.0900,-0.0292,0.0014,0.5515,0.1859,-0.0000
14.076,0.1890,0.0913,-0.0296,0.0014,0.5601,0.1888,-0.0000
14.088,0.1919,0.0927,-0.0301,0.0015,0.5686,0.1916,-0.0000
14.100,0.1947,0.0941,-0.0305,0.0015,0.5771,0.1945,-0.0000
14.112,0.1976,0.0955,-0.0310,0.0015,0.5856,0.1974,-0.0000
14.124,0.2005,0.0969,-0.0314,0.0015,0.5942,0.2003,-0.0000
14.136,0.2034,0.0983,-0.0319,0.0016,0.6027,0.2031,-0.0000
14.148,0.2062,0.0997,-0.0323,0.0016,0.6112,0.2060,-0.0000
14.160,0.2091,0.1011,-0.0328,0.0016,0.6198,0.2089,-0.0000
14.172,0.2120,0.1025,-0.0332,0.0016,0.6283,0.2117,-0.0000
14.184,0.2149,0.1039,-0.0337,0.0016,0.6368,0.2146,-0.0000
14.196,0.2178,0.1053,-0.0342,0.0017,0.6453,0.2175,-0.0000
14.208,0.2206,0.1066,-0.0346,0.0017,0.6539,0.2204,-0.0000
14.220,0.2235,0.1080,-0.0351,0.0017,0.6624,0.2232,-0.0000
14.232,0.2264,0.1094,-0.0355,0.0017,0.6709,0.2261,-0.0000
14.244,0.2293,0.1108,-0.0360,0.0018,0.6795,0.2290,-0.0000
14.256,0.2321,0.1122,-0.0364,0.0018,0.6880,0.2319,-0.0000
14.268,0.2350,0.1136,-0.0369,0.0018,0.6965,0.2347,-0.0000
14.280,0.2379,0.1150,-0.0373,0.0018,0.7050,0.2376,-0.0000
14.292,0.2408,0.1164,-0.0378,0.0018,0.7136,0.2405,-0.0000
14.304,0.2437,0.1178,-0.0382,0.0019,0.7221,0.2434,-0.0000
14.316,0.2465,0.1192,-0.0387,0.0019,0.7306,0.2462,-0.0000
14.328,0.2494,0.1206,-0.0391,0.0019,0.7392,0.2491,-0.0000
14.340,0.2523,0.1219,-0.0396,0.0019,0.7477,0.2520,-0.0000
14.352,0.2552,0.1233,-0.0400,0.0020,0.7562,0.2549,-0.0000
14.364,0.2580,0.1247,-0.0405,0.0020,0.7647,0.2577,-0.0000
14.376,0.2609,0.1261,-0.0409,0.0020,0.7733,0.2606,-0.0000
14.388,0.2638,0.1275,-0.0414,0.0020,0.7818,0.2635,-0.0000
14.400,0.2667,0.1289,-0.0418,0.0020,0.7903,0.2664,-0.0000
14.412,0.2696,0.1303,-0.0423,0.0021,0.7989,0.2692,-0.0000
14.424,0.2724,0.1317,-0.0427,0.0021,0.8074,0.2721,-0.0000
14.436,0.2753,0.1331,-0.0432,0.0021,0.8159,0.2750,-0.0000
14.448,0.2782,0.1345,-0.0436,0.0021,0.8244,0.2779,-0.0000
14.460,0.2811,0.1359,-0.0441,0.0022,0.8330,0.2807,-0.0000
14.472,0.2839,0.1372,-0.0445,0.0022,0.8415,0.2836,-0.0000
14.484,0.2868,0.1386,-0.0450,0.0022,0.8500,0.2865,-0.0000
14.496,0.2897,0.1400,-0.0454,0.0022,0.8586,0.2894,-0.0000
14.508,0.2926,0.1414,-0.0459,0.0022,0.8671,0.2922,-0.0000
14.520,0.2955,0.1428,-0.0463,0.0023,0.8756,0.2951,-0.0000
14.532,0.2983,0.1442,-0.0468,0.0023,0.8841,0.2980,-0.0000
14.544,0.3012,0.1456,-0.0472,0.0023,0.8927,0.3009,-0.0000
14.556,0.3041,0.1470,-0.0477,0.0023,0.9012,0.3037,-0.0000
14.568,0.3070,0.1484,-0.0481,0.0024,0.9097,0.3066,-0.0000
14.580,0.3098,0.1498,-0.0486,0.0024,0.9183,0.3095,-0.0000
14.592,0.3127,0.1512,-0.0490,0.0024,0.9268,0.3124,-0.0000
14.604,0.3156,0.1526,-0.0495,0.0024,0.9353,0.3152,-0.0000
14.616,0.3185,0.1539,-0.0499,0.0024,0.9439,0.3181,-0.0000
14.628,0.3214,0.1553,-0.0504,0.0025,0.9524,0.3210,-0.0000
14.640,0.3242,0.1567,-0.0508,0.0025,0.9609,0.3239,-0.0000
14.652,0.3271,0.1581,-0.0513,0.0025,0.9694,0.3267,-0.0000
14.664,0.3300,0.1595,-0.0518,0.0025,0.9780,0.3296,-0.0000
14.676,0.3329,0.1609,-0.0522,0.0025,0.9865,0.3325,-0.0000
14.688,0.3357,0.1623,-0.0527,0.0026,0.9950,0.3353,-0.0000
14.700,0.3386,0.1637,-0.0531,0.0026,1.0036,0.3382,-0.0000
14.712,0.3415,0.1651,-0.0536,0.0026,1.0121,0.3411,-0.0000
14.724,0.3444,0.1665,-0.0540,0.0026,1.0206,0.3440,-0.0000
14.736,0.3473,0.1679,-0.0545,0.0027,1.0291,0.3468,-0.0000
14.748,0.3501,0.1692,-0.0549,0.0027,1.0377,0.3497,-0.0000
14.760,0.3530,0.1706,-0.0554,0.0027,1.0462,0.3526,-0.0000
14.772,0.3559,0.1720,-0.0558,0.0027,1.0547,0.3555,-0.0000
14.784,0.3588,0.1734,-0.0563,0.0027,1.0633,0.3583,-0.0000
14.796,0.3616,0.1748,-0.0567,0.0028,1.0718,0.3612,-0.0000
14.808,0.3645,0.1762,-0.0572,0.0028,1.0803,0.3641,-0.0000
14.820,0.3674,0.1776,-0.0576,0.0028,1.0888,0.3670,-0.0000
14.832,0.3703,0.1790,-0.0581,0.0028,1.0974,0.3698,-0.0000
14.844,0.3732,0.1804,-0.0585,0.0029,1.1059,0.3727,-0.0000
14.856,0.3760,0.1818,-0.0590,0.0029,1.1144,0.3756,-0.0000
14.868,0.3789,0.1832,-0.0594,0.0029,1.1230,0.3785,-0.0000
14.880,0.3818,0.1845,-0.0599,0.0029,1.1315,0.3813,-0.0000
14.892,0.3847,0.1859,-0.0603,0.0029,1.1400,0.3842,-0.0000
14.904,0.3875,0.1873,-0.0608,0.0030,1.1485,0.3871,-0.0000
14.916,0.3904,0.1887,-0.0612,0.0030,1.1571,0.3900,-0.0000
14.928,0.3933,0.1901,-0.0617,0.0030,1.1656,0.3928,-0.0000
14.940,0.3962,0.1915,-0.0621,0.0030,1.1741,0.3957,-0.0000
14.952,0.3991,0.1929,-0.0626,0.0031,1.1827,0.3986,-0.0000
14.964,0.4019,0.1943,-0.0630,0.0031,1.1912,0.4015,-0.0000
14.976,0.4048,0.1957,-0.0635,0.0031,1.1997,0.4043,-0.0000
14.988,0.4077,0.1971,-0.0639,0.0031,1.2082,0.4072,-0.0000
15.000,0.4106,0.1985,-0.0644,0.0031,1.2168,0.4101,-0.0000
15.012,0.4134,0.1998,-0.0648,0.0032,1.2253,0.4130,-0.0000
15.024,0.4163,0.2012,-0.0653,0.0032,1.2338,0.4158,-0.0000
15.036,0.4192,0.2026,-0.0657,0.0032,1.2424,0.4187,-0.0000
15.048,0.4221,0.2040,-0.0662,0.0032,1.2509,0.4216,-0.0000
15.060,0.4250,0.2054,-0.0666,0.0033,1.2594,0.4245,-0.0000
15.072,0.4278,0.2068,-0.0671,0.0033,1.2679,0.4273,-0.0000
15.084,0.4307,0.2082,-0.0675,0.0033,1.2765,0.4302,-0.0000
15.096,0.4336,0.2096,-0.0680,0.0033,1.2850,0.4331,-0.0000
15.108,0.4365,0.2110,-0.0685,0.0033,1.2935,0.4360,-0.0000
15.120,0.4393,0.2124,-0.0689,0.0034,1.3021,0.4388,-0.0000
15.132,0.4422,0.2138,-0.0694,0.0034,1.3106,0.4417,-0.0000
15.144,0.4451,0.2151,-0.0698,0.0034,1.3191,0.4446,-0.0000
15.156,0.4480,0.2165,-0.0703,0.0034,1.3276,0.4475,-0.0000
15.168,0.4509,0.2179,-0.0707,0.0035,1.3362,0.4503,-0.0000
15.180,0.4537,0.2193,-0.0712,0.0035,1.3447,0.4532,-0.0000
15.192,0.4566,0.2207,-0.0716,0.0035,1.3532,0.4561,-0.0000
15.204,0.4594,0.2220,-0.0720,0.0035,1.3614,0.4588,-0.0000
15.216,0.4618,0.2232,-0.0724,0.0035,1.3686,0.4613,-0.0000
15.228,0.4639,0.2243,-0.0728,0.0036,1.3750,0.4634,-0.0000
15.240,0.4658,0.2252,-0.0731,0.0036,1.3805,0.4653,-0.0000
15.252,0.4675,0.2260,-0.0733,0.0036,1.3855,0.4669,-0.0000
15.264,0.4689,0.2267,-0.0735,0.0036,1.3898,0.4684,-0.0000
15.276,0.4702,0.2273,-0.0737,0.0036,1.3936,0.4697,-0.0000
15.288,0.4713,0.2278,-0.0739,0.0036,1.3969,0.4708,-0.0000
15.300,0.4723,0.2283,-0.0741,0.0036,1.3999,0.4718,-0.0000
15.312,0.4732,0.2287,-0.0742,0.0036,1.4025,0.4727,-0.0000
15.324,0.4740,0.2291,-0.0743,0.0036,1.4047,0.4734,-0.0000
15.336,0.4747,0.2294,-0.0744,0.0036,1.4067,0.4741,-0.0000
15.348,0.4747,0.2294,-0.0744,0.0036,1.4067,0.4741,-0.0000
15.360,0.4747,0.2296,-0.0741,0.0036,1.4063,0.4741,-0.0000
15.372,0.4747,0.2300,-0.0735,0.0036,1.4053,0.4741,-0.0000
15.384,0.4747,0.2305,-0.0726,0.0036,1.4040,0.4741,-0.0000
15.396,0.4747,0.2311,-0.0716,0.0036,1.4024,0.4742,-0.0000
15.408,0.4748,0.2318,-0.0703,0.0036,1.4004,0.4742,-0.0000
15.420,0.4748,0.2327,-0.0688,0.0036,1.3982,0.4742,-0.0000
15.432,0.4749,0.2336,-0.0672,0.0036,1.3958,0.4743,-0.0000
15.444,0.4749,0.2346,-0.0655,0.0037,1.3932,0.4743,-0.0000
15.456,0.4750,0.2357,-0.0637,0.0037,1.3904,0.4743,-0.0000
15.468,0.4750,0.2368,-0.0617,0.0037,1.3874,0.4744,-0.0000
15.480,0.4751,0.2380,-0.0597,0.0037,1.3843,0.4744,-0.0000
15.492,0.4751,0.2392,-0.0575,0.0037,1.3811,0.4745,-0.0000
15.504,0.4752,0.2405,-0.0553,0.0037,1.3778,0.4745,-0.0000
15.516,0.4752,0.2417,-0.0531,0.0037,1.3744,0.4746,-0.0000
15.528,0.4753,0.2431,-0.0508,0.0037,1.3709,0.4746,-0.0000
15.540,0.4754,0.2444,-0.0484,0.0037,1.3673,0.4747,-0.0000
15.552,0.4754,0.2458,-0.0460,0.0037,1.3637,0.4747,-0.0000
15.564,0.4755,0.2472,-0.0436,0.0037,1.3600,0.4748,-0.0000
15.576,0.4756,0.2486,-0.0411,0.0037,1.3563,0.4748,-0.0000
15.588,0.4756,0.2501,-0.0386,0.0037,1.3525,0.4749,-0.0000
15.600,0.4757,0.2515,-0.0361,0.0037,1.3487,0.4749,-0.0000
15.612,0.4758,0.2530,-0.0336,0.0037,1.3448,0.4750,-0.0000
15.624,0.4759,0.2545,-0.0310,0.0037,1.3409,0.4750,-0.0000
15.636,0.4759,0.2560,-0.0284,0.0037,1.3370,0.4751,-0.0000
15.648,0.4760,0.2575,-0.0258,0.0037,1.3331,0.4751,-0.0000
15.660,0.4761,0.2590,-0.0232,0.0037,1.3291,0.4752,-0.0000
15.672,0.4761,0.2605,-0.0206,0.0037,1.3251,0.4752,-0.0000
15.684,0.4762,0.2620,-0.0180,0.0037,1.3212,0.4753,-0.0000
15.696,0.4763,0.2635,-0.0153,0.0037,1.3172,0.4754,-0.0000
15.708,0.4764,0.2650,-0.0127,0.0037,1.3132,0.4754,-0.0000
15.720,0.4764,0.2666,-0.0100,0.0037,1.3091,0.4755,-0.0000
15.732,0.4765,0.2681,-0.0074,0.0037,1.3051,0.4755,-0.0000
15.744,0.4766,0.2696,-0.0047,0.0038,1.3011,0.4756,-0.0000
15.756,0.4766,0.2712,-0.0020,0.0038,1.2970,0.4756,-0.0000
15.768,0.4767,0.2727,0.0006,0.0038,1.2930,0.4757,-0.0000
15.780,0.4768,0.2743,0.0033,0.0038,1.2889,0.4758,-0.0000
15.792,0.4769,0.2758,0.0060,0.0038,1.2848,0.4758,-0.0000
15.804,0.4769,0.2774,0.0087,0.0038,1.2808,0.4759,-0.0000
15.816,0.4770,0.2789,0.0114,0.0038,1.2767,0.4759,-0.0000
15.828,0.4771,0.2805,0.0141,0.0038,1.2726,0.4760,-0.0000
15.840,0.4772,0.2820,0.0168,0.0038,1.2685,0.4760,-0.0000
15.852,0.4772,0.2836,0.0195,0.0038,1.2645,0.4761,-0.0000
15.864,0.4773,0.2851,0.0221,0.0038,1.2604,0.4762,-0.0000
15.876,0.4774,0.2867,0.0248,0.0038,1.2563,0.4762,-0.0000
15.888,0.4775,0.2882,0.0275,0.0038,1.2522,0.4763,-0.0000
15.900,0.4775,0.2898,0.0302,0.0038,1.2481,0.4763,-0.0000
15.912,0.4776,0.2913,0.0329,0.0038,1.2440,0.4764,-0.0000
15.924,0.4777,0.2929,0.0356,0.0038,1.2399,0.4764,-0.0000
15.936,0.4777,0.2945,0.0383,0.0038,1.2358,0.4765,-0.0000
15.948,0.4778,0.2960,0.0410,0.0038,1.2317,0.4765,-0.0000
15.960,0.4779,0.2976,0.0437,0.0038,1.2276,0.4766,-0.0000
15.972,0.4780,0.2991,0.0464,0.0038,1.2235,0.4767,-0.0000
15.984,0.4780,0.3007,0.0491,0.0038,1.2195,0.4767,-0.0000
15.996,0.4781,0.3022,0.0518,0.0039,1.2154,0.4768,-0.0000
16.008,0.4782,0.3038,0.0546,0.0039,1.2113,0.4768,-0.0000
16.020,0.4783,0.3054,0.0573,0.0039,1.2072,0.4769,-0.0000
16.032,0.4783,0.3069,0.0600,0.0039,1.2031,0.4769,-0.0000
16.044,0.4784,0.3085,0.0627,0.0039,1.1990,0.4770,-0.0000
16.056,0.4785,0.3100,0.0654,0.0039,1.1949,0.4771,-0.0000
16.068,0.4786,0.3116,0.0681,0.0039,1.1908,0.4771,-0.0000
16.080,0.4786,0.3132,0.0708,0.0039,1.1867,0.4772,-0.0000
16.092,0.4787,0.3147,0.0735,0.0039,1.1826,0.4772,-0.0000
16.104,0.4788,0.3163,0.0762,0.0039,1.1785,0.4773,-0.0000
16.116,0.4789,0.3178,0.0789,0.0039,1.1744,0.4773,-0.0000
16.128,0.4789,0.3194,0.0816,0.0039,1.1703,0.4774,-0.0000
16.140,0.4790,0.3210,0.0843,0.0039,1.1662,0.4775,-0.0000
16.152,0.4791,0.3225,0.0870,0.0039,1.1621,0.4775,-0.0000
16.164,0.4792,0.3241,0.0897,0.0039,1.1580,0.4776,-0.0000
16.176,0.4792,0.3256,0.0924,0.0039,1.1539,0.4776,-0.0000
16.188,0.4793,0.3272,0.0951,0.0039,1.1498,0.4777,-0.0000
16.200,0.4794,0.3288,0.0978,0.0039,1.1457,0.4777,-0.0000
16.212,0.4794,0.3303,0.1005,0.0039,1.1416,0.4778,-0.0000
16.224,0.4795,0.3319,0.1032,0.0039,1.1375,0.4779,-0.0000
16.236,0.4796,0.3334,0.1059,0.0039,1.1334,0.4779,-0.0000
16.248,0.4797,0.3350,0.1087,0.0039,1.1293,0.4780,-0.0000
16.260,0.4797,0.3366,0.1114,0.0040,1.1252,0.4780,-0.0000
16.272,0.4798,0.3381,0.1141,0.0040,1.1211,0.4781,-0.0000
16.284,0.4799,0.3397,0.1168,0.0040,1.1170,0.4781,-0.0000
16.296,0.4800,0.3412,0.1195,0.0040,1.1129,0.4782,-0.0000
16.308,0.4800,0.3428,0.1222,0.0040,1.1088,0.4783,-0.0000
16.320,0.4801,0.3444,0.1249,0.0040,1.1047,0.4783,-0.0000
16.332,0.4802,0.3459,0.1276,0.0040,1.1006,0.4784,-0.0000
16.344,0.4803,0.3475,0.1303,0.0040,1.0965,0.4784,-0.0000
16.356,0.4803,0.3490,0.1330,0.0040,1.0924,0.4785,-0.0000
16.368,0.4804,0.3506,0.1357,0.0040,1.0883,0.4785,-0.0000
16.380,0.4805,0.3522,0.1384,0.0040,1.0842,0.4786,-0.0000
16.392,0.4806,0.3537,0.1411,0.0040,1.0801,0.4787,-0.0000
16.404,0.4806,0.3553,0.1438,0.0040,1.0760,0.4787,-0.0000
16.416,0.4807,0.3568,0.1465,0.0040,1.0719,0.4788,-0.0000
16.428,0.4808,0.3584,0.1492,0.0040,1.0678,0.4788,-0.0000
16.440,0.4809,0.3600,0.1519,0.0040,1.0637,0.4789,-0.0000
16.452,0.4809,0.3615,0.1546,0.0040,1.0596,0.4789,-0.0000
16.464,0.4810,0.3631,0.1574,0.0040,1.0555,0.4790,-0.0000
16.476,0.4811,0.3646,0.1601,0.0040,1.0514,0.4791,-0.0000
16.488,0.4811,0.3662,0.1628,0.0040,1.0473,0.4791,-0.0000
16.500,0.4812,0.3678,0.1655,0.0040,1.0432,0.4792,-0.0000
16.512,0.4813,0.3693,0.1682,0.0040,1.0391,0.4792,-0.0000
16.524,0.4814,0.3709,0.1709,0.0041,1.0350,0.4793,-0.0000
16.536,0.4814,0.3724,0.1736,0.0041,1.0309,0.4793,-0.0000
16.548,0.4815,0.3740,0.1763,0.0041,1.0268,0.4794,-0.0000
16.560,0.4816,0.3754,0.1787,0.0041,1.0231,0.4795,-0.0000
16.572,0.4816,0.3766,0.1808,0.0041,1.0200,0.4795,-0.0000
16.584,0.4817,0.3776,0.1826,0.0041,1.0172,0.4795,-0.0000
16.596,0.4817,0.3786,0.1842,0.0041,1.0147,0.4796,-0.0000
16.608,0.4818,0.3794,0.1857,0.0041,1.0126,0.4796,-0.0000
16.620,0.4818,0.3801,0.1869,0.0041,1.0107,0.4796,-0.0000
16.632,0.4818,0.3808,0.1880,0.0041,1.0090,0.4797,-0.0000
16.644,0.4819,0.3813,0.1890,0.0041,1.0075,0.4797,-0.0000
16.656,0.4819,0.3818,0.1899,0.0041,1.0062,0.4797,-0.0005
16.668,0.4819,0.3822,0.1906,0.0041,1.0051,0.4797,-0.0015
16.680,0.4819,0.3826,0.1913,0.0041,1.0041,0.4797,-0.0029
16.692,0.4819,0.3830,0.1919,0.0041,1.0032,0.4797,-0.0047
16.704,0.4820,0.3833,0.1924,0.0041,1.0024,0.4797,-0.0068
16.716,0.4820,0.3835,0.1928,0.0041,1.0017,0.4798,-0.0091
16.728,0.4820,0.3838,0.1932,0.0041,1.0011,0.4798,-0.0117
16.740,0.4820,0.3840,0.1936,0.0041,1.0006,0.4798,-0.0145
16.752,0.4820,0.3841,0.1939,0.0041,1.0001,0.4798,-0.0175
16.764,0.4820,0.3843,0.1942,0.0041,0.9997,0.4798,-0.0207
16.776,0.4820,0.3844,0.1944,0.0041,0.9993,0.4798,-0.0240
16.788,0.4820,0.3845,0.1946,0.0041,0.9990,0.4798,-0.0275
16.800,0.4820,0.3847,0.1948,0.0041,0.9987,0.4798,-0.0311
16.812,0.4820,0.3847,0.1949,0.0041,0.9985,0.4798,-0.0347
16.824,0.4820,0.3848,0.1951,0.0041,0.9983,0.4798,-0.0385
16.836,0.4820,0.3849,0.1952,0.0041,0.9981,0.4798,-0.0423
16.848,0.4820,0.3850,0.1953,0.0041,0.9979,0.4798,-0.0462
16.860,0.4820,0.3850,0.1954,0.0041,0.9978,0.4798,-0.0502
16.872,0.4820,0.3851,0.1955,0.0041,0.9976,0.4798,-0.0542
16.884,0.4820,0.3851,0.1956,0.0041,0.9975,0.4798,-0.0582
16.896,0.4820,0.3852,0.1957,0.0041,0.9974,0.4798,-0.0623
16.908,0.4820,0.3852,0.1957,0.0041,0.9973,0.4798,-0.0665
16.920,0.4820,0.3852,0.1958,0.0041,0.9973,0.4798,-0.0706
16.932,0.4821,0.3852,0.1958,0.0041,0.9972,0.4798,-0.0748
16.944,0.4821,0.3853,0.1958,0.0041,0.9971,0.4798,-0.0791
16.956,0.4821,0.3853,0.1959,0.0041,0.9971,0.4798,-0.0833
16.968,0.4821,0.3853,0.1959,0.0041,0.9970,0.4798,-0.0876
16.980,0.4821,0.3853,0.1959,0.0041,0.9970,0.4798,-0.0918
16.992,0.4821,0.3853,0.1960,0.0041,0.9970,0.4798,-0.0961
17.004,0.4821,0.3853,0.1960,0.0041,0.9969,0.4798,-0.1004
17.016,0.4821,0.3854,0.1960,0.0041,0.9969,0.4798,-0.1047
17.028,0.4821,0.3854,0.1960,0.0041,0.9969,0.4798,-0.1091
17.040,0.4821,0.3854,0.1960,0.0041,0.9968,0.4798,-0.1134
17.052,0.4821,0.3854,0.1960,0.0041,0.9968,0.4798,-0.1178
17.064,0.4821,0.3854,0.1961,0.0041,0.9968,0.4798,-0.1221
17.076,0.4821,0.3854,0.1961,0.0041,0.9968,0.4798,-0.1265
17.088,0.4821,0.3854,0.1961,0.0041,0.9968,0.4798,-0.1308
17.100,0.4821,0.3854,0.1961,0.0041,0.9968,0.4798,-0.1352
17.112,0.4821,0.3854,0.1961,0.0041,0.9968,0.4798,-0.1396
17.124,0.4821,0.3854,0.1961,0.0041,0.9968,0.4798,-0.1439
17.136,0.4821,0.3854,0.1961,0.0041,0.9967,0.4798,-0.1483
17.148,0.4821,0.3854,0.1961,0.0041,0.9967,0.4798,-0.1527
17.160,0.4821,0.3854,0.1961,0.0041,0.9967,0.4798,-0.1571
17.172,0.4821,0.3854,0.1961,0.0041,0.9967,0.4798,-0.1614
17.184,0.4821,0.3854,0.1961,0.0041,0.9967,0.4798,-0.1658
17.196,0.4821,0.3854,0.1961,0.0041,0.9967,0.4798,-0.1702
17.208,0.4821,0.3854,0.1961,0.0041,0.9967,0.4798,-0.1746
17.220,0.4821,0.3854,0.1961,0.0041,0.9967,0.4798,-0.1790
17.232,0.4821,0.3849,0.1961,0.0041,0.9968,0.4798,-0.1834
17.244,0.4821,0.3842,0.1961,0.0042,0.9971,0.4798,-0.1878
17.256,0.4821,0.3835,0.1961,0.0042,0.9976,0.4798,-0.1922
17.268,0.4821,0.3828,0.1961,0.0042,0.9982,0.4798,-0.1966
17.280,0.4821,0.3821,0.1961,0.0042,0.9988,0.4798,-0.2010
17.292,0.4821,0.3813,0.1961,0.0042,0.9993,0.4798,-0.2054
17.304,0.4821,0.3806,0.1961,0.0042,0.9999,0.4798,-0.2098
17.316,0.4821,0.3799,0.1961,0.0041,1.0005,0.4798,-0.2142
17.328,0.4821,0.3791,0.1961,0.0041,1.0010,0.4798,-0.2186
17.340,0.4821,0.3784,0.1961,0.0041,1.0016,0.4798,-0.2230
17.352,0.4821,0.3777,0.1961,0.0041,1.0021,0.4798,-0.2274
17.364,0.4821,0.3770,0.1961,0.0041,1.0027,0.4798,-0.2317
17.376,0.4821,0.3762,0.1961,0.0041,1.0033,0.4798,-0.2361
17.388,0.4821,0.3755,0.1961,0.0041,1.0038,0.4798,-0.2405
17.400,0.4821,0.3748,0.1961,0.0041,1.0044,0.4798,-0.2449
17.412,0.4821,0.3741,0.1961,0.0041,1.0049,0.4798,-0.2493
17.424,0.4821,0.3734,0.1961,0.0041,1.0055,0.4798,-0.2537
17.436,0.4821,0.3726,0.1961,0.0041,1.0060,0.4798,-0.2581
17.448,0.4821,0.3719,0.1961,0.0041,1.0066,0.4798,-0.2625
17.460,0.4821,0.3712,0.1961,0.0041,1.0071,0.4798,-0.2669
17.472,0.4821,0.3705,0.1961,0.0041,1.0076,0.4798,-0.2713
17.484,0.4821,0.3698,0.1961,0.0041,1.0082,0.4798,-0.2757
17.496,0.4821,0.3691,0.1961,0.0041,1.0087,0.4798,-0.2801
17.508,0.4821,0.3684,0.1961,0.0041,1.0092,0.4798,-0.2845
17.520,0.4821,0.3677,0.1961,0.0041,1.0098,0.4798,-0.2889
17.532,0.4821,0.3670,0.1961,0.0041,1.0103,0.4798,-0.2933
17.544,0.4821,0.3663,0.1961,0.0041,1.0108,0.4798,-0.2977
17.556,0.4821,0.3656,0.1961,0.0041,1.0113,0.4798,-0.3021
17.568,0.4821,0.3649,0.1961,0.0041,1.0118,0.4798,-0.3065
17.580,0.4821,0.3642,0.1961,0.0041,1.0124,0.4798,-0.3109
17.592,0.4821,0.3635,0.1961,0.0041,1.0129,0.4798,-0.3153
17.604,0.4821,0.3628,0.1961,0.0041,1.0134,0.4798,-0.3197
17.616,0.4821,0.3621,0.1961,0.0041,1.0139,0.4798,-0.3241
17.628,0.4821,0.3614,0.1961,0.0041,1.0144,0.4798,-0.3285
17.640,0.4821,0.3607,0.1961,0.0041,1.0149,0.4798,-0.3329
17.652,0.4821,0.3601,0.1961,0.0041,1.0154,0.4798,-0.3373
17.664,0.4821,0.3594,0.1961,0.0041,1.0159,0.4798,-0.3417
17.676,0.4821,0.3587,0.1961,0.0041,1.0164,0.4798,-0.3461
17.688,0.4821,0.3580,0.1961,0.0041,1.0169,0.4798,-0.3505
17.700,0.4821,0.3574,0.1961,0.0041,1.0174,0.4798,-0.3549
17.712,0.4821,0.3567,0.1961,0.0041,1.0179,0.4798,-0.3593
17.724,0.4821,0.3560,0.1961,0.0041,1.0184,0.4798,-0.3637
17.736,0.4821,0.3554,0.1961,0.0041,1.0189,0.4798,-0.3681
17.748,0.4821,0.3547,0.1961,0.0041,1.0194,0.4798,-0.3725
17.760,0.4821,0.3540,0.1961,0.0041,1.0198,0.4798,-0.3769
17.772,0.4821,0.3534,0.1961,0.0041,1.0203,0.4798,-0.3813
17.784,0.4821,0.3527,0.1961,0.0041,1.0208,0.4798,-0.3857
17.796,0.4821,0.3521,0.1961,0.0041,1.0213,0.4798,-0.3901
17.808,0.4821,0.3514,0.1961,0.0041,1.0217,0.4798,-0.3945
17.820,0.4821,0.3508,0.1961,0.0041,1.0222,0.4798,-0.3989
17.832,0.4821,0.3501,0.1961,0.0041,1.0227,0.4798,-0.4033
17.844,0.4821,0.3495,0.1961,0.0041,1.0231,0.4798,-0.4077
17.856,0.4821,0.3489,0.1961,0.0041,1.0235,0.4798,-0.4116
17.868,0.4821,0.3484,0.1961,0.0041,1.0239,0.4798,-0.4150
17.880,0.4821,0.3479,0.1961,0.0041,1.0243,0.4798,-0.4180
17.892,0.4821,0.3477,0.1958,0.0041,1.0248,0.4798,-0.4206
17.904,0.4821,0.3475,0.1952,0.0041,1.0257,0.4798,-0.4230
17.916,0.4820,0.3472,0.1943,0.0041,1.0269,0.4798,-0.4250
17.928,0.4820,0.3468,0.1933,0.0041,1.0284,0.4798,-0.4268
17.940,0.4820,0.3463,0.1920,0.0041,1.0303,0.4798,-0.4284
17.952,0.4820,0.3457,0.1905,0.0041,1.0324,0.4798,-0.4298
17.964,0.4820,0.3450,0.1889,0.0041,1.0347,0.4798,-0.4310
17.976,0.4820,0.3443,0.1872,0.0041,1.0372,0.4798,-0.4321
17.988,0.4820,0.3436,0.1853,0.0041,1.0399,0.4798,-0.4330
18.000,0.4819,0.3427,0.1834,0.0041,1.0428,0.4798,-0.4339
18.012,0.4819,0.3419,0.1813,0.0041,1.0458,0.4798,-0.4346
18.024,0.4819,0.3410,0.1792,0.0041,1.0489,0.4798,-0.4353
18.036,0.4819,0.3400,0.1770,0.0041,1.0521,0.4798,-0.4358
18.048,0.4819,0.3391,0.1747,0.0041,1.0554,0.4798,-0.4363
18.060,0.4818,0.3381,0.1724,0.0041,1.0588,0.4798,-0.4368
18.072,0.4818,0.3371,0.1700,0.0041,1.0622,0.4798,-0.4372
18.084,0.4818,0.3361,0.1676,0.0041,1.0657,0.4797,-0.4375
18.096,0.4818,0.3350,0.1652,0.0040,1.0693,0.4797,-0.4378
18.108,0.4818,0.3340,0.1627,0.0040,1.0729,0.4797,-0.4381
18.120,0.4817,0.3329,0.1602,0.0040,1.0766,0.4797,-0.4383
18.132,0.4817,0.3318,0.1577,0.0040,1.0803,0.4797,-0.4385
18.144,0.4817,0.3307,0.1551,0.0040,1.0840,0.4797,-0.4387
18.156,0.4817,0.3296,0.1526,0.0040,1.0878,0.4797,-0.4388
18.168,0.4816,0.3285,0.1500,0.0040,1.0916,0.4797,-0.4390
18.180,0.4816,0.3274,0.1474,0.0040,1.0954,0.4797,-0.4391
18.192,0.4816,0.3263,0.1448,0.0040,1.0992,0.4797,-0.4392
18.204,0.4816,0.3252,0.1421,0.0040,1.1030,0.4797,-0.4393
18.216,0.4816,0.3240,0.1395,0.0040,1.1069,0.4797,-0.4394
18.228,0.4815,0.3229,0.1369,0.0040,1.1108,0.4797,-0.4395
18.240,0.4815,0.3218,0.1342,0.0040,1.1147,0.4797,-0.4395
18.252,0.4815,0.3206,0.1315,0.0040,1.1186,0.4796,-0.4396
18.264,0.4815,0.3195,0.1289,0.0040,1.1225,0.4796,-0.4396
18.276,0.4814,0.3183,0.1262,0.0040,1.1264,0.4796,-0.4397
18.288,0.4814,0.3172,0.1235,0.0040,1.1303,0.4796,-0.4397
18.300,0.4814,0.3160,0.1208,0.0040,1.1342,0.4796,-0.4397
18.312,0.4814,0.3149,0.1181,0.0040,1.1382,0.4796,-0.4398
18.324,0.4813,0.3137,0.1155,0.0040,1.1421,0.4796,-0.4398
18.336,0.4813,0.3126,0.1128,0.0040,1.1461,0.4796,-0.4398
18.348,0.4813,0.3114,0.1101,0.0040,1.1500,0.4796,-0.4398
18.360,0.4813,0.3102,0.1074,0.0040,1.1540,0.4796,-0.4399
18.372,0.4812,0.3091,0.1047,0.0040,1.1579,0.4796,-0.4399
18.384,0.4812,0.3079,0.1020,0.0039,1.1619,0.4796,-0.4399
18.396,0.4812,0.3068,0.0993,0.0039,1.1658,0.4796,-0.4399
18.408,0.4812,0.3056,0.0966,0.0039,1.1698,0.4795,-0.4399
18.420,0.4811,0.3044,0.0939,0.0039,1.1738,0.4795,-0.4399
18.432,0.4811,0.3033,0.0912,0.0039,1.1777,0.4795,-0.4399
18.444,0.4811,0.3021,0.0885,0.0039,1.1817,0.4795,-0.4399
18.456,0.4811,0.3010,0.0857,0.0039,1.1857,0.4795,-0.4400
18.468,0.4810,0.2998,0.0830,0.0039,1.1896,0.4795,-0.4400
18.480,0.4810,0.2986,0.0803,0.0039,1.1936,0.4795,-0.4400
18.492,0.4810,0.2975,0.0776,0.0039,1.1976,0.4795,-0.4400
18.504,0.4810,0.2963,0.0749,0.0039,1.2015,0.4795,-0.4400
18.516,0.4809,0.2951,0.0722,0.0039,1.2055,0.4795,-0.4400
18.528,0.4809,0.2940,0.0695,0.0039,1.2095,0.4795,-0.4400
18.540,0.4809,0.2928,0.0668,0.0039,1.2134,0.4795,-0.4400
18.552,0.4809,0.2917,0.0641,0.0039,1.2174,0.4795,-0.4400
18.564,0.4809,0.2905,0.0613,0.0039,1.2214,0.4794,-0.4400
18.576,0.4808,0.2893,0.0586,0.0039,1.2254,0.4794,-0.4400
18.588,0.4808,0.2882,0.0559,0.0039,1.2293,0.4794,-0.4400
18.600,0.4808,0.2870,0.0532,0.0039,1.2333,0.4794,-0.4400
18.612,0.4808,0.2858,0.0505,0.0039,1.2373,0.4794,-0.4400
18.624,0.4807,0.2847,0.0478,0.0039,1.2413,0.4794,-0.4400
18.636,0.4807,0.2835,0.0451,0.0039,1.2452,0.4794,-0.4400
18.648,0.4807,0.2823,0.0424,0.0039,1.2492,0.4794,-0.4400
18.660,0.4807,0.2812,0.0396,0.0039,1.2532,0.4794,-0.4400
18.672,0.4806,0.2800,0.0369,0.0038,1.2572,0.4794,-0.4400
18.684,0.4806,0.2788,0.0342,0.0038,1.2611,0.4794,-0.4400
18.696,0.4806,0.2777,0.0315,0.0038,1.2651,0.4794,-0.4400
18.708,0.4806,0.2765,0.0288,0.0038,1.2691,0.4794,-0.4400
18.720,0.4805,0.2753,0.0261,0.0038,1.2731,0.4794,-0.4400
18.732,0.4805,0.2742,0.0234,0.0038,1.2770,0.4793,-0.4400
18.744,0.4805,0.2730,0.0207,0.0038,1.2810,0.4793,-0.4400
18.756,0.4805,0.2718,0.0179,0.0038,1.2850,0.4793,-0.4400
18.768,0.4804,0.2707,0.0152,0.0038,1.2890,0.4793,-0.4400
18.780,0.4804,0.2695,0.0125,0.0038,1.2929,0.4793,-0.4400
18.792,0.4804,0.2684,0.0098,0.0038,1.2969,0.4793,-0.4400
18.804,0.4804,0.2672,0.0071,0.0038,1.3009,0.4793,-0.4400
18.816,0.4803,0.2660,0.0044,0.0038,1.3049,0.4793,-0.4400
18.828,0.4803,0.2649,0.0017,0.0038,1.3088,0.4793,-0.4400
18.840,0.4803,0.2637,-0.0010,0.0038,1.3128,0.4793,-0.4400
18.852,0.4803,0.2625,-0.0038,0.0038,1.3168,0.4793,-0.4400
18.864,0.4802,0.2614,-0.0065,0.0038,1.3208,0.4793,-0.4400
18.876,0.4802,0.2602,-0.0092,0.0038,1.3247,0.4793,-0.4400
18.888,0.4802,0.2590,-0.0119,0.0038,1.3287,0.4792,-0.4400
18.900,0.4802,0.2579,-0.0146,0.0038,1.3327,0.4792,-0.4400
18.912,0.4801,0.2567,-0.0173,0.0038,1.3367,0.4792,-0.4400
18.924,0.4801,0.2555,-0.0200,0.0038,1.3406,0.4792,-0.4400
18.936,0.4801,0.2544,-0.0228,0.0038,1.3446,0.4792,-0.4400
18.948,0.4801,0.2532,-0.0255,0.0038,1.3486,0.4792,-0.4400
18.960,0.4801,0.2520,-0.0282,0.0037,1.3526,0.4792,-0.4400
18.972,0.4800,0.2509,-0.0309,0.0037,1.3565,0.4792,-0.4400
18.984,0.4800,0.2497,-0.0336,0.0037,1.3605,0.4792,-0.4400
18.996,0.4800,0.2485,-0.0363,0.0037,1.3645,0.4792,-0.4400
19.008,0.4800,0.2474,-0.0390,0.0037,1.3685,0.4792,-0.4400
19.020,0.4799,0.2462,-0.0418,0.0037,1.3724,0.4792,-0.4400
19.032,0.4799,0.2450,-0.0445,0.0037,1.3764,0.4792,-0.4400
19.044,0.4799,0.2439,-0.0472,0.0037,1.3804,0.4791,-0.4400
19.056,0.4799,0.2427,-0.0499,0.0037,1.3844,0.4791,-0.4400
19.068,0.4798,0.2416,-0.0526,0.0037,1.3883,0.4791,-0.4400
19.080,0.4798,0.2404,-0.0553,0.0037,1.3923,0.4791,-0.4400
19.092,0.4798,0.2394,-0.0577,0.0037,1.3958,0.4791,-0.4400
19.104,0.4798,0.2385,-0.0598,0.0037,1.3989,0.4791,-0.4400
19.116,0.4798,0.2377,-0.0617,0.0037,1.4016,0.4791,-0.4400
19.128,0.4797,0.2370,-0.0633,0.0037,1.4040,0.4791,-0.4400
19.140,0.4797,0.2363,-0.0647,0.0037,1.4061,0.4791,-0.4400
19.152,0.4797,0.2358,-0.0660,0.0037,1.4079,0.4791,-0.4400
19.164,0.4797,0.2353,-0.0671,0.0037,1.4095,0.4791,-0.4400
19.176,0.4797,0.2353,-0.0671,0.0037,1.4095,0.4791,-0.4400
19.188,0.4797,0.2353,-0.0675,0.0037,1.4100,0.4791,-0.4400
19.200,0.4797,0.2353,-0.0683,0.0037,1.4107,0.4791,-0.4400
19.212,0.4797,0.2353,-0.0693,0.0037,1.4118,0.4791,-0.4400
19.224,0.4797,0.2353,-0.0707,0.0037,1.4132,0.4792,-0.4400
19.236,0.4797,0.2353,-0.0723,0.0037,1.4148,0.4792,-0.4400
19.248,0.4796,0.2353,-0.0741,0.0037,1.4166,0.4792,-0.4400
19.260,0.4796,0.2353,-0.0761,0.0037,1.4186,0.4793,-0.4400
19.272,0.4796,0.2353,-0.0783,0.0037,1.4208,0.4793,-0.4400
19.284,0.4796,0.2353,-0.0806,0.0037,1.4231,0.4794,-0.4400
19.296,0.4796,0.2353,-0.0830,0.0037,1.4255,0.4794,-0.4400
19.308,0.4795,0.2353,-0.0856,0.0037,1.4281,0.4795,-0.4400
19.320,0.4795,0.2353,-0.0883,0.0037,1.4308,0.4795,-0.4400
19.332,0.4795,0.2353,-0.0910,0.0037,1.4335,0.4796,-0.4400
19.344,0.4795,0.2353,-0.0938,0.0037,1.4363,0.4797,-0.4400
19.356,0.4794,0.2353,-0.0967,0.0037,1.4392,0.4797,-0.4400
19.368,0.4794,0.2353,-0.0997,0.0037,1.4422,0.4798,-0.4400
19.380,0.4794,0.2352,-0.1027,0.0037,1.4452,0.4799,-0.4400
19.392,0.4794,0.2352,-0.1057,0.0037,1.4483,0.4799,-0.4400
19.404,0.4793,0.2352,-0.1088,0.0037,1.4514,0.4800,-0.4400
19.416,0.4793,0.2352,-0.1119,0.0037,1.4545,0.4801,-0.4400
19.428,0.4793,0.2352,-0.1151,0.0037,1.4577,0.4801,-0.4400
19.440,0.4792,0.2352,-0.1183,0.0037,1.4608,0.4802,-0.4400
19.452,0.4792,0.2352,-0.1215,0.0037,1.4641,0.4803,-0.4400
19.464,0.4792,0.2352,-0.1247,0.0037,1.4673,0.4803,-0.4400
19.476,0.4792,0.2352,-0.1279,0.0037,1.4706,0.4804,-0.4400
19.488,0.4791,0.2352,-0.1312,0.0037,1.4738,0.4805,-0.4400
19.500,0.4791,0.2352,-0.1345,0.0037,1.4771,0.4805,-0.4400
19.512,0.4791,0.2352,-0.1378,0.0037,1.4804,0.4806,-0.4400
19.524,0.4790,0.2352,-0.1411,0.0037,1.4837,0.4807,-0.4400
19.536,0.4790,0.2352,-0.1444,0.0037,1.4871,0.4808,-0.4400
19.548,0.4790,0.2351,-0.1477,0.0037,1.4904,0.4808,-0.4400
19.560,0.4789,0.2351,-0.1511,0.0037,1.4937,0.4809,-0.4400
19.572,0.4789,0.2351,-0.1544,0.0037,1.4971,0.4810,-0.4400
19.584,0.4789,0.2351,-0.1577,0.0037,1.5004,0.4810,-0.4400
19.596,0.4789,0.2351,-0.1611,0.0037,1.5038,0.4811,-0.4400
19.608,0.4788,0.2351,-0.1644,0.0037,1.5071,0.4812,-0.4400
19.620,0.4788,0.2351,-0.1678,0.0038,1.5105,0.4813,-0.4400
19.632,0.4788,0.2351,-0.1712,0.0038,1.5139,0.4813,-0.4400
19.644,0.4787,0.2351,-0.1745,0.0038,1.5172,0.4814,-0.4400
19.656,0.4787,0.2351,-0.1779,0.0038,1.5206,0.4815,-0.4400
19.668,0.4787,0.2351,-0.1813,0.0038,1.5240,0.4816,-0.4400
19.680,0.4786,0.2351,-0.1846,0.0038,1.5274,0.4816,-0.4400
19.692,0.4786,0.2350,-0.1880,0.0038,1.5308,0.4817,-0.4400
19.704,0.4786,0.2350,-0.1914,0.0038,1.5341,0.4818,-0.4400
19.716,0.4786,0.2350,-0.1948,0.0038,1.5375,0.4818,-0.4400
19.728,0.4785,0.2350,-0.1981,0.0038,1.5409,0.4819,-0.4400
19.740,0.4785,0.2350,-0.2015,0.0038,1.5443,0.4820,-0.4400
19.752,0.4785,0.2350,-0.2049,0.0038,1.5477,0.4821,-0.4400
19.764,0.4784,0.2350,-0.2083,0.0038,1.5511,0.4821,-0.4400
19.776,0.4784,0.2350,-0.2117,0.0038,1.5545,0.4822,-0.4400
19.788,0.4784,0.2350,-0.2150,0.0038,1.5579,0.4823,-0.4400
19.800,0.4783,0.2350,-0.2184,0.0038,1.5612,0.4824,-0.4400
19.812,0.4783,0.2350,-0.2218,0.0038,1.5646,0.4824,-0.4400
19.824,0.4783,0.2350,-0.2252,0.0038,1.5680,0.4825,-0.4400
19.836,0.4782,0.2350,-0.2286,0.0038,1.5714,0.4826,-0.4400
19.848,0.4782,0.2349,-0.2320,0.0038,1.5748,0.4827,-0.4400
19.860,0.4782,0.2349,-0.2353,0.0038,1.5782,0.4827,-0.4400
19.872,0.4782,0.2349,-0.2387,0.0038,1.5816,0.4828,-0.4400
19.884,0.4781,0.2349,-0.2421,0.0038,1.5850,0.4829,-0.4400
19.896,0.4781,0.2349,-0.2455,0.0038,1.5884,0.4829,-0.4400
19.908,0.4781,0.2349,-0.2489,0.0038,1.5918,0.4830,-0.4400
19.920,0.4780,0.2349,-0.2523,0.0038,1.5952,0.4831,-0.4400
19.932,0.4780,0.2349,-0.2557,0.0038,1.5986,0.4832,-0.4400
19.944,0.4780,0.2349,-0.2590,0.0038,1.6020,0.4832,-0.4400
19.956,0.4779,0.2349,-0.2624,0.0038,1.6054,0.4833,-0.4400
19.968,0.4779,0.2349,-0.2658,0.0038,1.6088,0.4834,-0.4400
19.980,0.4779,0.2349,-0.2692,0.0038,1.6122,0.4835,-0.4400
19.992,0.4779,0.2348,-0.2726,0.0038,1.6155,0.4835,-0.4400
20.004,0.4778,0.2348,-0.2760,0.0038,1.6189,0.4836,-0.4400
20.016,0.4778,0.2348,-0.2794,0.0038,1.6223,0.4837,-0.4400
20.028,0.4778,0.2348,-0.2828,0.0038,1.6257,0.4837,-0.4400
20.040,0.4777,0.2348,-0.2861,0.0038,1.6291,0.4838,-0.4400
20.052,0.4777,0.2348,-0.2895,0.0038,1.6325,0.4839,-0.4400
20.064,0.4777,0.2348,-0.2929,0.0038,1.6359,0.4840,-0.4400
20.076,0.4776,0.2348,-0.2963,0.0038,1.6393,0.4840,-0.4400
20.088,0.4776,0.2348,-0.2997,0.0038,1.6427,0.4841,-0.4400
20.100,0.4776,0.2348,-0.3031,0.0038,1.6461,0.4842,-0.4400
20.112,0.4775,0.2348,-0.3065,0.0038,1.6495,0.4843,-0.4400
20.124,0.4775,0.2348,-0.3099,0.0038,1.6529,0.4843,-0.4400
20.136,0.4775,0.2348,-0.3132,0.0038,1.6563,0.4844,-0.4400
20.148,0.4775,0.2347,-0.3166,0.0038,1.6597,0.4845,-0.4400
20.160,0.4774,0.2347,-0.3200,0.0038,1.6631,0.4846,-0.4400
20.172,0.4774,0.2347,-0.3234,0.0039,1.6665,0.4846,-0.4400
20.184,0.4774,0.2347,-0.3265,0.0039,1.6696,0.4847,-0.4400
20.196,0.4773,0.2347,-0.3293,0.0039,1.6724,0.4847,-0.4400
20.208,0.4773,0.2347,-0.3317,0.0039,1.6748,0.4848,-0.4400
20.220,0.4773,0.2347,-0.3338,0.0039,1.6769,0.4848,-0.4400
20.232,0.4773,0.2347,-0.3357,0.0039,1.6788,0.4849,-0.4400
20.244,0.4773,0.2347,-0.3373,0.0039,1.6804,0.4849,-0.4400
20.256,0.4773,0.2347,-0.3373,0.0039,1.6804,0.4849,-0.4400
20.268,0.4777,0.2347,-0.3373,0.0039,1.6804,0.4849,-0.4400
20.280,0.4786,0.2347,-0.3373,0.0039,1.6804,0.4849,-0.4400
20.292,0.4798,0.2347,-0.3374,0.0039,1.6805,0.4849,-0.4400
20.304,0.4812,0.2347,-0.3374,0.0039,1.6805,0.4849,-0.4400
20.316,0.4830,0.2347,-0.3374,0.0039,1.6805,0.4849,-0.4400
20.328,0.4850,0.2347,-0.3375,0.0039,1.6806,0.4849,-0.4400
20.340,0.4872,0.2347,-0.3375,0.0039,1.6806,0.4849,-0.4400
20.352,0.4896,0.2347,-0.3376,0.0039,1.6807,0.4849,-0.4400
20.364,0.4922,0.2347,-0.3376,0.0039,1.6807,0.4849,-0.4400
20.376,0.4949,0.2347,-0.3377,0.0039,1.6808,0.4849,-0.4400
20.388,0.4977,0.2347,-0.3377,0.0039,1.6808,0.4849,-0.4400
20.400,0.5006,0.2347,-0.3378,0.0039,1.6809,0.4849,-0.4400
20.412,0.5036,0.2347,-0.3378,0.0039,1.6809,0.4849,-0.4400
20.424,0.5067,0.2347,-0.3379,0.0039,1.6810,0.4849,-0.4400
20.436,0.5099,0.2347,-0.3379,0.0039,1.6811,0.4849,-0.4400
20.448,0.5132,0.2347,-0.3380,0.0039,1.6811,0.4849,-0.4400
20.460,0.5165,0.2347,-0.3381,0.0039,1.6812,0.4849,-0.4400
20.472,0.5198,0.2347,-0.3381,0.0039,1.6812,0.4849,-0.4400
20.484,0.5233,0.2347,-0.3382,0.0039,1.6813,0.4849,-0.4400
20.496,0.5267,0.2347,-0.3383,0.0039,1.6814,0.4849,-0.4400
20.508,0.5302,0.2347,-0.3383,0.0039,1.6814,0.4849,-0.4400
20.520,0.5337,0.2347,-0.3384,0.0039,1.6815,0.4849,-0.4400
20.532,0.5372,0.2347,-0.3385,0.0039,1.6816,0.4849,-0.4400
20.544,0.5408,0.2347,-0.3385,0.0039,1.6817,0.4849,-0.4400
20.556,0.5444,0.2347,-0.3386,0.0039,1.6817,0.4850,-0.4400
20.568,0.5480,0.2347,-0.3387,0.0039,1.6818,0.4850,-0.4400
20.580,0.5516,0.2347,-0.3388,0.0039,1.6819,0.4850,-0.4400
20.592,0.5552,0.2347,-0.3388,0.0039,1.6819,0.4850,-0.4400
20.604,0.5589,0.2347,-0.3389,0.0039,1.6820,0.4850,-0.4400
20.616,0.5625,0.2347,-0.3390,0.0039,1.6821,0.4850,-0.4400
20.628,0.5662,0.2347,-0.3390,0.0039,1.6821,0.4850,-0.4400
20.640,0.5698,0.2347,-0.3391,0.0039,1.6822,0.4850,-0.4400
20.652,0.5735,0.2347,-0.3392,0.0039,1.6823,0.4850,-0.4400
20.664,0.5772,0.2347,-0.3392,0.0039,1.6824,0.4850,-0.4400
20.676,0.5809,0.2347,-0.3393,0.0039,1.6824,0.4850,-0.4400
20.688,0.5846,0.2347,-0.3394,0.0039,1.6825,0.4850,-0.4400
20.700,0.5883,0.2347,-0.3395,0.0039,1.6826,0.4850,-0.4400
20.712,0.5920,0.2347,-0.3395,0.0039,1.6826,0.4850,-0.4400
20.724,0.5957,0.2347,-0.3396,0.0039,1.6827,0.4850,-0.4400
20.736,0.5994,0.2347,-0.3397,0.0039,1.6828,0.4850,-0.4400
20.748,0.6031,0.2347,-0.3398,0.0039,1.6829,0.4850,-0.4400
20.760,0.6069,0.2347,-0.3398,0.0039,1.6829,0.4850,-0.4400
20.772,0.6106,0.2347,-0.3399,0.0039,1.6830,0.4850,-0.4400
20.784,0.6143,0.2347,-0.3400,0.0039,1.6831,0.4850,-0.4400
20.796,0.6180,0.2347,-0.3400,0.0039,1.6832,0.4850,-0.4400
20.808,0.6217,0.2347,-0.3401,0.0039,1.6832,0.4850,-0.4400
20.820,0.6255,0.2347,-0.3402,0.0039,1.6833,0.4850,-0.4400
20.832,0.6292,0.2347,-0.3403,0.0039,1.6834,0.4850,-0.4400
20.844,0.6329,0.2347,-0.3403,0.0039,1.6834,0.4850,-0.4400
20.856,0.6367,0.2347,-0.3404,0.0039,1.6835,0.4850,-0.4400
20.868,0.6404,0.2347,-0.3405,0.0039,1.6836,0.4850,-0.4400
20.880,0.6441,0.2347,-0.3405,0.0039,1.6837,0.4850,-0.4400
20.892,0.6478,0.2347,-0.3406,0.0039,1.6837,0.4850,-0.4400
20.904,0.6516,0.2347,-0.3407,0.0039,1.6838,0.4850,-0.4400
20.916,0.6553,0.2347,-0.3408,0.0039,1.6839,0.4850,-0.4400
20.928,0.6590,0.2347,-0.3408,0.0039,1.6840,0.4850,-0.4400
20.940,0.6628,0.2347,-0.3409,0.0039,1.6840,0.4850,-0.4400
20.952,0.6665,0.2347,-0.3410,0.0039,1.6841,0.4850,-0.4400
20.964,0.6702,0.2347,-0.3411,0.0039,1.6842,0.4850,-0.4400
20.976,0.6740,0.2347,-0.3411,0.0039,1.6842,0.4850,-0.4400
20.988,0.6777,0.2347,-0.3412,0.0039,1.6843,0.4850,-0.4400
21.000,0.6814,0.2347,-0.3413,0.0039,1.6844,0.4850,-0.4400
21.012,0.6852,0.2347,-0.3413,0.0039,1.6845,0.4850,-0.4400
21.024,0.6889,0.2347,-0.3414,0.0039,1.6845,0.4850,-0.4400
21.036,0.6926,0.2347,-0.3415,0.0039,1.6846,0.4850,-0.4400
21.048,0.6964,0.2347,-0.3416,0.0039,1.6847,0.4850,-0.4400
21.060,0.7001,0.2347,-0.3416,0.0039,1.6847,0.4850,-0.4400
21.072,0.7038,0.2347,-0.3417,0.0039,1.6848,0.4850,-0.4400
21.084,0.7076,0.2347,-0.3418,0.0039,1.6849,0.4850,-0.4400
21.096,0.7113,0.2347,-0.3418,0.0039,1.6850,0.4850,-0.4400
21.108,0.7150,0.2347,-0.3419,0.0039,1.6850,0.4850,-0.4400
21.120,0.7188,0.2347,-0.3420,0.0039,1.6851,0.4850,-0.4400
21.132,0.7225,0.2347,-0.3421,0.0039,1.6852,0.4850,-0.4400
21.144,0.7262,0.2347,-0.3421,0.0039,1.6853,0.4850,-0.4400
21.156,0.7300,0.2347,-0.3422,0.0039,1.6853,0.4850,-0.4400
21.168,0.7337,0.2347,-0.3423,0.0039,1.6854,0.4850,-0.4400
21.180,0.7374,0.2347,-0.3424,0.0039,1.6855,0.4850,-0.4400
21.192,0.7412,0.2347,-0.3424,0.0039,1.6855,0.4850,-0.4400
21.204,0.7449,0.2347,-0.3425,0.0039,1.6856,0.4850,-0.4400
21.216,0.7486,0.2347,-0.3426,0.0039,1.6857,0.4850,-0.4400
21.228,0.7524,0.2347,-0.3426,0.0039,1.6858,0.4850,-0.4400
21.240,0.7561,0.2347,-0.3427,0.0039,1.6858,0.4850,-0.4400
21.252,0.7599,0.2347,-0.3428,0.0039,1.6859,0.4850,-0.4400
21.264,0.7636,0.2347,-0.3429,0.0039,1.6860,0.4850,-0.4400
21.276,0.7673,0.2347,-0.3429,0.0039,1.6861,0.4850,-0.4400
21.288,0.7711,0.2347,-0.3430,0.0039,1.6861,0.4850,-0.4400
21.300,0.7748,0.2347,-0.3431,0.0039,1.6862,0.4850,-0.4400
21.312,0.7785,0.2347,-0.3431,0.0039,1.6863,0.4850,-0.4400
21.324,0.7823,0.2347,-0.3432,0.0039,1.6863,0.4851,-0.4400
21.336,0.7860,0.2347,-0.3433,0.0039,1.6864,0.4851,-0.4400
21.348,0.7897,0.2347,-0.3434,0.0039,1.6865,0.4851,-0.4400
21.360,0.7935,0.2347,-0.3434,0.0039,1.6866,0.4851,-0.4400
21.372,0.7972,0.2347,-0.3435,0.0039,1.6866,0.4851,-0.4400
21.384,0.8009,0.2347,-0.3436,0.0039,1.6867,0.4851,-0.4400
21.396,0.8047,0.2347,-0.3437,0.0039,1.6868,0.4851,-0.4400
21.408,0.8084,0.2347,-0.3437,0.0039,1.6869,0.4851,-0.4400
21.420,0.8121,0.2347,-0.3438,0.0039,1.6869,0.4851,-0.4400
21.432,0.8159,0.2347,-0.3439,0.0039,1.6870,0.4851,-0.4400
21.444,0.8196,0.2347,-0.3439,0.0039,1.6871,0.4851,-0.4400
21.456,0.8233,0.2347,-0.3440,0.0039,1.6871,0.4851,-0.4400
21.468,0.8271,0.2347,-0.3441,0.0039,1.6872,0.4851,-0.4400
21.480,0.8308,0.2347,-0.3442,0.0039,1.6873,0.4851,-0.4400
21.492,0.8345,0.2347,-0.3442,0.0039,1.6874,0.4851,-0.4400
21.504,0.8383,0.2347,-0.3443,0.0039,1.6874,0.4851,-0.4400
21.516,0.8420,0.2347,-0.3444,0.0039,1.6875,0.4851,-0.4400
21.528,0.8457,0.2347,-0.3445,0.0039,1.6876,0.4851,-0.4400
21.540,0.8495,0.2347,-0.3445,0.0039,1.6877,0.4851,-0.4400
21.552,0.8532,0.2347,-0.3446,0.0039,1.6877,0.4851,-0.4400
21.564,0.8569,0.2347,-0.3447,0.0039,1.6878,0.4851,-0.4400
21.576,0.8607,0.2347,-0.3447,0.0039,1.6879,0.4851,-0.4400
21.588,0.8644,0.2347,-0.3448,0.0039,1.6879,0.4851,-0.4400
21.600,0.8682,0.2347,-0.3449,0.0039,1.6880,0.4851,-0.4400
21.612,0.8719,0.2347,-0.3450,0.0039,1.6881,0.4851,-0.4400
21.624,0.8756,0.2347,-0.3450,0.0039,1.6882,0.4851,-0.4400
21.636,0.8794,0.2347,-0.3451,0.0039,1.6882,0.4851,-0.4400
21.648,0.8831,0.2347,-0.3452,0.0039,1.6883,0.4851,-0.4400
21.660,0.8868,0.2347,-0.3452,0.0039,1.6884,0.4851,-0.4400
21.672,0.8906,0.2347,-0.3453,0.0039,1.6884,0.4851,-0.4400
21.684,0.8943,0.2347,-0.3454,0.0039,1.6885,0.4851,-0.4400
21.696,0.8980,0.2347,-0.3455,0.0039,1.6886,0.4851,-0.4400
21.708,0.9018,0.2347,-0.3455,0.0039,1.6887,0.4851,-0.4400
21.720,0.9055,0.2347,-0.3456,0.0039,1.6887,0.4851,-0.4400
21.732,0.9092,0.2347,-0.3457,0.0039,1.6888,0.4851,-0.4400
21.744,0.9130,0.2347,-0.3458,0.0039,1.6889,0.4851,-0.4400
21.756,0.9167,0.2347,-0.3458,0.0039,1.6890,0.4851,-0.4400
21.768,0.9204,0.2347,-0.3459,0.0039,1.6890,0.4851,-0.4400
21.780,0.9242,0.2347,-0.3460,0.0039,1.6891,0.4851,-0.4400
21.792,0.9279,0.2347,-0.3460,0.0039,1.6892,0.4851,-0.4400
21.804,0.9316,0.2347,-0.3461,0.0039,1.6892,0.4851,-0.4400
21.816,0.9354,0.2347,-0.3462,0.0039,1.6893,0.4851,-0.4400
21.828,0.9391,0.2347,-0.3463,0.0039,1.6894,0.4851,-0.4400
21.840,0.9428,0.2347,-0.3463,0.0039,1.6895,0.4851,-0.4400
21.852,0.9466,0.2347,-0.3464,0.0039,1.6895,0.4851,-0.4400
21.864,0.9503,0.2347,-0.3465,0.0039,1.6896,0.4851,-0.4400
21.876,0.9540,0.2347,-0.3466,0.0039,1.6897,0.4851,-0.4400
21.888,0.9578,0.2347,-0.3466,0.0039,1.6898,0.4851,-0.4400
21.900,0.9615,0.2347,-0.3467,0.0039,1.6898,0.4851,-0.4400
21.912,0.9652,0.2347,-0.3468,0.0039,1.6899,0.4851,-0.4400
21.924,0.9690,0.2347,-0.3468,0.0039,1.6900,0.4851,-0.4400
21.936,0.9727,0.2347,-0.3469,0.0039,1.6900,0.4851,-0.4400
21.948,0.9765,0.2347,-0.3470,0.0039,1.6901,0.4851,-0.4400
21.960,0.9802,0.2347,-0.3471,0.0039,1.6902,0.4851,-0.4400
21.972,0.9839,0.2347,-0.3471,0.0039,1.6903,0.4851,-0.4400
21.984,0.9877,0.2347,-0.3472,0.0039,1.6903,0.4851,-0.4400
21.996,0.9914,0.2347,-0.3473,0.0039,1.6904,0.4851,-0.4400
22.008,0.9951,0.2347,-0.3473,0.0039,1.6905,0.4851,-0.4400
22.020,0.9989,0.2347,-0.3474,0.0039,1.6906,0.4851,-0.4400
22.032,1.0026,0.2347,-0.3475,0.0039,1.6906,0.4851,-0.4400
22.044,1.0063,0.2347,-0.3476,0.0039,1.6907,0.4851,-0.4400
22.056,1.0101,0.2347,-0.3476,0.0039,1.6908,0.4851,-0.4400
22.068,1.0138,0.2347,-0.3477,0.0039,1.6908,0.4851,-0.4400
22.080,1.0175,0.2347,-0.3478,0.0039,1.6909,0.4851,-0.4400
22.092,1.0213,0.2347,-0.3479,0.0039,1.6910,0.4852,-0.4400
22.104,1.0250,0.2347,-0.3479,0.0039,1.6911,0.4852,-0.4400
22.116,1.0287,0.2347,-0.3480,0.0039,1.6911,0.4852,-0.4400
22.128,1.0325,0.2347,-0.3481,0.0039,1.6912,0.4852,-0.4400
22.140,1.0362,0.2347,-0.3481,0.0039,1.6913,0.4852,-0.4400
22.152,1.0399,0.2347,-0.3482,0.0039,1.6913,0.4852,-0.4400
22.164,1.0437,0.2347,-0.3483,0.0039,1.6914,0.4852,-0.4400
22.176,1.0474,0.2347,-0.3484,0.0039,1.6915,0.4852,-0.4400
22.188,1.0511,0.2347,-0.3484,0.0039,1.6916,0.4852,-0.4400
22.200,1.0549,0.2347,-0.3485,0.0039,1.6916,0.4852,-0.4400
22.212,1.0586,0.2347,-0.3486,0.0039,1.6917,0.4852,-0.4400
22.224,1.0623,0.2347,-0.3486,0.0039,1.6918,0.4852,-0.4400
22.236,1.0661,0.2347,-0.3487,0.0039,1.6919,0.4852,-0.4400
22.248,1.0698,0.2347,-0.3488,0.0039,1.6919,0.4852,-0.4400
22.260,1.0734,0.2347,-0.3489,0.0039,1.6920,0.4852,-0.4400
22.272,1.0766,0.2347,-0.3489,0.0039,1.6921,0.4852,-0.4400
22.284,1.0793,0.2347,-0.3490,0.0039,1.6921,0.4852,-0.4400
22.296,1.0818,0.2347,-0.3490,0.0039,1.6922,0.4852,-0.4400
22.308,1.0839,0.2347,-0.3491,0.0039,1.6922,0.4852,-0.4400
22.320,1.0858,0.2347,-0.3491,0.0039,1.6922,0.4852,-0.4400
22.332,1.0875,0.2347,-0.3491,0.0039,1.6923,0.4852,-0.4400
22.344,1.0875,0.2347,-0.3491,0.0039,1.6923,0.4852,-0.4400
22.356,1.0875,0.2349,-0.3492,0.0039,1.6921,0.4857,-0.4400
22.368,1.0875,0.2353,-0.3493,0.0039,1.6918,0.4868,-0.4400
22.380,1.0875,0.2360,-0.3495,0.0039,1.6913,0.4882,-0.4400
22.392,1.0876,0.2367,-0.3497,0.0039,1.6907,0.4901,-0.4400
22.404,1.0876,0.2377,-0.3500,0.0039,1.6901,0.4923,-0.4400
22.416,1.0877,0.2387,-0.3503,0.0039,1.6893,0.4947,-0.4400
22.428,1.0877,0.2399,-0.3506,0.0039,1.6885,0.4974,-0.4400
22.440,1.0878,0.2411,-0.3509,0.0040,1.6875,0.5004,-0.4400
22.452,1.0878,0.2424,-0.3513,0.0040,1.6866,0.5035,-0.4400
22.464,1.0879,0.2438,-0.3517,0.0040,1.6855,0.5069,-0.4400
22.476,1.0880,0.2453,-0.3521,0.0040,1.6844,0.5103,-0.4400
22.488,1.0881,0.2468,-0.3526,0.0040,1.6833,0.5139,-0.4400
22.500,1.0881,0.2484,-0.3530,0.0041,1.6822,0.5177,-0.4400
22.512,1.0882,0.2500,-0.3535,0.0041,1.6810,0.5215,-0.4400
22.524,1.0883,0.2517,-0.3539,0.0041,1.6797,0.5254,-0.4400
22.536,1.0884,0.2534,-0.3544,0.0041,1.6785,0.5295,-0.4400
22.548,1.0884,0.2551,-0.3549,0.0042,1.6772,0.5335,-0.4400
22.560,1.0885,0.2569,-0.3554,0.0042,1.6759,0.5377,-0.4400
22.572,1.0886,0.2587,-0.3559,0.0042,1.6746,0.5419,-0.4400
22.584,1.0887,0.2605,-0.3564,0.0042,1.6733,0.5461,-0.4400
22.596,1.0888,0.2623,-0.3569,0.0043,1.6720,0.5504,-0.4400
22.608,1.0889,0.2641,-0.3574,0.0043,1.6706,0.5547,-0.4400
22.620,1.0890,0.2660,-0.3579,0.0043,1.6693,0.5591,-0.4400
22.632,1.0890,0.2678,-0.3584,0.0044,1.6679,0.5635,-0.4400
22.644,1.0891,0.2697,-0.3590,0.0044,1.6665,0.5679,-0.4400
22.656,1.0892,0.2716,-0.3595,0.0044,1.6651,0.5723,-0.4400
22.668,1.0893,0.2734,-0.3600,0.0044,1.6638,0.5768,-0.4400
22.680,1.0894,0.2753,-0.3605,0.0045,1.6624,0.5813,-0.4400
22.692,1.0895,0.2772,-0.3611,0.0045,1.6610,0.5858,-0.4400
22.704,1.0896,0.2791,-0.3616,0.0045,1.6596,0.5903,-0.4400
22.716,1.0897,0.2811,-0.3622,0.0046,1.6582,0.5948,-0.4400
22.728,1.0898,0.2830,-0.3627,0.0046,1.6567,0.5993,-0.4400
22.740,1.0898,0.2849,-0.3632,0.0046,1.6553,0.6039,-0.4400
22.752,1.0899,0.2868,-0.3638,0.0046,1.6539,0.6084,-0.4400
22.764,1.0900,0.2887,-0.3643,0.0047,1.6525,0.6130,-0.4400
22.776,1.0901,0.2907,-0.3649,0.0047,1.6511,0.6175,-0.4400
22.788,1.0902,0.2926,-0.3654,0.0047,1.6497,0.6221,-0.4400
22.800,1.0903,0.2945,-0.3659,0.0047,1.6482,0.6267,-0.4400
22.812,1.0904,0.2965,-0.3665,0.0048,1.6468,0.6312,-0.4400
22.824,1.0905,0.2984,-0.3670,0.0048,1.6454,0.6358,-0.4400
22.836,1.0906,0.3003,-0.3676,0.0048,1.6440,0.6404,-0.4400
22.848,1.0907,0.3023,-0.3681,0.0049,1.6425,0.6450,-0.4400
22.860,1.0907,0.3042,-0.3687,0.0049,1.6411,0.6496,-0.4400
22.872,1.0908,0.3062,-0.3692,0.0049,1.6397,0.6541,-0.4400
22.884,1.0909,0.3081,-0.3697,0.0049,1.6382,0.6587,-0.4400
22.896,1.0910,0.3101,-0.3703,0.0050,1.6368,0.6633,-0.4400
22.908,1.0911,0.3120,-0.3708,0.0050,1.6354,0.6679,-0.4400
22.920,1.0912,0.3139,-0.3714,0.0050,1.6340,0.6725,-0.4400
22.932,1.0913,0.3159,-0.3719,0.0051,1.6325,0.6771,-0.4400
22.944,1.0914,0.3178,-0.3725,0.0051,1.6311,0.6817,-0.4400
22.956,1.0915,0.3198,-0.3730,0.0051,1.6297,0.6863,-0.4400
22.968,1.0916,0.3217,-0.3736,0.0051,1.6282,0.6909,-0.4400
22.980,1.0917,0.3237,-0.3741,0.0052,1.6268,0.6955,-0.4400
22.992,1.0918,0.3256,-0.3747,0.0052,1.6254,0.7001,-0.4400
23.004,1.0918,0.3276,-0.3752,0.0052,1.6239,0.7047,-0.4400
23.016,1.0919,0.3295,-0.3758,0.0053,1.6225,0.7093,-0.4400
23.028,1.0920,0.3315,-0.3763,0.0053,1.6211,0.7139,-0.4400
23.040,1.0921,0.3334,-0.3768,0.0053,1.6196,0.7185,-0.4400
23.052,1.0922,0.3354,-0.3774,0.0053,1.6182,0.7231,-0.4400
23.064,1.0923,0.3373,-0.3779,0.0054,1.6168,0.7277,-0.4400
23.076,1.0924,0.3393,-0.3785,0.0054,1.6153,0.7323,-0.4400
23.088,1.0925,0.3412,-0.3790,0.0054,1.6139,0.7369,-0.4400
23.100,1.0926,0.3431,-0.3796,0.0055,1.6125,0.7415,-0.4400
23.112,1.0927,0.3451,-0.3801,0.0055,1.6110,0.7461,-0.4400
23.124,1.0928,0.3470,-0.3807,0.0055,1.6096,0.7507,-0.4400
23.136,1.0929,0.3490,-0.3812,0.0055,1.6082,0.7553,-0.4400
23.148,1.0929,0.3509,-0.3818,0.0056,1.6067,0.7599,-0.4400
23.160,1.0930,0.3529,-0.3823,0.0056,1.6053,0.7645,-0.4400
23.172,1.0931,0.3548,-0.3829,0.0056,1.6039,0.7691,-0.4400
23.184,1.0932,0.3568,-0.3834,0.0057,1.6024,0.7737,-0.4400
23.196,1.0933,0.3587,-0.3840,0.0057,1.6010,0.7783,-0.4400
23.208,1.0934,0.3607,-0.3845,0.0057,1.5996,0.7830,-0.4400
23.220,1.0935,0.3626,-0.3850,0.0057,1.5981,0.7876,-0.4400
23.232,1.0936,0.3646,-0.3856,0.0058,1.5967,0.7922,-0.4400
23.244,1.0937,0.3665,-0.3861,0.0058,1.5953,0.7968,-0.4400
23.256,1.0938,0.3685,-0.3867,0.0058,1.5938,0.8014,-0.4400
23.268,1.0939,0.3704,-0.3872,0.0059,1.5924,0.8060,-0.4400
23.280,1.0940,0.3724,-0.3878,0.0059,1.5910,0.8106,-0.4400
23.292,1.0940,0.3743,-0.3883,0.0059,1.5895,0.8152,-0.4400
23.304,1.0941,0.3763,-0.3889,0.0059,1.5881,0.8198,-0.4400
23.316,1.0942,0.3782,-0.3894,0.0060,1.5867,0.8244,-0.4400
23.328,1.0943,0.3802,-0.3900,0.0060,1.5852,0.8290,-0.4400
23.340,1.0944,0.3821,-0.3905,0.0060,1.5838,0.8336,-0.4400
23.352,1.0945,0.3841,-0.3911,0.0061,1.5824,0.8382,-0.4400
23.364,1.0946,0.3860,-0.3916,0.0061,1.5809,0.8428,-0.4400
23.376,1.0947,0.3880,-0.3922,0.0061,1.5795,0.8474,-0.4400
23.388,1.0948,0.3899,-0.3927,0.0061,1.5781,0.8520,-0.4400
23.400,1.0949,0.3919,-0.3932,0.0062,1.5766,0.8566,-0.4400
23.412,1.0950,0.3938,-0.3938,0.0062,1.5752,0.8612,-0.4400
23.424,1.0951,0.3958,-0.3943,0.0062,1.5738,0.8658,-0.4400
23.436,1.0951,0.3977,-0.3949,0.0063,1.5723,0.8704,-0.4400
23.448,1.0952,0.3997,-0.3954,0.0063,1.5709,0.8750,-0.4400
23.460,1.0953,0.4016,-0.3960,0.0063,1.5695,0.8796,-0.4400
23.472,1.0954,0.4035,-0.3965,0.0063,1.5680,0.8843,-0.4400
23.484,1.0955,0.4055,-0.3971,0.0064,1.5666,0.8889,-0.4400
23.496,1.0956,0.4074,-0.3976,0.0064,1.5652,0.8935,-0.4400
23.508,1.0957,0.4094,-0.3982,0.0064,1.5637,0.8981,-0.4400
23.520,1.0958,0.4113,-0.3987,0.0065,1.5623,0.9027,-0.4400
23.532,1.0959,0.4133,-0.3993,0.0065,1.5609,0.9073,-0.4400
23.544,1.0960,0.4152,-0.3998,0.0065,1.5594,0.9119,-0.4400
23.556,1.0961,0.4172,-0.4004,0.0066,1.5580,0.9165,-0.4400
23.568,1.0961,0.4191,-0.4009,0.0066,1.5566,0.9211,-0.4400
23.580,1.0962,0.4211,-0.4014,0.0066,1.5551,0.9257,-0.4400
23.592,1.0963,0.4230,-0.4020,0.0066,1.5537,0.9303,-0.4400
23.604,1.0964,0.4250,-0.4025,0.0067,1.5523,0.9349,-0.4400
23.616,1.0965,0.4269,-0.4031,0.0067,1.5508,0.9395,-0.4400
23.628,1.0966,0.4289,-0.4036,0.0067,1.5494,0.9441,-0.4400
23.640,1.0967,0.4308,-0.4042,0.0068,1.5480,0.9487,-0.4400
23.652,1.0968,0.4328,-0.4047,0.0068,1.5465,0.9533,-0.4400
23.664,1.0969,0.4347,-0.4053,0.0068,1.5451,0.9579,-0.4400
23.676,1.0970,0.4367,-0.4058,0.0068,1.5437,0.9625,-0.4400
23.688,1.0971,0.4386,-0.4064,0.0069,1.5422,0.9671,-0.4400
23.700,1.0972,0.4406,-0.4069,0.0069,1.5408,0.9717,-0.4400
23.712,1.0972,0.4425,-0.4075,0.0069,1.5394,0.9763,-0.4400
23.724,1.0973,0.4445,-0.4080,0.0070,1.5379,0.9810,-0.4400
23.736,1.0974,0.4464,-0.4086,0.0070,1.5365,0.9856,-0.4400
23.748,1.0975,0.4484,-0.4091,0.0070,1.5351,0.9902,-0.4400
23.760,1.0976,0.4503,-0.4097,0.0070,1.5336,0.9948,-0.4400
23.772,1.0977,0.4523,-0.4102,0.0071,1.5322,0.9994,-0.4400
23.784,1.0978,0.4542,-0.4107,0.0071,1.5308,1.0040,-0.4400
23.796,1.0979,0.4562,-0.4113,0.0071,1.5293,1.0086,-0.4400
23.808,1.0980,0.4581,-0.4118,0.0072,1.5279,1.0132,-0.4400
23.820,1.0981,0.4601,-0.4124,0.0072,1.5265,1.0178,-0.4400
23.832,1.0982,0.4620,-0.4129,0.0072,1.5250,1.0224,-0.4400
23.844,1.0983,0.4640,-0.4135,0.0072,1.5236,1.0270,-0.4400
23.856,1.0983,0.4659,-0.4140,0.0073,1.5222,1.0316,-0.4400
23.868,1.0984,0.4679,-0.4146,0.0073,1.5207,1.0362,-0.4400
23.880,1.0985,0.4698,-0.4151,0.0073,1.5193,1.0408,-0.4400
23.892,1.0986,0.4717,-0.4157,0.0074,1.5179,1.0454,-0.4400
23.904,1.0987,0.4737,-0.4162,0.0074,1.5164,1.0500,-0.4400
23.916,1.0988,0.4756,-0.4168,0.0074,1.5150,1.0546,-0.4400
23.928,1.0989,0.4776,-0.4173,0.0074,1.5136,1.0592,-0.4400
23.940,1.0990,0.4795,-0.4179,0.0075,1.5121,1.0638,-0.4400
23.952,1.0991,0.4813,-0.4184,0.0075,1.5108,1.0681,-0.4400
23.964,1.0991,0.4829,-0.4188,0.0075,1.5097,1.0718,-0.4400
23.976,1.0992,0.4843,-0.4192,0.0075,1.5086,1.0751,-0.4400
23.988,1.0993,0.4855,-0.4195,0.0076,1.5077,1.0780,-0.4400
24.000,1.0993,0.4866,-0.4198,0.0076,1.5070,1.0805,-0.4400
24.012,1.0994,0.4875,-0.4201,0.0076,1.5063,1.0827,-0.4400
24.024,1.0994,0.4884,-0.4203,0.0076,1.5056,1.0847,-0.4400
24.036,1.0994,0.4891,-0.4205,0.0076,1.5051,1.0864,-0.4400
24.048,1.0994,0.4891,-0.4205,0.0076,1.5051,1.0864,-0.4400
24.060,1.0994,0.4892,-0.4203,0.0076,1.5047,1.0865,-0.4400
24.072,1.0995,0.4895,-0.4197,0.0076,1.5039,1.0865,-0.4400
24.084,1.0995,0.4898,-0.4190,0.0076,1.5028,1.0865,-0.4400
24.096,1.0995,0.4903,-0.4180,0.0076,1.5014,1.0866,-0.4400
24.108,1.0995,0.4908,-0.4169,0.0076,1.4998,1.0867,-0.4400
24.120,1.0995,0.4914,-0.4156,0.0076,1.4979,1.0868,-0.4400
24.132,1.0996,0.4920,-0.4142,0.0076,1.4959,1.0868,-0.4400
24.144,1.0996,0.4927,-0.4127,0.0076,1.4937,1.0869,-0.4400
24.156,1.0996,0.4935,-0.4111,0.0076,1.4913,1.0870,-0.4400
24.168,1.0997,0.4943,-0.4093,0.0076,1.4888,1.0871,-0.4400
24.180,1.0997,0.4951,-0.4076,0.0076,1.4862,1.0873,-0.4400
24.192,1.0997,0.4960,-0.4057,0.0076,1.4835,1.0874,-0.4400
24.204,1.0998,0.4969,-0.4038,0.0076,1.4807,1.0875,-0.4400
24.216,1.0998,0.4978,-0.4018,0.0076,1.4778,1.0876,-0.4400
24.228,1.0999,0.4987,-0.3998,0.0076,1.4748,1.0877,-0.4400
24.240,1.0999,0.4997,-0.3977,0.0076,1.4718,1.0879,-0.4400
24.252,1.1000,0.5007,-0.3956,0.0076,1.4687,1.0880,-0.4400
24.264,1.1000,0.5016,-0.3934,0.0076,1.4656,1.0881,-0.4400
24.276,1.1000,0.5026,-0.3913,0.0076,1.4625,1.0883,-0.4400
24.288,1.1001,0.5037,-0.3891,0.0076,1.4593,1.0884,-0.4400
24.300,1.1001,0.5047,-0.3869,0.0076,1.4560,1.0885,-0.4400
24.312,1.1002,0.5057,-0.3846,0.0076,1.4528,1.0887,-0.4400
24.324,1.1002,0.5068,-0.3824,0.0076,1.4495,1.0888,-0.4400
24.336,1.1003,0.5078,-0.3801,0.0076,1.4462,1.0890,-0.4400
24.348,1.1003,0.5089,-0.3779,0.0076,1.4429,1.0891,-0.4400
24.360,1.1004,0.5099,-0.3756,0.0076,1.4395,1.0892,-0.4400
24.372,1.1004,0.5110,-0.3733,0.0076,1.4362,1.0894,-0.4400
24.384,1.1005,0.5121,-0.3709,0.0076,1.4328,1.0895,-0.4400
24.396,1.1005,0.5131,-0.3686,0.0076,1.4294,1.0897,-0.4400
24.408,1.1006,0.5142,-0.3663,0.0076,1.4260,1.0898,-0.4400
24.420,1.1006,0.5153,-0.3640,0.0076,1.4226,1.0900,-0.4400
24.432,1.1006,0.5164,-0.3616,0.0076,1.4192,1.0901,-0.4400
24.444,1.1007,0.5174,-0.3593,0.0076,1.4158,1.0903,-0.4400
24.456,1.1007,0.5185,-0.3570,0.0076,1.4124,1.0904,-0.4400
24.468,1.1008,0.5196,-0.3546,0.0076,1.4090,1.0905,-0.4400
24.480,1.1008,0.5207,-0.3523,0.0076,1.4056,1.0907,-0.4400
24.492,1.1009,0.5218,-0.3499,0.0076,1.4021,1.0908,-0.4400
24.504,1.1009,0.5229,-0.3475,0.0076,1.3987,1.0910,-0.4400
24.516,1.1010,0.5240,-0.3452,0.0076,1.3952,1.0911,-0.4400
24.528,1.1010,0.5251,-0.3428,0.0076,1.3918,1.0913,-0.4400
24.540,1.1011,0.5262,-0.3405,0.0076,1.3884,1.0914,-0.4400
24.552,1.1011,0.5273,-0.3381,0.0076,1.3849,1.0916,-0.4400
24.564,1.1012,0.5284,-0.3357,0.0076,1.3815,1.0917,-0.4400
24.576,1.1012,0.5294,-0.3334,0.0076,1.3780,1.0919,-0.4400
24.588,1.1013,0.5305,-0.3310,0.0077,1.3746,1.0920,-0.4400
24.600,1.1013,0.5316,-0.3286,0.0077,1.3711,1.0922,-0.4400
24.612,1.1014,0.5327,-0.3263,0.0077,1.3676,1.0923,-0.4400
24.624,1.1014,0.5338,-0.3239,0.0077,1.3642,1.0925,-0.4400
24.636,1.1015,0.5349,-0.3215,0.0077,1.3607,1.0926,-0.4400
24.648,1.1015,0.5360,-0.3191,0.0077,1.3573,1.0928,-0.4400
24.660,1.1016,0.5371,-0.3168,0.0077,1.3538,1.0929,-0.4400
24.672,1.1016,0.5382,-0.3144,0.0077,1.3504,1.0930,-0.4400
24.684,1.1017,0.5393,-0.3120,0.0077,1.3469,1.0932,-0.4400
24.696,1.1017,0.5404,-0.3096,0.0077,1.3434,1.0933,-0.4400
24.708,1.1018,0.5415,-0.3073,0.0077,1.3400,1.0935,-0.4400
24.720,1.1018,0.5426,-0.3049,0.0077,1.3365,1.0936,-0.4400
24.732,1.1019,0.5437,-0.3025,0.0077,1.3331,1.0938,-0.4400
24.744,1.1019,0.5448,-0.3001,0.0077,1.3296,1.0939,-0.4400
24.756,1.1020,0.5459,-0.2978,0.0077,1.3261,1.0941,-0.4400
24.768,1.1020,0.5470,-0.2954,0.0077,1.3227,1.0942,-0.4400
24.780,1.1021,0.5481,-0.2930,0.0077,1.3192,1.0944,-0.4400
24.792,1.1021,0.5492,-0.2906,0.0077,1.3157,1.0945,-0.4400
24.804,1.1022,0.5503,-0.2883,0.0077,1.3123,1.0947,-0.4400
24.816,1.1022,0.5514,-0.2859,0.0077,1.3088,1.0948,-0.4400
24.828,1.1023,0.5525,-0.2835,0.0077,1.3054,1.0950,-0.4400
24.840,1.1023,0.5536,-0.2811,0.0077,1.3019,1.0951,-0.4400
24.852,1.1024,0.5547,-0.2788,0.0077,1.2984,1.0953,-0.4400
24.864,1.1024,0.5558,-0.2764,0.0077,1.2950,1.0954,-0.4400
24.876,1.1025,0.5569,-0.2740,0.0077,1.2915,1.0956,-0.4400
24.888,1.1025,0.5580,-0.2716,0.0077,1.2880,1.0957,-0.4400
24.900,1.1026,0.5591,-0.2693,0.0077,1.2846,1.0959,-0.4400
24.912,1.1026,0.5602,-0.2669,0.0077,1.2811,1.0960,-0.4400
24.924,1.1026,0.5613,-0.2645,0.0077,1.2776,1.0961,-0.4400
24.936,1.1027,0.5624,-0.2621,0.0077,1.2742,1.0963,-0.4400
24.948,1.1027,0.5635,-0.2598,0.0077,1.2707,1.0964,-0.4400
24.960,1.1028,0.5646,-0.2574,0.0077,1.2673,1.0966,-0.4400
24.972,1.1028,0.5657,-0.2550,0.0077,1.2638,1.0967,-0.4400
24.984,1.1029,0.5668,-0.2526,0.0077,1.2603,1.0969,-0.4400
24.996,1.1029,0.5679,-0.2503,0.0077,1.2569,1.0970,-0.4400
25.008,1.1030,0.5690,-0.2479,0.0077,1.2534,1.0972,-0.4400
25.020,1.1030,0.5701,-0.2455,0.0077,1.2499,1.0973,-0.4400
25.032,1.1031,0.5712,-0.2431,0.0077,1.2465,1.0975,-0.4400
25.044,1.1031,0.5723,-0.2408,0.0077,1.2430,1.0976,-0.4400
25.056,1.1032,0.5734,-0.2384,0.0077,1.2395,1.0978,-0.4400
25.068,1.1032,0.5745,-0.2360,0.0077,1.2361,1.0979,-0.4400
25.080,1.1033,0.5756,-0.2336,0.0077,1.2326,1.0981,-0.4400
25.092,1.1033,0.5767,-0.2313,0.0077,1.2291,1.0982,-0.4400
25.104,1.1034,0.5778,-0.2289,0.0077,1.2257,1.0984,-0.4400
25.116,1.1034,0.5789,-0.2265,0.0077,1.2222,1.0985,-0.4400
25.128,1.1035,0.5800,-0.2241,0.0077,1.2188,1.0987,-0.4400
25.140,1.1035,0.5811,-0.2218,0.0077,1.2153,1.0988,-0.4400
25.152,1.1036,0.5822,-0.2194,0.0077,1.2118,1.0990,-0.4400
25.164,1.1036,0.5833,-0.2170,0.0077,1.2084,1.0991,-0.4400
25.176,1.1037,0.5844,-0.2146,0.0077,1.2049,1.0993,-0.4400
25.188,1.1037,0.5855,-0.2123,0.0077,1.2014,1.0994,-0.4400
25.200,1.1038,0.5866,-0.2099,0.0077,1.1980,1.0995,-0.4400
25.212,1.1038,0.5877,-0.2075,0.0077,1.1945,1.0997,-0.4400
25.224,1.1039,0.5888,-0.2051,0.0077,1.1910,1.0998,-0.4400
25.236,1.1039,0.5899,-0.2027,0.0077,1.1876,1.1000,-0.4400
25.248,1.1040,0.5910,-0.2004,0.0077,1.1841,1.1001,-0.4400
25.260,1.1040,0.5920,-0.1983,0.0077,1.1811,1.1003,-0.4400
25.272,1.1040,0.5928,-0.1964,0.0077,1.1784,1.1004,-0.4400
25.284,1.1041,0.5936,-0.1948,0.0077,1.1760,1.1005,-0.4400
25.296,1.1041,0.5942,-0.1934,0.0077,1.1740,1.1006,-0.4400
25.308,1.1041,0.5948,-0.1921,0.0077,1.1721,1.1006,-0.4400
25.320,1.1042,0.5953,-0.1910,0.0077,1.1705,1.1007,-0.4400
25.332,1.1042,0.5958,-0.1901,0.0077,1.1691,1.1008,-0.4395
25.344,1.1042,0.5961,-0.1892,0.0077,1.1679,1.1008,-0.4385
25.356,1.1042,0.5965,-0.1885,0.0077,1.1668,1.1009,-0.4371
25.368,1.1042,0.5968,-0.1878,0.0077,1.1658,1.1009,-0.4353
25.380,1.1042,0.5971,-0.1872,0.0077,1.1649,1.1010,-0.4332
25.392,1.1042,0.5973,-0.1867,0.0077,1.1642,1.1010,-0.4309
25.404,1.1043,0.5975,-0.1863,0.0077,1.1635,1.1010,-0.4283
25.416,1.1043,0.5977,-0.1859,0.0077,1.1630,1.1010,-0.4255
25.428,1.1043,0.5979,-0.1855,0.0077,1.1625,1.1011,-0.4225
25.440,1.1043,0.5980,-0.1852,0.0077,1.1620,1.1011,-0.4193
25.452,1.1043,0.5981,-0.1849,0.0077,1.1616,1.1011,-0.4160
25.464,1.1043,0.5982,-0.1847,0.0077,1.1613,1.1011,-0.4125
25.476,1.1043,0.5983,-0.1845,0.0077,1.1610,1.1011,-0.4089
25.488,1.1043,0.5984,-0.1843,0.0077,1.1607,1.1011,-0.4053
25.500,1.1043,0.5985,-0.1841,0.0077,1.1605,1.1011,-0.4015
25.512,1.1043,0.5986,-0.1840,0.0077,1.1602,1.1012,-0.3977
25.524,1.1043,0.5986,-0.1839,0.0077,1.1601,1.1012,-0.3938
25.536,1.1043,0.5987,-0.1838,0.0077,1.1599,1.1012,-0.3898
25.548,1.1043,0.5987,-0.1837,0.0077,1.1598,1.1012,-0.3858
25.560,1.1043,0.5988,-0.1836,0.0077,1.1596,1.1012,-0.3818
25.572,1.1043,0.5988,-0.1835,0.0077,1.1595,1.1012,-0.3777
25.584,1.1043,0.5988,-0.1834,0.0077,1.1594,1.1012,-0.3735
25.596,1.1043,0.5989,-0.1834,0.0077,1.1593,1.1012,-0.3694
25.608,1.1043,0.5989,-0.1833,0.0077,1.1593,1.1012,-0.3652
25.620,1.1043,0.5989,-0.1833,0.0077,1.1592,1.1012,-0.3609
25.632,1.1043,0.5989,-0.1832,0.0077,1.1591,1.1012,-0.3567
25.644,1.1043,0.5989,-0.1832,0.0077,1.1591,1.1012,-0.3524
25.656,1.1043,0.5989,-0.1832,0.0077,1.1590,1.1012,-0.3482
25.668,1.1043,0.5990,-0.1831,0.0077,1.1590,1.1012,-0.3439
25.680,1.1043,0.5990,-0.1831,0.0077,1.1590,1.1012,-0.3396
25.692,1.1043,0.5990,-0.1831,0.0077,1.1589,1.1012,-0.3353
25.704,1.1043,0.5990,-0.1831,0.0077,1.1589,1.1012,-0.3309
25.716,1.1043,0.5990,-0.1831,0.0077,1.1589,1.1012,-0.3266
25.728,1.1043,0.5990,-0.1831,0.0077,1.1589,1.1012,-0.3222
25.740,1.1043,0.5990,-0.1830,0.0077,1.1589,1.1012,-0.3179
25.752,1.1043,0.5990,-0.1830,0.0077,1.1588,1.1012,-0.3135
25.764,1.1043,0.5990,-0.1830,0.0077,1.1588,1.1012,-0.3092
25.776,1.1043,0.5990,-0.1830,0.0077,1.1588,1.1012,-0.3048
25.788,1.1043,0.5990,-0.1830,0.0077,1.1588,1.1012,-0.3004
25.800,1.1043,0.5990,-0.1830,0.0077,1.1588,1.1012,-0.2961
25.812,1.1043,0.5990,-0.1830,0.0077,1.1588,1.1012,-0.2917
25.824,1.1043,0.5990,-0.1830,0.0077,1.1588,1.1012,-0.2873
25.836,1.1043,0.5990,-0.1830,0.0077,1.1588,1.1012,-0.2829
25.848,1.1043,0.5990,-0.1830,0.0077,1.1588,1.1012,-0.2786
25.860,1.1043,0.5990,-0.1830,0.0077,1.1588,1.1012,-0.2742
25.872,1.1043,0.5990,-0.1830,0.0077,1.1587,1.1012,-0.2698
25.884,1.1043,0.5990,-0.1830,0.0077,1.1587,1.1012,-0.2654
25.896,1.1043,0.5990,-0.1830,0.0077,1.1587,1.1012,-0.2610
25.908,1.1043,0.5990,-0.1830,0.0077,1.1587,1.1012,-0.2566
25.920,1.1043,0.5990,-0.1830,0.0077,1.1587,1.1012,-0.2522
25.932,1.1043,0.5990,-0.1830,0.0077,1.1587,1.1012,-0.2478
25.944,1.1043,0.5990,-0.1830,0.0077,1.1587,1.1012,-0.2434
25.956,1.1043,0.5990,-0.1830,0.0077,1.1587,1.1012,-0.2390
25.968,1.1043,0.5990,-0.1830,0.0077,1.1587,1.1012,-0.2346
25.980,1.1043,0.5990,-0.1830,0.0077,1.1587,1.1012,-0.2302
25.992,1.1043,0.5990,-0.1830,0.0077,1.1587,1.1012,-0.2258
26.004,1.1043,0.5990,-0.1830,0.0077,1.1587,1.1012,-0.2214
26.016,1.1043,0.5990,-0.1830,0.0077,1.1587,1.1012,-0.2170
26.028,1.1043,0.5990,-0.1830,0.0077,1.1587,1.1012,-0.2126
26.040,1.1043,0.5990,-0.1830,0.0077,1.1587,1.1012,-0.2083
26.052,1.1043,0.5990,-0.1830,0.0077,1.1587,1.1012,-0.2039
26.064,1.1043,0.5990,-0.1830,0.0077,1.1587,1.1012,-0.1995
26.076,1.1043,0.5990,-0.1830,0.0077,1.1587,1.1012,-0.1951
26.088,1.1043,0.5990,-0.1830,0.0077,1.1587,1.1012,-0.1907
26.100,1.1043,0.5990,-0.1830,0.0077,1.1587,1.1012,-0.1863
26.112,1.1043,0.5990,-0.1830,0.0077,1.1587,1.1012,-0.1819
26.124,1.1043,0.5990,-0.1830,0.0077,1.1587,1.1012,-0.1775
26.136,1.1043,0.5990,-0.1830,0.0077,1.1587,1.1012,-0.1731
26.148,1.1043,0.5990,-0.1830,0.0077,1.1587,1.1012,-0.1687
26.160,1.1043,0.5990,-0.1830,0.0077,1.1587,1.1012,-0.1643
26.172,1.1043,0.5990,-0.1830,0.0077,1.1587,1.1012,-0.1599
26.184,1.1043,0.5990,-0.1830,0.0077,1.1587,1.1012,-0.1555
26.196,1.1043,0.5990,-0.1830,0.0077,1.1587,1.1012,-0.1511
26.208,1.1043,0.5990,-0.1830,0.0077,1.1587,1.1012,-0.1467
26.220,1.1043,0.5990,-0.1830,0.0077,1.1587,1.1012,-0.1423
26.232,1.1043,0.5990,-0.1830,0.0077,1.1587,1.1012,-0.1379
26.244,1.1043,0.5990,-0.1830,0.0077,1.1587,1.1012,-0.1335
26.256,1.1043,0.5990,-0.1829,0.0077,1.1587,1.1012,-0.1291
26.268,1.1043,0.5990,-0.1829,0.0077,1.1587,1.1012,-0.1247
26.280,1.1043,0.5990,-0.1829,0.0077,1.1587,1.1012,-0.1203
26.292,1.1043,0.5990,-0.1829,0.0077,1.1587,1.1012,-0.1159
26.304,1.1043,0.5990,-0.1829,0.0077,1.1587,1.1012,-0.1115
26.316,1.1043,0.5990,-0.1829,0.0077,1.1587,1.1012,-0.1071
26.328,1.1043,0.5990,-0.1829,0.0077,1.1587,1.1012,-0.1027
26.340,1.1043,0.5990,-0.1829,0.0077,1.1587,1.1012,-0.0983
26.352,1.1043,0.5990,-0.1829,0.0077,1.1587,1.1012,-0.0939
26.364,1.1043,0.5990,-0.1829,0.0077,1.1587,1.1012,-0.0895
26.376,1.1043,0.5990,-0.1829,0.0077,1.1587,1.1012,-0.0851
26.388,1.1043,0.5990,-0.1829,0.0077,1.1587,1.1012,-0.0807
26.400,1.1043,0.5990,-0.1829,0.0077,1.1587,1.1012,-0.0763
26.412,1.1043,0.5990,-0.1829,0.0077,1.1587,1.1012,-0.0719
26.424,1.1043,0.5990,-0.1829,0.0077,1.1587,1.1012,-0.0675
26.436,1.1043,0.5990,-0.1829,0.0077,1.1587,1.1012,-0.0631
26.448,1.1043,0.5990,-0.1829,0.0077,1.1587,1.1012,-0.0587
26.460,1.1043,0.5990,-0.1829,0.0077,1.1587,1.1012,-0.0543
26.472,1.1043,0.5990,-0.1829,0.0077,1.1587,1.1012,-0.0499
26.484,1.1043,0.5990,-0.1829,0.0077,1.1587,1.1012,-0.0455
26.496,1.1043,0.5990,-0.1829,0.0077,1.1587,1.1012,-0.0411
26.508,1.1043,0.5990,-0.1829,0.0077,1.1587,1.1012,-0.0367
26.520,1.1043,0.5990,-0.1829,0.0077,1.1587,1.1012,-0.0323
26.532,1.1043,0.5990,-0.1829,0.0077,1.1587,1.1012,-0.0284
26.544,1.1043,0.5990,-0.1829,0.0077,1.1587,1.1012,-0.0250
26.556,1.1043,0.5990,-0.1829,0.0077,1.1587,1.1012,-0.0220
26.568,1.1043,0.5989,-0.1832,0.0077,1.1591,1.1012,-0.0194
26.580,1.1043,0.5987,-0.1838,0.0077,1.1599,1.1012,-0.0170
26.592,1.1043,0.5984,-0.1845,0.0077,1.1610,1.1012,-0.0150
26.604,1.1043,0.5979,-0.1855,0.0077,1.1624,1.1012,-0.0132
26.616,1.1043,0.5974,-0.1866,0.0077,1.1640,1.1012,-0.0116
26.628,1.1042,0.5969,-0.1879,0.0077,1.1658,1.1012,-0.0102
26.640,1.1042,0.5963,-0.1893,0.0077,1.1678,1.1012,-0.0090
26.652,1.1042,0.5956,-0.1908,0.0077,1.1700,1.1012,-0.0079
26.664,1.1041,0.5949,-0.1925,0.0077,1.1724,1.1011,-0.0070
26.676,1.1041,0.5941,-0.1942,0.0077,1.1748,1.1011,-0.0061
26.688,1.1041,0.5933,-0.1960,0.0077,1.1774,1.1011,-0.0054
26.700,1.1040,0.5925,-0.1979,0.0077,1.1801,1.1011,-0.0047
26.712,1.1040,0.5917,-0.1998,0.0077,1.1829,1.1011,-0.0042
26.724,1.1040,0.5908,-0.2018,0.0077,1.1857,1.1011,-0.0037
26.736,1.1039,0.5899,-0.2039,0.0077,1.1887,1.1010,-0.0032
26.748,1.1039,0.5890,-0.2059,0.0077,1.1916,1.1010,-0.0028
26.760,1.1038,0.5881,-0.2081,0.0077,1.1947,1.1010,-0.0025
26.772,1.1038,0.5871,-0.2102,0.0077,1.1978,1.1010,-0.0022
26.784,1.1038,0.5862,-0.2124,0.0077,1.2009,1.1010,-0.0019
26.796,1.1037,0.5852,-0.2146,0.0077,1.2040,1.1009,-0.0017
26.808,1.1037,0.5842,-0.2168,0.0077,1.2072,1.1009,-0.0015
26.820,1.1036,0.5833,-0.2191,0.0077,1.2104,1.1009,-0.0013
26.832,1.1036,0.5823,-0.2213,0.0077,1.2137,1.1009,-0.0012
26.844,1.1035,0.5813,-0.2236,0.0077,1.2170,1.1009,-0.0010
26.856,1.1035,0.5803,-0.2259,0.0077,1.2202,1.1008,-0.0009
26.868,1.1034,0.5793,-0.2282,0.0077,1.2235,1.1008,-0.0008
26.880,1.1034,0.5782,-0.2305,0.0077,1.2269,1.1008,-0.0007
26.892,1.1034,0.5772,-0.2329,0.0077,1.2302,1.1008,-0.0006
26.904,1.1033,0.5762,-0.2352,0.0077,1.2335,1.1008,-0.0005
26.916,1.1033,0.5752,-0.2375,0.0077,1.2369,1.1007,-0.0005
26.928,1.1032,0.5742,-0.2399,0.0077,1.2402,1.1007,-0.0004
26.940,1.1032,0.5731,-0.2422,0.0077,1.2436,1.1007,-0.0004
26.952,1.1031,0.5721,-0.2446,0.0077,1.2470,1.1007,-0.0003
26.964,1.1031,0.5711,-0.2469,0.0077,1.2504,1.1007,-0.0003
26.976,1.1030,0.5700,-0.2493,0.0077,1.2537,1.1006,-0.0003
26.988,1.1030,0.5690,-0.2517,0.0077,1.2571,1.1006,-0.0002
27.000,1.1029,0.5680,-0.2540,0.0077,1.2605,1.1006,-0.0002
27.012,1.1029,0.5669,-0.2564,0.0077,1.2639,1.1006,-0.0002
27.024,1.1029,0.5659,-0.2588,0.0077,1.2673,1.1006,-0.0002
27.036,1.1028,0.5648,-0.2612,0.0077,1.2707,1.1005,-0.0001
27.048,1.1028,0.5638,-0.2635,0.0077,1.2741,1.1005,-0.0001
27.060,1.1027,0.5628,-0.2659,0.0077,1.2775,1.1005,-0.0001
27.072,1.1027,0.5617,-0.2683,0.0077,1.2810,1.1005,-0.0001
27.084,1.1026,0.5607,-0.2707,0.0077,1.2844,1.1005,-0.0001
27.096,1.1026,0.5596,-0.2731,0.0077,1.2878,1.1004,-0.0001
27.108,1.1025,0.5586,-0.2754,0.0077,1.2912,1.1004,-0.0001
27.120,1.1025,0.5576,-0.2778,0.0077,1.2946,1.1004,-0.0001
27.132,1.1024,0.5565,-0.2802,0.0077,1.2980,1.1004,-0.0000
27.144,1.1024,0.5555,-0.2826,0.0077,1.3014,1.1004,-0.0000
27.156,1.1023,0.5544,-0.2850,0.0077,1.3049,1.1003,-0.0000
27.168,1.1023,0.5534,-0.2874,0.0077,1.3083,1.1003,-0.0000
27.180,1.1023,0.5523,-0.2898,0.0077,1.3117,1.1003,-0.0000
27.192,1.1022,0.5513,-0.2922,0.0077,1.3151,1.1003,-0.0000
27.204,1.1022,0.5502,-0.2945,0.0077,1.3185,1.1002,-0.0000
27.216,1.1021,0.5492,-0.2969,0.0077,1.3220,1.1002,-0.0000
27.228,1.1021,0.5482,-0.2993,0.0077,1.3254,1.1002,-0.0000
27.240,1.1020,0.5471,-0.3017,0.0077,1.3288,1.1002,-0.0000
27.252,1.1020,0.5461,-0.3041,0.0077,1.3322,1.1002,-0.0000
27.264,1.1019,0.5450,-0.3065,0.0077,1.3357,1.1001,-0.0000
27.276,1.1019,0.5440,-0.3089,0.0077,1.3391,1.1001,-0.0000
27.288,1.1018,0.5429,-0.3113,0.0077,1.3425,1.1001,-0.0000
27.300,1.1018,0.5419,-0.3137,0.0077,1.3459,1.1001,-0.0000
27.312,1.1017,0.5408,-0.3161,0.0077,1.3493,1.1001,-0.0000
27.324,1.1017,0.5398,-0.3184,0.0077,1.3528,1.1000,-0.0000
27.336,1.1017,0.5387,-0.3208,0.0077,1.3562,1.1000,-0.0000
27.348,1.1016,0.5377,-0.3232,0.0077,1.3596,1.1000,-0.0000
27.360,1.1016,0.5367,-0.3256,0.0077,1.3630,1.1000,-0.0000
27.372,1.1015,0.5356,-0.3280,0.0077,1.3665,1.1000,-0.0000
27.384,1.1015,0.5346,-0.3304,0.0077,1.3699,1.0999,-0.0000
27.396,1.1014,0.5335,-0.3328,0.0077,1.3733,1.0999,-0.0000
27.408,1.1014,0.5325,-0.3352,0.0077,1.3767,1.0999,-0.0000
27.420,1.1013,0.5314,-0.3376,0.0077,1.3802,1.0999,-0.0000
27.432,1.1013,0.5304,-0.3400,0.0077,1.3836,1.0999,-0.0000
27.444,1.1012,0.5293,-0.3423,0.0077,1.3870,1.0998,-0.0000
27.456,1.1012,0.5283,-0.3447,0.0077,1.3904,1.0998,-0.0000
27.468,1.1011,0.5272,-0.3471,0.0077,1.3939,1.0998,-0.0000
27.480,1.1011,0.5262,-0.3495,0.0077,1.3973,1.0998,-0.0000
27.492,1.1011,0.5252,-0.3519,0.0077,1.4007,1.0998,-0.0000
27.504,1.1010,0.5241,-0.3543,0.0077,1.4041,1.0997,-0.0000
27.516,1.1010,0.5231,-0.3567,0.0077,1.4076,1.0997,-0.0000
27.528,1.1009,0.5220,-0.3591,0.0077,1.4110,1.0997,-0.0000
27.540,1.1009,0.5210,-0.3615,0.0077,1.4144,1.0997,-0.0000
27.552,1.1008,0.5199,-0.3639,0.0077,1.4178,1.0996,-0.0000
27.564,1.1008,0.5189,-0.3663,0.0077,1.4213,1.0996,-0.0000
27.576,1.1007,0.5178,-0.3686,0.0077,1.4247,1.0996,-0.0000
27.588,1.1007,0.5168,-0.3710,0.0077,1.4281,1.0996,-0.0000
27.600,1.1006,0.5157,-0.3734,0.0077,1.4315,1.0996,-0.0000
27.612,1.1006,0.5147,-0.3758,0.0077,1.4350,1.0995,-0.0000
27.624,1.1005,0.5137,-0.3782,0.0077,1.4384,1.0995,-0.0000
27.636,1.1005,0.5126,-0.3806,0.0077,1.4418,1.0995,-0.0000
27.648,1.1004,0.5116,-0.3830,0.0077,1.4452,1.0995,-0.0000
27.660,1.1004,0.5105,-0.3854,0.0077,1.4486,1.0995,-0.0000
27.672,1.1004,0.5095,-0.3878,0.0077,1.4521,1.0994,-0.0000
27.684,1.1003,0.5084,-0.3902,0.0077,1.4555,1.0994,-0.0000
27.696,1.1003,0.5074,-0.3926,0.0077,1.4589,1.0994,-0.0000
27.708,1.1002,0.5063,-0.3949,0.0077,1.4623,1.0994,-0.0000
27.720,1.1002,0.5053,-0.3973,0.0077,1.4658,1.0994,-0.0000
27.732,1.1001,0.5042,-0.3997,0.0077,1.4692,1.0993,-0.0000
27.744,1.1001,0.5032,-0.4021,0.0077,1.4726,1.0993,-0.0000
27.756,1.1000,0.5021,-0.4045,0.0077,1.4760,1.0993,-0.0000
27.768,1.1000,0.5012,-0.4066,0.0077,1.4791,1.0993,-0.0000
27.780,1.1000,0.5004,-0.4085,0.0077,1.4817,1.0993,-0.0000
27.792,1.0999,0.4997,-0.4101,0.0077,1.4840,1.0992,-0.0000
27.804,1.0999,0.4991,-0.4115,0.0077,1.4861,1.0992,-0.0000
27.816,1.0999,0.4985,-0.4128,0.0077,1.4879,1.0992,-0.0000
27.828,1.0999,0.4985,-0.4128,0.0077,1.4879,1.0992,-0.0000
27.840,1.0991,0.4985,-0.4128,0.0077,1.4879,1.0992,-0.0000
27.852,1.0976,0.4985,-0.4128,0.0077,1.4879,1.0992,-0.0000
27.864,1.0955,0.4985,-0.4128,0.0077,1.4880,1.0992,-0.0000
27.876,1.0928,0.4985,-0.4129,0.0077,1.4880,1.0992,-0.0000
27.888,1.0897,0.4985,-0.4129,0.0077,1.4880,1.0992,-0.0000
27.900,1.0862,0.4985,-0.4129,0.0077,1.4881,1.0992,-0.0000
27.912,1.0823,0.4985,-0.4129,0.0077,1.4881,1.0992,-0.0000
27.924,1.0781,0.4984,-0.4130,0.0077,1.4882,1.0992,-0.0000
27.936,1.0736,0.4984,-0.4130,0.0077,1.4882,1.0992,-0.0000
27.948,1.0688,0.4984,-0.4131,0.0077,1.4883,1.0992,-0.0000
27.960,1.0638,0.4984,-0.4131,0.0077,1.4883,1.0992,-0.0000
27.972,1.0586,0.4984,-0.4131,0.0077,1.4884,1.0992,-0.0000
27.984,1.0533,0.4984,-0.4132,0.0077,1.4885,1.0992,-0.0000
27.996,1.0478,0.4983,-0.4132,0.0077,1.4885,1.0992,-0.0000
28.008,1.0422,0.4983,-0.4133,0.0077,1.4886,1.0992,-0.0000
28.020,1.0364,0.4983,-0.4133,0.0077,1.4887,1.0992,-0.0000
28.032,1.0306,0.4983,-0.4134,0.0077,1.4887,1.0992,-0.0000
28.044,1.0246,0.4983,-0.4134,0.0077,1.4888,1.0992,-0.0000
28.056,1.0186,0.4982,-0.4135,0.0077,1.4889,1.0992,-0.0000
28.068,1.0125,0.4982,-0.4135,0.0077,1.4890,1.0992,-0.0000
28.080,1.0064,0.4982,-0.4136,0.0077,1.4890,1.0992,-0.0000
28.092,1.0002,0.4982,-0.4136,0.0077,1.4891,1.0992,-0.0000
28.104,0.9939,0.4981,-0.4137,0.0077,1.4892,1.0992,-0.0000
28.116,0.9876,0.4981,-0.4137,0.0077,1.4893,1.0992,-0.0000
28.128,0.9813,0.4981,-0.4138,0.0077,1.4893,1.0992,-0.0000
28.140,0.9749,0.4981,-0.4138,0.0077,1.4894,1.0992,-0.0000
28.152,0.9686,0.4980,-0.4139,0.0077,1.4895,1.0992,-0.0000
28.164,0.9621,0.4980,-0.4140,0.0077,1.4896,1.0992,-0.0000
28.176,0.9557,0.4980,-0.4140,0.0077,1.4896,1.0992,-0.0000
28.188,0.9492,0.4980,-0.4141,0.0077,1.4897,1.0992,-0.0000
28.200,0.9428,0.4979,-0.4141,0.0077,1.4898,1.0992,-0.0000
28.212,0.9363,0.4979,-0.4142,0.0077,1.4899,1.0992,-0.0000
28.224,0.9298,0.4979,-0.4142,0.0077,1.4900,1.0992,-0.0000
28.236,0.9233,0.4979,-0.4143,0.0077,1.4900,1.0992,-0.0000
28.248,0.9167,0.4979,-0.4143,0.0077,1.4901,1.0992,-0.0000
28.260,0.9102,0.4978,-0.4144,0.0077,1.4902,1.0992,-0.0000
28.272,0.9037,0.4978,-0.4144,0.0077,1.4903,1.0992,-0.0000
28.284,0.8971,0.4978,-0.4145,0.0077,1.4903,1.0992,-0.0000
28.296,0.8906,0.4978,-0.4146,0.0077,1.4904,1.0992,-0.0000
28.308,0.8840,0.4977,-0.4146,0.0077,1.4905,1.0992,-0.0000
28.320,0.8774,0.4977,-0.4147,0.0077,1.4906,1.0992,-0.0000
28.332,0.8709,0.4977,-0.4147,0.0077,1.4907,1.0992,-0.0000
28.344,0.8643,0.4977,-0.4148,0.0077,1.4907,1.0992,-0.0000
28.356,0.8577,0.4976,-0.4148,0.0077,1.4908,1.0992,-0.0000
28.368,0.8511,0.4976,-0.4149,0.0077,1.4909,1.0992,-0.0000
28.380,0.8446,0.4976,-0.4149,0.0077,1.4910,1.0992,-0.0000
28.392,0.8380,0.4976,-0.4150,0.0077,1.4911,1.0992,-0.0000
28.404,0.8314,0.4975,-0.4151,0.0077,1.4911,1.0992,-0.0000
28.416,0.8248,0.4975,-0.4151,0.0077,1.4912,1.0992,-0.0000
28.428,0.8182,0.4975,-0.4152,0.0077,1.4913,1.0992,-0.0000
28.440,0.8116,0.4975,-0.4152,0.0077,1.4914,1.0992,-0.0000
28.452,0.8050,0.4974,-0.4153,0.0077,1.4915,1.0992,-0.0000
28.464,0.7985,0.4974,-0.4153,0.0077,1.4915,1.0992,-0.0000
28.476,0.7919,0.4974,-0.4154,0.0077,1.4916,1.0992,-0.0000
28.488,0.7853,0.4974,-0.4154,0.0077,1.4917,1.0992,-0.0000
28.500,0.7787,0.4973,-0.4155,0.0077,1.4918,1.0992,-0.0000
28.512,0.7721,0.4973,-0.4155,0.0077,1.4919,1.0992,-0.0000
28.524,0.7655,0.4973,-0.4156,0.0077,1.4919,1.0992,-0.0000
28.536,0.7589,0.4973,-0.4157,0.0077,1.4920,1.0992,-0.0000
28.548,0.7523,0.4972,-0.4157,0.0077,1.4921,1.0992,-0.0000
28.560,0.7457,0.4972,-0.4158,0.0077,1.4922,1.0992,-0.0000
28.572,0.7391,0.4972,-0.4158,0.0077,1.4923,1.0992,-0.0000
28.584,0.7325,0.4972,-0.4159,0.0077,1.4923,1.0992,-0.0000
28.596,0.7259,0.4972,-0.4159,0.0077,1.4924,1.0992,-0.0000
28.608,0.7193,0.4971,-0.4160,0.0077,1.4925,1.0992,-0.0000
28.620,0.7127,0.4971,-0.4160,0.0077,1.4926,1.0992,-0.0000
28.632,0.7061,0.4971,-0.4161,0.0077,1.4926,1.0992,-0.0000
28.644,0.6995,0.4971,-0.4162,0.0077,1.4927,1.0992,-0.0000
28.656,0.6929,0.4970,-0.4162,0.0077,1.4928,1.0992,-0.0000
28.668,0.6863,0.4970,-0.4163,0.0077,1.4929,1.0992,-0.0000
28.680,0.6797,0.4970,-0.4163,0.0077,1.4930,1.0992,-0.0000
28.692,0.6731,0.4970,-0.4164,0.0077,1.4930,1.0992,-0.0000
28.704,0.6665,0.4969,-0.4164,0.0077,1.4931,1.0992,-0.0000
28.716,0.6599,0.4969,-0.4165,0.0077,1.4932,1.0992,-0.0000
28.728,0.6533,0.4969,-0.4165,0.0077,1.4933,1.0992,-0.0000
28.740,0.6467,0.4969,-0.4166,0.0077,1.4934,1.0992,-0.0000
28.752,0.6401,0.4968,-0.4167,0.0077,1.4934,1.0992,-0.0000
28.764,0.6335,0.4968,-0.4167,0.0077,1.4935,1.0992,-0.0000
28.776,0.6269,0.4968,-0.4168,0.0077,1.4936,1.0992,-0.0000
28.788,0.6203,0.4968,-0.4168,0.0077,1.4937,1.0992,-0.0000
28.800,0.6137,0.4967,-0.4169,0.0077,1.4938,1.0992,-0.0000
28.812,0.6071,0.4967,-0.4169,0.0077,1.4938,1.0992,-0.0000
28.824,0.6005,0.4967,-0.4170,0.0077,1.4939,1.0992,-0.0000
28.836,0.5939,0.4967,-0.4170,0.0077,1.4940,1.0992,-0.0000
28.848,0.5873,0.4966,-0.4171,0.0077,1.4941,1.0992,-0.0000
28.860,0.5807,0.4966,-0.4172,0.0077,1.4942,1.0992,-0.0000
28.872,0.5741,0.4966,-0.4172,0.0077,1.4942,1.0992,-0.0000
28.884,0.5675,0.4966,-0.4173,0.0077,1.4943,1.0992,-0.0000
28.896,0.5609,0.4965,-0.4173,0.0077,1.4944,1.0992,-0.0000
28.908,0.5543,0.4965,-0.4174,0.0077,1.4945,1.0992,-0.0000
28.920,0.5477,0.4965,-0.4174,0.0077,1.4946,1.0992,-0.0000
28.932,0.5411,0.4965,-0.4175,0.0077,1.4946,1.0992,-0.0000
28.944,0.5345,0.4964,-0.4175,0.0077,1.4947,1.0992,-0.0000
28.956,0.5279,0.4964,-0.4176,0.0077,1.4948,1.0992,-0.0000
28.968,0.5213,0.4964,-0.4177,0.0077,1.4949,1.0992,-0.0000
28.980,0.5147,0.4964,-0.4177,0.0077,1.4950,1.0992,-0.0000
28.992,0.5081,0.4964,-0.4178,0.0077,1.4950,1.0992,-0.0000
29.004,0.5015,0.4963,-0.4178,0.0077,1.4951,1.0992,-0.0000
29.016,0.4949,0.4963,-0.4179,0.0077,1.4952,1.0992,-0.0000
29.028,0.4883,0.4963,-0.4179,0.0077,1.4953,1.0992,-0.0000
29.040,0.4817,0.4963,-0.4180,0.0077,1.4954,1.0992,-0.0000
29.052,0.4751,0.4962,-0.4180,0.0077,1.4954,1.0992,-0.0000
29.064,0.4685,0.4962,-0.4181,0.0077,1.4955,1.0992,-0.0000
29.076,0.4619,0.4962,-0.4182,0.0077,1.4956,1.0992,-0.0000
29.088,0.4553,0.4962,-0.4182,0.0077,1.4957,1.0992,-0.0000
29.100,0.4487,0.4961,-0.4183,0.0077,1.4958,1.0992,-0.0000
29.112,0.4421,0.4961,-0.4183,0.0077,1.4958,1.0992,-0.0000
29.124,0.4355,0.4961,-0.4184,0.0077,1.4959,1.0992,-0.0000
29.136,0.4289,0.4961,-0.4184,0.0077,1.4960,1.0992,-0.0000
29.148,0.4223,0.4960,-0.4185,0.0077,1.4961,1.0992,-0.0000
29.160,0.4158,0.4960,-0.4185,0.0077,1.4961,1.0992,-0.0000
29.172,0.4092,0.4960,-0.4186,0.0077,1.4962,1.0992,-0.0000
29.184,0.4026,0.4960,-0.4187,0.0077,1.4963,1.0992,-0.0000
29.196,0.3960,0.4959,-0.4187,0.0077,1.4964,1.0992,-0.0000
29.208,0.3894,0.4959,-0.4188,0.0077,1.4965,1.0992,-0.0000
29.220,0.3828,0.4959,-0.4188,0.0077,1.4965,1.0992,-0.0000
29.232,0.3762,0.4959,-0.4189,0.0077,1.4966,1.0992,-0.0000
29.244,0.3696,0.4958,-0.4189,0.0077,1.4967,1.0992,-0.0000
29.256,0.3630,0.4958,-0.4190,0.0077,1.4968,1.0992,-0.0000
29.268,0.3564,0.4958,-0.4190,0.0077,1.4969,1.0992,-0.0000
29.280,0.3498,0.4958,-0.4191,0.0077,1.4969,1.0992,-0.0000
29.292,0.3432,0.4957,-0.4192,0.0077,1.4970,1.0992,-0.0000
29.304,0.3366,0.4957,-0.4192,0.0077,1.4971,1.0992,-0.0000
29.316,0.3300,0.4957,-0.4193,0.0077,1.4972,1.0992,-0.0000
29.328,0.3234,0.4957,-0.4193,0.0077,1.4973,1.0992,-0.0000
29.340,0.3168,0.4956,-0.4194,0.0077,1.4973,1.0992,-0.0000
29.352,0.3102,0.4956,-0.4194,0.0077,1.4974,1.0992,-0.0000
29.364,0.3036,0.4956,-0.4195,0.0077,1.4975,1.0992,-0.0000
29.376,0.2970,0.4956,-0.4195,0.0077,1.4976,1.0992,-0.0000
29.388,0.2904,0.4955,-0.4196,0.0077,1.4977,1.0992,-0.0000
29.400,0.2838,0.4955,-0.4197,0.0077,1.4977,1.0992,-0.0000
29.412,0.2772,0.4955,-0.4197,0.0077,1.4978,1.0992,-0.0000
29.424,0.2706,0.4955,-0.4198,0.0077,1.4979,1.0992,-0.0000
29.436,0.2640,0.4955,-0.4198,0.0077,1.4980,1.0992,-0.0000
29.448,0.2574,0.4954,-0.4199,0.0077,1.4981,1.0992,-0.0000
29.460,0.2508,0.4954,-0.4199,0.0077,1.4981,1.0992,-0.0000
29.472,0.2442,0.4954,-0.4200,0.0077,1.4982,1.0992,-0.0000
29.484,0.2376,0.4954,-0.4200,0.0077,1.4983,1.0992,-0.0000
29.496,0.2310,0.4953,-0.4201,0.0077,1.4984,1.0992,-0.0000
29.508,0.2244,0.4953,-0.4202,0.0077,1.4985,1.0992,-0.0000
29.520,0.2178,0.4953,-0.4202,0.0077,1.4985,1.0992,-0.0000
29.532,0.2112,0.4953,-0.4203,0.0077,1.4986,1.0992,-0.0000
29.544,0.2046,0.4952,-0.4203,0.0077,1.4987,1.0992,-0.0000
29.556,0.1980,0.4952,-0.4204,0.0077,1.4988,1.0992,-0.0000
29.568,0.1914,0.4952,-0.4204,0.0077,1.4989,1.0992,-0.0000
29.580,0.1848,0.4952,-0.4205,0.0077,1.4989,1.0992,-0.0000
29.592,0.1782,0.4951,-0.4205,0.0077,1.4990,1.0992,-0.0000
29.604,0.1716,0.4951,-0.4206,0.0077,1.4991,1.0992,-0.0000
29.616,0.1650,0.4951,-0.4207,0.0077,1.4992,1.0992,-0.0000
29.628,0.1584,0.4951,-0.4207,0.0077,1.4992,1.0992,-0.0000
29.640,0.1518,0.4950,-0.4208,0.0077,1.4993,1.0992,-0.0000
29.652,0.1452,0.4950,-0.4208,0.0077,1.4994,1.0992,-0.0000
29.664,0.1386,0.4950,-0.4209,0.0077,1.4995,1.0992,-0.0000
29.676,0.1320,0.4950,-0.4209,0.0077,1.4996,1.0992,-0.0000
29.688,0.1254,0.4949,-0.4210,0.0077,1.4996,1.0991,-0.0000
29.700,0.1188,0.4949,-0.4210,0.0077,1.4997,1.0991,-0.0000
29.712,0.1122,0.4949,-0.4211,0.0077,1.4998,1.0991,-0.0000
29.724,0.1056,0.4949,-0.4212,0.0077,1.4999,1.0991,-0.0000
29.736,0.0990,0.4948,-0.4212,0.0077,1.5000,1.0991,-0.0000
29.748,0.0924,0.4948,-0.4213,0.0077,1.5000,1.0991,-0.0000
29.760,0.0858,0.4948,-0.4213,0.0077,1.5001,1.0991,-0.0000
29.772,0.0792,0.4948,-0.4214,0.0077,1.5002,1.0991,-0.0000
29.784,0.0726,0.4947,-0.4214,0.0077,1.5003,1.0991,-0.0000
29.796,0.0660,0.4947,-0.4215,0.0077,1.5004,1.0991,-0.0000
29.808,0.0594,0.4947,-0.4215,0.0077,1.5004,1.0991,-0.0000
29.820,0.0528,0.4947,-0.4216,0.0077,1.5005,1.0991,-0.0000
29.832,0.0465,0.4947,-0.4217,0.0077,1.5006,1.0991,-0.0000
29.844,0.0409,0.4946,-0.4217,0.0077,1.5007,1.0991,-0.0000
29.856,0.0360,0.4946,-0.4217,0.0077,1.5007,1.0991,-0.0000
29.868,0.0317,0.4946,-0.4218,0.0077,1.5008,1.0991,-0.0000
29.880,0.0279,0.4946,-0.4218,0.0077,1.5008,1.0991,-0.0000
29.892,0.0245,0.4946,-0.4218,0.0077,1.5009,1.0991,-0.0000
29.904,0.0216,0.4946,-0.4219,0.0077,1.5009,1.0991,-0.0000
29.916,0.0190,0.4946,-0.4219,0.0077,1.5009,1.0991,-0.0000
29.928,0.0167,0.4945,-0.4219,0.0077,1.5010,1.0991,-0.0000
29.940,0.0147,0.4945,-0.4219,0.0077,1.5010,1.0991,-0.0000
29.952,0.0147,0.4945,-0.4219,0.0077,1.5010,1.0991,-0.0000
29.964,0.0147,0.4942,-0.4216,0.0077,1.4999,1.0984,-0.0000
29.976,0.0147,0.4935,-0.4210,0.0077,1.4979,1.0969,-0.0000
29.988,0.0146,0.4926,-0.4202,0.0077,1.4950,1.0948,-0.0000
30.000,0.0146,0.4914,-0.4192,0.0076,1.4914,1.0921,-0.0000
30.012,0.0146,0.4900,-0.4180,0.0076,1.4871,1.0890,-0.0000
30.024,0.0145,0.4884,-0.4167,0.0076,1.4823,1.0855,-0.0000
30.036,0.0145,0.4866,-0.4152,0.0076,1.4770,1.0816,-0.0000
30.048,0.0144,0.4847,-0.4136,0.0075,1.4712,1.0774,-0.0000
30.060,0.0144,0.4827,-0.4118,0.0075,1.4651,1.0728,-0.0000
30.072,0.0143,0.4806,-0.4100,0.0075,1.4586,1.0681,-0.0000
30.084,0.0142,0.4783,-0.4081,0.0074,1.4518,1.0631,-0.0000
30.096,0.0142,0.4760,-0.4061,0.0074,1.4447,1.0579,-0.0000
30.108,0.0141,0.4736,-0.4041,0.0074,1.4374,1.0526,-0.0000
30.120,0.0140,0.4711,-0.4019,0.0073,1.4299,1.0471,-0.0000
30.132,0.0139,0.4686,-0.3998,0.0073,1.4222,1.0415,-0.0000
30.144,0.0139,0.4660,-0.3976,0.0072,1.4144,1.0357,-0.0000
30.156,0.0138,0.4634,-0.3953,0.0072,1.4064,1.0299,-0.0000
30.168,0.0137,0.4607,-0.3931,0.0072,1.3983,1.0240,-0.0000
30.180,0.0136,0.4580,-0.3908,0.0071,1.3901,1.0179,-0.0000
30.192,0.0135,0.4553,-0.3884,0.0071,1.3818,1.0119,-0.0000
30.204,0.0135,0.4525,-0.3861,0.0070,1.3734,1.0057,-0.0000
30.216,0.0134,0.4497,-0.3837,0.0070,1.3649,0.9995,-0.0000
30.228,0.0133,0.4469,-0.3813,0.0069,1.3564,0.9933,-0.0000
30.240,0.0132,0.4441,-0.3789,0.0069,1.3478,0.9870,-0.0000
30.252,0.0131,0.4412,-0.3764,0.0069,1.3392,0.9807,-0.0000
30.264,0.0130,0.4384,-0.3740,0.0068,1.3305,0.9743,-0.0000
30.276,0.0129,0.4355,-0.3715,0.0068,1.3218,0.9679,-0.0000
30.288,0.0129,0.4326,-0.3691,0.0067,1.3130,0.9615,-0.0000
30.300,0.0128,0.4297,-0.3666,0.0067,1.3042,0.9551,-0.0000
30.312,0.0127,0.4268,-0.3641,0.0066,1.2954,0.9486,-0.0000
30.324,0.0126,0.4239,-0.3617,0.0066,1.2866,0.9421,-0.0000
30.336,0.0125,0.4210,-0.3592,0.0065,1.2777,0.9357,-0.0000
30.348,0.0124,0.4181,-0.3567,0.0065,1.2689,0.9292,-0.0000
30.360,0.0123,0.4151,-0.3542,0.0065,1.2600,0.9227,-0.0000
30.372,0.0123,0.4122,-0.3517,0.0064,1.2511,0.9161,-0.0000
30.384,0.0122,0.4093,-0.3492,0.0064,1.2421,0.9096,-0.0000
30.396,0.0121,0.4063,-0.3467,0.0063,1.2332,0.9031,-0.0000
30.408,0.0120,0.4034,-0.3441,0.0063,1.2243,0.8965,-0.0000
30.420,0.0119,0.4004,-0.3416,0.0062,1.2153,0.8900,-0.0000
30.432,0.0118,0.3975,-0.3391,0.0062,1.2064,0.8834,-0.0000
30.444,0.0117,0.3945,-0.3366,0.0061,1.1974,0.8769,-0.0000
30.456,0.0116,0.3916,-0.3341,0.0061,1.1885,0.8703,-0.0000
30.468,0.0116,0.3886,-0.3316,0.0060,1.1795,0.8637,-0.0000
30.480,0.0115,0.3857,-0.3290,0.0060,1.1705,0.8572,-0.0000
30.492,0.0114,0.3827,-0.3265,0.0059,1.1615,0.8506,-0.0000
30.504,0.0113,0.3797,-0.3240,0.0059,1.1526,0.8440,-0.0000
30.516,0.0112,0.3768,-0.3215,0.0059,1.1436,0.8374,-0.0000
30.528,0.0111,0.3738,-0.3189,0.0058,1.1346,0.8308,-0.0000
30.540,0.0110,0.3709,-0.3164,0.0058,1.1256,0.8243,-0.0000
30.552,0.0109,0.3679,-0.3139,0.0057,1.1166,0.8177,-0.0000
30.564,0.0108,0.3649,-0.3114,0.0057,1.1076,0.8111,-0.0000
30.576,0.0108,0.3620,-0.3088,0.0056,1.0986,0.8045,-0.0000
30.588,0.0107,0.3590,-0.3063,0.0056,1.0896,0.7979,-0.0000
30.600,0.0106,0.3560,-0.3038,0.0055,1.0806,0.7913,-0.0000
30.612,0.0105,0.3531,-0.3012,0.0055,1.0716,0.7847,-0.0000
30.624,0.0104,0.3501,-0.2987,0.0054,1.0626,0.7782,-0.0000
30.636,0.0103,0.3471,-0.2962,0.0054,1.0536,0.7716,-0.0000
30.648,0.0102,0.3442,-0.2936,0.0053,1.0446,0.7650,-0.0000
30.660,0.0101,0.3412,-0.2911,0.0053,1.0356,0.7584,-0.0000
30.672,0.0101,0.3383,-0.2886,0.0053,1.0266,0.7518,-0.0000
30.684,0.0100,0.3353,-0.2861,0.0052,1.0176,0.7452,-0.0000
30.696,0.0099,0.3323,-0.2835,0.0052,1.0086,0.7386,-0.0000
30.708,0.0098,0.3294,-0.2810,0.0051,0.9996,0.7320,-0.0000
30.720,0.0097,0.3264,-0.2785,0.0051,0.9906,0.7254,-0.0000
30.732,0.0096,0.3234,-0.2759,0.0050,0.9816,0.7188,-0.0000
30.744,0.0095,0.3205,-0.2734,0.0050,0.9726,0.7122,-0.0000
30.756,0.0094,0.3175,-0.2709,0.0049,0.9636,0.7056,-0.0000
30.768,0.0094,0.3145,-0.2683,0.0049,0.9546,0.6990,-0.0000
30.780,0.0093,0.3116,-0.2658,0.0048,0.9456,0.6925,-0.0000
30.792,0.0092,0.3086,-0.2633,0.0048,0.9366,0.6859,-0.0000
30.804,0.0091,0.3056,-0.2607,0.0047,0.9276,0.6793,-0.0000
30.816,0.0090,0.3027,-0.2582,0.0047,0.9186,0.6727,-0.0000
30.828,0.0089,0.2997,-0.2557,0.0047,0.9096,0.6661,-0.0000
30.840,0.0088,0.2967,-0.2532,0.0046,0.9006,0.6595,-0.0000
30.852,0.0087,0.2938,-0.2506,0.0046,0.8916,0.6529,-0.0000
30.864,0.0086,0.2908,-0.2481,0.0045,0.8826,0.6463,-0.0000
30.876,0.0086,0.2878,-0.2456,0.0045,0.8736,0.6397,-0.0000
30.888,0.0085,0.2849,-0.2430,0.0044,0.8646,0.6331,-0.0000
30.900,0.0084,0.2819,-0.2405,0.0044,0.8556,0.6265,-0.0000
30.912,0.0083,0.2789,-0.2380,0.0043,0.8466,0.6199,-0.0000
30.924,0.0082,0.2759,-0.2354,0.0043,0.8375,0.6133,-0.0000
30.936,0.0081,0.2730,-0.2329,0.0042,0.8285,0.6067,-0.0000
30.948,0.0080,0.2700,-0.2304,0.0042,0.8195,0.6001,-0.0000
30.960,0.0079,0.2670,-0.2278,0.0042,0.8105,0.5935,-0.0000
30.972,0.0079,0.2641,-0.2253,0.0041,0.8015,0.5869,-0.0000
30.984,0.0078,0.2611,-0.2228,0.0041,0.7925,0.5803,-0.0000
30.996,0.0077,0.2581,-0.2202,0.0040,0.7835,0.5738,-0.0000
31.008,0.0076,0.2552,-0.2177,0.0040,0.7745,0.5672,-0.0000
31.020,0.0075,0.2522,-0.2152,0.0039,0.7655,0.5606,-0.0000
31.032,0.0074,0.2492,-0.2126,0.0039,0.7565,0.5540,-0.0000
31.044,0.0073,0.2463,-0.2101,0.0038,0.7475,0.5474,-0.0000
31.056,0.0072,0.2433,-0.2076,0.0038,0.7385,0.5408,-0.0000
31.068,0.0071,0.2403,-0.2051,0.0037,0.7295,0.5342,-0.0000
31.080,0.0071,0.2374,-0.2025,0.0037,0.7205,0.5276,-0.0000
31.092,0.0070,0.2344,-0.2000,0.0036,0.7115,0.5210,-0.0000
31.104,0.0069,0.2314,-0.1975,0.0036,0.7025,0.5144,-0.0000
31.116,0.0068,0.2285,-0.1949,0.0036,0.6935,0.5078,-0.0000
31.128,0.0067,0.2255,-0.1924,0.0035,0.6844,0.5012,-0.0000
31.140,0.0066,0.2225,-0.1899,0.0035,0.6754,0.4946,-0.0000
31.152,0.0065,0.2196,-0.1873,0.0034,0.6664,0.4880,-0.0000
31.164,0.0064,0.2166,-0.1848,0.0034,0.6574,0.4814,-0.0000
31.176,0.0064,0.2136,-0.1823,0.0033,0.6484,0.4748,-0.0000
31.188,0.0063,0.2107,-0.1797,0.0033,0.6394,0.4682,-0.0000
31.200,0.0062,0.2077,-0.1772,0.0032,0.6304,0.4616,-0.0000
31.212,0.0061,0.2047,-0.1747,0.0032,0.6214,0.4550,-0.0000
31.224,0.0060,0.2018,-0.1721,0.0031,0.6124,0.4484,-0.0000
31.236,0.0059,0.1988,-0.1696,0.0031,0.6034,0.4419,-0.0000
31.248,0.0058,0.1958,-0.1671,0.0030,0.5944,0.4353,-0.0000
31.260,0.0057,0.1929,-0.1645,0.0030,0.5854,0.4287,-0.0000
31.272,0.0056,0.1899,-0.1620,0.0030,0.5764,0.4221,-0.0000
31.284,0.0056,0.1869,-0.1595,0.0029,0.5674,0.4155,-0.0000
31.296,0.0055,0.1840,-0.1570,0.0029,0.5584,0.4089,-0.0000
31.308,0.0054,0.1810,-0.1544,0.0028,0.5494,0.4023,-0.0000
31.320,0.0053,0.1780,-0.1519,0.0028,0.5404,0.3957,-0.0000
31.332,0.0052,0.1751,-0.1494,0.0027,0.5313,0.3891,-0.0000
31.344,0.0051,0.1721,-0.1468,0.0027,0.5223,0.3825,-0.0000
31.356,0.0050,0.1691,-0.1443,0.0026,0.5133,0.3759,-0.0000
31.368,0.0049,0.1662,-0.1418,0.0026,0.5043,0.3693,-0.0000
31.380,0.0049,0.1632,-0.1392,0.0025,0.4953,0.3627,-0.0000
31.392,0.0048,0.1602,-0.1367,0.0025,0.4863,0.3561,-0.0000
31.404,0.0047,0.1573,-0.1342,0.0024,0.4773,0.3495,-0.0000
31.416,0.0046,0.1543,-0.1316,0.0024,0.4683,0.3429,-0.0000
31.428,0.0045,0.1513,-0.1291,0.0024,0.4593,0.3363,-0.0000
31.440,0.0044,0.1484,-0.1266,0.0023,0.4503,0.3297,-0.0000
31.452,0.0043,0.1454,-0.1240,0.0023,0.4413,0.3231,-0.0000
31.464,0.0042,0.1424,-0.1215,0.0022,0.4323,0.3166,-0.0000
31.476,0.0041,0.1395,-0.1190,0.0022,0.4233,0.3100,-0.0000
31.488,0.0041,0.1365,-0.1165,0.0021,0.4143,0.3034,-0.0000
31.500,0.0040,0.1335,-0.1139,0.0021,0.4053,0.2968,-0.0000
31.512,0.0039,0.1306,-0.1114,0.0020,0.3963,0.2902,-0.0000
31.524,0.0038,0.1276,-0.1089,0.0020,0.3873,0.2836,-0.0000
31.536,0.0037,0.1246,-0.1063,0.0019,0.3782,0.2770,-0.0000
31.548,0.0036,0.1217,-0.1038,0.0019,0.3692,0.2704,-0.0000
31.560,0.0035,0.1187,-0.1013,0.0018,0.3602,0.2638,-0.0000
31.572,0.0034,0.1157,-0.0987,0.0018,0.3512,0.2572,-0.0000
31.584,0.0034,0.1128,-0.0962,0.0018,0.3422,0.2506,-0.0000
31.596,0.0033,0.1098,-0.0937,0.0017,0.3332,0.2440,-0.0000
31.608,0.0032,0.1068,-0.0911,0.0017,0.3242,0.2374,-0.0000
31.620,0.0031,0.1039,-0.0886,0.0016,0.3152,0.2308,-0.0000
31.632,0.0030,0.1009,-0.0861,0.0016,0.3062,0.2242,-0.0000
31.644,0.0029,0.0979,-0.0835,0.0015,0.2972,0.2176,-0.0000
31.656,0.0028,0.0950,-0.0810,0.0015,0.2882,0.2110,-0.0000
31.668,0.0027,0.0920,-0.0785,0.0014,0.2792,0.2044,-0.0000
31.680,0.0026,0.0890,-0.0759,0.0014,0.2702,0.1978,-0.0000
31.692,0.0026,0.0860,-0.0734,0.0013,0.2612,0.1913,-0.0000
31.704,0.0025,0.0831,-0.0709,0.0013,0.2522,0.1847,-0.0000
31.716,0.0024,0.0801,-0.0684,0.0012,0.2432,0.1781,-0.0000
31.728,0.0023,0.0771,-0.0658,0.0012,0.2342,0.1715,-0.0000
31.740,0.0022,0.0742,-0.0633,0.0012,0.2251,0.1649,-0.0000
31.752,0.0021,0.0712,-0.0608,0.0011,0.2161,0.1583,-0.0000
31.764,0.0020,0.0682,-0.0582,0.0011,0.2071,0.1517,-0.0000
31.776,0.0019,0.0653,-0.0557,0.0010,0.1981,0.1451,-0.0000
31.788,0.0019,0.0623,-0.0532,0.0010,0.1891,0.1385,-0.0000
31.800,0.0018,0.0593,-0.0506,0.0009,0.1801,0.1319,-0.0000
31.812,0.0017,0.0564,-0.0481,0.0009,0.1711,0.1253,-0.0000
31.824,0.0016,0.0534,-0.0456,0.0008,0.1621,0.1187,-0.0000
31.836,0.0015,0.0504,-0.0430,0.0008,0.1531,0.1121,-0.0000
31.848,0.0014,0.0475,-0.0405,0.0007,0.1441,0.1055,-0.0000
31.860,0.0013,0.0445,-0.0380,0.0007,0.1351,0.0989,-0.0000
31.872,0.0012,0.0415,-0.0354,0.0006,0.1261,0.0923,-0.0000
31.884,0.0011,0.0386,-0.0329,0.0006,0.1171,0.0857,-0.0000
31.896,0.0011,0.0356,-0.0304,0.0006,0.1081,0.0791,-0.0000
31.908,0.0010,0.0326,-0.0278,0.0005,0.0991,0.0725,-0.0000
31.920,0.0009,0.0297,-0.0253,0.0005,0.0901,0.0659,-0.0000
31.932,0.0008,0.0267,-0.0228,0.0004,0.0811,0.0594,-0.0000
31.944,0.0007,0.0237,-0.0203,0.0004,0.0720,0.0528,-0.0000
31.956,0.0006,0.0209,-0.0178,0.0003,0.0634,0.0464,-0.0000
31.968,0.0005,0.0184,-0.0157,0.0003,0.0558,0.0409,-0.0000
31.980,0.0005,0.0162,-0.0138,0.0003,0.0491,0.0360,-0.0000
31.992,0.0004,0.0142,-0.0121,0.0002,0.0432,0.0316,-0.0000
32.004,0.0004,0.0125,-0.0107,0.0002,0.0380,0.0278,-0.0000
32.016,0.0003,0.0110,-0.0094,0.0002,0.0335,0.0245,-0.0000
32.028,0.0003,0.0097,-0.0083,0.0002,0.0294,0.0216,-0.0000
32.040,0.0003,0.0085,-0.0073,0.0001,0.0259,0.0190,-0.0000
32.052,0.0002,0.0075,-0.0064,0.0001,0.0228,0.0167,-0.0000
32.064,0.0002,0.0066,-0.0056,0.0001,0.0201,0.0147,-0.0000
32.076,0.0002,0.0058,-0.0050,0.0001,0.0177,0.0129,-0.0000
32.088,0.0002,0.0051,-0.0044,0.0001,0.0155,0.0114,-0.0000
32.100,0.0001,0.0045,-0.0038,0.0001,0.0137,0.0100,-0.0000
32.112,0.0001,0.0040,-0.0034,0.0001,0.0120,0.0088,-0.0000
32.124,0.0001,0.0035,-0.0030,0.0001,0.0106,0.0078,-0.0000
32.136,0.0001,0.0031,-0.0026,0.0000,0.0093,0.0068,-0.0000
32.148,0.0001,0.0027,-0.0023,0.0000,0.0082,0.0060,-0.0000
32.160,0.0001,0.0024,-0.0020,0.0000,0.0072,0.0053,-0.0000
32.172,0.0001,0.0021,-0.0018,0.0000,0.0064,0.0047,-0.0000
32.184,0.0001,0.0018,-0.0016,0.0000,0.0056,0.0041,-0.0000
32.196,0.0000,0.0016,-0.0014,0.0000,0.0049,0.0036,-0.0000
32.208,0.0000,0.0014,-0.0012,0.0000,0.0043,0.0032,-0.0000
32.220,0.0000,0.0013,-0.0011,0.0000,0.0038,0.0028,-0.0000
32.232,0.0000,0.0011,-0.0009,0.0000,0.0034,0.0025,-0.0000
32.244,0.0000,0.0010,-0.0008,0.0000,0.0029,0.0022,-0.0000
32.256,0.0000,0.0009,-0.0007,0.0000,0.0026,0.0019,-0.0000
32.268,0.0000,0.0008,-0.0006,0.0000,0.0023,0.0017,-0.0000
32.280,0.0000,0.0007,-0.0006,0.0000,0.0020,0.0015,-0.0000
32.292,0.0000,0.0006,-0.0005,0.0000,0.0018,0.0013,-0.0000
32.304,0.0000,0.0005,-0.0004,0.0000,0.0016,0.0011,-0.0000
32.316,0.0000,0.0005,-0.0004,0.0000,0.0014,0.0010,-0.0000
32.328,0.0000,0.0004,-0.0003,0.0000,0.0012,0.0009,-0.0000
32.340,0.0000,0.0003,-0.0003,0.0000,0.0011,0.0008,-0.0000
32.352,0.0000,0.0003,-0.0003,0.0000,0.0009,0.0007,0.0000
32.364,0.0000,0.0003,-0.0002,0.0000,0.0008,0.0006,0.0000
32.376,0.0000,0.0002,-0.0002,0.0000,0.0007,0.0005,0.0000
32.388,0.0000,0.0002,-0.0002,0.0000,0.0006,0.0005,0.0000
32.400,0.0000,0.0002,-0.0002,0.0000,0.0006,0.0004,0.0000
32.412,0.0000,0.0002,-0.0001,0.0000,0.0005,0.0004,0.0000
32.424,0.0000,0.0001,-0.0001,0.0000,0.0004,0.0003,0.0000
32.436,0.0000,0.0001,-0.0001,0.0000,0.0004,0.0003,0.0000
32.448,0.0000,0.0001,-0.0001,0.0000,0.0003,0.0002,0.0000
32.460,0.0000,0.0001,-0.0001,0.0000,0.0003,0.0002,0.0000
32.472,0.0000,0.0001,-0.0001,0.0000,0.0003,0.0002,0.0000
32.484,0.0000,0.0001,-0.0001,0.0000,0.0002,0.0002,0.0000
32.496,0.0000,0.0001,-0.0001,0.0000,0.0002,0.0001,0.0000
32.508,0.0000,0.0001,-0.0000,0.0000,0.0002,0.0001,0.0000
32.520,0.0000,0.0001,-0.0000,0.0000,0.0002,0.0001,0.0000
32.532,0.0000,0.0000,-0.0000,0.0000,0.0001,0.0001,0.0000
32.544,0.0000,0.0000,-0.0000,0.0000,0.0001,0.0001,0.0000
32.556,0.0000,0.0000,-0.0000,0.0000,0.0001,0.0001,0.0000
32.568,0.0000,0.0000,-0.0000,0.0000,0.0001,0.0001,0.0000
32.580,0.0000,0.0000,-0.0000,0.0000,0.0001,0.0001,0.0000
32.592,0.0000,0.0000,-0.0000,0.0000,0.0001,0.0001,0.0000
32.604,0.0000,0.0000,-0.0000,0.0000,0.0001,0.0000,0.0000
32.616,0.0000,0.0000,-0.0000,0.0000,0.0001,0.0000,0.0000
32.628,0.0000,0.0000,-0.0000,0.0000,0.0000,0.0000,0.0000
32.640,0.0000,0.0000,-0.0000,0.0000,0.0000,0.0000,0.0000
32.652,0.0000,0.0000,-0.0000,0.0000,0.0000,0.0000,0.0000
32.664,0.0000,0.0000,-0.0000,0.0000,0.0000,0.0000,0.0000
32.676,0.0000,0.0000,-0.0000,0.0000,0.0000,0.0000,0.0000
32.688,0.0000,0.0000,-0.0000,0.0000,0.0000,0.0000,0.0000
32.700,0.0000,0.0000,-0.0000,0.0000,0.0000,0.0000,0.0000
32.712,0.0000,0.0000,-0.0000,0.0000,0.0000,0.0000,0.0000
32.724,0.0000,0.0000,-0.0000,0.0000,0.0000,0.0000,0.0000
32.736,0.0000,0.0000,-0.0000,0.0000,0.0000,0.0000,0.0000
32.748,0.0000,0.0000,-0.0000,0.0000,0.0000,0.0000,0.0000
32.760,0.0000,0.0000,-0.0000,0.0000,0.0000,0.0000,0.0000
32.772,0.0000,0.0000,-0.0000,0.0000,0.0000,0.0000,0.0000
32.784,0.0000,0.0000,-0.0000,0.0000,0.0000,0.0000,0.0000
32.796,0.0000,0.0000,-0.0000,0.0000,0.0000,0.0000,0.0000
32.808,0.0000,0.0000,-0.0000,0.0000,0.0000,0.0000,0.0000
32.820,0.0000,0.0000,-0.0000,0.0000,0.0000,0.0000,0.0000
32.832,0.0000,0.0000,-0.0000,0.0000,0.0000,0.0000,0.0000
32.844,0.0000,0.0000,-0.0000,0.0000,0.0000,0.0000,0.0000
32.856,0.0000,0.0000,-0.0000,0.0000,0.0000,0.0000,0.0000
32.868,0.0000,0.0000,-0.0000,0.0000,0.0000,0.0000,0.0000
32.880,0.0000,0.0000,-0.0000,0.0000,0.0000,0.0000,0.0000
32.892,0.0000,0.0000,-0.0000,0.0000,0.0000,0.0000,0.0000
32.904,0.0000,0.0000,-0.0000,0.0000,0.0000,0.0000,0.0000
32.916,0.0000,0.0000,-0.0000,0.0000,0.0000,0.0000,0.0000
32.928,0.0000,0.0000,-0.0000,0.0000,0.0000,0.0000,0.0000
32.940,0.0000,0.0000,-0.0000,0.0000,0.0000,0.0000,0.0000
32.952,0.0000,0.0000,-0.0000,0.0000,0.0000,0.0000,0.0000
32.964,0.0000,0.0000,-0.0000,0.0000,0.0000,0.0000,0.0000
32.976,0.0000,0.0000,-0.0000,0.0000,0.0000,0.0000,0.0000
32.988,0.0000,0.0000,-0.0000,0.0000,0.0000,0.0000,0.0000
33.000,0.0000,0.0000,-0.0000,0.0000,0.0000,0.0000,0.0000
33.012,0.0000,0.0000,-0.0000,0.0000,0.0000,0.0000,0.0000
33.024,0.0000,0.0000,-0.0000,0.0000,0.0000,0.0000,0.0000
33.036,0.0000,0.0000,-0.0000,0.0000,0.0000,0.0000,0.0000
33.048,0.0000,0.0000,-0.0000,0.0000,0.0000,0.0000,0.0000
33.060,0.0000,0.0000,-0.0000,0.0000,0.0000,0.0000,0.0000
33.072,0.0000,0.0000,-0.0000,0.0000,0.0000,0.0000,0.0000
33.084,0.0000,0.0000,-0.0000,0.0000,0.0000,0.0000,0.0000
33.096,0.0000,0.0000,-0.0000,0.0000,0.0000,0.0000,0.0000
33.108,0.0000,0.0000,-0.0000,0.0000,0.0000,0.0000,0.0000
33.120,0.0000,0.0000,-0.0000,0.0000,0.0000,0.0000,0.0000
33.132,0.0000,0.0000,-0.0000,0.0000,0.0000,0.0000,0.0000
33.144,0.0000,0.0000,-0.0000,0.0000,0.0000,0.0000,0.0000
33.156,0.0000,0.0000,-0.0000,0.0000,0.0000,0.0000,0.0000
33.168,0.0000,0.0000,-0.0000,0.0000,0.0000,0.0000,0.0000
33.180,0.0000,0.0000,-0.0000,0.0000,0.0000,0.0000,0.0000
33.192,0.0000,0.0000,-0.0000,0.0000,0.0000,0.0000,0.0000
33.204,0.0000,0.0000,-0.0000,0.0000,0.0000,0.0000,0.0000
33.216,0.0000,0.0000,-0.0000,0.0000,0.0000,0.0000,0.0000
33.228,0.0000,0.0000,-0.0000,0.0000,0.0000,0.0000,0.0000
33.240,0.0000,0.0000,-0.0000,0.0000,0.0000,0.0000,0.0000
33.252,0.0000,0.0000,-0.0000,0.0000,0.0000,0.0000,0.0000
33.264,0.0000,0.0000,-0.0000,0.0000,0.0000,0.0000,0.0000
33.276,0.0000,0.0000,-0.0000,0.0000,0.0000,0.0000,0.0000
33.288,0.0000,0.0000,-0.0000,0.0000,0.0000,0.0000,0.0000
33.300,0.0000,0.0000,-0.0000,0.0000,0.0000,0.0000,0.0000
33.312,0.0000,0.0000,-0.0000,0.0000,0.0000,0.0000,0.0000
33.324,0.0000,0.0000,-0.0000,0.0000,0.0000,0.0000,0.0000
33.336,0.0000,0.0000,-0.0000,0.0000,0.0000,0.0000,0.0000
33.348,0.0000,0.0000,-0.0000,0.0000,0.0000,0.0000,0.0000
33.360,0.0000,0.0000,-0.0000,0.0000,0.0000,0.0000,0.0000
33.372,0.0000,0.0000,-0.0000,0.0000,0.0000,0.0000,0.0000
33.384,0.0000,0.0000,-0.0000,0.0000,0.0000,0.0000,0.0000
33.396,0.0000,0.0000,-0.0000,0.0000,0.0000,0.0000,0.0000
33.408,0.0000,0.0000,-0.0000,0.0000,0.0000,0.0000,0.0000
33.420,0.0000,0.0000,-0.0000,0.0000,0.0000,0.0000,0.0000
33.432,0.0000,0.0000,-0.0000,0.0000,0.0000,0.0000,0.0000
33.444,0.0000,0.0000,-0.0000,0.0000,0.0000,0.0000,0.0000
33.456,0.0000,0.0000,-0.0000,0.0000,0.0000,0.0000,0.0000
33.468,0.0000,0.0000,-0.0000,0.0000,0.0000,0.0000,0.0000
33.480,0.0000,0.0000,-0.0000,0.0000,0.0000,0.0000,0.0000
33.492,0.0000,0.0000,-0.0000,0.0000,0.0000,0.0000,0.0000
33.504,0.0000,0.0000,-0.0000,0.0000,0.0000,0.0000,0.0000
33.516,0.0000,0.0000,-0.0000,0.0000,0.0000,0.0000,0.0000
33.528,0.0000,0.0000,-0.0000,0.0000,0.0000,0.0000,0.0000
33.540,0.0000,0.0000,-0.0000,0.0000,0.0000,0.0000,0.0000
33.552,0.0000,0.0000,-0.0000,0.0000,0.0000,0.0000,0.0000
33.564,0.0000,0.0000,-0.0000,0.0000,0.0000,0.0000,0.0000
33.576,0.0000,0.0000,-0.0000,0.0000,0.0000,0.0000,0.0000
33.588,0.0000,0.0000,-0.0000,0.0000,0.0000,0.0000,0.0000
33.600,0.0000,0.0000,-0.0000,0.0000,0.0000,0.0000,0.0000
33.612,0.0000,0.0000,-0.0000,0.0000,0.0000,0.0000,0.0000
33.624,0.0000,0.0000,-0.0000,0.0000,0.0000,0.0000,0.0000
33.636,0.0000,0.0000,-0.0000,0.0000,0.0000,0.0000,0.0000
33.648,0.0000,0.0000,-0.0000,0.0000,0.0000,0.0000,0.0000
33.660,0.0000,0.0000,-0.0000,-0.0000,0.0000,0.0000,0.0000
33.672,0.0000,0.0000,-0.0000,-0.0000,0.0000,0.0000,0.0000
33.684,0.0000,0.0000,-0.0000,-0.0000,0.0000,0.0000,0.0000
33.696,0.0000,0.0000,-0.0000,-0.0000,0.0000,0.0000,0.0000
33.708,0.0000,0.0000,-0.0000,-0.0000,0.0000,0.0000,0.0000
33.720,0.0000,0.0000,0.0000,-0.0000,0.0000,0.0000,0.0000
33.732,0.0000,0.0000,0.0000,-0.0000,0.0000,0.0000,0.0000
33.744,0.0000,0.0000,0.0000,-0.0000,0.0000,0.0000,0.0000
33.756,0.0000,0.0000,0.0000,-0.0000,0.0000,0.0000,0.0000
33.768,0.0000,0.0000,0.0000,-0.0000,0.0000,0.0000,0.0000
33.780,0.0000,0.0000,0.0000,-0.0000,0.0000,0.0000,0.0000
33.792,0.0000,0.0000,0.0000,-0.0000,0.0000,0.0000,0.0000
33.804,0.0000,0.0000,0.0000,-0.0000,0.0000,0.0000,0.0000
33.816,0.0000,0.0000,0.0000,-0.0000,0.0000,0.0000,0.0000
33.828,0.0000,0.0000,0.0000,-0.0000,0.0000,0.0000,0.0000
33.840,0.0000,0.0000,0.0000,-0.0000,0.0000,0.0000,0.0000
33.852,0.0000,0.0000,0.0000,-0.0000,0.0000,0.0000,0.0000
33.864,0.0000,0.0000,0.0000,-0.0000,0.0000,0.0000,0.0000
33.876,0.0000,0.0000,0.0000,-0.0000,0.0000,0.0000,0.0000
33.888,0.0000,0.0000,0.0000,-0.0000,0.0000,0.0000,0.0000
33.900,0.0000,0.0000,0.0000,-0.0000,0.0000,0.0000,0.0000
33.912,0.0000,0.0000,0.0000,-0.0000,0.0000,0.0000,0.0000
33.924,0.0000,0.0000,0.0000,-0.0000,0.0000,0.0000,0.0000
33.936,0.0000,0.0000,0.0000,-0.0000,0.0000,0.0000,0.0000
33.948,0.0000,0.0000,0.0000,-0.0000,0.0000,0.0000,0.0000
33.960,0.0000,0.0000,0.0000,-0.0000,0.0000,0.0000,0.0000
33.972,0.0000,0.0000,0.0000,-0.0000,0.0000,0.0000,0.0000
33.984,0.0000,0.0000,0.0000,-0.0000,0.0000,0.0000,0.0000
33.996,0.0000,0.0000,0.0000,-0.0000,0.0000,0.0000,0.0000
34.008,0.0000,0.0000,0.0000,-0.0000,0.0000,0.0000,0.0000
34.020,0.0000,0.0000,0.0000,-0.0000,0.0000,0.0000,0.0000
34.032,0.0000,0.0000,0.0000,-0.0000,0.0000,0.0000,0.0000
34.044,0.0000,0.0000,0.0000,-0.0000,0.0000,0.0000,0.0000
34.056,0.0000,0.0000,0.0000,-0.0000,0.0000,0.0000,0.0000
34.068,0.0000,0.0000,0.0000,-0.0000,0.0000,0.0000,0.0000
34.080,0.0000,0.0000,0.0000,-0.0000,0.0000,0.0000,0.0000
34.092,0.0000,0.0000,0.0000,-0.0000,0.0000,0.0000,0.0000
34.104,0.0000,0.0000,0.0000,-0.0000,0.0000,0.0000,0.0000
34.116,0.0000,0.0000,0.0000,-0.0000,0.0000,0.0000,0.0000
34.128,0.0000,0.0000,0.0000,-0.0000,0.0000,0.0000,0.0000
34.140,0.0000,0.0000,0.0000,-0.0000,0.0000,0.0000,0.0000
34.152,0.0000,0.0000,0.0000,-0.0000,0.0000,0.0000,0.0000
34.164,0.0000,0.0000,0.0000,-0.0000,0.0000,0.0000,0.0000
34.176,0.0000,0.0000,0.0000,-0.0000,0.0000,0.0000,0.0000
34.188,0.0000,0.0000,0.0000,-0.0000,0.0000,0.0000,0.0000
34.200,0.0000,0.0000,0.0000,-0.0000,0.0000,0.0000,0.0000
34.212,0.0000,0.0000,0.0000,-0.0000,0.0000,0.0000,0.0000
34.224,0.0000,0.0000,0.0000,-0.0000,0.0000,0.0000,0.0000
34.236,0.0000,0.0000,0.0000,-0.0000,0.0000,0.0000,0.0000
34.248,0.0000,0.0000,0.0000,-0.0000,0.0000,0.0000,0.0000
34.260,0.0000,0.0000,0.0000,-0.0000,0.0000,0.0000,0.0000
34.272,0.0000,0.0000,0.0000,-0.0000,0.0000,0.0000,0.0000
34.284,0.0000,0.0000,0.0000,-0.0000,0.0000,0.0000,0.0000
34.296,0.0000,0.0000,0.0000,-0.0000,0.0000,0.0000,0.0000
34.308,0.0000,0.0000,0.0000,-0.0000,0.0000,0.0000,0.0000
34.320,0.0000,0.0000,0.0000,-0.0000,0.0000,0.0000,0.0000
34.332,0.0000,0.0000,0.0000,-0.0000,0.0000,0.0000,0.0000
34.344,0.0000,0.0000,0.0000,-0.0000,0.0000,0.0000,0.0000
34.356,0.0000,0.0000,0.0000,-0.0000,0.0000,0.0000,0.0000
34.368,0.0000,0.0000,0.0000,-0.0000,0.0000,0.0000,0.0000
34.380,0.0000,0.0000,0.0000,-0.0000,0.0000,0.0000,0.0000
34.392,0.0000,0.0000,0.0000,-0.0000,0.0000,0.0000,0.0000
34.404,0.0000,0.0000,0.0000,-0.0000,0.0000,0.0000,0.0000
34.416,0.0000,0.0000,0.0000,-0.0000,0.0000,0.0000,0.0000
34.428,0.0000,0.0000,0.0000,-0.0000,0.0000,0.0000,0.0000
34.440,0.0000,0.0000,0.0000,-0.0000,0.0000,0.0000,0.0000
34.452,0.0000,0.0000,0.0000,-0.0000,0.0000,0.0000,0.0000
34.464,0.0000,0.0000,0.0000,-0.0000,0.0000,0.0000,0.0000
34.476,0.0000,0.0000,0.0000,-0.0000,0.0000,0.0000,0.0000
34.488,0.0000,0.0000,0.0000,-0.0000,0.0000,0.0000,0.0000
34.500,0.0000,0.0000,0.0000,-0.0000,0.0000,0.0000,0.0000
34.512,0.0000,0.0000,0.0000,-0.0000,0.0000,0.0000,0.0000
34.524,0.0000,0.0000,0.0000,-0.0000,0.0000,0.0000,0.0000
34.536,0.0000,0.0000,0.0000,-0.0000,0.0000,0.0000,0.0000
34.548,0.0000,0.0000,0.0000,-0.0000,0.0000,0.0000,0.0000
34.560,0.0000,0.0000,0.0000,-0.0000,0.0000,0.0000,0.0000
34.572,0.0000,0.0000,0.0000,-0.0000,0.0000,0.0000,0.0000
34.584,0.0000,0.0000,0.0000,-0.0000,0.0000,0.0000,0.0000
34.596,0.0000,0.0000,0.0000,-0.0000,0.0000,0.0000,0.0000
34.608,0.0000,0.0000,0.0000,-0.0000,0.0000,0.0000,0.0000
34.620,0.0000,0.0000,0.0000,-0.0000,0.0000,0.0000,0.0000
34.632,0.0000,0.0000,0.0000,-0.0000,0.0000,0.0000,0.0000
34.644,0.0000,0.0000,0.0000,-0.0000,0.0000,0.0000,0.0000
34.656,0.0000,0.0000,0.0000,-0.0000,0.0000,0.0000,0.0000
34.668,0.0000,0.0000,0.0000,-0.0000,0.0000,0.0000,0.0000
34.680,0.0000,0.0000,0.0000,-0.0000,0.0000,0.0000,0.0000
34.692,0.0000,0.0000,0.0000,-0.0000,0.0000,0.0000,0.0000
34.704,0.0000,0.0000,0.0000,-0.0000,0.0000,0.0000,0.0000
34.716,0.0000,0.0000,0.0000,-0.0000,0.0000,0.0000,0.0000
34.728,0.0000,0.0000,0.0000,-0.0000,0.0000,0.0000,0.0000
34.740,0.0000,0.0000,0.0000,-0.0000,0.0000,0.0000,0.0000
34.752,0.0000,0.0000,0.0000,-0.0000,0.0000,0.0000,0.0000
34.764,0.0000,0.0000,0.0000,-0.0000,0.0000,0.0000,0.0000
34.776,0.0000,0.0000,0.0000,-0.0000,0.0000,0.0000,0.0000
34.788,0.0000,0.0000,0.0000,-0.0000,0.0000,0.0000,0.0000
34.800,0.0000,0.0000,0.0000,-0.0000,0.0000,0.0000,0.0000
34.812,0.0000,0.0000,0.0000,-0.0000,0.0000,0.0000,0.0000
34.824,0.0000,0.0000,0.0000,-0.0000,0.0000,0.0000,0.0000
34.836,0.0000,0.0000,0.0000,-0.0000,0.0000,0.0000,0.0000
34.848,0.0000,0.0000,0.0000,-0.0000,0.0000,0.0000,0.0000
34.860,0.0000,0.0000,0.0000,-0.0000,0.0000,0.0000,0.0000
34.872,0.0000,0.0000,0.0000,-0.0000,0.0000,0.0000,0.0000
34.884,0.0000,0.0000,0.0000,-0.0000,0.0000,0.0000,0.0000
34.896,0.0000,0.0000,0.0000,-0.0000,0.0000,0.0000,0.0000
34.908,0.0000,0.0000,0.0000,-0.0000,0.0000,0.0000,0.0000
34.920,0.0000,0.0000,0.0000,-0.0000,0.0000,0.0000,0.0000
34.932,0.0000,0.0000,0.0000,-0.0000,0.0000,0.0000,0.0000
34.944,0.0000,0.0000,0.0000,-0.0000,0.0000,0.0000,0.0000
34.956,0.0000,0.0000,0.0000,-0.0000,0.0000,0.0000,0.0000
34.968,0.0000,0.0000,0.0000,-0.0000,0.0000,0.0000,0.0000
34.980,0.0000,0.0000,0.0000,-0.0000,0.0000,0.0000,0.0000
34.992,0.0000,0.0000,0.0000,-0.0000,0.0000,0.0000,0.0000
35.004,0.0000,0.0000,0.0000,-0.0000,0.0000,0.0000,0.0000
35.016,0.0000,0.0000,0.0000,-0.0000,0.0000,0.0000,0.0000
35.028,0.0000,0.0000,0.0000,-0.0000,0.0000,0.0000,0.0000
35.040,0.0000,0.0000,0.0000,-0.0000,0.0000,0.0000,0.0000
35.052,0.0000,0.0000,0.0000,-0.0000,0.0000,0.0000,0.0000
35.064,0.0000,0.0000,0.0000,-0.0000,0.0000,0.0000,0.0000
35.076,0.0000,0.0000,0.0000,-0.0000,0.0000,0.0000,0.0000
35.088,0.0000,0.0000,0.0000,-0.0000,0.0000,0.0000,0.0000
35.100,0.0000,0.0000,0.0000,-0.0000,0.0000,0.0000,0.0000
35.112,0.0000,0.0000,0.0000,-0.0000,0.0000,0.0000,0.0000
35.124,0.0000,0.0000,0.0000,-0.0000,0.0000,0.0000,0.0000
35.136,0.0000,0.0000,0.0000,-0.0000,0.0000,0.0000,0.0000
35.148,0.0000,0.0000,0.0000,-0.0000,0.0000,0.0000,0.0000
35.160,0.0000,0.0000,0.0000,-0.0000,0.0000,0.0000,0.0000
35.172,0.0000,0.0000,0.0000,-0.0000,0.0000,0.0000,0.0000
35.184,0.0000,0.0000,0.0000,-0.0000,0.0000,0.0000,0.0000
35.196,0.0000,0.0000,0.0000,-0.0000,0.0000,0.0000,0.0000
35.208,-0.0000,0.0001,0.0001,0.0000,0.0010,0.0000,0.0000
35.220,-0.0000,0.0002,0.0002,0.0000,0.0029,0.0000,0.0000
35.232,-0.0000,0.0003,0.0004,0.0000,0.0056,0.0000,0.0000
35.244,-0.0000,0.0005,0.0006,0.0000,0.0089,0.0000,0.0000
35.256,-0.0000,0.0008,0.0009,0.0000,0.0129,0.0000,0.0000
35.268,-0.0000,0.0010,0.0012,0.0000,0.0174,0.0000,0.0000
35.280,-0.0000,0.0013,0.0015,0.0000,0.0224,0.0000,0.0000
35.292,-0.0000,0.0016,0.0019,0.0000,0.0278,0.0000,-0.0000
35.304,-0.0000,0.0020,0.0023,0.0000,0.0335,0.0000,-0.0000
35.316,-0.0000,0.0023,0.0027,0.0000,0.0396,0.0000,-0.0000
35.328,-0.0000,0.0027,0.0031,0.0000,0.0459,0.0000,-0.0000
35.340,-0.0000,0.0031,0.0036,0.0000,0.0525,0.0000,-0.0000
35.352,-0.0000,0.0035,0.0040,0.0000,0.0593,0.0000,-0.0000
35.364,-0.0000,0.0039,0.0045,0.0000,0.0663,0.0000,-0.0000
35.376,-0.0000,0.0043,0.0050,0.0000,0.0735,0.0000,-0.0000
35.388,-0.0000,0.0048,0.0055,0.0000,0.0808,0.0000,-0.0000
35.400,-0.0000,0.0052,0.0060,0.0000,0.0883,0.0000,-0.0000
35.412,-0.0000,0.0057,0.0065,0.0000,0.0958,0.0000,-0.0000
35.424,-0.0000,0.0061,0.0070,0.0000,0.1035,0.0000,-0.0000
35.436,-0.0000,0.0066,0.0076,0.0000,0.1112,0.0000,-0.0000
35.448,-0.0000,0.0070,0.0081,0.0000,0.1191,0.0000,-0.0000
35.460,-0.0000,0.0075,0.0086,0.0000,0.1270,0.0000,-0.0000
35.472,-0.0000,0.0080,0.0092,0.0000,0.1349,0.0000,-0.0000
35.484,-0.0000,0.0084,0.0097,0.0000,0.1429,0.0000,-0.0000
35.496,-0.0000,0.0089,0.0103,0.0000,0.1510,0.0000,-0.0000
35.508,-0.0000,0.0094,0.0108,0.0000,0.1591,0.0000,-0.0000
35.520,-0.0000,0.0099,0.0114,0.0000,0.1672,0.0000,-0.0000
35.532,-0.0000,0.0104,0.0119,0.0000,0.1754,0.0000,-0.0000
35.544,-0.0000,0.0109,0.0125,0.0000,0.1836,0.0000,-0.0000
35.556,-0.0000,0.0113,0.0130,0.0000,0.1918,0.0000,-0.0000
35.568,-0.0000,0.0118,0.0136,0.0000,0.2001,0.0000,-0.0000
35.580,-0.0000,0.0123,0.0142,0.0000,0.2084,0.0000,-0.0000
35.592,-0.0000,0.0128,0.0147,0.0000,0.2166,0.0000,-0.0000
35.604,-0.0000,0.0133,0.0153,0.0000,0.2249,0.0000,-0.0000
35.616,-0.0000,0.0138,0.0159,0.0000,0.2332,0.0000,-0.0000
35.628,-0.0000,0.0143,0.0164,0.0000,0.2416,0.0000,-0.0000
35.640,-0.0000,0.0148,0.0170,0.0000,0.2499,0.0000,-0.0000
35.652,-0.0000,0.0153,0.0175,0.0000,0.2582,0.0000,-0.0000
35.664,-0.0000,0.0158,0.0181,0.0000,0.2666,0.0000,-0.0000
35.676,-0.0000,0.0162,0.0187,0.0000,0.2749,0.0000,-0.0000
35.688,-0.0000,0.0167,0.0193,0.0000,0.2833,0.0000,-0.0000
35.700,-0.0000,0.0172,0.0198,0.0000,0.2917,0.0000,-0.0000
35.712,-0.0000,0.0177,0.0204,0.0000,0.3000,0.0000,-0.0000
35.724,-0.0000,0.0182,0.0210,0.0000,0.3084,0.0000,-0.0000
35.736,-0.0000,0.0187,0.0215,0.0000,0.3168,0.0000,-0.0000
35.748,-0.0000,0.0192,0.0221,0.0000,0.3252,0.0000,-0.0000
35.760,-0.0000,0.0197,0.0227,0.0000,0.3335,0.0000,-0.0000
35.772,-0.0000,0.0202,0.0232,0.0000,0.3419,0.0000,-0.0000
35.784,-0.0000,0.0207,0.0238,0.0000,0.3503,0.0000,-0.0000
35.796,-0.0000,0.0212,0.0244,0.0000,0.3587,0.0000,-0.0000
35.808,-0.0000,0.0217,0.0249,0.0000,0.3671,0.0000,-0.0000
35.820,-0.0000,0.0222,0.0255,0.0000,0.3755,0.0000,-0.0000
35.832,-0.0000,0.0227,0.0261,0.0000,0.3839,0.0000,-0.0000
35.844,-0.0000,0.0232,0.0267,0.0000,0.3923,0.0000,-0.0000
35.856,-0.0000,0.0237,0.0272,0.0000,0.4007,0.0000,-0.0000
35.868,-0.0000,0.0242,0.0278,0.0000,0.4091,0.0000,-0.0000
35.880,-0.0000,0.0247,0.0284,0.0000,0.4175,0.0000,-0.0000
35.892,-0.0000,0.0252,0.0289,0.0000,0.4259,0.0000,-0.0000
35.904,-0.0000,0.0257,0.0295,0.0000,0.4343,0.0000,-0.0000
35.916,-0.0000,0.0262,0.0301,0.0000,0.4427,0.0000,-0.0000
35.928,-0.0000,0.0267,0.0307,0.0000,0.4511,0.0000,-0.0000
35.940,-0.0000,0.0272,0.0312,0.0000,0.4595,0.0000,-0.0000
35.952,-0.0000,0.0277,0.0318,0.0000,0.4679,0.0000,-0.0000
35.964,-0.0000,0.0281,0.0324,0.0000,0.4763,0.0000,-0.0000
35.976,-0.0000,0.0286,0.0329,0.0000,0.4847,0.0000,-0.0000
35.988,-0.0000,0.0291,0.0335,0.0000,0.4931,0.0000,-0.0000
36.000,-0.0000,0.0296,0.0341,0.0000,0.5015,0.0000,-0.0000
36.012,-0.0000,0.0301,0.0347,0.0000,0.5099,0.0000,-0.0000
36.024,-0.0000,0.0306,0.0352,0.0000,0.5183,0.0000,-0.0000
36.036,-0.0000,0.0311,0.0358,0.0000,0.5267,0.0000,-0.0000
36.048,-0.0000,0.0316,0.0364,0.0000,0.5351,0.0000,-0.0000
36.060,-0.0000,0.0321,0.0369,0.0000,0.5435,0.0000,-0.0000
36.072,-0.0000,0.0326,0.0375,0.0000,0.5519,0.0000,-0.0000
36.084,-0.0000,0.0331,0.0381,0.0000,0.5603,0.0000,-0.0000
36.096,-0.0000,0.0336,0.0387,0.0000,0.5687,0.0000,-0.0000
36.108,-0.0000,0.0341,0.0392,0.0000,0.5771,0.0000,-0.0000
36.120,-0.0000,0.0346,0.0398,0.0000,0.5855,0.0000,-0.0000
36.132,-0.0000,0.0351,0.0404,0.0000,0.5939,0.0000,-0.0000
36.144,-0.0000,0.0356,0.0409,0.0000,0.6023,0.0000,-0.0000
36.156,-0.0000,0.0361,0.0415,0.0000,0.6108,0.0000,-0.0000
36.168,-0.0000,0.0366,0.0421,0.0000,0.6192,0.0000,-0.0000
36.180,-0.0000,0.0371,0.0427,0.0000,0.6276,0.0000,-0.0000
36.192,-0.0000,0.0376,0.0432,0.0000,0.6360,0.0000,-0.0000
36.204,-0.0000,0.0381,0.0438,0.0000,0.6444,0.0000,-0.0000
36.216,-0.0000,0.0386,0.0444,0.0000,0.6528,0.0000,-0.0000
36.228,-0.0000,0.0391,0.0449,0.0000,0.6612,0.0000,-0.0000
36.240,-0.0000,0.0396,0.0455,0.0000,0.6696,0.0000,-0.0000
36.252,-0.0000,0.0401,0.0461,0.0000,0.6780,0.0000,-0.0000
36.264,-0.0000,0.0406,0.0466,0.0000,0.6864,0.0000,-0.0000
36.276,-0.0000,0.0411,0.0472,0.0000,0.6948,0.0000,-0.0000
36.288,-0.0000,0.0416,0.0478,0.0000,0.7032,0.0000,-0.0000
36.300,-0.0000,0.0421,0.0484,0.0000,0.7116,0.0000,-0.0000
36.312,-0.0000,0.0426,0.0489,0.0000,0.7200,0.0000,-0.0000
36.324,-0.0000,0.0431,0.0495,0.0000,0.7284,0.0000,-0.0000
36.336,-0.0000,0.0435,0.0501,0.0000,0.7368,0.0000,-0.0000
36.348,-0.0000,0.0440,0.0506,0.0000,0.7452,0.0000,-0.0000
36.360,-0.0000,0.0445,0.0512,0.0000,0.7536,0.0000,-0.0000
36.372,-0.0000,0.0450,0.0518,0.0000,0.7620,0.0000,-0.0000
36.384,-0.0000,0.0455,0.0524,0.0000,0.7704,0.0000,-0.0000
36.396,-0.0000,0.0460,0.0529,0.0000,0.7788,0.0000,-0.0000
36.408,-0.0000,0.0465,0.0535,0.0000,0.7873,0.0000,-0.0000
36.420,-0.0000,0.0470,0.0541,0.0000,0.7957,0.0000,-0.0000
36.432,-0.0000,0.0475,0.0546,0.0000,0.8041,0.0000,-0.0000
36.444,-0.0000,0.0480,0.0552,0.0000,0.8125,0.0000,-0.0000
36.456,-0.0000,0.0485,0.0558,0.0000,0.8209,0.0000,-0.0000
36.468,-0.0000,0.0490,0.0564,0.0000,0.8293,0.0000,-0.0000
36.480,-0.0000,0.0495,0.0569,0.0000,0.8377,0.0000,-0.0000
36.492,-0.0000,0.0500,0.0575,0.0000,0.8461,0.0000,-0.0000
36.504,-0.0000,0.0505,0.0581,0.0000,0.8545,0.0000,-0.0000
36.516,-0.0000,0.0510,0.0586,0.0000,0.8629,0.0000,-0.0000
36.528,-0.0000,0.0515,0.0592,0.0000,0.8713,0.0000,-0.0000
36.540,-0.0000,0.0520,0.0598,0.0000,0.8797,0.0000,-0.0000
36.552,-0.0000,0.0525,0.0604,0.0000,0.8881,0.0000,-0.0000
36.564,-0.0000,0.0530,0.0609,0.0000,0.8965,0.0000,-0.0000
36.576,-0.0000,0.0535,0.0615,0.0000,0.9049,0.0000,-0.0000
36.588,-0.0000,0.0540,0.0621,0.0000,0.9133,0.0000,-0.0000
36.600,-0.0000,0.0545,0.0626,0.0000,0.9217,0.0000,-0.0000
36.612,-0.0000,0.0550,0.0632,0.0000,0.9301,0.0000,-0.0000
36.624,-0.0000,0.0555,0.0638,0.0000,0.9385,0.0000,-0.0000
36.636,-0.0000,0.0560,0.0644,0.0000,0.9469,0.0000,-0.0000
36.648,-0.0000,0.0565,0.0649,0.0000,0.9553,0.0000,-0.0000
36.660,-0.0000,0.0570,0.0655,0.0000,0.9638,0.0000,-0.0000
36.672,-0.0000,0.0575,0.0661,0.0000,0.9722,0.0000,-0.0000
36.684,-0.0000,0.0580,0.0666,0.0000,0.9806,0.0000,-0.0000
36.696,-0.0000,0.0584,0.0672,0.0000,0.9890,0.0000,-0.0000
36.708,-0.0000,0.0589,0.0678,0.0000,0.9974,0.0000,-0.0000
36.720,-0.0000,0.0594,0.0684,0.0000,1.0058,0.0000,-0.0000
36.732,-0.0000,0.0599,0.0689,0.0000,1.0142,0.0000,-0.0000
36.744,-0.0000,0.0604,0.0695,0.0000,1.0226,0.0000,-0.0000
36.756,-0.0000,0.0609,0.0701,0.0000,1.0310,0.0000,-0.0000
36.768,-0.0000,0.0614,0.0706,0.0000,1.0394,0.0000,-0.0000
36.780,-0.0000,0.0619,0.0712,0.0000,1.0478,0.0000,-0.0000
36.792,-0.0000,0.0624,0.0718,0.0000,1.0562,0.0001,-0.0000
36.804,-0.0000,0.0629,0.0724,0.0000,1.0646,0.0001,-0.0000
36.816,-0.0000,0.0634,0.0729,0.0000,1.0730,0.0001,-0.0000
36.828,-0.0000,0.0639,0.0735,0.0000,1.0814,0.0001,-0.0000
36.840,-0.0000,0.0644,0.0741,0.0000,1.0898,0.0001,-0.0000
36.852,-0.0000,0.0649,0.0746,0.0000,1.0982,0.0001,-0.0000
36.864,-0.0000,0.0654,0.0752,0.0000,1.1066,0.0001,-0.0000
36.876,-0.0000,0.0659,0.0758,0.0000,1.1150,0.0001,-0.0000
36.888,-0.0000,0.0664,0.0764,0.0000,1.1234,0.0001,-0.0000
36.900,-0.0000,0.0669,0.0769,0.0000,1.1319,0.0001,-0.0000
36.912,-0.0000,0.0674,0.0775,0.0000,1.1403,0.0001,-0.0000
36.924,-0.0000,0.0679,0.0781,0.0000,1.1487,0.0001,-0.0000
36.936,-0.0000,0.0684,0.0786,0.0000,1.1571,0.0001,-0.0000
36.948,-0.0000,0.0689,0.0792,0.0000,1.1655,0.0001,-0.0000
36.960,-0.0000,0.0694,0.0798,0.0000,1.1739,0.0001,-0.0000
36.972,-0.0000,0.0699,0.0803,0.0000,1.1823,0.0001,-0.0000
36.984,-0.0000,0.0704,0.0809,0.0000,1.1907,0.0001,-0.0000
36.996,-0.0000,0.0709,0.0815,0.0000,1.1991,0.0001,-0.0000
37.008,-0.0000,0.0714,0.0821,0.0000,1.2075,0.0001,-0.0000
37.020,-0.0000,0.0719,0.0826,0.0000,1.2159,0.0001,-0.0000
37.032,-0.0000,0.0724,0.0832,0.0000,1.2243,0.0001,-0.0000
37.044,-0.0000,0.0729,0.0838,0.0000,1.2327,0.0001,-0.0000
37.056,-0.0000,0.0734,0.0843,0.0000,1.2411,0.0001,-0.0000
37.068,-0.0000,0.0738,0.0849,0.0000,1.2495,0.0001,-0.0000
37.080,-0.0000,0.0743,0.0855,0.0000,1.2579,0.0001,-0.0000
37.092,-0.0000,0.0748,0.0861,0.0000,1.2663,0.0001,-0.0000
37.104,-0.0000,0.0753,0.0866,0.0000,1.2747,0.0001,-0.0000
37.116,-0.0000,0.0758,0.0872,0.0000,1.2831,0.0001,-0.0000
37.128,-0.0000,0.0763,0.0878,0.0000,1.2915,0.0001,-0.0000
37.140,-0.0000,0.0768,0.0883,0.0000,1.2999,0.0001,-0.0000
37.152,-0.0000,0.0773,0.0889,0.0000,1.3084,0.0001,-0.0000
37.164,-0.0000,0.0778,0.0895,0.0000,1.3168,0.0001,-0.0000
37.176,-0.0000,0.0783,0.0901,0.0000,1.3252,0.0001,-0.0000
37.188,-0.0000,0.0788,0.0906,0.0000,1.3336,0.0001,-0.0000
37.200,-0.0000,0.0793,0.0912,0.0000,1.3416,0.0001,-0.0000
37.212,-0.0000,0.0797,0.0917,0.0000,1.3487,0.0001,-0.0000
37.224,-0.0000,0.0801,0.0921,0.0000,1.3550,0.0001,-0.0000
37.236,-0.0000,0.0804,0.0925,0.0000,1.3605,0.0001,-0.0000
37.248,-0.0000,0.0807,0.0928,0.0000,1.3653,0.0001,-0.0000
37.260,-0.0000,0.0809,0.0931,0.0000,1.3696,0.0001,-0.0000
37.272,-0.0000,0.0812,0.0933,0.0000,1.3733,0.0001,-0.0000
37.284,-0.0000,0.0814,0.0936,0.0000,1.3766,0.0001,-0.0000
37.296,-0.0000,0.0815,0.0938,0.0000,1.3795,0.0001,-0.0000
37.308,-0.0000,0.0817,0.0939,0.0000,1.3821,0.0001,-0.0000
37.320,-0.0000,0.0818,0.0941,0.0000,1.3843,0.0001,-0.0000
37.332,-0.0000,0.0819,0.0942,0.0000,1.3863,0.0001,-0.0000
37.344,-0.0000,0.0820,0.0943,0.0000,1.3880,0.0001,-0.0000
37.356,-0.0000,0.0820,0.0943,0.0000,1.3880,0.0001,-0.0000
37.368,-0.0000,0.0822,0.0947,0.0000,1.3875,0.0001,-0.0000
37.380,-0.0000,0.0826,0.0953,0.0000,1.3866,0.0001,-0.0000
37.392,-0.0000,0.0831,0.0962,0.0000,1.3852,0.0001,-0.0000
37.404,-0.0000,0.0838,0.0973,0.0000,1.3835,0.0001,-0.0000
37.416,-0.0000,0.0845,0.0986,0.0000,1.3815,0.0001,-0.0000
37.428,-0.0000,0.0854,0.1001,0.0000,1.3792,0.0001,-0.0000
37.440,-0.0000,0.0864,0.1018,0.0000,1.3767,0.0001,-0.0000
37.452,-0.0000,0.0874,0.1036,0.0000,1.3739,0.0001,-0.0000
37.464,-0.0000,0.0885,0.1055,0.0000,1.3710,0.0001,-0.0000
37.476,-0.0000,0.0897,0.1075,0.0000,1.3679,0.0001,-0.0000
37.488,-0.0000,0.0909,0.1096,0.0000,1.3647,0.0000,-0.0000
37.500,-0.0000,0.0922,0.1118,0.0000,1.3613,0.0000,-0.0000
37.512,-0.0000,0.0935,0.1141,0.0000,1.3579,0.0000,-0.0000
37.524,-0.0000,0.0948,0.1164,0.0000,1.3543,0.0000,-0.0000
37.536,-0.0000,0.0962,0.1188,0.0000,1.3506,0.0000,-0.0000
37.548,-0.0000,0.0976,0.1213,0.0000,1.3469,0.0000,-0.0000
37.560,-0.0000,0.0991,0.1238,0.0000,1.3431,0.0000,-0.0000
37.572,-0.0000,0.1005,0.1263,0.0000,1.3393,0.0000,-0.0000
37.584,-0.0000,0.1020,0.1288,0.0000,1.3354,0.0000,-0.0000
37.596,-0.0000,0.1035,0.1314,0.0000,1.3314,0.0000,-0.0000
37.608,-0.0000,0.1050,0.1340,0.0000,1.3274,0.0000,-0.0000
37.620,-0.0000,0.1065,0.1367,0.0000,1.3234,0.0000,-0.0000
37.632,-0.0000,0.1081,0.1393,0.0000,1.3194,0.0000,-0.0000
37.644,-0.0000,0.1096,0.1420,0.0000,1.3153,0.0000,-0.0000
37.656,-0.0000,0.1112,0.1447,0.0000,1.3112,0.0000,-0.0000
37.668,-0.0000,0.1127,0.1474,0.0000,1.3071,0.0000,-0.0000
37.680,-0.0000,0.1143,0.1501,0.0000,1.3029,0.0000,-0.0000
37.692,-0.0000,0.1159,0.1528,0.0000,1.2988,0.0000,-0.0000
37.704,-0.0000,0.1175,0.1555,0.0000,1.2946,-0.0000,-0.0000
37.716,-0.0000,0.1190,0.1583,0.0000,1.2904,-0.0000,-0.0000
37.728,-0.0000,0.1206,0.1610,0.0000,1.2862,-0.0000,-0.0000
37.740,-0.0000,0.1222,0.1638,0.0000,1.2820,-0.0000,-0.0000
37.752,-0.0000,0.1238,0.1665,0.0000,1.2778,-0.0000,-0.0000
37.764,-0.0000,0.1254,0.1693,0.0000,1.2736,-0.0000,-0.0000
37.776,-0.0000,0.1270,0.1721,0.0000,1.2693,-0.0000,-0.0000
37.788,-0.0000,0.1286,0.1748,0.0000,1.2651,-0.0000,-0.0000
37.800,-0.0000,0.1302,0.1776,0.0000,1.2609,-0.0000,-0.0000
37.812,-0.0000,0.1319,0.1804,0.0000,1.2566,-0.0000,-0.0000
37.824,-0.0000,0.1335,0.1832,0.0000,1.2524,-0.0000,-0.0000
37.836,-0.0000,0.1351,0.1860,0.0000,1.2481,-0.0000,-0.0000
37.848,-0.0000,0.1367,0.1888,0.0000,1.2439,-0.0000,-0.0000
37.860,-0.0000,0.1383,0.1915,0.0000,1.2396,-0.0000,-0.0000
37.872,-0.0000,0.1399,0.1943,0.0000,1.2354,-0.0000,-0.0000
37.884,-0.0000,0.1415,0.1971,0.0000,1.2311,-0.0000,-0.0000
37.896,-0.0000,0.1431,0.1999,0.0000,1.2268,-0.0001,-0.0000
37.908,0.0000,0.1448,0.2027,0.0000,1.2226,-0.0001,-0.0000
37.920,0.0000,0.1464,0.2055,0.0000,1.2183,-0.0001,-0.0000
37.932,0.0000,0.1480,0.2083,0.0000,1.2140,-0.0001,-0.0000
37.944,0.0000,0.1496,0.2111,0.0000,1.2098,-0.0001,-0.0000
37.956,0.0000,0.1512,0.2139,0.0000,1.2055,-0.0001,-0.0000
37.968,0.0000,0.1529,0.2167,0.0000,1.2012,-0.0001,-0.0000
37.980,0.0000,0.1545,0.2195,0.0000,1.1970,-0.0001,-0.0000
37.992,0.0000,0.1561,0.2223,0.0000,1.1927,-0.0001,-0.0000
38.004,0.0000,0.1577,0.2251,0.0000,1.1884,-0.0001,-0.0000
38.016,0.0000,0.1593,0.2279,0.0000,1.1841,-0.0001,-0.0000
38.028,0.0000,0.1610,0.2307,0.0000,1.1799,-0.0001,-0.0000
38.040,0.0000,0.1626,0.2335,0.0000,1.1756,-0.0001,-0.0000
38.052,0.0000,0.1642,0.2363,0.0000,1.1713,-0.0001,-0.0000
38.064,0.0000,0.1658,0.2391,0.0000,1.1670,-0.0001,-0.0000
38.076,0.0000,0.1674,0.2419,0.0000,1.1628,-0.0001,-0.0000
38.088,0.0000,0.1691,0.2447,0.0000,1.1585,-0.0001,-0.0000
38.100,0.0000,0.1707,0.2475,0.0000,1.1542,-0.0001,-0.0000
38.112,0.0000,0.1723,0.2503,0.0000,1.1499,-0.0001,-0.0000
38.124,0.0000,0.1739,0.2531,0.0000,1.1457,-0.0001,-0.0000
38.136,0.0000,0.1755,0.2559,0.0000,1.1414,-0.0001,-0.0000
38.148,0.0000,0.1772,0.2587,0.0000,1.1371,-0.0001,-0.0000
38.160,0.0000,0.1788,0.2615,0.0000,1.1328,-0.0001,-0.0000
38.172,0.0000,0.1804,0.2643,0.0000,1.1286,-0.0001,-0.0000
38.184,0.0000,0.1820,0.2671,0.0000,1.1243,-0.0001,-0.0000
38.196,0.0000,0.1836,0.2699,0.0000,1.1200,-0.0001,-0.0000
38.208,0.0000,0.1853,0.2727,0.0000,1.1157,-0.0001,-0.0000
38.220,0.0000,0.1869,0.2755,0.0000,1.1114,-0.0001,-0.0000
38.232,0.0000,0.1885,0.2783,0.0000,1.1072,-0.0001,-0.0000
38.244,0.0000,0.1901,0.2811,0.0000,1.1029,-0.0001,-0.0000
38.256,0.0000,0.1918,0.2839,0.0000,1.0986,-0.0001,-0.0000
38.268,0.0000,0.1934,0.2867,0.0000,1.0943,-0.0001,-0.0000
38.280,0.0000,0.1950,0.2895,0.0000,1.0901,-0.0001,-0.0000
38.292,0.0000,0.1966,0.2923,0.0000,1.0858,-0.0002,-0.0000
38.304,0.0000,0.1982,0.2951,0.0000,1.0815,-0.0002,-0.0000
38.316,0.0000,0.1999,0.2979,0.0000,1.0772,-0.0002,-0.0000
38.328,0.0000,0.2015,0.3007,0.0000,1.0730,-0.0002,-0.0000
38.340,0.0000,0.2031,0.3035,0.0000,1.0687,-0.0002,-0.0000
38.352,0.0000,0.2047,0.3063,0.0000,1.0644,-0.0002,-0.0000
38.364,0.0000,0.2063,0.3091,0.0000,1.0601,-0.0002,-0.0000
38.376,0.0000,0.2080,0.3119,0.0000,1.0558,-0.0002,-0.0000
38.388,0.0000,0.2096,0.3147,0.0000,1.0516,-0.0002,-0.0000
38.400,0.0000,0.2112,0.3175,0.0000,1.0473,-0.0002,-0.0000
38.412,0.0000,0.2128,0.3203,0.0000,1.0430,-0.0002,-0.0000
38.424,0.0000,0.2145,0.3231,0.0000,1.0387,-0.0002,-0.0000
38.436,0.0000,0.2161,0.3259,0.0000,1.0345,-0.0002,-0.0000
38.448,0.0000,0.2177,0.3287,0.0000,1.0302,-0.0002,-0.0000
38.460,0.0000,0.2193,0.3315,0.0000,1.0259,-0.0002,-0.0000
38.472,0.0000,0.2209,0.3343,0.0000,1.0216,-0.0002,-0.0000
38.484,0.0000,0.2226,0.3371,0.0000,1.0174,-0.0002,-0.0000
38.496,0.0000,0.2242,0.3399,0.0000,1.0131,-0.0002,-0.0000
38.508,0.0000,0.2258,0.3427,0.0000,1.0088,-0.0002,-0.0000
38.520,0.0000,0.2274,0.3455,0.0000,1.0045,-0.0002,-0.0000
38.532,0.0000,0.2290,0.3483,0.0000,1.0002,-0.0002,-0.0000
38.544,0.0000,0.2307,0.3511,0.0000,0.9960,-0.0002,-0.0000
38.556,0.0000,0.2323,0.3539,0.0000,0.9917,-0.0002,-0.0000
38.568,0.0000,0.2337,0.3564,0.0000,0.9879,-0.0002,-0.0000
38.580,0.0000,0.2350,0.3585,0.0000,0.9846,-0.0002,-0.0000
38.592,0.0000,0.2361,0.3605,0.0000,0.9817,-0.0002,-0.0000
38.604,0.0000,0.2371,0.3621,0.0000,0.9791,-0.0002,-0.0000
38.616,0.0000,0.2379,0.3636,0.0000,0.9769,-0.0002,-0.0000
38.628,0.0000,0.2387,0.3649,0.0000,0.9749,-0.0002,-0.0000
38.640,0.0000,0.2393,0.3661,0.0000,0.9731,-0.0002,-0.0000
38.652,0.0000,0.2399,0.3671,0.0000,0.9716,-0.0002,-0.0000
38.664,0.0000,0.2404,0.3680,0.0000,0.9702,-0.0002,-0.0005
38.676,0.0000,0.2409,0.3687,0.0000,0.9691,-0.0002,-0.0015
38.688,0.0000,0.2413,0.3694,0.0000,0.9680,-0.0002,-0.0029
38.700,0.0000,0.2416,0.3700,0.0000,0.9671,-0.0002,-0.0047
38.712,0.0000,0.2419,0.3706,0.0000,0.9663,-0.0002,-0.0068
38.724,0.0000,0.2422,0.3710,0.0000,0.9656,-0.0002,-0.0091
38.736,0.0000,0.2424,0.3714,0.0000,0.9649,-0.0002,-0.0117
38.748,0.0000,0.2426,0.3718,0.0000,0.9644,-0.0002,-0.0145
38.760,0.0000,0.2428,0.3721,0.0000,0.9639,-0.0002,-0.0175
38.772,0.0000,0.2430,0.3724,0.0000,0.9635,-0.0002,-0.0207
38.784,0.0000,0.2431,0.3726,0.0000,0.9631,-0.0002,-0.0240
38.796,0.0000,0.2433,0.3729,0.0000,0.9628,-0.0002,-0.0275
38.808,0.0000,0.2434,0.3731,0.0000,0.9625,-0.0002,-0.0311
38.820,0.0000,0.2435,0.3732,0.0000,0.9622,-0.0002,-0.0347
38.832,0.0000,0.2436,0.3734,0.0000,0.9620,-0.0002,-0.0385
38.844,0.0000,0.2436,0.3735,0.0000,0.9618,-0.0002,-0.0423
38.856,0.0000,0.2437,0.3736,0.0000,0.9616,-0.0002,-0.0462
38.868,0.0000,0.2438,0.3737,0.0000,0.9615,-0.0002,-0.0502
38.880,0.0000,0.2438,0.3738,0.0000,0.9613,-0.0002,-0.0542
38.892,0.0000,0.2438,0.3739,0.0000,0.9612,-0.0002,-0.0582
38.904,0.0000,0.2439,0.3740,0.0000,0.9611,-0.0002,-0.0623
38.916,0.0000,0.2439,0.3740,0.0000,0.9610,-0.0002,-0.0665
38.928,0.0000,0.2440,0.3741,0.0000,0.9609,-0.0002,-0.0706
38.940,0.0000,0.2440,0.3741,0.0000,0.9608,-0.0002,-0.0748
38.952,0.0000,0.2440,0.3742,0.0000,0.9608,-0.0002,-0.0791
38.964,0.0000,0.2440,0.3742,0.0000,0.9607,-0.0002,-0.0833
38.976,0.0000,0.2440,0.3742,0.0000,0.9607,-0.0002,-0.0876
38.988,0.0000,0.2441,0.3742,0.0000,0.9606,-0.0002,-0.0918
39.000,0.0000,0.2441,0.3743,0.0000,0.9606,-0.0002,-0.0961
39.012,0.0000,0.2441,0.3743,0.0000,0.9606,-0.0002,-0.1004
39.024,0.0000,0.2441,0.3743,0.0000,0.9605,-0.0002,-0.1047
39.036,0.0000,0.2441,0.3743,0.0000,0.9605,-0.0002,-0.1091
39.048,0.0000,0.2441,0.3743,0.0000,0.9605,-0.0002,-0.1134
39.060,0.0000,0.2441,0.3744,0.0000,0.9605,-0.0002,-0.1178
39.072,0.0000,0.2441,0.3744,0.0000,0.9604,-0.0002,-0.1265
39.084,0.0000,0.2441,0.3744,0.0000,0.9604,-0.0002,-0.1265
39.096,0.0000,0.2441,0.3744,0.0000,0.9604,-0.0002,-0.1308
39.108,0.0000,0.2441,0.3744,0.0000,0.9604,-0.0002,-0.1352
39.120,0.0000,0.2442,0.3744,0.0000,0.9604,-0.0002,-0.1396
39.132,0.0000,0.2442,0.3744,0.0000,0.9604,-0.0002,-0.1439
39.144,0.0000,0.2442,0.3744,0.0000,0.9604,-0.0002,-0.1483
39.156,0.0000,0.2442,0.3744,0.0000,0.9604,-0.0002,-0.1527
39.168,0.0000,0.2442,0.3744,0.0000,0.9604,-0.0002,-0.1571
39.180,0.0000,0.2442,0.3744,0.0000,0.9604,-0.0002,-0.1614
39.192,0.0000,0.2442,0.3744,0.0000,0.9604,-0.0002,-0.1658
39.204,0.0000,0.2442,0.3744,0.0000,0.9604,-0.0002,-0.1702
39.216,0.0000,0.2442,0.3744,0.0000,0.9604,-0.0002,-0.1746
39.228,0.0000,0.2442,0.3744,0.0000,0.9603,-0.0002,-0.1790
39.240,0.0000,0.2442,0.3744,0.0000,0.9603,-0.0002,-0.1834
39.252,0.0000,0.2442,0.3744,0.0000,0.9603,-0.0002,-0.1878
39.264,0.0000,0.2442,0.3744,0.0000,0.9603,-0.0002,-0.1922
39.276,0.0000,0.2442,0.3744,0.0000,0.9603,-0.0002,-0.1966
39.288,0.0000,0.2442,0.3744,0.0000,0.9603,-0.0002,-0.2010
39.300,0.0000,0.2442,0.3744,0.0000,0.9603,-0.0002,-0.2054
39.312,0.0000,0.2442,0.3744,0.0000,0.9603,-0.0002,-0.2098
39.324,0.0000,0.2442,0.3744,0.0000,0.9603,-0.0002,-0.2142
39.336,0.0000,0.2442,0.3745,0.0000,0.9603,-0.0002,-0.2186
39.348,0.0000,0.2438,0.3745,0.0000,0.9606,-0.0002,-0.2230
39.360,0.0000,0.2431,0.3745,0.0000,0.9611,-0.0002,-0.2274
39.372,0.0000,0.2424,0.3745,0.0000,0.9617,-0.0002,-0.2317
39.384,0.0000,0.2416,0.3745,0.0000,0.9623,-0.0002,-0.2361
39.396,0.0000,0.2408,0.3745,0.0000,0.9629,-0.0002,-0.2405
39.408,0.0000,0.2400,0.3745,0.0000,0.9635,-0.0002,-0.2449
39.420,0.0000,0.2392,0.3745,0.0000,0.9641,-0.0002,-0.2493
39.432,0.0000,0.2384,0.3745,0.0000,0.9647,-0.0002,-0.2537
39.444,0.0000,0.2377,0.3745,0.0000,0.9653,-0.0002,-0.2581
39.456,0.0000,0.2369,0.3745,0.0000,0.9659,-0.0002,-0.2625
39.468,0.0000,0.2361,0.3745,0.0000,0.9665,-0.0002,-0.2669
39.480,0.0000,0.2353,0.3745,0.0000,0.9671,-0.0002,-0.2713
39.492,0.0000,0.2345,0.3745,0.0000,0.9677,-0.0002,-0.2757
39.504,0.0000,0.2337,0.3745,0.0000,0.9683,-0.0002,-0.2801
39.516,0.0000,0.2329,0.3745,0.0000,0.9689,-0.0002,-0.2845
39.528,0.0000,0.2322,0.3745,0.0000,0.9695,-0.0002,-0.2889
39.540,0.0000,0.2314,0.3745,0.0000,0.9701,-0.0002,-0.2933
39.552,0.0000,0.2306,0.3745,0.0000,0.9707,-0.0002,-0.2977
39.564,0.0000,0.2298,0.3745,0.0000,0.9713,-0.0002,-0.3021
39.576,0.0000,0.2291,0.3745,0.0000,0.9719,-0.0002,-0.3065
39.588,0.0000,0.2283,0.3745,0.0000,0.9725,-0.0002,-0.3109
39.600,0.0000,0.2275,0.3745,0.0000,0.9731,-0.0002,-0.3153
39.612,0.0000,0.2268,0.3745,0.0000,0.9737,-0.0002,-0.3197
39.624,0.0000,0.2260,0.3745,0.0000,0.9743,-0.0002,-0.3241
39.636,0.0000,0.2252,0.3745,0.0000,0.9748,-0.0002,-0.3285
39.648,0.0000,0.2245,0.3745,0.0000,0.9754,-0.0002,-0.3329
39.660,0.0000,0.2237,0.3745,0.0000,0.9760,-0.0002,-0.3373
39.672,0.0000,0.2229,0.3745,0.0000,0.9766,-0.0002,-0.3417
39.684,0.0000,0.2222,0.3745,0.0000,0.9772,-0.0002,-0.3461
39.696,0.0000,0.2214,0.3745,0.0000,0.9777,-0.0002,-0.3505
39.708,0.0000,0.2207,0.3745,0.0000,0.9783,-0.0002,-0.3549
39.720,0.0000,0.2199,0.3745,0.0000,0.9789,-0.0002,-0.3593
39.732,0.0000,0.2192,0.3745,0.0000,0.9795,-0.0002,-0.3637
39.744,0.0000,0.2184,0.3745,0.0000,0.9800,-0.0002,-0.3681
39.756,0.0000,0.2177,0.3745,0.0000,0.9806,-0.0002,-0.3725
39.768,0.0000,0.2169,0.3745,0.0000,0.9812,-0.0002,-0.3769
39.780,0.0000,0.2162,0.3745,0.0000,0.9817,-0.0002,-0.3813
39.792,0.0000,0.2155,0.3745,0.0000,0.9823,-0.0002,-0.3857
39.804,0.0000,0.2147,0.3745,0.0000,0.9828,-0.0002,-0.3901
39.816,0.0000,0.2140,0.3745,0.0000,0.9834,-0.0002,-0.3945
39.828,0.0000,0.2133,0.3745,0.0000,0.9839,-0.0002,-0.3988
39.840,0.0000,0.2126,0.3745,0.0000,0.9845,-0.0002,-0.4032
39.852,0.0000,0.2119,0.3745,0.0000,0.9850,-0.0002,-0.4075
39.864,0.0000,0.2112,0.3745,0.0000,0.9855,-0.0002,-0.4114
39.876,0.0000,0.2106,0.3745,0.0000,0.9860,-0.0002,-0.4149
39.888,0.0000,0.2101,0.3745,0.0000,0.9864,-0.0002,-0.4179
39.900,0.0000,0.2099,0.3741,0.0000,0.9869,-0.0002,-0.4205
39.912,0.0000,0.2097,0.3735,0.0000,0.9878,-0.0002,-0.4229
39.924,0.0000,0.2093,0.3726,0.0000,0.9891,-0.0002,-0.4249
39.936,0.0000,0.2089,0.3715,0.0000,0.9907,-0.0002,-0.4267
39.948,0.0000,0.2083,0.3702,0.0000,0.9926,-0.0002,-0.4283
39.960,0.0000,0.2077,0.3687,0.0000,0.9948,-0.0002,-0.4297
39.972,0.0000,0.2069,0.3670,0.0000,0.9972,-0.0002,-0.4310
39.984,0.0000,0.2062,0.3652,0.0000,0.9999,-0.0002,-0.4320
39.996,0.0000,0.2053,0.3633,0.0000,1.0027,-0.0002,-0.4330
40.008,0.0000,0.2044,0.3613,0.0000,1.0057,-0.0002,-0.4338
40.020,0.0000,0.2035,0.3592,0.0000,1.0088,-0.0002,-0.4346
40.032,0.0000,0.2025,0.3570,0.0000,1.0120,-0.0002,-0.4352
40.044,0.0000,0.2015,0.3547,0.0000,1.0154,-0.0002,-0.4358
40.056,0.0000,0.2004,0.3524,0.0000,1.0188,-0.0002,-0.4363
40.068,0.0000,0.1993,0.3500,0.0000,1.0223,-0.0002,-0.4367
40.080,0.0000,0.1982,0.3476,0.0000,1.0259,-0.0002,-0.4371
40.092,0.0000,0.1971,0.3451,0.0000,1.0296,-0.0002,-0.4375
40.104,0.0000,0.1960,0.3426,0.0000,1.0333,-0.0002,-0.4378
40.116,0.0000,0.1948,0.3401,0.0000,1.0371,-0.0002,-0.4380
40.128,0.0000,0.1936,0.3375,0.0000,1.0409,-0.0002,-0.4383
40.140,0.0000,0.1925,0.3349,0.0000,1.0448,-0.0002,-0.4385
40.152,0.0000,0.1913,0.3323,0.0000,1.0487,-0.0002,-0.4387
40.164,0.0000,0.1901,0.3296,0.0000,1.0526,-0.0002,-0.4388
40.176,0.0000,0.1888,0.3270,0.0000,1.0566,-0.0002,-0.4390
40.188,0.0000,0.1876,0.3243,0.0000,1.0605,-0.0002,-0.4391
40.200,0.0000,0.1864,0.3216,0.0000,1.0645,-0.0002,-0.4392
40.212,0.0000,0.1852,0.3189,0.0000,1.0685,-0.0002,-0.4393
40.224,0.0000,0.1839,0.3162,0.0000,1.0726,-0.0002,-0.4394
40.236,0.0000,0.1827,0.3134,0.0000,1.0766,-0.0002,-0.4395
40.248,0.0000,0.1814,0.3107,0.0000,1.0807,-0.0002,-0.4395
40.260,0.0000,0.1802,0.3080,0.0000,1.0847,-0.0002,-0.4396
40.272,0.0000,0.1789,0.3052,0.0000,1.0888,-0.0002,-0.4396
40.284,0.0000,0.1777,0.3025,0.0000,1.0929,-0.0002,-0.4397
40.296,0.0000,0.1764,0.2997,0.0000,1.0970,-0.0002,-0.4397
40.308,0.0000,0.1751,0.2970,0.0000,1.1011,-0.0002,-0.4397
40.320,0.0000,0.1739,0.2942,0.0000,1.1052,-0.0002,-0.4398
40.332,0.0000,0.1726,0.2914,0.0000,1.1093,-0.0002,-0.4398
40.344,0.0000,0.1713,0.2887,0.0000,1.1134,-0.0001,-0.4398
40.356,0.0000,0.1701,0.2859,0.0000,1.1176,-0.0001,-0.4398
40.368,0.0000,0.1688,0.2831,0.0000,1.1217,-0.0001,-0.4399
40.380,0.0000,0.1675,0.2803,0.0000,1.1258,-0.0001,-0.4399
40.392,0.0000,0.1662,0.2776,0.0000,1.1299,-0.0001,-0.4399
40.404,0.0000,0.1650,0.2748,0.0000,1.1341,-0.0001,-0.4399
40.416,0.0000,0.1637,0.2720,0.0000,1.1382,-0.0001,-0.4399
40.428,0.0000,0.1624,0.2692,0.0000,1.1423,-0.0001,-0.4399
40.440,0.0000,0.1612,0.2664,0.0000,1.1465,-0.0001,-0.4399
40.452,0.0000,0.1599,0.2636,0.0000,1.1506,-0.0001,-0.4399
40.464,0.0000,0.1586,0.2608,0.0000,1.1547,-0.0001,-0.4400
40.476,0.0000,0.1573,0.2581,0.0000,1.1589,-0.0001,-0.4400
40.488,0.0000,0.1561,0.2553,0.0000,1.1630,-0.0001,-0.4400
40.500,0.0000,0.1548,0.2525,0.0000,1.1672,-0.0001,-0.4400
40.512,0.0000,0.1535,0.2497,0.0000,1.1713,-0.0001,-0.4400
40.524,0.0000,0.1522,0.2469,0.0000,1.1755,-0.0001,-0.4400
40.536,0.0000,0.1509,0.2441,0.0000,1.1796,-0.0001,-0.4400
40.548,0.0000,0.1497,0.2413,0.0000,1.1837,-0.0001,-0.4400
40.560,0.0000,0.1484,0.2385,0.0000,1.1879,-0.0001,-0.4400
40.572,0.0000,0.1471,0.2357,0.0000,1.1920,-0.0001,-0.4400
40.584,0.0000,0.1458,0.2330,0.0000,1.1962,-0.0001,-0.4400
40.596,0.0000,0.1446,0.2302,0.0000,1.2003,-0.0001,-0.4400
40.608,0.0000,0.1433,0.2274,0.0000,1.2045,-0.0001,-0.4400
40.620,0.0000,0.1420,0.2246,0.0000,1.2086,-0.0001,-0.4400
40.632,0.0000,0.1407,0.2218,0.0000,1.2128,-0.0001,-0.4400
40.644,0.0000,0.1395,0.2190,0.0000,1.2169,-0.0001,-0.4400
40.656,0.0000,0.1382,0.2162,0.0000,1.2211,-0.0001,-0.4400
40.668,0.0000,0.1369,0.2134,0.0000,1.2252,-0.0001,-0.4400
40.680,0.0000,0.1356,0.2106,0.0000,1.2293,-0.0001,-0.4400
40.692,0.0000,0.1343,0.2078,0.0000,1.2335,-0.0001,-0.4400
40.704,0.0000,0.1331,0.2050,0.0000,1.2376,-0.0001,-0.4400
40.716,-0.0000,0.1318,0.2022,0.0000,1.2418,-0.0001,-0.4400
40.728,-0.0000,0.1305,0.1995,0.0000,1.2459,-0.0000,-0.4400
40.740,-0.0000,0.1292,0.1967,0.0000,1.2501,-0.0000,-0.4400
40.752,-0.0000,0.1279,0.1939,0.0000,1.2542,-0.0000,-0.4400
40.764,-0.0000,0.1267,0.1911,0.0000,1.2584,-0.0000,-0.4400
40.776,-0.0000,0.1254,0.1883,0.0000,1.2625,-0.0000,-0.4400
40.788,-0.0000,0.1241,0.1855,0.0000,1.2667,-0.0000,-0.4400
40.800,-0.0000,0.1228,0.1827,0.0000,1.2708,-0.0000,-0.4400
40.812,-0.0000,0.1216,0.1799,0.0000,1.2750,-0.0000,-0.4400
40.824,-0.0000,0.1203,0.1771,0.0000,1.2791,-0.0000,-0.4400
40.836,-0.0000,0.1190,0.1743,0.0000,1.2833,-0.0000,-0.4400
40.848,-0.0000,0.1177,0.1715,0.0000,1.2874,-0.0000,-0.4400
40.860,-0.0000,0.1164,0.1687,0.0000,1.2916,-0.0000,-0.4400
40.872,-0.0000,0.1152,0.1659,0.0000,1.2957,-0.0000,-0.4400
40.884,-0.0000,0.1139,0.1632,0.0000,1.2999,-0.0000,-0.4400
40.896,-0.0000,0.1126,0.1604,0.0000,1.3040,-0.0000,-0.4400
40.908,-0.0000,0.1113,0.1576,0.0000,1.3082,-0.0000,-0.4400
40.920,-0.0000,0.1101,0.1548,0.0000,1.3123,0.0000,-0.4400
40.932,-0.0000,0.1088,0.1520,0.0000,1.3165,0.0000,-0.4400
40.944,-0.0000,0.1075,0.1492,0.0000,1.3206,0.0000,-0.4400
40.956,-0.0000,0.1062,0.1464,0.0000,1.3248,0.0000,-0.4400
40.968,-0.0000,0.1049,0.1436,0.0000,1.3289,0.0000,-0.4400
40.980,-0.0000,0.1037,0.1408,0.0000,1.3330,0.0000,-0.4400
40.992,-0.0000,0.1024,0.1380,0.0000,1.3372,0.0000,-0.4400
41.004,-0.0000,0.1011,0.1352,0.0000,1.3413,0.0000,-0.4400
41.016,-0.0000,0.0998,0.1324,0.0000,1.3455,0.0000,-0.4400
41.028,-0.0000,0.0986,0.1296,0.0000,1.3496,0.0000,-0.4400
41.040,-0.0000,0.0973,0.1268,0.0000,1.3538,0.0000,-0.4400
41.052,-0.0000,0.0960,0.1241,0.0000,1.3579,0.0000,-0.4400
41.064,-0.0000,0.0947,0.1213,0.0000,1.3621,0.0000,-0.4400
41.076,-0.0000,0.0934,0.1185,0.0000,1.3662,0.0000,-0.4400
41.088,-0.0000,0.0922,0.1157,0.0000,1.3704,0.0000,-0.4400
41.100,-0.0000,0.0910,0.1132,0.0000,1.3740,0.0000,-0.4400
41.112,-0.0000,0.0900,0.1111,0.0000,1.3772,0.0000,-0.4400
41.124,-0.0000,0.0892,0.1092,0.0000,1.3801,0.0001,-0.4400
41.136,-0.0000,0.0884,0.1075,0.0000,1.3826,0.0001,-0.4400
41.148,-0.0000,0.0877,0.1060,0.0000,1.3848,0.0001,-0.4400
41.160,-0.0000,0.0871,0.1047,0.0000,1.3867,0.0001,-0.4400
41.172,-0.0000,0.0866,0.1036,0.0000,1.3884,0.0001,-0.4400
41.184,-0.0000,0.0866,0.1036,0.0000,1.3884,0.0001,-0.4400
41.196,-0.0000,0.0866,0.1032,0.0000,1.3888,0.0001,-0.4400
41.208,-0.0000,0.0866,0.1024,0.0000,1.3896,0.0001,-0.4400
41.220,-0.0000,0.0866,0.1013,0.0000,1.3907,0.0001,-0.4400
41.232,-0.0000,0.0866,0.0999,0.0000,1.3921,0.0001,-0.4400
41.244,-0.0000,0.0866,0.0982,0.0000,1.3937,0.0001,-0.4400
41.256,-0.0000,0.0866,0.0963,0.0000,1.3956,0.0001,-0.4400
41.268,-0.0000,0.0866,0.0943,0.0000,1.3976,0.0001,-0.4400
41.280,-0.0000,0.0866,0.0920,0.0000,1.3999,0.0001,-0.4400
41.292,-0.0000,0.0867,0.0897,0.0000,1.4023,0.0001,-0.4400
41.304,-0.0000,0.0867,0.0871,0.0000,1.4048,0.0001,-0.4400
41.316,-0.0000,0.0867,0.0845,0.0000,1.4074,0.0001,-0.4400
41.328,-0.0000,0.0867,0.0818,0.0000,1.4101,0.0001,-0.4400
41.340,-0.0000,0.0867,0.0790,0.0000,1.4130,0.0001,-0.4400
41.352,-0.0000,0.0867,0.0760,0.0000,1.4159,0.0001,-0.4400
41.364,-0.0000,0.0867,0.0731,0.0000,1.4188,0.0001,-0.4400
41.376,-0.0000,0.0867,0.0700,0.0000,1.4219,0.0001,-0.4400
41.388,-0.0000,0.0867,0.0669,0.0000,1.4249,0.0001,-0.4400
41.400,-0.0000,0.0867,0.0638,0.0000,1.4281,0.0001,-0.4400
41.412,-0.0000,0.0867,0.0606,0.0000,1.4313,0.0001,-0.4400
41.424,-0.0000,0.0867,0.0574,0.0000,1.4345,0.0001,-0.4400
41.436,-0.0000,0.0867,0.0542,0.0000,1.4377,0.0001,-0.4400
41.448,-0.0000,0.0868,0.0509,0.0000,1.4410,0.0001,-0.4400
41.460,-0.0000,0.0868,0.0476,0.0000,1.4443,0.0001,-0.4400
41.472,-0.0000,0.0868,0.0443,0.0000,1.4476,0.0001,-0.4400
41.484,-0.0000,0.0868,0.0409,0.0000,1.4509,0.0001,-0.4400
41.496,-0.0000,0.0868,0.0376,0.0000,1.4543,0.0001,-0.4400
41.508,-0.0000,0.0868,0.0342,0.0000,1.4577,0.0001,-0.4400
41.520,-0.0000,0.0868,0.0308,0.0000,1.4611,0.0001,-0.4400
41.532,-0.0000,0.0868,0.0274,0.0000,1.4645,0.0001,-0.4400
41.544,-0.0000,0.0868,0.0240,0.0000,1.4679,0.0001,-0.4400
41.556,-0.0000,0.0868,0.0205,0.0000,1.4713,0.0001,-0.4400
41.568,-0.0000,0.0868,0.0171,0.0000,1.4747,0.0001,-0.4400
41.580,-0.0000,0.0868,0.0137,0.0000,1.4781,0.0001,-0.4400
41.592,-0.0000,0.0869,0.0102,0.0000,1.4816,0.0001,-0.4400
41.604,-0.0000,0.0869,0.0068,0.0000,1.4850,0.0001,-0.4400
41.616,-0.0000,0.0869,0.0033,0.0000,1.4885,0.0001,-0.4400
41.628,-0.0000,0.0869,-0.0001,0.0000,1.4919,0.0001,-0.4400
41.640,-0.0000,0.0869,-0.0036,0.0000,1.4954,0.0001,-0.4400
41.652,-0.0000,0.0869,-0.0070,0.0000,1.4988,0.0001,-0.4400
41.664,-0.0000,0.0869,-0.0105,0.0000,1.5023,0.0001,-0.4400
41.676,-0.0000,0.0869,-0.0140,0.0000,1.5058,0.0001,-0.4400
41.688,-0.0000,0.0869,-0.0174,0.0000,1.5092,0.0001,-0.4400
41.700,-0.0000,0.0869,-0.0209,0.0000,1.5127,0.0001,-0.4400
41.712,-0.0000,0.0869,-0.0244,0.0000,1.5162,0.0001,-0.4400
41.724,-0.0000,0.0869,-0.0279,0.0000,1.5196,0.0001,-0.4400
41.736,-0.0000,0.0870,-0.0313,0.0000,1.5231,0.0001,-0.4400
41.748,-0.0000,0.0870,-0.0348,0.0000,1.5266,0.0001,-0.4400
41.760,-0.0000,0.0870,-0.0383,0.0000,1.5301,0.0001,-0.4400
41.772,-0.0000,0.0870,-0.0418,0.0000,1.5335,0.0001,-0.4400
41.784,-0.0000,0.0870,-0.0453,0.0000,1.5370,0.0001,-0.4400
41.796,-0.0000,0.0870,-0.0488,0.0000,1.5405,0.0001,-0.4400
41.808,-0.0000,0.0870,-0.0522,0.0000,1.5440,0.0001,-0.4400
41.820,-0.0000,0.0870,-0.0557,0.0000,1.5475,0.0001,-0.4400
41.832,-0.0000,0.0870,-0.0592,0.0000,1.5509,0.0001,-0.4400
41.844,-0.0000,0.0870,-0.0627,0.0000,1.5544,0.0001,-0.4400
41.856,-0.0000,0.0870,-0.0662,0.0000,1.5579,0.0001,-0.4400
41.868,-0.0000,0.0871,-0.0697,0.0000,1.5614,0.0001,-0.4400
41.880,-0.0000,0.0871,-0.0731,0.0000,1.5649,0.0001,-0.4400
41.892,-0.0000,0.0871,-0.0766,0.0000,1.5683,0.0001,-0.4400
41.904,-0.0000,0.0871,-0.0801,0.0000,1.5718,0.0001,-0.4400
41.916,-0.0000,0.0871,-0.0836,0.0000,1.5753,0.0001,-0.4400
41.928,-0.0000,0.0871,-0.0871,0.0000,1.5788,0.0001,-0.4400
41.940,-0.0000,0.0871,-0.0906,0.0000,1.5823,0.0001,-0.4400
41.952,-0.0000,0.0871,-0.0941,0.0000,1.5857,0.0001,-0.4400
41.964,-0.0000,0.0871,-0.0975,0.0000,1.5892,0.0001,-0.4400
41.976,-0.0000,0.0871,-0.1010,0.0000,1.5927,0.0001,-0.4400
41.988,-0.0000,0.0871,-0.1045,0.0000,1.5962,0.0001,-0.4400
42.000,-0.0000,0.0871,-0.1080,0.0000,1.5997,0.0001,-0.4400
42.012,-0.0000,0.0872,-0.1115,0.0000,1.6032,0.0001,-0.4400
42.024,-0.0000,0.0872,-0.1150,0.0000,1.6066,0.0001,-0.4400
42.036,-0.0000,0.0872,-0.1185,0.0000,1.6101,0.0001,-0.4400
42.048,-0.0000,0.0872,-0.1220,0.0000,1.6136,0.0001,-0.4400
42.060,-0.0000,0.0872,-0.1254,0.0000,1.6171,0.0001,-0.4400
42.072,-0.0000,0.0872,-0.1289,0.0000,1.6206,0.0001,-0.4400
42.084,-0.0000,0.0872,-0.1324,0.0000,1.6240,0.0001,-0.4400
42.096,-0.0000,0.0872,-0.1359,0.0000,1.6275,0.0001,-0.4400
42.108,-0.0000,0.0872,-0.1394,0.0000,1.6310,0.0001,-0.4400
42.120,-0.0000,0.0872,-0.1429,0.0000,1.6345,0.0001,-0.4400
42.132,-0.0000,0.0872,-0.1464,0.0000,1.6380,0.0001,-0.4400
42.144,-0.0000,0.0873,-0.1498,0.0000,1.6415,0.0001,-0.4400
42.156,-0.0000,0.0873,-0.1533,0.0000,1.6449,0.0001,-0.4400
42.168,-0.0000,0.0873,-0.1568,0.0000,1.6484,0.0001,-0.4400
42.180,-0.0000,0.0873,-0.1603,0.0000,1.6519,0.0001,-0.4400
42.192,-0.0000,0.0873,-0.1635,0.0000,1.6551,0.0001,-0.4400
42.204,-0.0000,0.0873,-0.1663,0.0000,1.6579,0.0001,-0.4400
42.216,-0.0000,0.0873,-0.1688,0.0000,1.6604,0.0001,-0.4400
42.228,-0.0000,0.0873,-0.1710,0.0000,1.6626,0.0001,-0.4400
42.240,-0.0000,0.0873,-0.1729,0.0000,1.6645,0.0001,-0.4400
42.252,-0.0000,0.0873,-0.1729,0.0000,1.6645,0.0001,-0.4400
42.264,-0.0001,0.0873,-0.1729,0.0000,1.6645,0.0001,-0.4400
42.276,-0.0003,0.0873,-0.1730,0.0000,1.6645,0.0001,-0.4400
42.288,-0.0005,0.0873,-0.1730,0.0000,1.6646,0.0001,-0.4400
42.300,-0.0009,0.0873,-0.1730,0.0000,1.6646,0.0001,-0.4400
42.312,-0.0012,0.0873,-0.1731,0.0000,1.6646,0.0001,-0.4400
42.324,-0.0016,0.0873,-0.1731,0.0000,1.6647,0.0001,-0.4400
42.336,-0.0021,0.0873,-0.1732,0.0000,1.6647,0.0001,-0.4400
42.348,-0.0026,0.0873,-0.1732,0.0000,1.6648,0.0001,-0.4400
42.360,-0.0032,0.0873,-0.1733,0.0000,1.6649,0.0001,-0.4400
42.372,-0.0037,0.0873,-0.1733,0.0000,1.6649,0.0001,-0.4400
42.384,-0.0043,0.0873,-0.1734,0.0000,1.6650,0.0001,-0.4400
42.396,-0.0049,0.0873,-0.1735,0.0000,1.6650,0.0001,-0.4400
42.408,-0.0056,0.0873,-0.1735,0.0000,1.6651,0.0001,-0.4400
42.420,-0.0062,0.0873,-0.1736,0.0000,1.6652,0.0001,-0.4400
42.432,-0.0069,0.0873,-0.1737,0.0000,1.6653,0.0001,-0.4400
42.444,-0.0076,0.0873,-0.1738,0.0000,1.6653,0.0001,-0.4400
42.456,-0.0083,0.0873,-0.1738,0.0000,1.6654,0.0001,-0.4400
42.468,-0.0090,0.0873,-0.1739,0.0000,1.6655,0.0001,-0.4400
42.480,-0.0097,0.0873,-0.1740,0.0000,1.6656,0.0001,-0.4400
42.492,-0.0104,0.0873,-0.1741,0.0000,1.6656,0.0001,-0.4400
42.504,-0.0112,0.0873,-0.1741,0.0000,1.6657,0.0001,-0.4400
42.516,-0.0119,0.0873,-0.1742,0.0000,1.6658,0.0001,-0.4400
42.528,-0.0126,0.0873,-0.1743,0.0000,1.6659,0.0001,-0.4400
42.540,-0.0134,0.0873,-0.1744,0.0000,1.6660,0.0001,-0.4400
42.552,-0.0142,0.0873,-0.1745,0.0000,1.6660,0.0001,-0.4400
42.564,-0.0149,0.0873,-0.1745,0.0000,1.6661,0.0001,-0.4400
42.576,-0.0157,0.0873,-0.1746,0.0000,1.6662,0.0001,-0.4400
42.588,-0.0164,0.0873,-0.1747,0.0000,1.6663,0.0001,-0.4400
42.600,-0.0172,0.0873,-0.1748,0.0000,1.6664,0.0001,-0.4400
42.612,-0.0180,0.0873,-0.1749,0.0000,1.6664,0.0001,-0.4400
42.624,-0.0187,0.0873,-0.1750,0.0000,1.6665,0.0001,-0.4400
42.636,-0.0195,0.0873,-0.1750,0.0000,1.6666,0.0001,-0.4400
42.648,-0.0203,0.0873,-0.1751,0.0000,1.6667,0.0001,-0.4400
42.660,-0.0211,0.0873,-0.1752,0.0000,1.6668,0.0001,-0.4400
42.672,-0.0218,0.0873,-0.1753,0.0000,1.6669,0.0001,-0.4400
42.684,-0.0226,0.0873,-0.1754,0.0000,1.6669,0.0001,-0.4400
42.696,-0.0234,0.0873,-0.1755,0.0000,1.6670,0.0001,-0.4400
42.708,-0.0242,0.0873,-0.1755,0.0000,1.6671,0.0001,-0.4400
42.720,-0.0250,0.0873,-0.1756,0.0000,1.6672,0.0001,-0.4400
42.732,-0.0258,0.0873,-0.1757,0.0000,1.6673,0.0001,-0.4400
42.744,-0.0265,0.0873,-0.1758,0.0000,1.6674,0.0001,-0.4400
42.756,-0.0273,0.0873,-0.1759,0.0000,1.6675,0.0001,-0.4400
42.768,-0.0281,0.0873,-0.1760,0.0000,1.6675,0.0001,-0.4400
42.780,-0.0289,0.0873,-0.1760,0.0000,1.6676,0.0001,-0.4400
42.792,-0.0297,0.0873,-0.1761,0.0000,1.6677,0.0001,-0.4400
42.804,-0.0305,0.0873,-0.1762,0.0000,1.6678,0.0001,-0.4400
42.816,-0.0312,0.0873,-0.1763,0.0000,1.6679,0.0001,-0.4400
42.828,-0.0320,0.0873,-0.1764,0.0000,1.6680,0.0001,-0.4400
42.840,-0.0328,0.0873,-0.1765,0.0000,1.6680,0.0001,-0.4400
42.852,-0.0336,0.0873,-0.1766,0.0000,1.6681,0.0001,-0.4400
42.864,-0.0344,0.0873,-0.1766,0.0000,1.6682,0.0001,-0.4400
42.876,-0.0352,0.0873,-0.1767,0.0000,1.6683,0.0001,-0.4400
42.888,-0.0359,0.0873,-0.1768,0.0000,1.6684,0.0001,-0.4400
42.900,-0.0367,0.0873,-0.1769,0.0000,1.6685,0.0001,-0.4400
42.912,-0.0375,0.0873,-0.1770,0.0000,1.6685,0.0001,-0.4400
42.924,-0.0383,0.0873,-0.1771,0.0000,1.6686,0.0001,-0.4400
42.936,-0.0391,0.0873,-0.1771,0.0000,1.6687,0.0001,-0.4400
42.948,-0.0399,0.0873,-0.1772,0.0000,1.6688,0.0001,-0.4400
42.960,-0.0407,0.0873,-0.1773,0.0000,1.6689,0.0001,-0.4400
42.972,-0.0415,0.0873,-0.1774,0.0000,1.6690,0.0001,-0.4400
42.984,-0.0422,0.0873,-0.1775,0.0000,1.6691,0.0001,-0.4400
42.996,-0.0430,0.0873,-0.1776,0.0000,1.6691,0.0001,-0.4400
43.008,-0.0438,0.0873,-0.1777,0.0000,1.6692,0.0001,-0.4400
43.020,-0.0446,0.0873,-0.1777,0.0000,1.6693,0.0001,-0.4400
43.032,-0.0454,0.0873,-0.1778,0.0000,1.6694,0.0001,-0.4400
43.044,-0.0462,0.0873,-0.1779,0.0000,1.6695,0.0001,-0.4400
43.056,-0.0470,0.0873,-0.1780,0.0000,1.6696,0.0001,-0.4400
43.068,-0.0477,0.0873,-0.1781,0.0000,1.6696,0.0001,-0.4400
43.080,-0.0485,0.0873,-0.1782,0.0000,1.6697,0.0001,-0.4400
43.092,-0.0493,0.0873,-0.1782,0.0000,1.6698,0.0001,-0.4400
43.104,-0.0501,0.0873,-0.1783,0.0000,1.6699,0.0001,-0.4400
43.116,-0.0509,0.0873,-0.1784,0.0000,1.6700,0.0001,-0.4400
43.128,-0.0517,0.0873,-0.1785,0.0000,1.6701,0.0001,-0.4400
43.140,-0.0525,0.0873,-0.1786,0.0000,1.6702,0.0001,-0.4400
43.152,-0.0532,0.0873,-0.1787,0.0000,1.6702,0.0001,-0.4400
43.164,-0.0540,0.0873,-0.1788,0.0000,1.6703,0.0001,-0.4400
43.176,-0.0548,0.0873,-0.1788,0.0000,1.6704,0.0001,-0.4400
43.188,-0.0556,0.0873,-0.1789,0.0000,1.6705,0.0001,-0.4400
43.200,-0.0564,0.0873,-0.1790,0.0000,1.6706,0.0001,-0.4400
43.212,-0.0572,0.0873,-0.1791,0.0000,1.6707,0.0001,-0.4400
43.224,-0.0580,0.0873,-0.1792,0.0000,1.6707,0.0001,-0.4400
43.236,-0.0588,0.0873,-0.1793,0.0000,1.6708,0.0001,-0.4400
43.248,-0.0595,0.0873,-0.1793,0.0000,1.6709,0.0001,-0.4400
43.260,-0.0603,0.0873,-0.1794,0.0000,1.6710,0.0001,-0.4400
43.272,-0.0611,0.0873,-0.1795,0.0000,1.6711,0.0001,-0.4400
43.284,-0.0619,0.0873,-0.1796,0.0000,1.6712,0.0001,-0.4400
43.296,-0.0627,0.0873,-0.1797,0.0000,1.6713,0.0001,-0.4400
43.308,-0.0635,0.0873,-0.1798,0.0000,1.6713,0.0001,-0.4400
43.320,-0.0643,0.0873,-0.1799,0.0000,1.6714,0.0001,-0.4400
43.332,-0.0650,0.0873,-0.1799,0.0000,1.6715,0.0001,-0.4400
43.344,-0.0658,0.0873,-0.1800,0.0000,1.6716,0.0001,-0.4400
43.356,-0.0666,0.0873,-0.1801,0.0000,1.6717,0.0001,-0.4400
43.368,-0.0674,0.0873,-0.1802,0.0000,1.6718,0.0001,-0.4400
43.380,-0.0682,0.0873,-0.1803,0.0000,1.6718,0.0001,-0.4400
43.392,-0.0690,0.0873,-0.1804,0.0000,1.6719,0.0001,-0.4400
43.404,-0.0698,0.0873,-0.1804,0.0000,1.6720,0.0001,-0.4400
43.416,-0.0706,0.0873,-0.1805,0.0000,1.6721,0.0001,-0.4400
43.428,-0.0713,0.0873,-0.1806,0.0000,1.6722,0.0001,-0.4400
43.440,-0.0721,0.0873,-0.1807,0.0000,1.6723,0.0001,-0.4400
43.452,-0.0729,0.0873,-0.1808,0.0000,1.6724,0.0001,-0.4400
43.464,-0.0737,0.0873,-0.1809,0.0000,1.6724,0.0001,-0.4400
43.476,-0.0745,0.0873,-0.1810,0.0000,1.6725,0.0001,-0.4400
43.488,-0.0753,0.0873,-0.1810,0.0000,1.6726,0.0001,-0.4400
43.500,-0.0761,0.0873,-0.1811,0.0000,1.6727,0.0001,-0.4400
43.512,-0.0768,0.0873,-0.1812,0.0000,1.6728,0.0001,-0.4400
43.524,-0.0776,0.0873,-0.1813,0.0000,1.6729,0.0001,-0.4400
43.536,-0.0784,0.0873,-0.1814,0.0000,1.6729,0.0001,-0.4400
43.548,-0.0792,0.0873,-0.1815,0.0000,1.6730,0.0001,-0.4400
43.560,-0.0800,0.0873,-0.1815,0.0000,1.6731,0.0001,-0.4400
43.572,-0.0808,0.0873,-0.1816,0.0000,1.6732,0.0001,-0.4400
43.584,-0.0816,0.0873,-0.1817,0.0000,1.6733,0.0001,-0.4400
43.596,-0.0824,0.0873,-0.1818,0.0000,1.6734,0.0001,-0.4400
43.608,-0.0831,0.0873,-0.1819,0.0000,1.6735,0.0001,-0.4400
43.620,-0.0839,0.0873,-0.1820,0.0000,1.6735,0.0001,-0.4400
43.632,-0.0847,0.0873,-0.1821,0.0000,1.6736,0.0001,-0.4400
43.644,-0.0855,0.0873,-0.1821,0.0000,1.6737,0.0001,-0.4400
43.656,-0.0863,0.0873,-0.1822,0.0000,1.6738,0.0001,-0.4400
43.668,-0.0871,0.0873,-0.1823,0.0000,1.6739,0.0001,-0.4400
43.680,-0.0879,0.0873,-0.1824,0.0000,1.6740,0.0001,-0.4400
43.692,-0.0886,0.0873,-0.1825,0.0000,1.6740,0.0001,-0.4400
43.704,-0.0894,0.0873,-0.1826,0.0000,1.6741,0.0001,-0.4400
43.716,-0.0902,0.0873,-0.1826,0.0000,1.6742,0.0001,-0.4400
43.728,-0.0910,0.0873,-0.1827,0.0000,1.6743,0.0001,-0.4400
43.740,-0.0918,0.0873,-0.1828,0.0000,1.6744,0.0001,-0.4400
43.752,-0.0926,0.0873,-0.1829,0.0000,1.6745,0.0001,-0.4400
43.764,-0.0934,0.0873,-0.1830,0.0000,1.6746,0.0001,-0.4400
43.776,-0.0942,0.0873,-0.1831,0.0000,1.6746,0.0001,-0.4400
43.788,-0.0949,0.0873,-0.1832,0.0000,1.6747,0.0001,-0.4400
43.800,-0.0957,0.0873,-0.1832,0.0000,1.6748,0.0001,-0.4400
43.812,-0.0965,0.0873,-0.1833,0.0000,1.6749,0.0001,-0.4400
43.824,-0.0973,0.0873,-0.1834,0.0000,1.6750,0.0001,-0.4400
43.836,-0.0981,0.0873,-0.1835,0.0000,1.6751,0.0001,-0.4400
43.848,-0.0989,0.0873,-0.1836,0.0000,1.6751,0.0001,-0.4400
43.860,-0.0997,0.0873,-0.1837,0.0000,1.6752,0.0001,-0.4400
43.872,-0.1004,0.0873,-0.1837,0.0000,1.6753,0.0001,-0.4400
43.884,-0.1012,0.0873,-0.1838,0.0000,1.6754,0.0001,-0.4400
43.896,-0.1020,0.0873,-0.1839,0.0000,1.6755,0.0001,-0.4400
43.908,-0.1028,0.0873,-0.1840,0.0000,1.6756,0.0001,-0.4400
43.920,-0.1036,0.0873,-0.1841,0.0000,1.6756,0.0001,-0.4400
43.932,-0.1044,0.0873,-0.1842,0.0000,1.6757,0.0001,-0.4400
43.944,-0.1052,0.0873,-0.1843,0.0000,1.6758,0.0001,-0.4400
43.956,-0.1060,0.0873,-0.1843,0.0000,1.6759,0.0001,-0.4400
43.968,-0.1067,0.0873,-0.1844,0.0000,1.6760,0.0001,-0.4400
43.980,-0.1075,0.0873,-0.1845,0.0000,1.6761,0.0001,-0.4400
43.992,-0.1083,0.0873,-0.1846,0.0000,1.6762,0.0001,-0.4400
44.004,-0.1091,0.0873,-0.1847,0.0000,1.6762,0.0001,-0.4400
44.016,-0.1099,0.0873,-0.1848,0.0000,1.6763,0.0001,-0.4400
44.028,-0.1107,0.0873,-0.1848,0.0000,1.6764,0.0001,-0.4400
44.040,-0.1115,0.0873,-0.1849,0.0000,1.6765,0.0001,-0.4400
44.052,-0.1122,0.0873,-0.1850,0.0000,1.6766,0.0001,-0.4400
44.064,-0.1130,0.0873,-0.1851,0.0000,1.6767,0.0001,-0.4400
44.076,-0.1138,0.0873,-0.1852,0.0000,1.6767,0.0001,-0.4400
44.088,-0.1146,0.0873,-0.1853,0.0000,1.6768,0.0001,-0.4400
44.100,-0.1154,0.0873,-0.1854,0.0000,1.6769,0.0001,-0.4400
44.112,-0.1162,0.0873,-0.1854,0.0000,1.6770,0.0001,-0.4400
44.124,-0.1170,0.0873,-0.1855,0.0000,1.6771,0.0001,-0.4400
44.136,-0.1178,0.0873,-0.1856,0.0000,1.6772,0.0001,-0.4400
44.148,-0.1185,0.0873,-0.1857,0.0000,1.6773,0.0001,-0.4400
44.160,-0.1193,0.0873,-0.1858,0.0000,1.6773,0.0001,-0.4400
44.172,-0.1201,0.0873,-0.1859,0.0000,1.6774,0.0001,-0.4400
44.184,-0.1209,0.0873,-0.1859,0.0000,1.6775,0.0001,-0.4400
44.196,-0.1217,0.0873,-0.1860,0.0000,1.6776,0.0001,-0.4400
44.208,-0.1225,0.0873,-0.1861,0.0000,1.6777,0.0001,-0.4400
44.220,-0.1233,0.0873,-0.1862,0.0000,1.6778,0.0001,-0.4400
44.232,-0.1240,0.0873,-0.1863,0.0000,1.6778,0.0001,-0.4400
44.244,-0.1248,0.0873,-0.1864,0.0000,1.6779,0.0001,-0.4400
44.256,-0.1256,0.0873,-0.1865,0.0000,1.6780,0.0001,-0.4400
44.268,-0.1263,0.0873,-0.1865,0.0000,1.6781,0.0001,-0.4400
44.280,-0.1263,0.0873,-0.1865,0.0000,1.6781,0.0001,-0.4400
44.292,-0.1263,0.0883,-0.1877,0.0000,1.6783,0.0014,-0.4400
44.304,-0.1263,0.0901,-0.1900,0.0000,1.6788,0.0039,-0.4400
44.316,-0.1263,0.0926,-0.1932,0.0000,1.6794,0.0073,-0.4400
44.328,-0.1263,0.0958,-0.1972,0.0000,1.6801,0.0116,-0.4400
44.340,-0.1263,0.0996,-0.2019,0.0001,1.6811,0.0167,-0.4400
44.352,-0.1263,0.1039,-0.2073,0.0001,1.6821,0.0225,-0.4400
44.364,-0.1264,0.1086,-0.2132,0.0001,1.6832,0.0289,-0.4400
44.376,-0.1264,0.1137,-0.2197,0.0001,1.6845,0.0358,-0.4400
44.388,-0.1264,0.1192,-0.2265,0.0002,1.6858,0.0432,-0.4400
44.400,-0.1264,0.1249,-0.2338,0.0002,1.6872,0.0510,-0.4400
44.412,-0.1265,0.1309,-0.2413,0.0002,1.6886,0.0592,-0.4400
44.424,-0.1265,0.1372,-0.2492,0.0003,1.6901,0.0677,-0.4400
44.436,-0.1265,0.1437,-0.2573,0.0003,1.6917,0.0764,-0.4400
44.448,-0.1265,0.1503,-0.2657,0.0003,1.6933,0.0854,-0.4400
44.460,-0.1266,0.1571,-0.2743,0.0003,1.6950,0.0946,-0.4400
44.472,-0.1266,0.1641,-0.2830,0.0004,1.6966,0.1041,-0.4400
44.484,-0.1266,0.1711,-0.2919,0.0004,1.6983,0.1136,-0.4400
44.496,-0.1267,0.1783,-0.3009,0.0004,1.7001,0.1234,-0.4400
44.508,-0.1267,0.1856,-0.3101,0.0005,1.7018,0.1332,-0.4400
44.520,-0.1267,0.1930,-0.3193,0.0005,1.7036,0.1432,-0.4400
44.532,-0.1268,0.2004,-0.3287,0.0006,1.7054,0.1533,-0.4400
44.544,-0.1268,0.2079,-0.3381,0.0006,1.7072,0.1634,-0.4400
44.556,-0.1268,0.2155,-0.3476,0.0006,1.7091,0.1737,-0.4400
44.568,-0.1269,0.2231,-0.3572,0.0007,1.7109,0.1840,-0.4400
44.580,-0.1269,0.2307,-0.3668,0.0007,1.7128,0.1943,-0.4400
44.592,-0.1269,0.2384,-0.3765,0.0007,1.7146,0.2048,-0.4400
44.604,-0.1270,0.2461,-0.3862,0.0008,1.7165,0.2152,-0.4400
44.616,-0.1270,0.2539,-0.3959,0.0008,1.7184,0.2257,-0.4400
44.628,-0.1271,0.2617,-0.4057,0.0009,1.7202,0.2363,-0.4400
44.640,-0.1271,0.2695,-0.4155,0.0009,1.7221,0.2469,-0.4400
44.652,-0.1271,0.2773,-0.4254,0.0009,1.7240,0.2575,-0.4400
44.664,-0.1272,0.2852,-0.4353,0.0010,1.7259,0.2681,-0.4400
44.676,-0.1272,0.2930,-0.4451,0.0010,1.7278,0.2787,-0.4400
44.688,-0.1272,0.3009,-0.4550,0.0010,1.7297,0.2894,-0.4400
44.700,-0.1273,0.3088,-0.4650,0.0011,1.7316,0.3001,-0.4400
44.712,-0.1273,0.3167,-0.4749,0.0011,1.7335,0.3108,-0.4400
44.724,-0.1273,0.3246,-0.4848,0.0012,1.7355,0.3215,-0.4400
44.736,-0.1274,0.3325,-0.4948,0.0012,1.7374,0.3322,-0.4400
44.748,-0.1274,0.3404,-0.5048,0.0012,1.7393,0.3430,-0.4400
44.760,-0.1275,0.3484,-0.5147,0.0013,1.7412,0.3537,-0.4400
44.772,-0.1275,0.3563,-0.5247,0.0013,1.7431,0.3645,-0.4400
44.784,-0.1275,0.3643,-0.5347,0.0013,1.7450,0.3752,-0.4400
44.796,-0.1276,0.3722,-0.5447,0.0014,1.7470,0.3860,-0.4400
44.808,-0.1276,0.3802,-0.5547,0.0014,1.7489,0.3968,-0.4400
44.820,-0.1276,0.3881,-0.5647,0.0015,1.7508,0.4075,-0.4400
44.832,-0.1277,0.3961,-0.5747,0.0015,1.7527,0.4183,-0.4400
44.844,-0.1277,0.4040,-0.5847,0.0015,1.7547,0.4291,-0.4400
44.856,-0.1277,0.4120,-0.5947,0.0016,1.7566,0.4399,-0.4400
44.868,-0.1278,0.4200,-0.6047,0.0016,1.7585,0.4507,-0.4400
44.880,-0.1278,0.4279,-0.6148,0.0017,1.7604,0.4615,-0.4400
44.892,-0.1279,0.4359,-0.6248,0.0017,1.7624,0.4723,-0.4400
44.904,-0.1279,0.4439,-0.6348,0.0017,1.7643,0.4831,-0.4400
44.916,-0.1279,0.4518,-0.6448,0.0018,1.7662,0.4939,-0.4400
44.928,-0.1280,0.4598,-0.6548,0.0018,1.7681,0.5047,-0.4400
44.940,-0.1280,0.4678,-0.6649,0.0019,1.7701,0.5155,-0.4400
44.952,-0.1280,0.4758,-0.6749,0.0019,1.7720,0.5263,-0.4400
44.964,-0.1281,0.4837,-0.6849,0.0019,1.7739,0.5371,-0.4400
44.976,-0.1281,0.4917,-0.6950,0.0020,1.7759,0.5479,-0.4400
44.988,-0.1281,0.4997,-0.7050,0.0020,1.7778,0.5587,-0.4400
45.000,-0.1282,0.5077,-0.7150,0.0020,1.7797,0.5695,-0.4400
45.012,-0.1282,0.5156,-0.7250,0.0021,1.7816,0.5803,-0.4400
45.024,-0.1283,0.5236,-0.7351,0.0021,1.7836,0.5911,-0.4400
45.036,-0.1283,0.5316,-0.7451,0.0022,1.7855,0.6019,-0.4400
45.048,-0.1283,0.5396,-0.7551,0.0022,1.7874,0.6127,-0.4400
45.060,-0.1284,0.5475,-0.7652,0.0022,1.7894,0.6235,-0.4400
45.072,-0.1284,0.5555,-0.7752,0.0023,1.7913,0.6343,-0.4400
45.084,-0.1284,0.5635,-0.7852,0.0023,1.7932,0.6451,-0.4400
45.096,-0.1285,0.5715,-0.7953,0.0024,1.7951,0.6559,-0.4400
45.108,-0.1285,0.5795,-0.8053,0.0024,1.7971,0.6668,-0.4400
45.120,-0.1285,0.5874,-0.8153,0.0024,1.7990,0.6776,-0.4400
45.132,-0.1286,0.5954,-0.8254,0.0025,1.8009,0.6884,-0.4400
45.144,-0.1286,0.6034,-0.8354,0.0025,1.8029,0.6992,-0.4400
45.156,-0.1287,0.6114,-0.8454,0.0025,1.8048,0.7100,-0.4400
45.168,-0.1287,0.6194,-0.8555,0.0026,1.8067,0.7208,-0.4400
45.180,-0.1287,0.6273,-0.8655,0.0026,1.8087,0.7316,-0.4400
45.192,-0.1288,0.6353,-0.8755,0.0027,1.8106,0.7424,-0.4400
45.204,-0.1288,0.6433,-0.8856,0.0027,1.8125,0.7532,-0.4400
45.216,-0.1288,0.6513,-0.8956,0.0027,1.8144,0.7640,-0.4400
45.228,-0.1289,0.6593,-0.9056,0.0028,1.8164,0.7748,-0.4400
45.240,-0.1289,0.6672,-0.9157,0.0028,1.8183,0.7857,-0.4400
45.252,-0.1289,0.6752,-0.9257,0.0029,1.8202,0.7965,-0.4400
45.264,-0.1290,0.6832,-0.9357,0.0029,1.8222,0.8073,-0.4400
45.276,-0.1290,0.6912,-0.9458,0.0029,1.8241,0.8181,-0.4400
45.288,-0.1291,0.6992,-0.9558,0.0030,1.8260,0.8289,-0.4400
45.300,-0.1291,0.7071,-0.9658,0.0030,1.8279,0.8397,-0.4400
45.312,-0.1291,0.7151,-0.9759,0.0030,1.8299,0.8505,-0.4400
45.324,-0.1292,0.7231,-0.9859,0.0031,1.8318,0.8613,-0.4400
45.336,-0.1292,0.7311,-0.9959,0.0031,1.8337,0.8721,-0.4400
45.348,-0.1292,0.7391,-1.0060,0.0032,1.8357,0.8829,-0.4400
45.360,-0.1293,0.7470,-1.0160,0.0032,1.8376,0.8938,-0.4400
45.372,-0.1293,0.7550,-1.0260,0.0032,1.8395,0.9046,-0.4400
45.384,-0.1294,0.7630,-1.0361,0.0033,1.8415,0.9154,-0.4400
45.396,-0.1294,0.7710,-1.0461,0.0033,1.8434,0.9262,-0.4400
45.408,-0.1294,0.7790,-1.0561,0.0034,1.8453,0.9370,-0.4400
45.420,-0.1295,0.7869,-1.0662,0.0034,1.8472,0.9478,-0.4400
45.432,-0.1295,0.7949,-1.0762,0.0034,1.8492,0.9586,-0.4400
45.444,-0.1295,0.8029,-1.0862,0.0035,1.8511,0.9694,-0.4400
45.456,-0.1296,0.8109,-1.0963,0.0035,1.8530,0.9802,-0.4400
45.468,-0.1296,0.8189,-1.1063,0.0035,1.8550,0.9910,-0.4400
45.480,-0.1296,0.8268,-1.1163,0.0036,1.8569,1.0019,-0.4400
45.492,-0.1297,0.8348,-1.1264,0.0036,1.8588,1.0127,-0.4400
45.504,-0.1297,0.8428,-1.1364,0.0037,1.8607,1.0235,-0.4400
45.516,-0.1298,0.8508,-1.1464,0.0037,1.8627,1.0343,-0.4400
45.528,-0.1298,0.8588,-1.1565,0.0037,1.8646,1.0451,-0.4400
45.540,-0.1298,0.8667,-1.1665,0.0038,1.8665,1.0559,-0.4400
45.552,-0.1299,0.8747,-1.1765,0.0038,1.8685,1.0667,-0.4400
45.564,-0.1299,0.8827,-1.1866,0.0039,1.8704,1.0775,-0.4400
45.576,-0.1299,0.8907,-1.1966,0.0039,1.8723,1.0883,-0.4400
45.588,-0.1300,0.8987,-1.2066,0.0039,1.8743,1.0991,-0.4400
45.600,-0.1300,0.9066,-1.2167,0.0040,1.8762,1.1100,-0.4400
45.612,-0.1300,0.9146,-1.2267,0.0040,1.8781,1.1208,-0.4400
45.624,-0.1301,0.9226,-1.2367,0.0041,1.8800,1.1316,-0.4400
45.636,-0.1301,0.9306,-1.2468,0.0041,1.8820,1.1424,-0.4400
45.648,-0.1302,0.9386,-1.2568,0.0041,1.8839,1.1532,-0.4400
45.660,-0.1302,0.9465,-1.2668,0.0042,1.8858,1.1640,-0.4400
45.672,-0.1302,0.9545,-1.2769,0.0042,1.8878,1.1748,-0.4400
45.684,-0.1303,0.9625,-1.2869,0.0042,1.8897,1.1856,-0.4400
45.696,-0.1303,0.9705,-1.2969,0.0043,1.8916,1.1964,-0.4400
45.708,-0.1303,0.9785,-1.3070,0.0043,1.8936,1.2073,-0.4400
45.720,-0.1304,0.9864,-1.3170,0.0044,1.8955,1.2181,-0.4400
45.732,-0.1304,0.9944,-1.3270,0.0044,1.8974,1.2289,-0.4400
45.744,-0.1304,1.0024,-1.3371,0.0044,1.8993,1.2397,-0.4400
45.756,-0.1305,1.0104,-1.3471,0.0045,1.9013,1.2505,-0.4400
45.768,-0.1305,1.0184,-1.3571,0.0045,1.9032,1.2613,-0.4400
45.780,-0.1306,1.0263,-1.3672,0.0046,1.9051,1.2721,-0.4400
45.792,-0.1306,1.0343,-1.3772,0.0046,1.9071,1.2829,-0.4400
45.804,-0.1306,1.0423,-1.3873,0.0046,1.9090,1.2937,-0.4400
45.816,-0.1307,1.0503,-1.3973,0.0047,1.9109,1.3045,-0.4400
45.828,-0.1307,1.0583,-1.4073,0.0047,1.9128,1.3154,-0.4400
45.840,-0.1307,1.0662,-1.4174,0.0047,1.9148,1.3262,-0.4400
45.852,-0.1308,1.0742,-1.4274,0.0048,1.9167,1.3370,-0.4400
45.864,-0.1308,1.0822,-1.4374,0.0048,1.9186,1.3478,-0.4400
45.876,-0.1308,1.0902,-1.4475,0.0049,1.9206,1.3586,-0.4400
45.888,-0.1309,1.0975,-1.4567,0.0049,1.9223,1.3685,-0.4400
45.900,-0.1309,1.1040,-1.4648,0.0049,1.9239,1.3773,-0.4400
45.912,-0.1309,1.1097,-1.4720,0.0050,1.9253,1.3850,-0.4400
45.924,-0.1310,1.1147,-1.4782,0.0050,1.9265,1.3918,-0.4400
45.936,-0.1310,1.1191,-1.4838,0.0050,1.9276,1.3977,-0.4400
45.948,-0.1310,1.1229,-1.4887,0.0050,1.9285,1.4030,-0.4400
45.960,-0.1310,1.1264,-1.4929,0.0050,1.9293,1.4076,-0.4400
45.972,-0.1310,1.1294,-1.4967,0.0051,1.9300,1.4117,-0.4400
45.984,-0.1310,1.1320,-1.5000,0.0051,1.9307,1.4152,-0.4400
45.996,-0.1311,1.1343,-1.5030,0.0051,1.9312,1.4184,-0.4400
46.008,-0.1311,1.1364,-1.5055,0.0051,1.9317,1.4212,-0.4400
46.020,-0.1311,1.1382,-1.5078,0.0051,1.9322,1.4236,-0.4400
46.032,-0.1311,1.1397,-1.5098,0.0051,1.9325,1.4257,-0.4400
46.044,-0.1311,1.1411,-1.5115,0.0051,1.9329,1.4276,-0.4400
46.056,-0.1311,1.1424,-1.5131,0.0051,1.9332,1.4293,-0.4400
46.068,-0.1311,1.1434,-1.5144,0.0051,1.9334,1.4308,-0.4400
46.080,-0.1311,1.1434,-1.5144,0.0051,1.9334,1.4308,-0.4400
46.092,-0.1311,1.1437,-1.5144,0.0051,1.9332,1.4307,-0.4400
46.104,-0.1312,1.1442,-1.5144,0.0051,1.9328,1.4307,-0.4400
46.116,-0.1312,1.1449,-1.5144,0.0051,1.9321,1.4307,-0.4400
46.128,-0.1313,1.1457,-1.5144,0.0052,1.9313,1.4306,-0.4400
46.140,-0.1314,1.1467,-1.5144,0.0052,1.9304,1.4306,-0.4400
46.152,-0.1315,1.1479,-1.5144,0.0052,1.9293,1.4305,-0.4400
46.164,-0.1316,1.1491,-1.5144,0.0052,1.9282,1.4305,-0.4400
46.176,-0.1318,1.1505,-1.5144,0.0052,1.9269,1.4304,-0.4400
46.188,-0.1319,1.1519,-1.5144,0.0052,1.9255,1.4304,-0.4400
46.200,-0.1321,1.1535,-1.5144,0.0053,1.9241,1.4303,-0.4400
46.212,-0.1322,1.1551,-1.5144,0.0053,1.9226,1.4302,-0.4400
46.224,-0.1324,1.1567,-1.5145,0.0053,1.9210,1.4301,-0.4400
46.236,-0.1325,1.1585,-1.5145,0.0053,1.9194,1.4300,-0.4400
46.248,-0.1327,1.1602,-1.5145,0.0054,1.9178,1.4300,-0.4400
46.260,-0.1329,1.1621,-1.5145,0.0054,1.9161,1.4299,-0.4400
46.272,-0.1330,1.1639,-1.5145,0.0054,1.9144,1.4298,-0.4400
46.284,-0.1332,1.1658,-1.5145,0.0054,1.9126,1.4297,-0.4400
46.296,-0.1334,1.1677,-1.5145,0.0055,1.9108,1.4296,-0.4400
46.308,-0.1336,1.1697,-1.5145,0.0055,1.9090,1.4295,-0.4400
46.320,-0.1338,1.1716,-1.5145,0.0055,1.9072,1.4294,-0.4400
46.332,-0.1340,1.1736,-1.5145,0.0055,1.9053,1.4293,-0.4400
46.344,-0.1342,1.1756,-1.5145,0.0056,1.9035,1.4292,-0.4400
46.356,-0.1344,1.1776,-1.5145,0.0056,1.9016,1.4291,-0.4400
46.368,-0.1346,1.1796,-1.5145,0.0056,1.8997,1.4290,-0.4400
46.380,-0.1347,1.1817,-1.5145,0.0056,1.8978,1.4289,-0.4400
46.392,-0.1349,1.1837,-1.5145,0.0057,1.8959,1.4288,-0.4400
46.404,-0.1351,1.1858,-1.5145,0.0057,1.8940,1.4287,-0.4400
46.416,-0.1353,1.1879,-1.5145,0.0057,1.8920,1.4287,-0.4400
46.428,-0.1355,1.1899,-1.5145,0.0058,1.8901,1.4286,-0.4400
46.440,-0.1357,1.1920,-1.5145,0.0058,1.8882,1.4285,-0.4400
46.452,-0.1359,1.1941,-1.5145,0.0058,1.8862,1.4284,-0.4400
46.464,-0.1361,1.1962,-1.5145,0.0058,1.8843,1.4283,-0.4400
46.476,-0.1363,1.1983,-1.5145,0.0059,1.8823,1.4282,-0.4400
46.488,-0.1365,1.2004,-1.5145,0.0059,1.8804,1.4281,-0.4400
46.500,-0.1367,1.2025,-1.5145,0.0059,1.8784,1.4280,-0.4400
46.512,-0.1369,1.2046,-1.5145,0.0060,1.8764,1.4279,-0.4400
46.524,-0.1371,1.2067,-1.5145,0.0060,1.8745,1.4278,-0.4400
46.536,-0.1373,1.2088,-1.5145,0.0060,1.8725,1.4277,-0.4400
46.548,-0.1375,1.2109,-1.5145,0.0060,1.8705,1.4276,-0.4400
46.560,-0.1377,1.2131,-1.5145,0.0061,1.8686,1.4275,-0.4400
46.572,-0.1379,1.2152,-1.5145,0.0061,1.8666,1.4274,-0.4400
46.584,-0.1381,1.2173,-1.5145,0.0061,1.8646,1.4273,-0.4400
46.596,-0.1384,1.2194,-1.5145,0.0062,1.8626,1.4272,-0.4400
46.608,-0.1386,1.2215,-1.5145,0.0062,1.8607,1.4271,-0.4400
46.620,-0.1388,1.2237,-1.5145,0.0062,1.8587,1.4270,-0.4400
46.632,-0.1390,1.2258,-1.5145,0.0062,1.8567,1.4269,-0.4400
46.644,-0.1392,1.2279,-1.5146,0.0063,1.8547,1.4268,-0.4400
46.656,-0.1394,1.2300,-1.5146,0.0063,1.8527,1.4267,-0.4400
46.668,-0.1396,1.2322,-1.5146,0.0063,1.8508,1.4266,-0.4400
46.680,-0.1398,1.2343,-1.5146,0.0064,1.8488,1.4265,-0.4400
46.692,-0.1400,1.2364,-1.5146,0.0064,1.8468,1.4264,-0.4400
46.704,-0.1402,1.2385,-1.5146,0.0064,1.8448,1.4263,-0.4400
46.716,-0.1404,1.2407,-1.5146,0.0064,1.8428,1.4262,-0.4400
46.728,-0.1406,1.2428,-1.5146,0.0065,1.8409,1.4261,-0.4400
46.740,-0.1408,1.2449,-1.5146,0.0065,1.8389,1.4260,-0.4400
46.752,-0.1410,1.2470,-1.5146,0.0065,1.8369,1.4259,-0.4400
46.764,-0.1412,1.2492,-1.5146,0.0066,1.8349,1.4258,-0.4400
46.776,-0.1414,1.2513,-1.5146,0.0066,1.8329,1.4257,-0.4400
46.788,-0.1416,1.2534,-1.5146,0.0066,1.8309,1.4256,-0.4400
46.800,-0.1418,1.2555,-1.5146,0.0067,1.8290,1.4254,-0.4400
46.812,-0.1420,1.2577,-1.5146,0.0067,1.8270,1.4253,-0.4400
46.824,-0.1422,1.2598,-1.5146,0.0067,1.8250,1.4252,-0.4400
46.836,-0.1424,1.2619,-1.5146,0.0067,1.8230,1.4251,-0.4400
46.848,-0.1426,1.2640,-1.5146,0.0068,1.8210,1.4250,-0.4400
46.860,-0.1428,1.2662,-1.5146,0.0068,1.8190,1.4249,-0.4400
46.872,-0.1430,1.2683,-1.5146,0.0068,1.8171,1.4248,-0.4400
46.884,-0.1432,1.2704,-1.5146,0.0069,1.8151,1.4247,-0.4400
46.896,-0.1434,1.2726,-1.5146,0.0069,1.8131,1.4246,-0.4400
46.908,-0.1436,1.2747,-1.5146,0.0069,1.8111,1.4245,-0.4400
46.920,-0.1438,1.2768,-1.5146,0.0069,1.8091,1.4244,-0.4400
46.932,-0.1440,1.2789,-1.5146,0.0070,1.8071,1.4243,-0.4400
46.944,-0.1442,1.2811,-1.5146,0.0070,1.8052,1.4242,-0.4400
46.956,-0.1444,1.2832,-1.5146,0.0070,1.8032,1.4241,-0.4400
46.968,-0.1446,1.2853,-1.5146,0.0071,1.8012,1.4240,-0.4400
46.980,-0.1448,1.2875,-1.5146,0.0071,1.7992,1.4239,-0.4400
46.992,-0.1451,1.2896,-1.5146,0.0071,1.7972,1.4238,-0.4400
47.004,-0.1453,1.2917,-1.5146,0.0071,1.7952,1.4237,-0.4400
47.016,-0.1455,1.2938,-1.5146,0.0072,1.7933,1.4236,-0.4400
47.028,-0.1457,1.2960,-1.5146,0.0072,1.7913,1.4235,-0.4400
47.040,-0.1459,1.2981,-1.5147,0.0072,1.7893,1.4234,-0.4400
47.052,-0.1461,1.3002,-1.5147,0.0073,1.7873,1.4233,-0.4400
47.064,-0.1463,1.3024,-1.5147,0.0073,1.7853,1.4232,-0.4400
47.076,-0.1465,1.3045,-1.5147,0.0073,1.7833,1.4231,-0.4400
47.088,-0.1467,1.3066,-1.5147,0.0074,1.7814,1.4230,-0.4400
47.100,-0.1469,1.3087,-1.5147,0.0074,1.7794,1.4229,-0.4400
47.112,-0.1471,1.3109,-1.5147,0.0074,1.7774,1.4228,-0.4400
47.124,-0.1473,1.3130,-1.5147,0.0074,1.7754,1.4227,-0.4400
47.136,-0.1475,1.3151,-1.5147,0.0075,1.7734,1.4226,-0.4400
47.148,-0.1477,1.3172,-1.5147,0.0075,1.7714,1.4225,-0.4400
47.160,-0.1479,1.3194,-1.5147,0.0075,1.7695,1.4224,-0.4400
47.172,-0.1481,1.3215,-1.5147,0.0076,1.7675,1.4223,-0.4400
47.184,-0.1483,1.3236,-1.5147,0.0076,1.7655,1.4222,-0.4400
47.196,-0.1485,1.3258,-1.5147,0.0076,1.7635,1.4221,-0.4400
47.208,-0.1487,1.3279,-1.5147,0.0076,1.7615,1.4220,-0.4400
47.220,-0.1489,1.3300,-1.5147,0.0077,1.7595,1.4219,-0.4400
47.232,-0.1491,1.3321,-1.5147,0.0077,1.7575,1.4218,-0.4400
47.244,-0.1493,1.3343,-1.5147,0.0077,1.7556,1.4217,-0.4400
47.256,-0.1495,1.3364,-1.5147,0.0078,1.7536,1.4216,-0.4400
47.268,-0.1497,1.3385,-1.5147,0.0078,1.7516,1.4215,-0.4400
47.280,-0.1499,1.3407,-1.5147,0.0078,1.7496,1.4214,-0.4400
47.292,-0.1501,1.3425,-1.5147,0.0078,1.7479,1.4213,-0.4400
47.304,-0.1503,1.3442,-1.5147,0.0079,1.7463,1.4213,-0.4400
47.316,-0.1504,1.3456,-1.5147,0.0079,1.7450,1.4212,-0.4400
47.328,-0.1505,1.3469,-1.5147,0.0079,1.7438,1.4211,-0.4395
47.340,-0.1506,1.3480,-1.5147,0.0079,1.7427,1.4211,-0.4385
47.352,-0.1507,1.3490,-1.5147,0.0079,1.7418,1.4210,-0.4371
47.364,-0.1508,1.3499,-1.5147,0.0079,1.7410,1.4210,-0.4353
47.376,-0.1509,1.3507,-1.5147,0.0080,1.7403,1.4210,-0.4332
47.388,-0.1510,1.3513,-1.5147,0.0080,1.7397,1.4209,-0.4309
47.400,-0.1510,1.3519,-1.5147,0.0080,1.7391,1.4209,-0.4283
47.412,-0.1511,1.3524,-1.5147,0.0080,1.7386,1.4209,-0.4255
47.424,-0.1511,1.3529,-1.5147,0.0080,1.7382,1.4208,-0.4225
47.436,-0.1511,1.3533,-1.5147,0.0080,1.7378,1.4208,-0.4193
47.448,-0.1512,1.3537,-1.5147,0.0080,1.7375,1.4208,-0.4160
47.460,-0.1512,1.3540,-1.5147,0.0080,1.7372,1.4208,-0.4125
47.472,-0.1512,1.3542,-1.5147,0.0080,1.7369,1.4208,-0.4089
47.484,-0.1513,1.3545,-1.5147,0.0080,1.7367,1.4208,-0.4053
47.496,-0.1513,1.3547,-1.5147,0.0080,1.7365,1.4208,-0.4015
47.508,-0.1513,1.3549,-1.5147,0.0080,1.7363,1.4207,-0.3977
47.520,-0.1513,1.3551,-1.5147,0.0080,1.7362,1.4207,-0.3938
47.532,-0.1513,1.3552,-1.5147,0.0080,1.7361,1.4207,-0.3898
47.544,-0.1513,1.3553,-1.5147,0.0080,1.7359,1.4207,-0.3858
47.556,-0.1513,1.3554,-1.5147,0.0080,1.7358,1.4207,-0.3818
47.568,-0.1514,1.3555,-1.5147,0.0080,1.7357,1.4207,-0.3777
47.580,-0.1514,1.3556,-1.5147,0.0080,1.7357,1.4207,-0.3735
47.592,-0.1514,1.3557,-1.5147,0.0080,1.7356,1.4207,-0.3694
47.604,-0.1514,1.3558,-1.5147,0.0080,1.7355,1.4207,-0.3652
47.616,-0.1514,1.3558,-1.5147,0.0080,1.7355,1.4207,-0.3609
47.628,-0.1514,1.3559,-1.5147,0.0080,1.7354,1.4207,-0.3567
47.640,-0.1514,1.3559,-1.5147,0.0080,1.7354,1.4207,-0.3524
47.652,-0.1514,1.3560,-1.5147,0.0080,1.7353,1.4207,-0.3482
47.664,-0.1514,1.3560,-1.5147,0.0080,1.7353,1.4207,-0.3439
47.676,-0.1514,1.3560,-1.5147,0.0080,1.7353,1.4207,-0.3396
47.688,-0.1514,1.3561,-1.5147,0.0080,1.7353,1.4207,-0.3353
47.700,-0.1514,1.3561,-1.5147,0.0080,1.7352,1.4207,-0.3309
47.712,-0.1514,1.3561,-1.5147,0.0080,1.7352,1.4207,-0.3266
47.724,-0.1514,1.3561,-1.5147,0.0080,1.7352,1.4207,-0.3222
47.736,-0.1514,1.3561,-1.5147,0.0080,1.7352,1.4207,-0.3179
47.748,-0.1514,1.3562,-1.5147,0.0080,1.7352,1.4207,-0.3135
47.760,-0.1514,1.3562,-1.5147,0.0080,1.7352,1.4207,-0.3092
47.772,-0.1514,1.3562,-1.5147,0.0080,1.7351,1.4207,-0.3048
47.784,-0.1514,1.3562,-1.5147,0.0080,1.7351,1.4207,-0.3004
47.796,-0.1514,1.3562,-1.5147,0.0080,1.7351,1.4207,-0.2961
47.808,-0.1514,1.3562,-1.5147,0.0080,1.7351,1.4207,-0.2917
47.820,-0.1514,1.3562,-1.5147,0.0080,1.7351,1.4207,-0.2873
47.832,-0.1514,1.3562,-1.5147,0.0080,1.7351,1.4207,-0.2829
47.844,-0.1514,1.3562,-1.5147,0.0080,1.7351,1.4207,-0.2786
47.856,-0.1514,1.3562,-1.5147,0.0080,1.7351,1.4207,-0.2742
47.868,-0.1514,1.3562,-1.5147,0.0080,1.7351,1.4207,-0.2698
47.880,-0.1514,1.3562,-1.5147,0.0080,1.7351,1.4207,-0.2654
47.892,-0.1514,1.3562,-1.5147,0.0080,1.7351,1.4207,-0.2610
47.904,-0.1514,1.3562,-1.5147,0.0080,1.7351,1.4207,-0.2566
47.916,-0.1514,1.3562,-1.5147,0.0080,1.7351,1.4207,-0.2522
47.928,-0.1514,1.3562,-1.5147,0.0080,1.7351,1.4207,-0.2478
47.940,-0.1514,1.3562,-1.5147,0.0080,1.7351,1.4207,-0.2434
47.952,-0.1514,1.3563,-1.5147,0.0080,1.7351,1.4207,-0.2390
47.964,-0.1514,1.3563,-1.5147,0.0080,1.7351,1.4207,-0.2346
47.976,-0.1514,1.3563,-1.5147,0.0080,1.7351,1.4207,-0.2302
47.988,-0.1514,1.3563,-1.5147,0.0080,1.7351,1.4207,-0.2258
48.000,-0.1514,1.3563,-1.5147,0.0080,1.7351,1.4207,-0.2214
48.012,-0.1514,1.3563,-1.5147,0.0080,1.7351,1.4207,-0.2170
48.024,-0.1514,1.3563,-1.5147,0.0080,1.7351,1.4207,-0.2126
48.036,-0.1514,1.3563,-1.5147,0.0080,1.7351,1.4207,-0.2083
48.048,-0.1514,1.3563,-1.5147,0.0080,1.7351,1.4207,-0.2039
48.060,-0.1514,1.3563,-1.5147,0.0080,1.7351,1.4207,-0.1995
48.072,-0.1514,1.3563,-1.5147,0.0080,1.7351,1.4207,-0.1951
48.084,-0.1514,1.3563,-1.5147,0.0080,1.7351,1.4207,-0.1907
48.096,-0.1514,1.3563,-1.5147,0.0080,1.7351,1.4207,-0.1863
48.108,-0.1514,1.3563,-1.5147,0.0080,1.7351,1.4207,-0.1819
48.120,-0.1514,1.3563,-1.5147,0.0080,1.7351,1.4207,-0.1775
48.132,-0.1514,1.3563,-1.5147,0.0080,1.7351,1.4207,-0.1731
48.144,-0.1514,1.3563,-1.5147,0.0080,1.7351,1.4207,-0.1687
48.156,-0.1514,1.3563,-1.5147,0.0080,1.7351,1.4207,-0.1643
48.168,-0.1514,1.3563,-1.5147,0.0080,1.7351,1.4207,-0.1599
48.180,-0.1514,1.3563,-1.5147,0.0080,1.7351,1.4207,-0.1555
48.192,-0.1514,1.3563,-1.5147,0.0080,1.7351,1.4207,-0.1511
48.204,-0.1514,1.3563,-1.5147,0.0080,1.7351,1.4207,-0.1467
48.216,-0.1514,1.3563,-1.5147,0.0080,1.7351,1.4207,-0.1423
48.228,-0.1514,1.3563,-1.5147,0.0080,1.7351,1.4207,-0.1379
48.240,-0.1514,1.3563,-1.5147,0.0080,1.7351,1.4207,-0.1335
48.252,-0.1514,1.3563,-1.5147,0.0080,1.7351,1.4207,-0.1291
48.264,-0.1514,1.3563,-1.5147,0.0080,1.7351,1.4207,-0.1247
48.276,-0.1514,1.3563,-1.5147,0.0080,1.7351,1.4207,-0.1203
48.288,-0.1514,1.3563,-1.5147,0.0080,1.7351,1.4207,-0.1159
48.300,-0.1514,1.3563,-1.5147,0.0080,1.7351,1.4207,-0.1115
48.312,-0.1514,1.3563,-1.5147,0.0080,1.7351,1.4207,-0.1071
48.324,-0.1514,1.3563,-1.5147,0.0080,1.7351,1.4207,-0.1027
48.336,-0.1514,1.3563,-1.5147,0.0080,1.7351,1.4207,-0.0983
48.348,-0.1514,1.3563,-1.5147,0.0080,1.7351,1.4207,-0.0939
48.360,-0.1514,1.3563,-1.5147,0.0080,1.7351,1.4207,-0.0895
48.372,-0.1514,1.3563,-1.5147,0.0080,1.7351,1.4207,-0.0851
48.384,-0.1514,1.3563,-1.5147,0.0080,1.7351,1.4207,-0.0807
48.396,-0.1514,1.3563,-1.5147,0.0080,1.7351,1.4207,-0.0763
48.408,-0.1514,1.3563,-1.5147,0.0080,1.7351,1.4207,-0.0719
48.420,-0.1514,1.3563,-1.5147,0.0080,1.7351,1.4207,-0.0675
48.432,-0.1514,1.3563,-1.5147,0.0080,1.7351,1.4207,-0.0631
48.444,-0.1514,1.3563,-1.5147,0.0080,1.7351,1.4207,-0.0587
48.456,-0.1514,1.3563,-1.5147,0.0080,1.7351,1.4207,-0.0543
48.468,-0.1514,1.3563,-1.5147,0.0080,1.7351,1.4207,-0.0499
48.480,-0.1514,1.3563,-1.5147,0.0080,1.7351,1.4207,-0.0455
48.492,-0.1514,1.3563,-1.5147,0.0080,1.7351,1.4207,-0.0411
48.504,-0.1514,1.3563,-1.5147,0.0080,1.7351,1.4207,-0.0367
48.516,-0.1514,1.3563,-1.5147,0.0080,1.7351,1.4207,-0.0323
48.528,-0.1514,1.3563,-1.5147,0.0080,1.7351,1.4207,-0.0284
48.540,-0.1514,1.3563,-1.5147,0.0080,1.7351,1.4207,-0.0250
48.552,-0.1514,1.3560,-1.5147,0.0080,1.7353,1.4207,-0.0220
48.564,-0.1514,1.3556,-1.5148,0.0080,1.7358,1.4208,-0.0194
48.576,-0.1513,1.3549,-1.5148,0.0080,1.7364,1.4208,-0.0170
48.588,-0.1512,1.3541,-1.5148,0.0080,1.7372,1.4209,-0.0150
48.600,-0.1511,1.3531,-1.5149,0.0080,1.7381,1.4210,-0.0132
48.612,-0.1510,1.3520,-1.5149,0.0080,1.7392,1.4211,-0.0116
48.624,-0.1509,1.3508,-1.5150,0.0080,1.7404,1.4212,-0.0102
48.636,-0.1508,1.3495,-1.5151,0.0079,1.7417,1.4214,-0.0090
48.648,-0.1506,1.3481,-1.5151,0.0079,1.7431,1.4215,-0.0079
48.660,-0.1505,1.3466,-1.5152,0.0079,1.7445,1.4217,-0.0070
48.672,-0.1503,1.3451,-1.5153,0.0079,1.7460,1.4218,-0.0061
48.684,-0.1502,1.3435,-1.5153,0.0078,1.7476,1.4220,-0.0054
48.696,-0.1500,1.3418,-1.5154,0.0078,1.7492,1.4222,-0.0047
48.708,-0.1498,1.3401,-1.5155,0.0078,1.7509,1.4223,-0.0042
48.720,-0.1496,1.3383,-1.5156,0.0078,1.7526,1.4225,-0.0037
48.732,-0.1495,1.3366,-1.5157,0.0078,1.7543,1.4227,-0.0032
48.744,-0.1493,1.3347,-1.5157,0.0077,1.7561,1.4229,-0.0028
48.756,-0.1491,1.3329,-1.5158,0.0077,1.7579,1.4231,-0.0025
48.768,-0.1489,1.3310,-1.5159,0.0077,1.7597,1.4232,-0.0022
48.780,-0.1487,1.3291,-1.5160,0.0076,1.7616,1.4234,-0.0019
48.792,-0.1485,1.3272,-1.5161,0.0076,1.7634,1.4236,-0.0017
48.804,-0.1484,1.3253,-1.5162,0.0076,1.7653,1.4238,-0.0015
48.816,-0.1482,1.3234,-1.5163,0.0076,1.7672,1.4240,-0.0013
48.828,-0.1480,1.3214,-1.5164,0.0075,1.7691,1.4242,-0.0012
48.840,-0.1478,1.3194,-1.5165,0.0075,1.7711,1.4244,-0.0010
48.852,-0.1476,1.3175,-1.5166,0.0075,1.7730,1.4246,-0.0009
48.864,-0.1474,1.3155,-1.5167,0.0075,1.7749,1.4248,-0.0008
48.876,-0.1472,1.3135,-1.5167,0.0074,1.7769,1.4250,-0.0007
48.888,-0.1470,1.3115,-1.5168,0.0074,1.7788,1.4252,-0.0006
48.900,-0.1468,1.3095,-1.5169,0.0074,1.7808,1.4254,-0.0005
48.912,-0.1466,1.3075,-1.5170,0.0073,1.7827,1.4256,-0.0005
48.924,-0.1464,1.3055,-1.5171,0.0073,1.7847,1.4258,-0.0004
48.936,-0.1462,1.3035,-1.5172,0.0073,1.7867,1.4260,-0.0004
48.948,-0.1460,1.3014,-1.5173,0.0073,1.7887,1.4262,-0.0003
48.960,-0.1458,1.2994,-1.5174,0.0072,1.7906,1.4265,-0.0003
48.972,-0.1456,1.2974,-1.5175,0.0072,1.7926,1.4267,-0.0003
48.984,-0.1454,1.2953,-1.5176,0.0072,1.7946,1.4269,-0.0002
48.996,-0.1452,1.2933,-1.5177,0.0071,1.7966,1.4271,-0.0002
49.008,-0.1450,1.2913,-1.5178,0.0071,1.7986,1.4273,-0.0002
49.020,-0.1448,1.2892,-1.5179,0.0071,1.8006,1.4275,-0.0002
49.032,-0.1446,1.2872,-1.5180,0.0071,1.8026,1.4277,-0.0001
49.044,-0.1444,1.2852,-1.5181,0.0070,1.8046,1.4279,-0.0001
49.056,-0.1442,1.2831,-1.5182,0.0070,1.8066,1.4281,-0.0001
49.068,-0.1440,1.2811,-1.5183,0.0070,1.8086,1.4283,-0.0001
49.080,-0.1438,1.2790,-1.5184,0.0069,1.8106,1.4285,-0.0001
49.092,-0.1436,1.2770,-1.5185,0.0069,1.8126,1.4287,-0.0001
49.104,-0.1434,1.2749,-1.5186,0.0069,1.8146,1.4289,-0.0001
49.116,-0.1432,1.2729,-1.5187,0.0069,1.8165,1.4291,-0.0001
49.128,-0.1430,1.2709,-1.5188,0.0068,1.8185,1.4293,-0.0000
49.140,-0.1428,1.2688,-1.5189,0.0068,1.8205,1.4296,-0.0000
49.152,-0.1426,1.2668,-1.5189,0.0068,1.8225,1.4298,-0.0000
49.164,-0.1424,1.2647,-1.5190,0.0067,1.8245,1.4300,-0.0000
49.176,-0.1422,1.2627,-1.5191,0.0067,1.8265,1.4302,-0.0000
49.188,-0.1420,1.2606,-1.5192,0.0067,1.8286,1.4304,-0.0000
49.200,-0.1417,1.2586,-1.5193,0.0067,1.8306,1.4306,-0.0000
49.212,-0.1415,1.2565,-1.5194,0.0066,1.8326,1.4308,-0.0000
49.224,-0.1413,1.2545,-1.5195,0.0066,1.8346,1.4310,-0.0000
49.236,-0.1411,1.2524,-1.5196,0.0066,1.8366,1.4312,-0.0000
49.248,-0.1409,1.2504,-1.5197,0.0065,1.8386,1.4314,-0.0000
49.260,-0.1407,1.2483,-1.5198,0.0065,1.8406,1.4316,-0.0000
49.272,-0.1405,1.2463,-1.5199,0.0065,1.8426,1.4318,-0.0000
49.284,-0.1403,1.2442,-1.5200,0.0065,1.8446,1.4320,-0.0000
49.296,-0.1401,1.2422,-1.5201,0.0064,1.8466,1.4323,-0.0000
49.308,-0.1399,1.2401,-1.5202,0.0064,1.8486,1.4325,-0.0000
49.320,-0.1397,1.2381,-1.5203,0.0064,1.8506,1.4327,-0.0000
49.332,-0.1395,1.2361,-1.5204,0.0063,1.8526,1.4329,-0.0000
49.344,-0.1393,1.2340,-1.5205,0.0063,1.8546,1.4331,-0.0000
49.356,-0.1391,1.2320,-1.5206,0.0063,1.8566,1.4333,-0.0000
49.368,-0.1389,1.2299,-1.5207,0.0063,1.8586,1.4335,-0.0000
49.380,-0.1387,1.2279,-1.5208,0.0062,1.8606,1.4337,-0.0000
49.392,-0.1385,1.2258,-1.5209,0.0062,1.8626,1.4339,-0.0000
49.404,-0.1383,1.2238,-1.5210,0.0062,1.8646,1.4341,-0.0000
49.416,-0.1381,1.2217,-1.5211,0.0061,1.8666,1.4343,-0.0000
49.428,-0.1379,1.2197,-1.5212,0.0061,1.8686,1.4345,-0.0000
49.440,-0.1377,1.2176,-1.5213,0.0061,1.8706,1.4348,-0.0000
49.452,-0.1375,1.2156,-1.5214,0.0061,1.8726,1.4350,-0.0000
49.464,-0.1373,1.2135,-1.5215,0.0060,1.8746,1.4352,-0.0000
49.476,-0.1371,1.2115,-1.5216,0.0060,1.8766,1.4354,-0.0000
49.488,-0.1369,1.2094,-1.5216,0.0060,1.8786,1.4356,-0.0000
49.500,-0.1367,1.2074,-1.5217,0.0059,1.8806,1.4358,-0.0000
49.512,-0.1365,1.2053,-1.5218,0.0059,1.8826,1.4360,-0.0000
49.524,-0.1363,1.2033,-1.5219,0.0059,1.8846,1.4362,-0.0000
49.536,-0.1361,1.2012,-1.5220,0.0059,1.8866,1.4364,-0.0000
49.548,-0.1359,1.1992,-1.5221,0.0058,1.8886,1.4366,-0.0000
49.560,-0.1357,1.1971,-1.5222,0.0058,1.8906,1.4368,-0.0000
49.572,-0.1355,1.1951,-1.5223,0.0058,1.8926,1.4370,-0.0000
49.584,-0.1353,1.1930,-1.5224,0.0057,1.8946,1.4372,-0.0000
49.596,-0.1351,1.1910,-1.5225,0.0057,1.8966,1.4375,-0.0000
49.608,-0.1348,1.1889,-1.5226,0.0057,1.8986,1.4377,-0.0000
49.620,-0.1346,1.1869,-1.5227,0.0057,1.9006,1.4379,-0.0000
49.632,-0.1344,1.1848,-1.5228,0.0056,1.9026,1.4381,-0.0000
49.644,-0.1342,1.1828,-1.5229,0.0056,1.9046,1.4383,-0.0000
49.656,-0.1340,1.1807,-1.5230,0.0056,1.9066,1.4385,-0.0000
49.668,-0.1338,1.1787,-1.5231,0.0055,1.9087,1.4387,-0.0000
49.680,-0.1336,1.1766,-1.5232,0.0055,1.9107,1.4389,-0.0000
49.692,-0.1334,1.1746,-1.5233,0.0055,1.9127,1.4391,-0.0000
49.704,-0.1332,1.1725,-1.5234,0.0055,1.9147,1.4393,-0.0000
49.716,-0.1330,1.1705,-1.5235,0.0054,1.9167,1.4395,-0.0000
49.728,-0.1328,1.1684,-1.5236,0.0054,1.9187,1.4397,-0.0000
49.740,-0.1326,1.1664,-1.5237,0.0054,1.9207,1.4399,-0.0000
49.752,-0.1324,1.1646,-1.5238,0.0053,1.9224,1.4401,-0.0000
49.764,-0.1323,1.1630,-1.5238,0.0053,1.9240,1.4403,-0.0000
49.776,-0.1321,1.1616,-1.5239,0.0053,1.9253,1.4404,-0.0000
49.788,-0.1321,1.1616,-1.5239,0.0053,1.9253,1.4404,-0.0000
49.800,-0.1320,1.1616,-1.5239,0.0053,1.9254,1.4404,-0.0000
49.812,-0.1319,1.1616,-1.5239,0.0053,1.9254,1.4404,-0.0000
49.824,-0.1316,1.1616,-1.5239,0.0053,1.9254,1.4404,-0.0000
49.836,-0.1313,1.1615,-1.5239,0.0053,1.9254,1.4404,-0.0000
49.848,-0.1309,1.1615,-1.5239,0.0053,1.9254,1.4404,-0.0000
49.860,-0.1305,1.1615,-1.5239,0.0053,1.9255,1.4404,-0.0000
49.872,-0.1300,1.1614,-1.5239,0.0053,1.9255,1.4404,-0.0000
49.884,-0.1295,1.1614,-1.5239,0.0053,1.9255,1.4405,-0.0000
49.896,-0.1290,1.1614,-1.5239,0.0053,1.9256,1.4405,-0.0000
49.908,-0.1284,1.1613,-1.5239,0.0053,1.9256,1.4405,-0.0000
49.920,-0.1278,1.1613,-1.5239,0.0053,1.9257,1.4405,-0.0000
49.932,-0.1272,1.1612,-1.5239,0.0053,1.9257,1.4405,-0.0000
49.944,-0.1265,1.1612,-1.5239,0.0053,1.9258,1.4405,-0.0000
49.956,-0.1259,1.1611,-1.5239,0.0053,1.9258,1.4405,-0.0000
49.968,-0.1252,1.1611,-1.5239,0.0053,1.9259,1.4405,-0.0000
49.980,-0.1245,1.1610,-1.5239,0.0053,1.9259,1.4405,-0.0000
49.992,-0.1238,1.1610,-1.5239,0.0053,1.9260,1.4405,-0.0000
50.004,-0.1231,1.1609,-1.5239,0.0053,1.9260,1.4405,-0.0000
50.016,-0.1224,1.1608,-1.5239,0.0053,1.9261,1.4405,-0.0000
50.028,-0.1216,1.1608,-1.5239,0.0053,1.9261,1.4405,-0.0000
50.040,-0.1209,1.1607,-1.5239,0.0053,1.9262,1.4405,-0.0000
50.052,-0.1202,1.1607,-1.5239,0.0053,1.9263,1.4405,-0.0000
50.064,-0.1194,1.1606,-1.5239,0.0053,1.9263,1.4405,-0.0000
50.076,-0.1187,1.1606,-1.5239,0.0053,1.9264,1.4405,-0.0000
50.088,-0.1179,1.1605,-1.5240,0.0053,1.9264,1.4405,-0.0000
50.100,-0.1171,1.1604,-1.5240,0.0053,1.9265,1.4406,-0.0000
50.112,-0.1164,1.1604,-1.5240,0.0053,1.9265,1.4406,-0.0000
50.124,-0.1156,1.1603,-1.5240,0.0053,1.9266,1.4406,-0.0000
50.136,-0.1148,1.1603,-1.5240,0.0053,1.9267,1.4406,-0.0000
50.148,-0.1140,1.1602,-1.5240,0.0053,1.9267,1.4406,-0.0000
50.160,-0.1133,1.1601,-1.5240,0.0053,1.9268,1.4406,-0.0000
50.172,-0.1125,1.1601,-1.5240,0.0053,1.9268,1.4406,-0.0000
50.184,-0.1117,1.1600,-1.5240,0.0053,1.9269,1.4406,-0.0000
50.196,-0.1109,1.1600,-1.5240,0.0053,1.9270,1.4406,-0.0000
50.208,-0.1101,1.1599,-1.5240,0.0053,1.9270,1.4406,-0.0000
50.220,-0.1094,1.1598,-1.5240,0.0053,1.9271,1.4406,-0.0000
50.232,-0.1086,1.1598,-1.5240,0.0053,1.9271,1.4406,-0.0000
50.244,-0.1078,1.1597,-1.5240,0.0053,1.9272,1.4406,-0.0000
50.256,-0.1070,1.1597,-1.5240,0.0053,1.9273,1.4406,-0.0000
50.268,-0.1062,1.1596,-1.5240,0.0053,1.9273,1.4406,-0.0000
50.280,-0.1054,1.1595,-1.5240,0.0053,1.9274,1.4406,-0.0000
50.292,-0.1046,1.1595,-1.5240,0.0053,1.9274,1.4406,-0.0000
50.304,-0.1038,1.1594,-1.5240,0.0053,1.9275,1.4407,-0.0000
50.316,-0.1031,1.1593,-1.5240,0.0053,1.9276,1.4407,-0.0000
50.328,-0.1023,1.1593,-1.5240,0.0053,1.9276,1.4407,-0.0000
50.340,-0.1015,1.1592,-1.5240,0.0053,1.9277,1.4407,-0.0000
50.352,-0.1007,1.1592,-1.5240,0.0053,1.9277,1.4407,-0.0000
50.364,-0.0999,1.1591,-1.5240,0.0053,1.9278,1.4407,-0.0000
50.376,-0.0991,1.1590,-1.5240,0.0053,1.9279,1.4407,-0.0000
50.388,-0.0983,1.1590,-1.5240,0.0053,1.9279,1.4407,-0.0000
50.400,-0.0975,1.1589,-1.5240,0.0053,1.9280,1.4407,-0.0000
50.412,-0.0967,1.1589,-1.5240,0.0053,1.9280,1.4407,-0.0000
50.424,-0.0959,1.1588,-1.5240,0.0053,1.9281,1.4407,-0.0000
50.436,-0.0951,1.1587,-1.5240,0.0053,1.9282,1.4407,-0.0000
50.448,-0.0943,1.1587,-1.5240,0.0053,1.9282,1.4407,-0.0000
50.460,-0.0936,1.1586,-1.5240,0.0053,1.9283,1.4407,-0.0000
50.472,-0.0928,1.1585,-1.5240,0.0053,1.9283,1.4407,-0.0000
50.484,-0.0920,1.1585,-1.5240,0.0053,1.9284,1.4407,-0.0000
50.496,-0.0912,1.1584,-1.5240,0.0053,1.9285,1.4408,-0.0000
50.508,-0.0904,1.1584,-1.5241,0.0053,1.9285,1.4408,-0.0000
50.520,-0.0896,1.1583,-1.5241,0.0053,1.9286,1.4408,-0.0000
50.532,-0.0888,1.1582,-1.5241,0.0053,1.9286,1.4408,-0.0000
50.544,-0.0880,1.1582,-1.5241,0.0053,1.9287,1.4408,-0.0000
50.556,-0.0872,1.1581,-1.5241,0.0053,1.9288,1.4408,-0.0000
50.568,-0.0864,1.1581,-1.5241,0.0053,1.9288,1.4408,-0.0000
50.580,-0.0856,1.1580,-1.5241,0.0053,1.9289,1.4408,-0.0000
50.592,-0.0848,1.1579,-1.5241,0.0053,1.9289,1.4408,-0.0000
50.604,-0.0840,1.1579,-1.5241,0.0053,1.9290,1.4408,-0.0000
50.616,-0.0832,1.1578,-1.5241,0.0052,1.9291,1.4408,-0.0000
50.628,-0.0825,1.1578,-1.5241,0.0052,1.9291,1.4408,-0.0000
50.640,-0.0817,1.1577,-1.5241,0.0052,1.9292,1.4408,-0.0000
50.652,-0.0809,1.1576,-1.5241,0.0052,1.9292,1.4408,-0.0000
50.664,-0.0801,1.1576,-1.5241,0.0052,1.9293,1.4408,-0.0000
50.676,-0.0793,1.1575,-1.5241,0.0052,1.9294,1.4408,-0.0000
50.688,-0.0785,1.1574,-1.5241,0.0052,1.9294,1.4409,-0.0000
50.700,-0.0777,1.1574,-1.5241,0.0052,1.9295,1.4409,-0.0000
50.712,-0.0769,1.1573,-1.5241,0.0052,1.9295,1.4409,-0.0000
50.724,-0.0761,1.1573,-1.5241,0.0052,1.9296,1.4409,-0.0000
50.736,-0.0753,1.1572,-1.5241,0.0052,1.9297,1.4409,-0.0000
50.748,-0.0745,1.1571,-1.5241,0.0052,1.9297,1.4409,-0.0000
50.760,-0.0737,1.1571,-1.5241,0.0052,1.9298,1.4409,-0.0000
50.772,-0.0729,1.1570,-1.5241,0.0052,1.9298,1.4409,-0.0000
50.784,-0.0722,1.1570,-1.5241,0.0052,1.9299,1.4409,-0.0000
50.796,-0.0714,1.1569,-1.5241,0.0052,1.9300,1.4409,-0.0000
50.808,-0.0706,1.1568,-1.5241,0.0052,1.9300,1.4409,-0.0000
50.820,-0.0698,1.1568,-1.5241,0.0052,1.9301,1.4409,-0.0000
50.832,-0.0690,1.1567,-1.5241,0.0052,1.9301,1.4409,-0.0000
50.844,-0.0682,1.1566,-1.5241,0.0052,1.9302,1.4409,-0.0000
50.856,-0.0674,1.1566,-1.5241,0.0052,1.9303,1.4409,-0.0000
50.868,-0.0666,1.1565,-1.5241,0.0052,1.9303,1.4409,-0.0000
50.880,-0.0658,1.1565,-1.5241,0.0052,1.9304,1.4410,-0.0000
50.892,-0.0650,1.1564,-1.5241,0.0052,1.9304,1.4410,-0.0000
50.904,-0.0642,1.1563,-1.5241,0.0052,1.9305,1.4410,-0.0000
50.916,-0.0634,1.1563,-1.5242,0.0052,1.9306,1.4410,-0.0000
50.928,-0.0626,1.1562,-1.5242,0.0052,1.9306,1.4410,-0.0000
50.940,-0.0618,1.1562,-1.5242,0.0052,1.9307,1.4410,-0.0000
50.952,-0.0611,1.1561,-1.5242,0.0052,1.9307,1.4410,-0.0000
50.964,-0.0603,1.1560,-1.5242,0.0052,1.9308,1.4410,-0.0000
50.976,-0.0595,1.1560,-1.5242,0.0052,1.9309,1.4410,-0.0000
50.988,-0.0587,1.1559,-1.5242,0.0052,1.9309,1.4410,-0.0000
51.000,-0.0579,1.1558,-1.5242,0.0052,1.9310,1.4410,-0.0000
51.012,-0.0571,1.1558,-1.5242,0.0052,1.9310,1.4410,-0.0000
51.024,-0.0563,1.1557,-1.5242,0.0052,1.9311,1.4410,-0.0000
51.036,-0.0555,1.1557,-1.5242,0.0052,1.9312,1.4410,-0.0000
51.048,-0.0547,1.1556,-1.5242,0.0052,1.9312,1.4410,-0.0000
51.060,-0.0539,1.1555,-1.5242,0.0052,1.9313,1.4410,-0.0000
51.072,-0.0531,1.1555,-1.5242,0.0052,1.9313,1.4411,-0.0000
51.084,-0.0523,1.1554,-1.5242,0.0052,1.9314,1.4411,-0.0000
51.096,-0.0515,1.1554,-1.5242,0.0052,1.9315,1.4411,-0.0000
51.108,-0.0507,1.1553,-1.5242,0.0052,1.9315,1.4411,-0.0000
51.120,-0.0500,1.1552,-1.5242,0.0052,1.9316,1.4411,-0.0000
51.132,-0.0492,1.1552,-1.5242,0.0052,1.9316,1.4411,-0.0000
51.144,-0.0484,1.1551,-1.5242,0.0052,1.9317,1.4411,-0.0000
51.156,-0.0476,1.1550,-1.5242,0.0052,1.9318,1.4411,-0.0000
51.168,-0.0468,1.1550,-1.5242,0.0052,1.9318,1.4411,-0.0000
51.180,-0.0460,1.1549,-1.5242,0.0052,1.9319,1.4411,-0.0000
51.192,-0.0452,1.1549,-1.5242,0.0052,1.9319,1.4411,-0.0000
51.204,-0.0444,1.1548,-1.5242,0.0052,1.9320,1.4411,-0.0000
51.216,-0.0436,1.1547,-1.5242,0.0052,1.9321,1.4411,-0.0000
51.228,-0.0428,1.1547,-1.5242,0.0052,1.9321,1.4411,-0.0000
51.240,-0.0420,1.1546,-1.5242,0.0052,1.9322,1.4411,-0.0000
51.252,-0.0412,1.1546,-1.5242,0.0052,1.9322,1.4411,-0.0000
51.264,-0.0404,1.1545,-1.5242,0.0052,1.9323,1.4412,-0.0000
51.276,-0.0396,1.1544,-1.5242,0.0052,1.9324,1.4412,-0.0000
51.288,-0.0389,1.1544,-1.5242,0.0052,1.9324,1.4412,-0.0000
51.300,-0.0381,1.1543,-1.5242,0.0052,1.9325,1.4412,-0.0000
51.312,-0.0373,1.1542,-1.5242,0.0052,1.9325,1.4412,-0.0000
51.324,-0.0365,1.1542,-1.5242,0.0052,1.9326,1.4412,-0.0000
51.336,-0.0357,1.1541,-1.5243,0.0052,1.9327,1.4412,-0.0000
51.348,-0.0349,1.1541,-1.5243,0.0052,1.9327,1.4412,-0.0000
51.360,-0.0341,1.1540,-1.5243,0.0052,1.9328,1.4412,-0.0000
51.372,-0.0333,1.1539,-1.5243,0.0052,1.9328,1.4412,-0.0000
51.384,-0.0325,1.1539,-1.5243,0.0052,1.9329,1.4412,-0.0000
51.396,-0.0317,1.1538,-1.5243,0.0052,1.9330,1.4412,-0.0000
51.408,-0.0309,1.1538,-1.5243,0.0052,1.9330,1.4412,-0.0000
51.420,-0.0301,1.1537,-1.5243,0.0052,1.9331,1.4412,-0.0000
51.432,-0.0293,1.1536,-1.5243,0.0052,1.9331,1.4412,-0.0000
51.444,-0.0285,1.1536,-1.5243,0.0052,1.9332,1.4412,-0.0000
51.456,-0.0278,1.1535,-1.5243,0.0052,1.9333,1.4413,-0.0000
51.468,-0.0270,1.1535,-1.5243,0.0052,1.9333,1.4413,-0.0000
51.480,-0.0262,1.1534,-1.5243,0.0052,1.9334,1.4413,-0.0000
51.492,-0.0254,1.1533,-1.5243,0.0052,1.9334,1.4413,-0.0000
51.504,-0.0246,1.1533,-1.5243,0.0052,1.9335,1.4413,-0.0000
51.516,-0.0238,1.1532,-1.5243,0.0052,1.9336,1.4413,-0.0000
51.528,-0.0230,1.1531,-1.5243,0.0052,1.9336,1.4413,-0.0000
51.540,-0.0222,1.1531,-1.5243,0.0052,1.9337,1.4413,-0.0000
51.552,-0.0214,1.1530,-1.5243,0.0052,1.9337,1.4413,-0.0000
51.564,-0.0206,1.1530,-1.5243,0.0052,1.9338,1.4413,-0.0000
51.576,-0.0198,1.1529,-1.5243,0.0052,1.9339,1.4413,-0.0000
51.588,-0.0190,1.1528,-1.5243,0.0052,1.9339,1.4413,-0.0000
51.600,-0.0182,1.1528,-1.5243,0.0052,1.9340,1.4413,-0.0000
51.612,-0.0174,1.1527,-1.5243,0.0052,1.9340,1.4413,-0.0000
51.624,-0.0167,1.1527,-1.5243,0.0052,1.9341,1.4413,-0.0000
51.636,-0.0159,1.1526,-1.5243,0.0052,1.9342,1.4413,-0.0000
51.648,-0.0151,1.1525,-1.5243,0.0052,1.9342,1.4414,-0.0000
51.660,-0.0143,1.1525,-1.5243,0.0052,1.9343,1.4414,-0.0000
51.672,-0.0135,1.1524,-1.5243,0.0052,1.9343,1.4414,-0.0000
51.684,-0.0127,1.1523,-1.5243,0.0052,1.9344,1.4414,-0.0000
51.696,-0.0119,1.1523,-1.5243,0.0052,1.9345,1.4414,-0.0000
51.708,-0.0111,1.1522,-1.5243,0.0052,1.9345,1.4414,-0.0000
51.720,-0.0103,1.1522,-1.5243,0.0052,1.9346,1.4414,-0.0000
51.732,-0.0095,1.1521,-1.5243,0.0052,1.9346,1.4414,-0.0000
51.744,-0.0087,1.1520,-1.5244,0.0052,1.9347,1.4414,-0.0000
51.756,-0.0079,1.1520,-1.5244,0.0052,1.9348,1.4414,-0.0000
51.768,-0.0071,1.1519,-1.5244,0.0052,1.9348,1.4414,-0.0000
51.780,-0.0063,1.1519,-1.5244,0.0052,1.9349,1.4414,-0.0000
51.792,-0.0056,1.1518,-1.5244,0.0052,1.9349,1.4414,-0.0000
51.804,-0.0049,1.1517,-1.5244,0.0052,1.9350,1.4414,-0.0000
51.816,-0.0049,1.1517,-1.5244,0.0052,1.9350,1.4414,-0.0000
51.828,-0.0049,1.1509,-1.5233,0.0052,1.9336,1.4404,-0.0000
51.840,-0.0049,1.1494,-1.5212,0.0052,1.9310,1.4384,-0.0000
51.852,-0.0049,1.1472,-1.5183,0.0051,1.9273,1.4357,-0.0000
51.864,-0.0049,1.1444,-1.5146,0.0051,1.9226,1.4322,-0.0000
51.876,-0.0049,1.1411,-1.5103,0.0051,1.9171,1.4281,-0.0000
51.888,-0.0049,1.1374,-1.5054,0.0051,1.9109,1.4235,-0.0000
51.900,-0.0048,1.1333,-1.5000,0.0051,1.9041,1.4184,-0.0000
51.912,-0.0048,1.1289,-1.4941,0.0051,1.8966,1.4129,-0.0000
51.924,-0.0048,1.1242,-1.4879,0.0050,1.8887,1.4069,-0.0000
51.936,-0.0048,1.1192,-1.4813,0.0050,1.8803,1.4007,-0.0000
51.948,-0.0048,1.1140,-1.4744,0.0050,1.8715,1.3942,-0.0000
51.960,-0.0047,1.1086,-1.4672,0.0050,1.8624,1.3874,-0.0000
51.972,-0.0047,1.1030,-1.4598,0.0049,1.8530,1.3804,-0.0000
51.984,-0.0047,1.0972,-1.4522,0.0049,1.8434,1.3732,-0.0000
51.996,-0.0047,1.0913,-1.4444,0.0049,1.8335,1.3658,-0.0000
52.008,-0.0046,1.0853,-1.4364,0.0049,1.8234,1.3583,-0.0000
52.020,-0.0046,1.0792,-1.4283,0.0048,1.8131,1.3506,-0.0000
52.032,-0.0046,1.0730,-1.4201,0.0048,1.8026,1.3428,-0.0000
52.044,-0.0045,1.0667,-1.4117,0.0048,1.7920,1.3349,-0.0000
52.056,-0.0045,1.0603,-1.4033,0.0048,1.7813,1.3270,-0.0000
52.068,-0.0045,1.0538,-1.3948,0.0047,1.7705,1.3189,-0.0000
52.080,-0.0045,1.0473,-1.3862,0.0047,1.7596,1.3108,-0.0000
52.092,-0.0044,1.0408,-1.3775,0.0047,1.7486,1.3026,-0.0000
52.104,-0.0044,1.0342,-1.3688,0.0046,1.7375,1.2943,-0.0000
52.116,-0.0044,1.0276,-1.3600,0.0046,1.7264,1.2860,-0.0000
52.128,-0.0044,1.0209,-1.3512,0.0046,1.7152,1.2777,-0.0000
52.140,-0.0043,1.0142,-1.3424,0.0045,1.7040,1.2693,-0.0000
52.152,-0.0043,1.0075,-1.3335,0.0045,1.6927,1.2609,-0.0000
52.164,-0.0043,1.0008,-1.3246,0.0045,1.6813,1.2525,-0.0000
52.176,-0.0042,0.9940,-1.3156,0.0045,1.6700,1.2440,-0.0000
52.188,-0.0042,0.9872,-1.3066,0.0044,1.6586,1.2355,-0.0000
52.200,-0.0042,0.9804,-1.2976,0.0044,1.6472,1.2270,-0.0000
52.212,-0.0042,0.9736,-1.2886,0.0044,1.6357,1.2185,-0.0000
52.224,-0.0041,0.9668,-1.2796,0.0043,1.6243,1.2100,-0.0000
52.236,-0.0041,0.9600,-1.2706,0.0043,1.6128,1.2014,-0.0000
52.248,-0.0041,0.9531,-1.2615,0.0043,1.6013,1.1929,-0.0000
52.260,-0.0040,0.9463,-1.2524,0.0042,1.5898,1.1843,-0.0000
52.272,-0.0040,0.9394,-1.2434,0.0042,1.5783,1.1757,-0.0000
52.284,-0.0040,0.9326,-1.2343,0.0042,1.5668,1.1671,-0.0000
52.296,-0.0039,0.9257,-1.2252,0.0042,1.5552,1.1585,-0.0000
52.308,-0.0039,0.9188,-1.2161,0.0041,1.5437,1.1499,-0.0000
52.320,-0.0039,0.9119,-1.2070,0.0041,1.5321,1.1413,-0.0000
52.332,-0.0039,0.9051,-1.1979,0.0041,1.5205,1.1327,-0.0000
52.344,-0.0038,0.8982,-1.1888,0.0040,1.5090,1.1241,-0.0000
52.356,-0.0038,0.8913,-1.1796,0.0040,1.4974,1.1155,-0.0000
52.368,-0.0038,0.8844,-1.1705,0.0040,1.4858,1.1068,-0.0000
52.380,-0.0037,0.8775,-1.1614,0.0039,1.4742,1.0982,-0.0000
52.392,-0.0037,0.8706,-1.1523,0.0039,1.4627,1.0896,-0.0000
52.404,-0.0037,0.8637,-1.1431,0.0039,1.4511,1.0810,-0.0000
52.416,-0.0037,0.8568,-1.1340,0.0038,1.4395,1.0723,-0.0000
52.428,-0.0036,0.8499,-1.1249,0.0038,1.4279,1.0637,-0.0000
52.440,-0.0036,0.8430,-1.1157,0.0038,1.4163,1.0550,-0.0000
52.452,-0.0036,0.8361,-1.1066,0.0037,1.4047,1.0464,-0.0000
52.464,-0.0035,0.8292,-1.0975,0.0037,1.3931,1.0378,-0.0000
52.476,-0.0035,0.8223,-1.0883,0.0037,1.3815,1.0291,-0.0000
52.488,-0.0035,0.8154,-1.0792,0.0037,1.3699,1.0205,-0.0000
52.500,-0.0034,0.8085,-1.0701,0.0036,1.3583,1.0118,-0.0000
52.512,-0.0034,0.8016,-1.0609,0.0036,1.3467,1.0032,-0.0000
52.524,-0.0034,0.7947,-1.0518,0.0036,1.3351,0.9946,-0.0000
52.536,-0.0034,0.7878,-1.0426,0.0035,1.3235,0.9859,-0.0000
52.548,-0.0033,0.7809,-1.0335,0.0035,1.3119,0.9773,-0.0000
52.560,-0.0033,0.7740,-1.0243,0.0035,1.3003,0.9686,-0.0000
52.572,-0.0033,0.7670,-1.0152,0.0034,1.2887,0.9600,-0.0000
52.584,-0.0032,0.7601,-1.0061,0.0034,1.2771,0.9513,-0.0000
52.596,-0.0032,0.7532,-0.9969,0.0034,1.2655,0.9427,-0.0000
52.608,-0.0032,0.7463,-0.9878,0.0033,1.2539,0.9340,-0.0000
52.620,-0.0032,0.7394,-0.9786,0.0033,1.2422,0.9254,-0.0000
52.632,-0.0031,0.7325,-0.9695,0.0033,1.2306,0.9167,-0.0000
52.644,-0.0031,0.7256,-0.9603,0.0033,1.2190,0.9081,-0.0000
52.656,-0.0031,0.7187,-0.9512,0.0032,1.2074,0.8994,-0.0000
52.668,-0.0030,0.7118,-0.9420,0.0032,1.1958,0.8908,-0.0000
52.680,-0.0030,0.7049,-0.9329,0.0032,1.1842,0.8822,-0.0000
52.692,-0.0030,0.6980,-0.9238,0.0031,1.1726,0.8735,-0.0000
52.704,-0.0029,0.6910,-0.9146,0.0031,1.1610,0.8649,-0.0000
52.716,-0.0029,0.6841,-0.9055,0.0031,1.1494,0.8562,-0.0000
52.728,-0.0029,0.6772,-0.8963,0.0030,1.1378,0.8476,-0.0000
52.740,-0.0029,0.6703,-0.8872,0.0030,1.1262,0.8389,-0.0000
52.752,-0.0028,0.6634,-0.8780,0.0030,1.1145,0.8303,-0.0000
52.764,-0.0028,0.6565,-0.8689,0.0029,1.1029,0.8216,-0.0000
52.776,-0.0028,0.6496,-0.8597,0.0029,1.0913,0.8130,-0.0000
52.788,-0.0027,0.6427,-0.8506,0.0029,1.0797,0.8043,-0.0000
52.800,-0.0027,0.6358,-0.8414,0.0029,1.0681,0.7957,-0.0000
52.812,-0.0027,0.6288,-0.8323,0.0028,1.0565,0.7870,-0.0000
52.824,-0.0027,0.6219,-0.8232,0.0028,1.0449,0.7784,-0.0000
52.836,-0.0026,0.6150,-0.8140,0.0028,1.0333,0.7697,-0.0000
52.848,-0.0026,0.6081,-0.8049,0.0027,1.0217,0.7611,-0.0000
52.860,-0.0026,0.6012,-0.7957,0.0027,1.0101,0.7524,-0.0000
52.872,-0.0025,0.5943,-0.7866,0.0027,0.9985,0.7438,-0.0000
52.884,-0.0025,0.5874,-0.7774,0.0026,0.9868,0.7351,-0.0000
52.896,-0.0025,0.5805,-0.7683,0.0026,0.9752,0.7265,-0.0000
52.908,-0.0024,0.5736,-0.7591,0.0026,0.9636,0.7178,-0.0000
52.920,-0.0024,0.5667,-0.7500,0.0025,0.9520,0.7092,-0.0000
52.932,-0.0024,0.5597,-0.7408,0.0025,0.9404,0.7005,-0.0000
52.944,-0.0024,0.5528,-0.7317,0.0025,0.9288,0.6919,-0.0000
52.956,-0.0023,0.5459,-0.7225,0.0024,0.9172,0.6832,-0.0000
52.968,-0.0023,0.5390,-0.7134,0.0024,0.9056,0.6746,-0.0000
52.980,-0.0023,0.5321,-0.7043,0.0024,0.8940,0.6659,-0.0000
52.992,-0.0022,0.5252,-0.6951,0.0024,0.8824,0.6573,-0.0000
53.004,-0.0022,0.5183,-0.6860,0.0023,0.8707,0.6486,-0.0000
53.016,-0.0022,0.5114,-0.6768,0.0023,0.8591,0.6400,-0.0000
53.028,-0.0022,0.5045,-0.6677,0.0023,0.8475,0.6313,-0.0000
53.040,-0.0021,0.4976,-0.6585,0.0022,0.8359,0.6227,-0.0000
53.052,-0.0021,0.4906,-0.6494,0.0022,0.8243,0.6141,-0.0000
53.064,-0.0021,0.4837,-0.6402,0.0022,0.8127,0.6054,-0.0000
53.076,-0.0020,0.4768,-0.6311,0.0021,0.8011,0.5968,-0.0000
53.088,-0.0020,0.4699,-0.6219,0.0021,0.7895,0.5881,-0.0000
53.100,-0.0020,0.4630,-0.6128,0.0021,0.7779,0.5795,-0.0000
53.112,-0.0019,0.4561,-0.6036,0.0020,0.7663,0.5708,-0.0000
53.124,-0.0019,0.4492,-0.5945,0.0020,0.7546,0.5622,-0.0000
53.136,-0.0019,0.4423,-0.5854,0.0020,0.7430,0.5535,-0.0000
53.148,-0.0019,0.4354,-0.5762,0.0020,0.7314,0.5449,-0.0000
53.160,-0.0018,0.4284,-0.5671,0.0019,0.7198,0.5362,-0.0000
53.172,-0.0018,0.4215,-0.5579,0.0019,0.7082,0.5276,-0.0000
53.184,-0.0018,0.4146,-0.5488,0.0019,0.6966,0.5189,-0.0000
53.196,-0.0017,0.4077,-0.5396,0.0018,0.6850,0.5103,-0.0000
53.208,-0.0017,0.4008,-0.5305,0.0018,0.6734,0.5016,-0.0000
53.220,-0.0017,0.3939,-0.5213,0.0018,0.6618,0.4930,-0.0000
53.232,-0.0017,0.3870,-0.5122,0.0017,0.6502,0.4843,-0.0000
53.244,-0.0016,0.3801,-0.5030,0.0017,0.6385,0.4757,-0.0000
53.256,-0.0016,0.3732,-0.4939,0.0017,0.6269,0.4670,-0.0000
53.268,-0.0016,0.3663,-0.4847,0.0016,0.6153,0.4584,-0.0000
53.280,-0.0015,0.3593,-0.4756,0.0016,0.6037,0.4497,-0.0000
53.292,-0.0015,0.3524,-0.4665,0.0016,0.5921,0.4411,-0.0000
53.304,-0.0015,0.3455,-0.4573,0.0015,0.5805,0.4324,-0.0000
53.316,-0.0014,0.3386,-0.4482,0.0015,0.5689,0.4238,-0.0000
53.328,-0.0014,0.3317,-0.4390,0.0015,0.5573,0.4151,-0.0000
53.340,-0.0014,0.3248,-0.4299,0.0015,0.5457,0.4065,-0.0000
53.352,-0.0014,0.3179,-0.4207,0.0014,0.5341,0.3978,-0.0000
53.364,-0.0013,0.3110,-0.4116,0.0014,0.5224,0.3892,-0.0000
53.376,-0.0013,0.3041,-0.4024,0.0014,0.5108,0.3805,-0.0000
53.388,-0.0013,0.2971,-0.3933,0.0013,0.4992,0.3719,-0.0000
53.400,-0.0012,0.2902,-0.3841,0.0013,0.4876,0.3632,-0.0000
53.412,-0.0012,0.2833,-0.3750,0.0013,0.4760,0.3546,-0.0000
53.424,-0.0012,0.2764,-0.3658,0.0012,0.4644,0.3459,-0.0000
53.436,-0.0011,0.2695,-0.3567,0.0012,0.4528,0.3373,-0.0000
53.448,-0.0011,0.2626,-0.3476,0.0012,0.4412,0.3286,-0.0000
53.460,-0.0011,0.2557,-0.3384,0.0011,0.4296,0.3200,-0.0000
53.472,-0.0011,0.2488,-0.3293,0.0011,0.4180,0.3113,-0.0000
53.484,-0.0010,0.2419,-0.3201,0.0011,0.4063,0.3027,-0.0000
53.496,-0.0010,0.2350,-0.3110,0.0011,0.3947,0.2941,-0.0000
53.508,-0.0010,0.2280,-0.3018,0.0010,0.3831,0.2854,-0.0000
53.520,-0.0009,0.2211,-0.2927,0.0010,0.3715,0.2768,-0.0000
53.532,-0.0009,0.2142,-0.2835,0.0010,0.3599,0.2681,-0.0000
53.544,-0.0009,0.2073,-0.2744,0.0009,0.3483,0.2595,-0.0000
53.556,-0.0009,0.2004,-0.2652,0.0009,0.3367,0.2508,-0.0000
53.568,-0.0008,0.1935,-0.2561,0.0009,0.3251,0.2422,-0.0000
53.580,-0.0008,0.1866,-0.2469,0.0008,0.3135,0.2335,-0.0000
53.592,-0.0008,0.1797,-0.2378,0.0008,0.3019,0.2249,-0.0000
53.604,-0.0007,0.1728,-0.2287,0.0008,0.2902,0.2162,-0.0000
53.616,-0.0007,0.1659,-0.2195,0.0007,0.2786,0.2076,-0.0000
53.628,-0.0007,0.1589,-0.2104,0.0007,0.2670,0.1989,-0.0000
53.640,-0.0006,0.1520,-0.2012,0.0007,0.2554,0.1903,-0.0000
53.652,-0.0006,0.1451,-0.1921,0.0007,0.2438,0.1816,-0.0000
53.664,-0.0006,0.1382,-0.1829,0.0006,0.2322,0.1730,-0.0000
53.676,-0.0006,0.1313,-0.1738,0.0006,0.2206,0.1643,-0.0000
53.688,-0.0005,0.1244,-0.1646,0.0006,0.2090,0.1557,-0.0000
53.700,-0.0005,0.1175,-0.1555,0.0005,0.1974,0.1470,-0.0000
53.712,-0.0005,0.1106,-0.1463,0.0005,0.1858,0.1384,-0.0000
53.724,-0.0004,0.1037,-0.1372,0.0005,0.1741,0.1297,-0.0000
53.736,-0.0004,0.0967,-0.1280,0.0004,0.1625,0.1211,-0.0000
53.748,-0.0004,0.0898,-0.1189,0.0004,0.1509,0.1124,-0.0000
53.760,-0.0004,0.0829,-0.1098,0.0004,0.1393,0.1038,-0.0000
53.772,-0.0003,0.0760,-0.1006,0.0003,0.1277,0.0951,-0.0000
53.784,-0.0003,0.0691,-0.0915,0.0003,0.1161,0.0865,-0.0000
53.796,-0.0003,0.0622,-0.0823,0.0003,0.1045,0.0778,-0.0000
53.808,-0.0002,0.0553,-0.0732,0.0002,0.0929,0.0692,-0.0000
53.820,-0.0002,0.0486,-0.0644,0.0002,0.0817,0.0609,-0.0000
53.832,-0.0002,0.0428,-0.0567,0.0002,0.0719,0.0536,-0.0000
53.844,-0.0002,0.0377,-0.0499,0.0002,0.0633,0.0472,-0.0000
53.856,-0.0001,0.0332,-0.0439,0.0001,0.0557,0.0415,-0.0000
53.868,-0.0001,0.0292,-0.0386,0.0001,0.0490,0.0365,-0.0000
53.880,-0.0001,0.0257,-0.0340,0.0001,0.0431,0.0321,-0.0000
53.892,-0.0001,0.0226,-0.0299,0.0001,0.0380,0.0283,-0.0000
53.904,-0.0001,0.0199,-0.0263,0.0001,0.0334,0.0249,-0.0000
53.916,-0.0001,0.0175,-0.0232,0.0001,0.0294,0.0219,-0.0000
53.928,-0.0001,0.0154,-0.0204,0.0001,0.0259,0.0193,-0.0000
53.940,-0.0001,0.0135,-0.0179,0.0001,0.0228,0.0170,-0.0000
53.952,-0.0001,0.0119,-0.0158,0.0001,0.0200,0.0149,-0.0000
53.964,-0.0000,0.0105,-0.0139,0.0000,0.0176,0.0131,-0.0000
53.976,-0.0000,0.0092,-0.0122,0.0000,0.0155,0.0116,-0.0000
53.988,-0.0000,0.0081,-0.0108,0.0000,0.0137,0.0102,-0.0000
54.000,-0.0000,0.0072,-0.0095,0.0000,0.0120,0.0089,-0.0000
54.012,-0.0000,0.0063,-0.0083,0.0000,0.0106,0.0079,-0.0000
54.024,-0.0000,0.0055,-0.0073,0.0000,0.0093,0.0069,-0.0000
54.036,-0.0000,0.0049,-0.0064,0.0000,0.0082,0.0061,-0.0000
54.048,-0.0000,0.0043,-0.0057,0.0000,0.0072,0.0054,-0.0000
54.060,-0.0000,0.0038,-0.0050,0.0000,0.0063,0.0047,-0.0000
54.072,-0.0000,0.0033,-0.0044,0.0000,0.0056,0.0042,-0.0000
54.084,-0.0000,0.0029,-0.0039,0.0000,0.0049,0.0037,-0.0000
54.096,-0.0000,0.0026,-0.0034,0.0000,0.0043,0.0032,-0.0000
54.108,-0.0000,0.0023,-0.0030,0.0000,0.0038,0.0028,-0.0000
54.120,-0.0000,0.0020,-0.0026,0.0000,0.0033,0.0025,-0.0000
54.132,-0.0000,0.0018,-0.0023,0.0000,0.0029,0.0022,-0.0000
54.144,-0.0000,0.0015,-0.0020,0.0000,0.0026,0.0019,-0.0000
54.156,-0.0000,0.0014,-0.0018,0.0000,0.0023,0.0017,-0.0000
54.168,-0.0000,0.0012,-0.0016,0.0000,0.0020,0.0015,-0.0000
54.180,-0.0000,0.0011,-0.0014,0.0000,0.0018,0.0013,-0.0000
54.192,-0.0000,0.0009,-0.0012,0.0000,0.0016,0.0012,0.0000
54.204,-0.0000,0.0008,-0.0011,0.0000,0.0014,0.0010,0.0000
54.216,-0.0000,0.0007,-0.0009,0.0000,0.0012,0.0009,0.0000
54.228,-0.0000,0.0006,-0.0008,0.0000,0.0011,0.0008,0.0000
54.240,-0.0000,0.0006,-0.0007,0.0000,0.0009,0.0007,0.0000
54.252,-0.0000,0.0005,-0.0006,0.0000,0.0008,0.0006,0.0000
54.264,-0.0000,0.0004,-0.0006,0.0000,0.0007,0.0005,0.0000
54.276,-0.0000,0.0004,-0.0005,0.0000,0.0006,0.0005,0.0000
54.288,-0.0000,0.0003,-0.0004,0.0000,0.0006,0.0004,0.0000
54.300,-0.0000,0.0003,-0.0004,0.0000,0.0005,0.0004,0.0000
54.312,-0.0000,0.0003,-0.0003,0.0000,0.0004,0.0003,0.0000
54.324,-0.0000,0.0002,-0.0003,0.0000,0.0004,0.0003,0.0000
54.336,-0.0000,0.0002,-0.0003,0.0000,0.0003,0.0002,0.0000
54.348,-0.0000,0.0002,-0.0002,0.0000,0.0003,0.0002,0.0000
54.360,-0.0000,0.0002,-0.0002,0.0000,0.0003,0.0002,0.0000
54.372,-0.0000,0.0001,-0.0002,0.0000,0.0002,0.0002,0.0000
54.384,-0.0000,0.0001,-0.0002,0.0000,0.0002,0.0001,0.0000
54.396,-0.0000,0.0001,-0.0001,0.0000,0.0002,0.0001,0.0000
54.408,-0.0000,0.0001,-0.0001,0.0000,0.0002,0.0001,0.0000
54.420,-0.0000,0.0001,-0.0001,0.0000,0.0001,0.0001,0.0000
54.432,-0.0000,0.0001,-0.0001,0.0000,0.0001,0.0001,0.0000
54.444,-0.0000,0.0001,-0.0001,0.0000,0.0001,0.0001,0.0000
54.456,-0.0000,0.0001,-0.0001,0.0000,0.0001,0.0001,0.0000
54.468,-0.0000,0.0000,-0.0001,0.0000,0.0001,0.0001,0.0000
54.480,-0.0000,0.0000,-0.0001,0.0000,0.0001,0.0001,0.0000
54.492,-0.0000,0.0000,-0.0001,0.0000,0.0001,0.0000,0.0000
54.504,-0.0000,0.0000,-0.0000,0.0000,0.0001,0.0000,0.0000
54.516,-0.0000,0.0000,-0.0000,0.0000,0.0000,0.0000,0.0000
54.528,-0.0000,0.0000,-0.0000,0.0000,0.0000,0.0000,0.0000
54.540,-0.0000,0.0000,-0.0000,0.0000,0.0000,0.0000,0.0000
54.552,-0.0000,0.0000,-0.0000,0.0000,0.0000,0.0000,0.0000
54.564,-0.0000,0.0000,-0.0000,0.0000,0.0000,0.0000,0.0000
54.576,-0.0000,0.0000,-0.0000,0.0000,0.0000,0.0000,0.0000
54.588,-0.0000,0.0000,-0.0000,0.0000,0.0000,0.0000,0.0000
54.600,-0.0000,0.0000,-0.0000,0.0000,0.0000,0.0000,0.0000
54.612,-0.0000,0.0000,-0.0000,0.0000,0.0000,0.0000,0.0000
54.624,-0.0000,0.0000,-0.0000,0.0000,0.0000,0.0000,0.0000
54.636,-0.0000,0.0000,-0.0000,0.0000,0.0000,0.0000,0.0000
54.648,-0.0000,0.0000,-0.0000,0.0000,0.0000,0.0000,0.0000
54.660,-0.0000,0.0000,-0.0000,0.0000,0.0000,0.0000,0.0000
54.672,-0.0000,0.0000,-0.0000,0.0000,0.0000,0.0000,0.0000
54.684,-0.0000,0.0000,-0.0000,0.0000,0.0000,0.0000,0.0000
54.696,-0.0000,0.0000,-0.0000,0.0000,0.0000,0.0000,0.0000
54.708,-0.0000,0.0000,-0.0000,0.0000,0.0000,0.0000,0.0000
54.720,-0.0000,0.0000,-0.0000,0.0000,0.0000,0.0000,0.0000
54.732,-0.0000,0.0000,-0.0000,0.0000,0.0000,0.0000,0.0000
54.744,-0.0000,0.0000,-0.0000,0.0000,0.0000,0.0000,0.0000
54.756,-0.0000,0.0000,-0.0000,0.0000,0.0000,0.0000,0.0000
54.768,-0.0000,0.0000,-0.0000,0.0000,0.0000,0.0000,0.0000
54.780,-0.0000,0.0000,-0.0000,0.0000,0.0000,0.0000,0.0000
54.792,-0.0000,0.0000,-0.0000,0.0000,0.0000,0.0000,0.0000
54.804,-0.0000,0.0000,-0.0000,0.0000,0.0000,0.0000,0.0000
54.816,-0.0000,0.0000,-0.0000,0.0000,0.0000,0.0000,0.0000
54.828,-0.0000,0.0000,-0.0000,0.0000,0.0000,0.0000,0.0000
54.840,-0.0000,0.0000,-0.0000,0.0000,0.0000,0.0000,0.0000
54.852,-0.0000,0.0000,-0.0000,0.0000,0.0000,0.0000,0.0000
54.864,-0.0000,0.0000,-0.0000,0.0000,0.0000,0.0000,0.0000
54.876,-0.0000,0.0000,-0.0000,0.0000,0.0000,0.0000,0.0000
54.888,-0.0000,0.0000,-0.0000,0.0000,0.0000,0.0000,0.0000
54.900,-0.0000,0.0000,-0.0000,0.0000,0.0000,0.0000,0.0000
54.912,-0.0000,0.0000,-0.0000,0.0000,0.0000,0.0000,0.0000
54.924,-0.0000,0.0000,-0.0000,0.0000,0.0000,0.0000,0.0000
54.936,-0.0000,0.0000,-0.0000,0.0000,0.0000,0.0000,0.0000
54.948,-0.0000,0.0000,-0.0000,0.0000,0.0000,0.0000,0.0000
54.960,-0.0000,0.0000,-0.0000,0.0000,0.0000,0.0000,0.0000
54.972,-0.0000,0.0000,-0.0000,0.0000,0.0000,0.0000,0.0000
54.984,-0.0000,0.0000,-0.0000,0.0000,0.0000,0.0000,0.0000
54.996,-0.0000,0.0000,-0.0000,0.0000,0.0000,0.0000,0.0000
55.008,-0.0000,0.0000,-0.0000,0.0000,0.0000,0.0000,0.0000
55.020,-0.0000,0.0000,-0.0000,0.0000,0.0000,0.0000,0.0000
55.032,-0.0000,0.0000,-0.0000,0.0000,0.0000,0.0000,0.0000
55.044,-0.0000,0.0000,-0.0000,0.0000,0.0000,0.0000,0.0000
55.056,-0.0000,0.0000,-0.0000,0.0000,0.0000,0.0000,0.0000
55.068,-0.0000,0.0000,-0.0000,0.0000,0.0000,0.0000,0.0000
55.080,-0.0000,0.0000,-0.0000,0.0000,0.0000,0.0000,0.0000
55.092,-0.0000,0.0000,-0.0000,0.0000,0.0000,0.0000,0.0000
55.104,-0.0000,0.0000,-0.0000,0.0000,0.0000,0.0000,0.0000
55.116,-0.0000,0.0000,-0.0000,0.0000,0.0000,0.0000,0.0000
55.128,-0.0000,0.0000,-0.0000,0.0000,0.0000,0.0000,0.0000
55.140,-0.0000,0.0000,-0.0000,0.0000,0.0000,0.0000,0.0000
55.152,-0.0000,0.0000,-0.0000,0.0000,0.0000,0.0000,0.0000
55.164,-0.0000,0.0000,-0.0000,0.0000,0.0000,0.0000,0.0000
55.176,-0.0000,0.0000,-0.0000,0.0000,0.0000,0.0000,0.0000
55.188,-0.0000,0.0000,-0.0000,0.0000,0.0000,0.0000,0.0000
55.200,-0.0000,0.0000,-0.0000,0.0000,0.0000,0.0000,0.0000
55.212,-0.0000,0.0000,-0.0000,0.0000,0.0000,0.0000,0.0000
55.224,-0.0000,0.0000,-0.0000,0.0000,0.0000,0.0000,0.0000
55.236,-0.0000,0.0000,-0.0000,0.0000,0.0000,0.0000,0.0000
55.248,-0.0000,0.0000,-0.0000,0.0000,0.0000,0.0000,0.0000
55.260,-0.0000,0.0000,-0.0000,0.0000,0.0000,0.0000,0.0000
55.272,-0.0000,0.0000,-0.0000,0.0000,0.0000,0.0000,0.0000
55.284,-0.0000,0.0000,-0.0000,0.0000,0.0000,0.0000,0.0000
55.296,-0.0000,0.0000,-0.0000,0.0000,0.0000,0.0000,0.0000
55.308,-0.0000,0.0000,-0.0000,0.0000,0.0000,0.0000,0.0000
55.320,-0.0000,0.0000,-0.0000,0.0000,0.0000,0.0000,0.0000
55.332,-0.0000,0.0000,-0.0000,0.0000,0.0000,0.0000,0.0000
55.344,-0.0000,0.0000,-0.0000,0.0000,0.0000,0.0000,0.0000
55.356,-0.0000,0.0000,-0.0000,0.0000,0.0000,0.0000,0.0000
55.368,-0.0000,0.0000,-0.0000,0.0000,0.0000,0.0000,0.0000
55.380,-0.0000,0.0000,-0.0000,0.0000,0.0000,0.0000,0.0000
55.392,-0.0000,0.0000,-0.0000,0.0000,0.0000,0.0000,0.0000
55.404,-0.0000,0.0000,-0.0000,0.0000,0.0000,0.0000,0.0000
55.416,-0.0000,0.0000,-0.0000,0.0000,0.0000,0.0000,0.0000
55.428,-0.0000,0.0000,-0.0000,0.0000,0.0000,0.0000,0.0000
55.440,-0.0000,0.0000,-0.0000,0.0000,0.0000,0.0000,0.0000
55.452,-0.0000,0.0000,-0.0000,0.0000,0.0000,0.0000,0.0000
55.464,-0.0000,0.0000,-0.0000,0.0000,0.0000,0.0000,0.0000
55.476,-0.0000,0.0000,-0.0000,0.0000,0.0000,0.0000,0.0000
55.488,-0.0000,0.0000,-0.0000,-0.0000,0.0000,0.0000,0.0000
55.500,-0.0000,0.0000,-0.0000,-0.0000,0.0000,0.0000,0.0000
55.512,-0.0000,0.0000,-0.0000,-0.0000,0.0000,0.0000,0.0000
55.524,-0.0000,0.0000,-0.0000,-0.0000,0.0000,0.0000,0.0000
55.536,-0.0000,0.0000,-0.0000,-0.0000,0.0000,0.0000,0.0000
55.548,-0.0000,0.0000,-0.0000,-0.0000,0.0000,0.0000,0.0000
55.560,-0.0000,0.0000,-0.0000,-0.0000,0.0000,0.0000,0.0000
55.572,-0.0000,0.0000,-0.0000,-0.0000,0.0000,0.0000,0.0000
55.584,-0.0000,0.0000,-0.0000,-0.0000,0.0000,0.0000,0.0000
55.596,-0.0000,0.0000,-0.0000,-0.0000,0.0000,0.0000,0.0000
55.608,-0.0000,0.0000,-0.0000,-0.0000,0.0000,0.0000,0.0000
55.620,-0.0000,0.0000,-0.0000,-0.0000,0.0000,0.0000,0.0000
55.632,-0.0000,0.0000,-0.0000,-0.0000,0.0000,0.0000,0.0000
55.644,-0.0000,0.0000,-0.0000,-0.0000,0.0000,0.0000,0.0000
55.656,-0.0000,0.0000,-0.0000,-0.0000,0.0000,0.0000,0.0000
55.668,-0.0000,0.0000,-0.0000,-0.0000,0.0000,0.0000,0.0000
55.680,-0.0000,0.0000,-0.0000,-0.0000,0.0000,0.0000,0.0000
55.692,-0.0000,0.0000,-0.0000,-0.0000,0.0000,0.0000,0.0000
55.704,-0.0000,0.0000,0.0000,-0.0000,0.0000,0.0000,0.0000
55.716,-0.0000,0.0000,0.0000,-0.0000,0.0000,0.0000,0.0000
55.728,-0.0000,0.0000,0.0000,-0.0000,0.0000,0.0000,0.0000
55.740,-0.0000,0.0000,0.0000,-0.0000,0.0000,0.0000,0.0000
55.752,-0.0000,0.0000,0.0000,-0.0000,0.0000,0.0000,0.0000
55.764,-0.0000,0.0000,0.0000,-0.0000,0.0000,0.0000,0.0000
55.776,-0.0000,0.0000,0.0000,-0.0000,0.0000,0.0000,0.0000
55.788,-0.0000,0.0000,0.0000,-0.0000,0.0000,0.0000,0.0000
55.800,-0.0000,0.0000,0.0000,-0.0000,0.0000,0.0000,0.0000
55.812,-0.0000,0.0000,0.0000,-0.0000,0.0000,0.0000,0.0000
55.824,-0.0000,0.0000,0.0000,-0.0000,0.0000,0.0000,0.0000
55.836,-0.0000,0.0000,0.0000,-0.0000,0.0000,0.0000,0.0000
55.848,-0.0000,0.0000,0.0000,-0.0000,0.0000,0.0000,0.0000
55.860,-0.0000,0.0000,0.0000,-0.0000,0.0000,0.0000,0.0000
55.872,-0.0000,0.0000,0.0000,-0.0000,0.0000,0.0000,0.0000
55.884,-0.0000,0.0000,0.0000,-0.0000,0.0000,0.0000,0.0000
55.896,-0.0000,0.0000,0.0000,-0.0000,0.0000,0.0000,0.0000
55.908,-0.0000,0.0000,0.0000,-0.0000,0.0000,0.0000,0.0000
55.920,-0.0000,0.0000,0.0000,-0.0000,0.0000,0.0000,0.0000
55.932,-0.0000,0.0000,0.0000,-0.0000,0.0000,0.0000,0.0000
55.944,-0.0000,0.0000,0.0000,-0.0000,0.0000,0.0000,0.0000
55.956,-0.0000,0.0000,0.0000,-0.0000,0.0000,0.0000,0.0000
55.968,-0.0000,0.0000,0.0000,-0.0000,0.0000,0.0000,0.0000
55.980,-0.0000,0.0000,0.0000,-0.0000,0.0000,0.0000,0.0000
55.992,-0.0000,0.0000,0.0000,-0.0000,0.0000,0.0000,0.0000
56.004,-0.0000,0.0000,0.0000,-0.0000,0.0000,0.0000,0.0000
56.016,-0.0000,0.0000,0.0000,-0.0000,0.0000,0.0000,0.0000
56.028,-0.0000,0.0000,0.0000,-0.0000,0.0000,0.0000,0.0000
56.040,-0.0000,0.0000,0.0000,-0.0000,0.0000,0.0000,0.0000
56.052,-0.0000,0.0000,0.0000,-0.0000,0.0000,0.0000,0.0000
56.064,-0.0000,0.0000,0.0000,-0.0000,0.0000,0.0000,0.0000
56.076,-0.0000,0.0000,0.0000,-0.0000,0.0000,0.0000,0.0000
56.088,-0.0000,0.0000,0.0000,-0.0000,0.0000,0.0000,0.0000
56.100,-0.0000,0.0000,0.0000,-0.0000,0.0000,0.0000,0.0000
56.112,-0.0000,0.0000,0.0000,-0.0000,0.0000,0.0000,0.0000
56.124,-0.0000,0.0000,0.0000,-0.0000,0.0000,0.0000,0.0000
56.136,-0.0000,0.0000,0.0000,-0.0000,0.0000,0.0000,0.0000
56.148,-0.0000,0.0000,0.0000,-0.0000,0.0000,0.0000,0.0000
56.160,-0.0000,0.0000,0.0000,-0.0000,0.0000,0.0000,0.0000
56.172,-0.0000,0.0000,0.0000,-0.0000,0.0000,0.0000,0.0000
56.184,-0.0000,0.0000,0.0000,-0.0000,0.0000,0.0000,0.0000
56.196,-0.0000,0.0000,0.0000,-0.0000,0.0000,0.0000,0.0000
56.208,-0.0000,0.0000,0.0000,-0.0000,0.0000,0.0000,0.0000
56.220,-0.0000,0.0000,0.0000,-0.0000,0.0000,0.0000,0.0000
56.232,-0.0000,0.0000,0.0000,-0.0000,0.0000,0.0000,0.0000
56.244,-0.0000,0.0000,0.0000,-0.0000,0.0000,0.0000,0.0000
56.256,-0.0000,0.0000,0.0000,-0.0000,0.0000,0.0000,0.0000
56.268,-0.0000,0.0000,0.0000,-0.0000,0.0000,0.0000,0.0000
56.280,-0.0000,0.0000,0.0000,-0.0000,0.0000,0.0000,0.0000
56.292,-0.0000,0.0000,0.0000,-0.0000,0.0000,0.0000,0.0000
56.304,-0.0000,0.0000,0.0000,-0.0000,0.0000,0.0000,0.0000
56.316,-0.0000,0.0000,0.0000,-0.0000,0.0000,0.0000,0.0000
56.328,-0.0000,0.0000,0.0000,-0.0000,0.0000,0.0000,0.0000
56.340,-0.0000,0.0000,0.0000,-0.0000,0.0000,0.0000,0.0000
56.352,-0.0000,0.0000,0.0000,-0.0000,0.0000,0.0000,0.0000
56.364,-0.0000,0.0000,0.0000,-0.0000,0.0000,0.0000,0.0000
56.376,-0.0000,0.0000,0.0000,-0.0000,0.0000,0.0000,0.0000
56.388,-0.0000,0.0000,0.0000,-0.0000,0.0000,0.0000,0.0000
56.400,-0.0000,0.0000,0.0000,-0.0000,0.0000,0.0000,0.0000
56.412,-0.0000,0.0000,0.0000,-0.0000,0.0000,0.0000,0.0000
56.424,-0.0000,0.0000,0.0000,-0.0000,0.0000,0.0000,0.0000
56.436,-0.0000,0.0000,0.0000,-0.0000,0.0000,0.0000,0.0000
56.448,-0.0000,0.0000,0.0000,-0.0000,0.0000,0.0000,0.0000
56.460,-0.0000,0.0000,0.0000,-0.0000,0.0000,0.0000,0.0000
56.472,-0.0000,0.0000,0.0000,-0.0000,0.0000,0.0000,0.0000
56.484,-0.0000,0.0000,0.0000,-0.0000,0.0000,0.0000,0.0000
56.496,-0.0000,0.0000,0.0000,-0.0000,0.0000,0.0000,0.0000
56.508,-0.0000,0.0000,0.0000,-0.0000,0.0000,0.0000,0.0000
56.520,-0.0000,0.0000,0.0000,-0.0000,0.0000,0.0000,0.0000
56.532,-0.0000,0.0000,0.0000,-0.0000,0.0000,0.0000,0.0000
56.544,-0.0000,0.0000,0.0000,-0.0000,0.0000,0.0000,0.0000
56.556,-0.0000,0.0000,0.0000,-0.0000,0.0000,0.0000,0.0000
56.568,-0.0000,0.0000,0.0000,-0.0000,0.0000,0.0000,0.0000
56.580,-0.0000,0.0000,0.0000,-0.0000,0.0000,0.0000,0.0000
56.592,-0.0000,0.0000,0.0000,-0.0000,0.0000,0.0000,0.0000
56.604,-0.0000,0.0000,0.0000,-0.0000,0.0000,0.0000,0.0000
56.616,-0.0000,0.0000,0.0000,-0.0000,0.0000,0.0000,0.0000
56.628,-0.0000,0.0000,0.0000,-0.0000,0.0000,0.0000,0.0000
56.640,-0.0000,0.0000,0.0000,-0.0000,0.0000,0.0000,0.0000
56.652,-0.0000,0.0000,0.0000,-0.0000,0.0000,0.0000,0.0000
56.664,-0.0000,0.0000,0.0000,-0.0000,0.0000,0.0000,0.0000
56.676,-0.0000,0.0000,0.0000,-0.0000,0.0000,0.0000,0.0000
56.688,-0.0000,0.0000,0.0000,-0.0000,0.0000,0.0000,0.0000
56.700,-0.0000,0.0000,0.0000,-0.0000,0.0000,0.0000,0.0000
56.712,-0.0000,0.0000,0.0000,-0.0000,0.0000,0.0000,0.0000
56.724,-0.0000,0.0000,0.0000,-0.0000,0.0000,0.0000,0.0000
56.736,-0.0000,0.0000,0.0000,-0.0000,0.0000,0.0000,0.0000
56.748,-0.0000,0.0000,0.0000,-0.0000,0.0000,0.0000,0.0000
56.760,-0.0000,0.0000,0.0000,-0.0000,0.0000,0.0000,0.0000
56.772,-0.0000,0.0000,0.0000,-0.0000,0.0000,0.0000,0.0000
56.784,-0.0000,0.0000,0.0000,-0.0000,0.0000,0.0000,0.0000
56.796,-0.0000,0.0000,0.0000,-0.0000,0.0000,0.0000,0.0000
56.808,-0.0000,0.0000,0.0000,-0.0000,0.0000,0.0000,0.0000
56.820,-0.0000,0.0000,0.0000,-0.0000,0.0000,0.0000,0.0000
56.832,-0.0000,0.0000,0.0000,-0.0000,0.0000,0.0000,0.0000
56.844,-0.0000,0.0000,0.0000,-0.0000,0.0000,0.0000,0.0000
56.856,-0.0000,0.0000,0.0000,-0.0000,0.0000,0.0000,0.0000
56.868,-0.0000,0.0000,0.0000,-0.0000,0.0000,0.0000,0.0000
56.880,-0.0000,0.0000,0.0000,-0.0000,0.0000,0.0000,0.0000
56.892,-0.0000,0.0000,0.0000,-0.0000,0.0000,0.0000,0.0000
56.904,-0.0000,0.0000,0.0000,-0.0000,0.0000,0.0000,0.0000
56.916,-0.0000,0.0000,0.0000,-0.0000,0.0000,0.0000,0.0000
56.928,-0.0000,0.0000,0.0000,-0.0000,0.0000,0.0000,0.0000
56.940,-0.0000,0.0000,0.0000,-0.0000,0.0000,0.0000,0.0000
56.952,-0.0000,0.0000,0.0000,-0.0000,0.0000,0.0000,0.0000
56.964,-0.0000,0.0000,0.0000,-0.0000,0.0000,0.0000,0.0000
56.976,-0.0000,0.0000,0.0000,-0.0000,0.0000,0.0000,0.0000
56.988,-0.0000,0.0000,0.0000,-0.0000,0.0000,0.0000,0.0000
57.000,-0.0000,0.0000,0.0000,-0.0000,0.0000,0.0000,0.0000
57.012,-0.0000,0.0000,0.0000,-0.0000,0.0000,0.0000,0.0000
57.024,-0.0000,0.0000,0.0000,-0.0000,0.0000,0.0000,0.0000
57.036,-0.0000,0.0000,0.0000,-0.0000,0.0000,0.0000,0.0000
57.048,-0.0000,0.0000,0.0000,-0.0000,0.0000,0.0000,0.0000
57.060,-0.0000,0.0000,0.0000,-0.0000,0.0000,0.0000,0.0000
57.072,-0.0000,0.0000,0.0000,-0.0000,0.0000,0.0000,0.0000
57.084,-0.0000,0.0000,0.0000,-0.0000,0.0000,0.0000,0.0000
57.096,-0.0000,0.0000,0.0000,-0.0000,0.0000,0.0000,0.0000
57.108,-0.0000,0.0000,0.0000,-0.0000,0.0000,0.0000,0.0000
57.120,-0.0003,0.0002,-0.0001,-0.0000,0.0010,-0.0003,0.0000
57.132,-0.0010,0.0005,-0.0002,-0.0000,0.0029,-0.0010,0.0000
57.144,-0.0019,0.0009,-0.0003,-0.0000,0.0057,-0.0019,0.0000
57.156,-0.0031,0.0015,-0.0005,-0.0000,0.0091,-0.0031,0.0000
57.168,-0.0044,0.0021,-0.0007,-0.0000,0.0131,-0.0044,0.0000
57.180,-0.0060,0.0029,-0.0009,-0.0000,0.0177,-0.0060,0.0000
57.192,-0.0077,0.0037,-0.0012,-0.0001,0.0227,-0.0077,0.0000
57.204,-0.0095,0.0046,-0.0015,-0.0001,0.0282,-0.0095,0.0000
57.216,-0.0115,0.0055,-0.0018,-0.0001,0.0340,-0.0115,0.0000
57.228,-0.0136,0.0066,-0.0021,-0.0001,0.0402,-0.0135,0.0000
57.240,-0.0157,0.0076,-0.0025,-0.0001,0.0466,-0.0157,0.0000
57.252,-0.0180,0.0087,-0.0028,-0.0001,0.0533,-0.0180,0.0000
57.264,-0.0203,0.0098,-0.0032,-0.0002,0.0602,-0.0203,0.0000
57.276,-0.0227,0.0110,-0.0036,-0.0002,0.0673,-0.0227,-0.0000
57.288,-0.0252,0.0122,-0.0040,-0.0002,0.0746,-0.0251,-0.0000
57.300,-0.0277,0.0134,-0.0043,-0.0002,0.0820,-0.0276,-0.0000
57.312,-0.0302,0.0146,-0.0047,-0.0002,0.0896,-0.0302,-0.0000
57.324,-0.0328,0.0159,-0.0052,-0.0003,0.0972,-0.0328,-0.0000
57.336,-0.0354,0.0171,-0.0056,-0.0003,0.1050,-0.0354,-0.0000
57.348,-0.0381,0.0184,-0.0060,-0.0003,0.1129,-0.0380,-0.0000
57.360,-0.0408,0.0197,-0.0064,-0.0003,0.1208,-0.0407,-0.0000
57.372,-0.0435,0.0210,-0.0068,-0.0003,0.1289,-0.0434,-0.0000
57.384,-0.0462,0.0223,-0.0073,-0.0004,0.1369,-0.0461,-0.0000
57.396,-0.0489,0.0237,-0.0077,-0.0004,0.1451,-0.0489,-0.0000
57.408,-0.0517,0.0250,-0.0081,-0.0004,0.1532,-0.0516,-0.0000
57.420,-0.0545,0.0263,-0.0086,-0.0004,0.1615,-0.0544,-0.0000
57.432,-0.0573,0.0277,-0.0090,-0.0004,0.1697,-0.0572,-0.0000
57.444,-0.0601,0.0290,-0.0094,-0.0005,0.1780,-0.0600,-0.0000
57.456,-0.0629,0.0304,-0.0099,-0.0005,0.1863,-0.0628,-0.0000
57.468,-0.0657,0.0318,-0.0103,-0.0005,0.1947,-0.0656,-0.0000
57.480,-0.0685,0.0331,-0.0108,-0.0005,0.2030,-0.0684,-0.0000
57.492,-0.0713,0.0345,-0.0112,-0.0005,0.2114,-0.0713,-0.0000
57.504,-0.0742,0.0359,-0.0116,-0.0006,0.2198,-0.0741,-0.0000
57.516,-0.0770,0.0372,-0.0121,-0.0006,0.2283,-0.0769,-0.0000
57.528,-0.0799,0.0386,-0.0125,-0.0006,0.2367,-0.0798,-0.0000
57.540,-0.0827,0.0400,-0.0130,-0.0006,0.2451,-0.0826,-0.0000
57.552,-0.0856,0.0414,-0.0134,-0.0007,0.2536,-0.0855,-0.0000
57.564,-0.0884,0.0427,-0.0139,-0.0007,0.2620,-0.0883,-0.0000
57.576,-0.0913,0.0441,-0.0143,-0.0007,0.2705,-0.0912,-0.0000
57.588,-0.0941,0.0455,-0.0148,-0.0007,0.2790,-0.0940,-0.0000
57.600,-0.0970,0.0469,-0.0152,-0.0007,0.2875,-0.0969,-0.0000
57.612,-0.0999,0.0483,-0.0157,-0.0008,0.2960,-0.0997,-0.0000
57.624,-0.1027,0.0497,-0.0161,-0.0008,0.3045,-0.1026,-0.0000
57.636,-0.1056,0.0510,-0.0166,-0.0008,0.3130,-0.1055,-0.0000
57.648,-0.1085,0.0524,-0.0170,-0.0008,0.3215,-0.1083,-0.0000
57.660,-0.1113,0.0538,-0.0175,-0.0008,0.3300,-0.1112,-0.0000
57.672,-0.1142,0.0552,-0.0179,-0.0009,0.3385,-0.1141,-0.0000
57.684,-0.1171,0.0566,-0.0184,-0.0009,0.3470,-0.1169,-0.0000
57.696,-0.1199,0.0580,-0.0188,-0.0009,0.3555,-0.1198,-0.0000
57.708,-0.1228,0.0594,-0.0193,-0.0009,0.3640,-0.1227,-0.0000
57.720,-0.1257,0.0608,-0.0197,-0.0010,0.3725,-0.1255,-0.0000
57.732,-0.1286,0.0621,-0.0202,-0.0010,0.3811,-0.1284,-0.0000
57.744,-0.1314,0.0635,-0.0206,-0.0010,0.3896,-0.1313,-0.0000
57.756,-0.1343,0.0649,-0.0211,-0.0010,0.3981,-0.1342,-0.0000
57.768,-0.1372,0.0663,-0.0215,-0.0010,0.4066,-0.1370,-0.0000
57.780,-0.1401,0.0677,-0.0220,-0.0011,0.4151,-0.1399,-0.0000
57.792,-0.1429,0.0691,-0.0224,-0.0011,0.4237,-0.1428,-0.0000
57.804,-0.1458,0.0705,-0.0229,-0.0011,0.4322,-0.1457,-0.0000
57.816,-0.1487,0.0719,-0.0233,-0.0011,0.4407,-0.1485,-0.0000
57.828,-0.1516,0.0733,-0.0238,-0.0012,0.4492,-0.1514,-0.0000
57.840,-0.1545,0.0747,-0.0242,-0.0012,0.4578,-0.1543,-0.0000
57.852,-0.1573,0.0760,-0.0247,-0.0012,0.4663,-0.1571,-0.0000
57.864,-0.1602,0.0774,-0.0251,-0.0012,0.4748,-0.1600,-0.0000
57.876,-0.1631,0.0788,-0.0256,-0.0012,0.4833,-0.1629,-0.0000
57.888,-0.1660,0.0802,-0.0261,-0.0013,0.4919,-0.1658,-0.0000
57.900,-0.1688,0.0816,-0.0265,-0.0013,0.5004,-0.1686,-0.0000
57.912,-0.1717,0.0830,-0.0270,-0.0013,0.5089,-0.1715,-0.0000
57.924,-0.1746,0.0844,-0.0274,-0.0013,0.5174,-0.1744,-0.0000
57.936,-0.1775,0.0858,-0.0279,-0.0014,0.5260,-0.1773,-0.0000
57.948,-0.1803,0.0872,-0.0283,-0.0014,0.5345,-0.1801,-0.0000
57.960,-0.1832,0.0886,-0.0288,-0.0014,0.5430,-0.1830,-0.0000
57.972,-0.1861,0.0900,-0.0292,-0.0014,0.5516,-0.1859,-0.0000
57.984,-0.1890,0.0913,-0.0297,-0.0014,0.5601,-0.1888,-0.0000
57.996,-0.1919,0.0927,-0.0301,-0.0015,0.5686,-0.1916,-0.0000
58.008,-0.1947,0.0941,-0.0306,-0.0015,0.5771,-0.1945,-0.0000
58.020,-0.1976,0.0955,-0.0310,-0.0015,0.5857,-0.1974,-0.0000
58.032,-0.2005,0.0969,-0.0315,-0.0015,0.5942,-0.2003,-0.0000
58.044,-0.2034,0.0983,-0.0319,-0.0016,0.6027,-0.2031,-0.0000
58.056,-0.2062,0.0997,-0.0324,-0.0016,0.6113,-0.2060,-0.0000
58.068,-0.2091,0.1011,-0.0328,-0.0016,0.6198,-0.2089,-0.0000
58.080,-0.2120,0.1025,-0.0333,-0.0016,0.6283,-0.2118,-0.0000
58.092,-0.2149,0.1039,-0.0337,-0.0016,0.6368,-0.2146,-0.0000
58.104,-0.2178,0.1053,-0.0342,-0.0017,0.6454,-0.2175,-0.0000
58.116,-0.2206,0.1066,-0.0346,-0.0017,0.6539,-0.2204,-0.0000
58.128,-0.2235,0.1080,-0.0351,-0.0017,0.6624,-0.2232,-0.0000
58.140,-0.2264,0.1094,-0.0355,-0.0017,0.6710,-0.2261,-0.0000
58.152,-0.2293,0.1108,-0.0360,-0.0017,0.6795,-0.2290,-0.0000
58.164,-0.2321,0.1122,-0.0364,-0.0018,0.6880,-0.2319,-0.0000
58.176,-0.2350,0.1136,-0.0369,-0.0018,0.6965,-0.2347,-0.0000
58.188,-0.2379,0.1150,-0.0373,-0.0018,0.7051,-0.2376,-0.0000
58.200,-0.2408,0.1164,-0.0378,-0.0018,0.7136,-0.2405,-0.0000
58.212,-0.2437,0.1178,-0.0382,-0.0019,0.7221,-0.2434,-0.0000
58.224,-0.2465,0.1192,-0.0387,-0.0019,0.7307,-0.2462,-0.0000
58.236,-0.2494,0.1206,-0.0391,-0.0019,0.7392,-0.2491,-0.0000
58.248,-0.2523,0.1219,-0.0396,-0.0019,0.7477,-0.2520,-0.0000
58.260,-0.2552,0.1233,-0.0401,-0.0019,0.7563,-0.2549,-0.0000
58.272,-0.2580,0.1247,-0.0405,-0.0020,0.7648,-0.2577,-0.0000
58.284,-0.2609,0.1261,-0.0410,-0.0020,0.7733,-0.2606,-0.0000
58.296,-0.2638,0.1275,-0.0414,-0.0020,0.7818,-0.2635,-0.0000
58.308,-0.2667,0.1289,-0.0419,-0.0020,0.7904,-0.2664,-0.0000
58.320,-0.2696,0.1303,-0.0423,-0.0021,0.7989,-0.2692,-0.0000
58.332,-0.2724,0.1317,-0.0428,-0.0021,0.8074,-0.2721,-0.0000
58.344,-0.2753,0.1331,-0.0432,-0.0021,0.8160,-0.2750,-0.0000
58.356,-0.2782,0.1345,-0.0437,-0.0021,0.8245,-0.2779,-0.0000
58.368,-0.2811,0.1359,-0.0441,-0.0021,0.8330,-0.2807,-0.0000
58.380,-0.2839,0.1372,-0.0446,-0.0022,0.8415,-0.2836,-0.0000
58.392,-0.2868,0.1386,-0.0450,-0.0022,0.8501,-0.2865,-0.0000
58.404,-0.2897,0.1400,-0.0455,-0.0022,0.8586,-0.2894,-0.0000
58.416,-0.2926,0.1414,-0.0459,-0.0022,0.8671,-0.2922,-0.0000
58.428,-0.2955,0.1428,-0.0464,-0.0023,0.8757,-0.2951,-0.0000
58.440,-0.2983,0.1442,-0.0468,-0.0023,0.8842,-0.2980,-0.0000
58.452,-0.3012,0.1456,-0.0473,-0.0023,0.8927,-0.3009,-0.0000
58.464,-0.3041,0.1470,-0.0477,-0.0023,0.9012,-0.3037,-0.0000
58.476,-0.3070,0.1484,-0.0482,-0.0023,0.9098,-0.3066,-0.0000
58.488,-0.3098,0.1498,-0.0486,-0.0024,0.9183,-0.3095,-0.0000
58.500,-0.3127,0.1512,-0.0491,-0.0024,0.9268,-0.3124,-0.0000
58.512,-0.3156,0.1526,-0.0495,-0.0024,0.9354,-0.3152,-0.0000
58.524,-0.3185,0.1539,-0.0500,-0.0024,0.9439,-0.3181,-0.0000
58.536,-0.3214,0.1553,-0.0504,-0.0025,0.9524,-0.3210,-0.0000
58.548,-0.3242,0.1567,-0.0509,-0.0025,0.9610,-0.3239,-0.0000
58.560,-0.3271,0.1581,-0.0513,-0.0025,0.9695,-0.3267,-0.0000
58.572,-0.3300,0.1595,-0.0518,-0.0025,0.9780,-0.3296,-0.0000
58.584,-0.3329,0.1609,-0.0522,-0.0025,0.9865,-0.3325,-0.0000
58.596,-0.3357,0.1623,-0.0527,-0.0026,0.9951,-0.3354,-0.0000
58.608,-0.3386,0.1637,-0.0532,-0.0026,1.0036,-0.3382,-0.0000
58.620,-0.3415,0.1651,-0.0536,-0.0026,1.0121,-0.3411,-0.0000
58.632,-0.3444,0.1665,-0.0541,-0.0026,1.0207,-0.3440,-0.0000
58.644,-0.3473,0.1679,-0.0545,-0.0026,1.0292,-0.3469,-0.0000
58.656,-0.3501,0.1692,-0.0550,-0.0027,1.0377,-0.3497,-0.0000
58.668,-0.3530,0.1706,-0.0554,-0.0027,1.0462,-0.3526,-0.0000
58.680,-0.3559,0.1720,-0.0559,-0.0027,1.0548,-0.3555,-0.0000
58.692,-0.3588,0.1734,-0.0563,-0.0027,1.0633,-0.3583,-0.0000
58.704,-0.3616,0.1748,-0.0568,-0.0028,1.0718,-0.3612,-0.0000
58.716,-0.3645,0.1762,-0.0572,-0.0028,1.0804,-0.3641,-0.0000
58.728,-0.3674,0.1776,-0.0577,-0.0028,1.0889,-0.3670,-0.0000
58.740,-0.3703,0.1790,-0.0581,-0.0028,1.0974,-0.3698,-0.0000
58.752,-0.3732,0.1804,-0.0586,-0.0028,1.1059,-0.3727,-0.0000
58.764,-0.3760,0.1818,-0.0590,-0.0029,1.1145,-0.3756,-0.0000
58.776,-0.3789,0.1832,-0.0595,-0.0029,1.1230,-0.3785,-0.0000
58.788,-0.3818,0.1845,-0.0599,-0.0029,1.1315,-0.3813,-0.0000
58.800,-0.3847,0.1859,-0.0604,-0.0029,1.1401,-0.3842,-0.0000
58.812,-0.3875,0.1873,-0.0608,-0.0030,1.1486,-0.3871,-0.0000
58.824,-0.3904,0.1887,-0.0613,-0.0030,1.1571,-0.3900,-0.0000
58.836,-0.3933,0.1901,-0.0617,-0.0030,1.1657,-0.3928,-0.0000
58.848,-0.3962,0.1915,-0.0622,-0.0030,1.1742,-0.3957,-0.0000
58.860,-0.3991,0.1929,-0.0626,-0.0030,1.1827,-0.3986,-0.0000
58.872,-0.4019,0.1943,-0.0631,-0.0031,1.1912,-0.4015,-0.0000
58.884,-0.4048,0.1957,-0.0635,-0.0031,1.1998,-0.4043,-0.0000
58.896,-0.4077,0.1971,-0.0640,-0.0031,1.2083,-0.4072,-0.0000
58.908,-0.4106,0.1985,-0.0644,-0.0031,1.2168,-0.4101,-0.0000
58.920,-0.4134,0.1998,-0.0649,-0.0032,1.2254,-0.4130,-0.0000
58.932,-0.4163,0.2012,-0.0653,-0.0032,1.2339,-0.4158,-0.0000
58.944,-0.4192,0.2026,-0.0658,-0.0032,1.2424,-0.4187,-0.0000
58.956,-0.4221,0.2040,-0.0663,-0.0032,1.2509,-0.4216,-0.0000
58.968,-0.4250,0.2054,-0.0667,-0.0032,1.2595,-0.4245,-0.0000
58.980,-0.4278,0.2068,-0.0672,-0.0033,1.2680,-0.4273,-0.0000
58.992,-0.4307,0.2082,-0.0676,-0.0033,1.2765,-0.4302,-0.0000
59.004,-0.4336,0.2096,-0.0681,-0.0033,1.2851,-0.4331,-0.0000
59.016,-0.4365,0.2110,-0.0685,-0.0033,1.2936,-0.4360,-0.0000
59.028,-0.4393,0.2124,-0.0690,-0.0034,1.3021,-0.4388,-0.0000
59.040,-0.4422,0.2138,-0.0694,-0.0034,1.3106,-0.4417,-0.0000
59.052,-0.4451,0.2151,-0.0699,-0.0034,1.3192,-0.4446,-0.0000
59.064,-0.4480,0.2165,-0.0703,-0.0034,1.3277,-0.4475,-0.0000
59.076,-0.4509,0.2179,-0.0708,-0.0034,1.3362,-0.4503,-0.0000
59.088,-0.4537,0.2193,-0.0712,-0.0035,1.3448,-0.4532,-0.0000
59.100,-0.4566,0.2207,-0.0717,-0.0035,1.3533,-0.4561,-0.0000
59.112,-0.4594,0.2220,-0.0721,-0.0035,1.3615,-0.4588,-0.0000
59.124,-0.4618,0.2232,-0.0725,-0.0035,1.3687,-0.4613,-0.0000
59.136,-0.4639,0.2243,-0.0728,-0.0035,1.3750,-0.4634,-0.0000
59.148,-0.4658,0.2252,-0.0731,-0.0036,1.3806,-0.4653,-0.0000
59.160,-0.4675,0.2260,-0.0734,-0.0036,1.3855,-0.4669,-0.0000
59.172,-0.4689,0.2267,-0.0736,-0.0036,1.3898,-0.4684,-0.0000
59.184,-0.4702,0.2273,-0.0738,-0.0036,1.3936,-0.4697,-0.0000
59.196,-0.4714,0.2278,-0.0740,-0.0036,1.3970,-0.4708,-0.0000
59.208,-0.4723,0.2283,-0.0741,-0.0036,1.3999,-0.4718,-0.0000
59.220,-0.4732,0.2287,-0.0743,-0.0036,1.4025,-0.4727,-0.0000
59.232,-0.4740,0.2291,-0.0744,-0.0036,1.4048,-0.4734,-0.0000
59.244,-0.4747,0.2294,-0.0745,-0.0036,1.4068,-0.4741,-0.0000
59.256,-0.4747,0.2294,-0.0745,-0.0036,1.4068,-0.4741,-0.0000
59.268,-0.4747,0.2296,-0.0742,-0.0036,1.4063,-0.4741,-0.0000
59.280,-0.4747,0.2300,-0.0736,-0.0036,1.4054,-0.4741,-0.0000
59.292,-0.4747,0.2305,-0.0727,-0.0036,1.4041,-0.4742,-0.0000
59.304,-0.4747,0.2311,-0.0716,-0.0036,1.4024,-0.4742,-0.0000
59.316,-0.4748,0.2318,-0.0703,-0.0036,1.4005,-0.4742,-0.0000
59.328,-0.4748,0.2327,-0.0689,-0.0036,1.3983,-0.4742,-0.0000
59.340,-0.4749,0.2336,-0.0673,-0.0036,1.3959,-0.4743,-0.0000
59.352,-0.4749,0.2346,-0.0656,-0.0036,1.3933,-0.4743,-0.0000
59.364,-0.4750,0.2357,-0.0637,-0.0036,1.3905,-0.4743,-0.0000
59.376,-0.4750,0.2368,-0.0618,-0.0036,1.3875,-0.4744,-0.0000
59.388,-0.4751,0.2380,-0.0597,-0.0036,1.3844,-0.4744,-0.0000
59.400,-0.4751,0.2392,-0.0576,-0.0036,1.3812,-0.4745,-0.0000
59.412,-0.4752,0.2404,-0.0554,-0.0037,1.3779,-0.4745,-0.0000
59.424,-0.4753,0.2417,-0.0532,-0.0037,1.3745,-0.4746,-0.0000
59.436,-0.4753,0.2431,-0.0508,-0.0037,1.3710,-0.4746,-0.0000
59.448,-0.4754,0.2444,-0.0485,-0.0037,1.3674,-0.4747,-0.0000
59.460,-0.4754,0.2458,-0.0461,-0.0037,1.3638,-0.4747,-0.0000
59.472,-0.4755,0.2472,-0.0437,-0.0037,1.3601,-0.4748,-0.0000
59.484,-0.4756,0.2486,-0.0412,-0.0037,1.3563,-0.4748,-0.0000
59.496,-0.4756,0.2501,-0.0387,-0.0037,1.3525,-0.4749,-0.0000
59.508,-0.4757,0.2515,-0.0362,-0.0037,1.3487,-0.4749,-0.0000
59.520,-0.4758,0.2530,-0.0336,-0.0037,1.3449,-0.4750,-0.0000
59.532,-0.4759,0.2545,-0.0311,-0.0037,1.3410,-0.4750,-0.0000
59.544,-0.4759,0.2560,-0.0285,-0.0037,1.3371,-0.4751,-0.0000
59.556,-0.4760,0.2575,-0.0259,-0.0037,1.3331,-0.4751,-0.0000
59.568,-0.4761,0.2590,-0.0233,-0.0037,1.3292,-0.4752,-0.0000
59.580,-0.4761,0.2605,-0.0207,-0.0037,1.3252,-0.4753,-0.0000
59.592,-0.4762,0.2620,-0.0180,-0.0037,1.3212,-0.4753,-0.0000
59.604,-0.4763,0.2635,-0.0154,-0.0037,1.3172,-0.4754,-0.0000
59.616,-0.4764,0.2650,-0.0127,-0.0037,1.3132,-0.4754,-0.0000
59.628,-0.4764,0.2666,-0.0101,-0.0037,1.3092,-0.4755,-0.0000
59.640,-0.4765,0.2681,-0.0074,-0.0037,1.3052,-0.4755,-0.0000
59.652,-0.4766,0.2696,-0.0048,-0.0037,1.3011,-0.4756,-0.0000
59.664,-0.4766,0.2712,-0.0021,-0.0037,1.2971,-0.4756,-0.0000
59.676,-0.4767,0.2727,0.0006,-0.0037,1.2930,-0.4757,-0.0000
59.688,-0.4768,0.2743,0.0033,-0.0038,1.2890,-0.4758,-0.0000
59.700,-0.4769,0.2758,0.0059,-0.0038,1.2849,-0.4758,-0.0000
59.712,-0.4769,0.2774,0.0086,-0.0038,1.2808,-0.4759,-0.0000
59.724,-0.4770,0.2789,0.0113,-0.0038,1.2768,-0.4759,-0.0000
59.736,-0.4771,0.2805,0.0140,-0.0038,1.2727,-0.4760,-0.0000
59.748,-0.4772,0.2820,0.0167,-0.0038,1.2686,-0.4760,-0.0000
59.760,-0.4772,0.2836,0.0194,-0.0038,1.2645,-0.4761,-0.0000
59.772,-0.4773,0.2851,0.0221,-0.0038,1.2604,-0.4762,-0.0000
59.784,-0.4774,0.2867,0.0248,-0.0038,1.2564,-0.4762,-0.0000
59.796,-0.4774,0.2882,0.0275,-0.0038,1.2523,-0.4763,-0.0000
59.808,-0.4775,0.2898,0.0302,-0.0038,1.2482,-0.4763,-0.0000
59.820,-0.4776,0.2913,0.0329,-0.0038,1.2441,-0.4764,-0.0000
59.832,-0.4777,0.2929,0.0356,-0.0038,1.2400,-0.4764,-0.0000
59.844,-0.4777,0.2945,0.0383,-0.0038,1.2359,-0.4765,-0.0000
59.856,-0.4778,0.2960,0.0410,-0.0038,1.2318,-0.4766,-0.0000
59.868,-0.4779,0.2976,0.0437,-0.0038,1.2277,-0.4766,-0.0000
59.880,-0.4780,0.2991,0.0464,-0.0038,1.2236,-0.4767,-0.0000
59.892,-0.4780,0.3007,0.0491,-0.0038,1.2195,-0.4767,-0.0000
59.904,-0.4781,0.3022,0.0518,-0.0038,1.2154,-0.4768,-0.0000
59.916,-0.4782,0.3038,0.0545,-0.0038,1.2113,-0.4768,-0.0000
59.928,-0.4783,0.3054,0.0572,-0.0038,1.2072,-0.4769,-0.0000
59.940,-0.4783,0.3069,0.0599,-0.0038,1.2031,-0.4769,-0.0000
59.952,-0.4784,0.3085,0.0626,-0.0039,1.1990,-0.4770,-0.0000
59.964,-0.4785,0.3100,0.0653,-0.0039,1.1949,-0.4771,-0.0000
59.976,-0.4786,0.3116,0.0680,-0.0039,1.1908,-0.4771,-0.0000
59.988,-0.4786,0.3132,0.0707,-0.0039,1.1867,-0.4772,-0.0000
60.000,-0.4787,0.3147,0.0734,-0.0039,1.1826,-0.4772,-0.0000
60.012,-0.4788,0.3163,0.0761,-0.0039,1.1785,-0.4773,-0.0000
60.024,-0.4788,0.3178,0.0788,-0.0039,1.1744,-0.4773,-0.0000
60.036,-0.4789,0.3194,0.0815,-0.0039,1.1703,-0.4774,-0.0000
60.048,-0.4790,0.3210,0.0842,-0.0039,1.1662,-0.4775,-0.0000
60.060,-0.4791,0.3225,0.0869,-0.0039,1.1621,-0.4775,-0.0000
60.072,-0.4791,0.3241,0.0896,-0.0039,1.1580,-0.4776,-0.0000
60.084,-0.4792,0.3256,0.0924,-0.0039,1.1539,-0.4776,-0.0000
60.096,-0.4793,0.3272,0.0951,-0.0039,1.1498,-0.4777,-0.0000
60.108,-0.4794,0.3288,0.0978,-0.0039,1.1457,-0.4777,-0.0000
60.120,-0.4794,0.3303,0.1005,-0.0039,1.1416,-0.4778,-0.0000
60.132,-0.4795,0.3319,0.1032,-0.0039,1.1375,-0.4779,-0.0000
60.144,-0.4796,0.3334,0.1059,-0.0039,1.1334,-0.4779,-0.0000
60.156,-0.4797,0.3350,0.1086,-0.0039,1.1293,-0.4780,-0.0000
60.168,-0.4797,0.3366,0.1113,-0.0039,1.1252,-0.4780,-0.0000
60.180,-0.4798,0.3381,0.1140,-0.0039,1.1211,-0.4781,-0.0000
60.192,-0.4799,0.3397,0.1167,-0.0039,1.1170,-0.4781,-0.0000
60.204,-0.4800,0.3412,0.1194,-0.0040,1.1129,-0.4782,-0.0000
60.216,-0.4800,0.3428,0.1221,-0.0040,1.1088,-0.4783,-0.0000
60.228,-0.4801,0.3444,0.1248,-0.0040,1.1047,-0.4783,-0.0000
60.240,-0.4802,0.3459,0.1275,-0.0040,1.1006,-0.4784,-0.0000
60.252,-0.4803,0.3475,0.1302,-0.0040,1.0965,-0.4784,-0.0000
60.264,-0.4803,0.3490,0.1329,-0.0040,1.0924,-0.4785,-0.0000
60.276,-0.4804,0.3506,0.1356,-0.0040,1.0883,-0.4785,-0.0000
60.288,-0.4805,0.3522,0.1383,-0.0040,1.0842,-0.4786,-0.0000
60.300,-0.4805,0.3537,0.1411,-0.0040,1.0801,-0.4787,-0.0000
60.312,-0.4806,0.3553,0.1438,-0.0040,1.0760,-0.4787,-0.0000
60.324,-0.4807,0.3568,0.1465,-0.0040,1.0719,-0.4788,-0.0000
60.336,-0.4808,0.3584,0.1492,-0.0040,1.0678,-0.4788,-0.0000
60.348,-0.4808,0.3600,0.1519,-0.0040,1.0637,-0.4789,-0.0000
60.360,-0.4809,0.3615,0.1546,-0.0040,1.0596,-0.4789,-0.0000
60.372,-0.4810,0.3631,0.1573,-0.0040,1.0555,-0.4790,-0.0000
60.384,-0.4811,0.3646,0.1600,-0.0040,1.0514,-0.4791,-0.0000
60.396,-0.4811,0.3662,0.1627,-0.0040,1.0473,-0.4791,-0.0000
60.408,-0.4812,0.3678,0.1654,-0.0040,1.0432,-0.4792,-0.0000
60.420,-0.4813,0.3693,0.1681,-0.0040,1.0391,-0.4792,-0.0000
60.432,-0.4814,0.3709,0.1708,-0.0040,1.0350,-0.4793,-0.0000
60.444,-0.4814,0.3724,0.1735,-0.0040,1.0309,-0.4793,-0.0000
60.456,-0.4815,0.3740,0.1762,-0.0040,1.0268,-0.4794,-0.0000
60.468,-0.4816,0.3754,0.1786,-0.0041,1.0232,-0.4795,-0.0000
60.480,-0.4816,0.3766,0.1807,-0.0041,1.0200,-0.4795,-0.0000
60.492,-0.4817,0.3776,0.1825,-0.0041,1.0173,-0.4795,-0.0000
60.504,-0.4817,0.3786,0.1842,-0.0041,1.0148,-0.4796,-0.0000
60.516,-0.4818,0.3794,0.1856,-0.0041,1.0126,-0.4796,-0.0000
60.528,-0.4818,0.3801,0.1869,-0.0041,1.0107,-0.4796,-0.0000
60.540,-0.4818,0.3808,0.1880,-0.0041,1.0090,-0.4796,-0.0005
60.552,-0.4819,0.3813,0.1889,-0.0041,1.0076,-0.4797,-0.0015
60.564,-0.4819,0.3818,0.1898,-0.0041,1.0063,-0.4797,-0.0029
60.576,-0.4819,0.3822,0.1905,-0.0041,1.0051,-0.4797,-0.0047
60.588,-0.4819,0.3826,0.1912,-0.0041,1.0041,-0.4797,-0.0068
60.600,-0.4819,0.3830,0.1918,-0.0041,1.0032,-0.4797,-0.0091
60.612,-0.4819,0.3833,0.1923,-0.0041,1.0025,-0.4797,-0.0117
60.624,-0.4820,0.3835,0.1928,-0.0041,1.0018,-0.4798,-0.0145
60.636,-0.4820,0.3837,0.1932,-0.0041,1.0012,-0.4798,-0.0175
60.648,-0.4820,0.3840,0.1935,-0.0041,1.0006,-0.4798,-0.0207
60.660,-0.4820,0.3841,0.1938,-0.0041,1.0002,-0.4798,-0.0240
60.672,-0.4820,0.3843,0.1941,-0.0041,0.9998,-0.4798,-0.0275
60.684,-0.4820,0.3844,0.1943,-0.0041,0.9994,-0.4798,-0.0311
60.696,-0.4820,0.3845,0.1945,-0.0041,0.9991,-0.4798,-0.0347
60.708,-0.4820,0.3847,0.1947,-0.0041,0.9988,-0.4798,-0.0385
60.720,-0.4820,0.3847,0.1949,-0.0041,0.9986,-0.4798,-0.0423
60.732,-0.4820,0.3848,0.1950,-0.0041,0.9983,-0.4798,-0.0462
60.744,-0.4820,0.3849,0.1951,-0.0041,0.9982,-0.4798,-0.0502
60.756,-0.4820,0.3850,0.1953,-0.0041,0.9980,-0.4798,-0.0542
60.768,-0.4820,0.3850,0.1954,-0.0041,0.9978,-0.4798,-0.0582
60.780,-0.4820,0.3851,0.1954,-0.0041,0.9977,-0.4798,-0.0623
60.792,-0.4820,0.3851,0.1955,-0.0041,0.9976,-0.4798,-0.0665
60.804,-0.4820,0.3852,0.1956,-0.0041,0.9975,-0.4798,-0.0706
60.816,-0.4820,0.3852,0.1956,-0.0041,0.9974,-0.4798,-0.0748
60.828,-0.4820,0.3852,0.1957,-0.0041,0.9973,-0.4798,-0.0791
60.840,-0.4820,0.3852,0.1957,-0.0041,0.9973,-0.4798,-0.0833
60.852,-0.4820,0.3853,0.1958,-0.0041,0.9972,-0.4798,-0.0876
60.864,-0.4820,0.3853,0.1958,-0.0041,0.9971,-0.4798,-0.0918
60.876,-0.4820,0.3853,0.1958,-0.0041,0.9971,-0.4798,-0.0961
60.888,-0.4820,0.3853,0.1959,-0.0041,0.9971,-0.4798,-0.1004
60.900,-0.4820,0.3853,0.1959,-0.0041,0.9970,-0.4798,-0.1047
60.912,-0.4820,0.3853,0.1959,-0.0041,0.9970,-0.4798,-0.1091
60.924,-0.4820,0.3854,0.1959,-0.0041,0.9970,-0.4798,-0.1134
60.936,-0.4820,0.3854,0.1960,-0.0041,0.9969,-0.4798,-0.1178
60.948,-0.4820,0.3854,0.1960,-0.0041,0.9969,-0.4798,-0.1221
60.960,-0.4820,0.3854,0.1960,-0.0041,0.9969,-0.4798,-0.1265
60.972,-0.4820,0.3854,0.1960,-0.0041,0.9969,-0.4798,-0.1308
60.984,-0.4820,0.3854,0.1960,-0.0041,0.9969,-0.4798,-0.1352
60.996,-0.4820,0.3854,0.1960,-0.0041,0.9969,-0.4798,-0.1396
61.008,-0.4820,0.3854,0.1960,-0.0041,0.9968,-0.4798,-0.1439
61.020,-0.4820,0.3854,0.1960,-0.0041,0.9968,-0.4798,-0.1483
61.032,-0.4820,0.3854,0.1960,-0.0041,0.9968,-0.4798,-0.1527
61.044,-0.4820,0.3854,0.1960,-0.0041,0.9968,-0.4798,-0.1571
61.056,-0.4820,0.3854,0.1960,-0.0041,0.9968,-0.4798,-0.1614
61.068,-0.4820,0.3854,0.1960,-0.0041,0.9968,-0.4798,-0.1658
61.080,-0.4820,0.3854,0.1960,-0.0041,0.9968,-0.4798,-0.1702
61.092,-0.4820,0.3854,0.1960,-0.0041,0.9968,-0.4798,-0.1746
61.104,-0.4820,0.3854,0.1961,-0.0041,0.9968,-0.4798,-0.1790
61.116,-0.4820,0.3850,0.1961,-0.0041,0.9971,-0.4798,-0.1834
61.128,-0.4820,0.3843,0.1961,-0.0041,0.9977,-0.4798,-0.1878
61.140,-0.4820,0.3836,0.1961,-0.0041,0.9982,-0.4798,-0.1922
61.152,-0.4820,0.3828,0.1961,-0.0041,0.9988,-0.4798,-0.1966
61.164,-0.4820,0.3821,0.1961,-0.0041,0.9993,-0.4798,-0.2010
61.176,-0.4820,0.3814,0.1961,-0.0041,0.9999,-0.4798,-0.2054
61.188,-0.4820,0.3806,0.1961,-0.0041,1.0005,-0.4798,-0.2098
61.200,-0.4820,0.3799,0.1961,-0.0041,1.0010,-0.4798,-0.2142
61.212,-0.4820,0.3792,0.1961,-0.0041,1.0016,-0.4798,-0.2186
61.224,-0.4820,0.3785,0.1961,-0.0041,1.0021,-0.4798,-0.2230
61.236,-0.4820,0.3777,0.1961,-0.0041,1.0027,-0.4798,-0.2273
61.248,-0.4820,0.3770,0.1961,-0.0041,1.0033,-0.4798,-0.2317
61.260,-0.4820,0.3763,0.1961,-0.0041,1.0038,-0.4798,-0.2361
61.272,-0.4820,0.3756,0.1961,-0.0041,1.0044,-0.4798,-0.2405
61.284,-0.4820,0.3748,0.1961,-0.0041,1.0049,-0.4798,-0.2449
61.296,-0.4820,0.3741,0.1961,-0.0041,1.0055,-0.4798,-0.2493
61.308,-0.4820,0.3734,0.1961,-0.0041,1.0060,-0.4798,-0.2537
61.320,-0.4820,0.3727,0.1961,-0.0041,1.0066,-0.4798,-0.2581
61.332,-0.4820,0.3720,0.1961,-0.0041,1.0071,-0.4798,-0.2625
61.344,-0.4820,0.3713,0.1961,-0.0041,1.0076,-0.4798,-0.2669
61.356,-0.4820,0.3706,0.1961,-0.0041,1.0082,-0.4798,-0.2713
61.368,-0.4820,0.3698,0.1961,-0.0041,1.0087,-0.4798,-0.2757
61.380,-0.4820,0.3691,0.1961,-0.0041,1.0092,-0.4798,-0.2801
61.392,-0.4820,0.3684,0.1961,-0.0041,1.0098,-0.4798,-0.2845
61.404,-0.4820,0.3677,0.1961,-0.0041,1.0103,-0.4798,-0.2889
61.416,-0.4820,0.3670,0.1961,-0.0041,1.0108,-0.4798,-0.2933
61.428,-0.4820,0.3663,0.1961,-0.0041,1.0113,-0.4798,-0.2977
61.440,-0.4820,0.3656,0.1961,-0.0041,1.0119,-0.4798,-0.3021
61.452,-0.4820,0.3649,0.1961,-0.0041,1.0124,-0.4798,-0.3065
61.464,-0.4820,0.3642,0.1961,-0.0041,1.0129,-0.4798,-0.3109
61.476,-0.4820,0.3635,0.1961,-0.0041,1.0134,-0.4798,-0.3153
61.488,-0.4820,0.3628,0.1961,-0.0041,1.0139,-0.4798,-0.3197
61.500,-0.4820,0.3622,0.1961,-0.0041,1.0144,-0.4798,-0.3241
61.512,-0.4820,0.3615,0.1961,-0.0041,1.0149,-0.4798,-0.3285
61.524,-0.4820,0.3608,0.1961,-0.0041,1.0154,-0.4798,-0.3329
61.536,-0.4820,0.3601,0.1961,-0.0041,1.0159,-0.4798,-0.3373
61.548,-0.4820,0.3594,0.1961,-0.0041,1.0164,-0.4798,-0.3417
61.560,-0.4820,0.3588,0.1961,-0.0041,1.0169,-0.4798,-0.3461
61.572,-0.4820,0.3581,0.1961,-0.0041,1.0174,-0.4798,-0.3505
61.584,-0.4820,0.3574,0.1961,-0.0041,1.0179,-0.4798,-0.3549
61.596,-0.4820,0.3567,0.1961,-0.0041,1.0184,-0.4798,-0.3593
61.608,-0.4820,0.3561,0.1961,-0.0041,1.0189,-0.4798,-0.3637
61.620,-0.4820,0.3554,0.1961,-0.0041,1.0194,-0.4798,-0.3681
61.632,-0.4820,0.3547,0.1961,-0.0041,1.0199,-0.4798,-0.3725
61.644,-0.4820,0.3541,0.1961,-0.0041,1.0203,-0.4798,-0.3769
61.656,-0.4820,0.3534,0.1961,-0.0041,1.0208,-0.4798,-0.3813
61.668,-0.4820,0.3528,0.1961,-0.0041,1.0213,-0.4798,-0.3857
61.680,-0.4820,0.3521,0.1961,-0.0041,1.0218,-0.4798,-0.3901
61.692,-0.4820,0.3515,0.1961,-0.0041,1.0222,-0.4798,-0.3945
61.704,-0.4820,0.3508,0.1961,-0.0041,1.0227,-0.4798,-0.3989
61.716,-0.4820,0.3502,0.1961,-0.0041,1.0232,-0.4798,-0.4033
61.728,-0.4820,0.3496,0.1961,-0.0041,1.0236,-0.4798,-0.4077
61.740,-0.4820,0.3490,0.1961,-0.0041,1.0240,-0.4798,-0.4116
61.752,-0.4820,0.3484,0.1961,-0.0041,1.0244,-0.4798,-0.4150
61.764,-0.4820,0.3482,0.1957,-0.0041,1.0250,-0.4798,-0.4180
61.776,-0.4820,0.3480,0.1951,-0.0041,1.0259,-0.4798,-0.4206
61.788,-0.4820,0.3477,0.1943,-0.0041,1.0271,-0.4798,-0.4230
61.800,-0.4820,0.3473,0.1932,-0.0041,1.0286,-0.4798,-0.4250
61.812,-0.4820,0.3468,0.1919,-0.0041,1.0304,-0.4798,-0.4268
61.824,-0.4820,0.3462,0.1904,-0.0041,1.0325,-0.4798,-0.4284
61.836,-0.4820,0.3456,0.1888,-0.0041,1.0349,-0.4798,-0.4298
61.848,-0.4820,0.3449,0.1871,-0.0041,1.0374,-0.4798,-0.4310
61.860,-0.4820,0.3441,0.1852,-0.0041,1.0401,-0.4798,-0.4321
61.872,-0.4819,0.3433,0.1833,-0.0041,1.0429,-0.4798,-0.4330
61.884,-0.4819,0.3424,0.1812,-0.0041,1.0459,-0.4798,-0.4339
61.896,-0.4819,0.3415,0.1791,-0.0041,1.0490,-0.4798,-0.4346
61.908,-0.4819,0.3406,0.1769,-0.0041,1.0522,-0.4798,-0.4353
61.920,-0.4819,0.3396,0.1747,-0.0040,1.0555,-0.4798,-0.4358
61.932,-0.4818,0.3386,0.1723,-0.0040,1.0589,-0.4798,-0.4363
61.944,-0.4818,0.3376,0.1700,-0.0040,1.0623,-0.4797,-0.4368
61.956,-0.4818,0.3366,0.1676,-0.0040,1.0658,-0.4797,-0.4372
61.968,-0.4818,0.3355,0.1651,-0.0040,1.0694,-0.4797,-0.4375
61.980,-0.4817,0.3345,0.1627,-0.0040,1.0730,-0.4797,-0.4378
61.992,-0.4817,0.3334,0.1602,-0.0040,1.0767,-0.4797,-0.4381
62.004,-0.4817,0.3323,0.1576,-0.0040,1.0804,-0.4797,-0.4383
62.016,-0.4817,0.3312,0.1551,-0.0040,1.0841,-0.4797,-0.4385
62.028,-0.4817,0.3301,0.1525,-0.0040,1.0879,-0.4797,-0.4387
62.040,-0.4816,0.3290,0.1499,-0.0040,1.0917,-0.4797,-0.4388
62.052,-0.4816,0.3279,0.1473,-0.0040,1.0955,-0.4797,-0.4390
62.064,-0.4816,0.3268,0.1447,-0.0040,1.0993,-0.4797,-0.4391
62.076,-0.4816,0.3256,0.1421,-0.0040,1.1032,-0.4797,-0.4392
62.088,-0.4815,0.3245,0.1394,-0.0040,1.1070,-0.4797,-0.4393
62.100,-0.4815,0.3234,0.1368,-0.0040,1.1109,-0.4797,-0.4394
62.112,-0.4815,0.3222,0.1341,-0.0040,1.1148,-0.4797,-0.4395
62.124,-0.4815,0.3211,0.1315,-0.0040,1.1187,-0.4796,-0.4395
62.136,-0.4814,0.3199,0.1288,-0.0040,1.1226,-0.4796,-0.4396
62.148,-0.4814,0.3188,0.1261,-0.0040,1.1265,-0.4796,-0.4396
62.160,-0.4814,0.3176,0.1235,-0.0040,1.1304,-0.4796,-0.4397
62.172,-0.4814,0.3165,0.1208,-0.0040,1.1343,-0.4796,-0.4397
62.184,-0.4814,0.3153,0.1181,-0.0040,1.1383,-0.4796,-0.4397
62.196,-0.4813,0.3141,0.1154,-0.0040,1.1422,-0.4796,-0.4398
62.208,-0.4813,0.3130,0.1127,-0.0040,1.1462,-0.4796,-0.4398
62.220,-0.4813,0.3118,0.1100,-0.0039,1.1501,-0.4796,-0.4398
62.232,-0.4813,0.3106,0.1073,-0.0039,1.1541,-0.4796,-0.4398
62.244,-0.4812,0.3095,0.1046,-0.0039,1.1580,-0.4796,-0.4399
62.256,-0.4812,0.3083,0.1019,-0.0039,1.1620,-0.4796,-0.4399
62.268,-0.4812,0.3072,0.0992,-0.0039,1.1659,-0.4796,-0.4399
62.280,-0.4812,0.3060,0.0965,-0.0039,1.1699,-0.4795,-0.4399
62.292,-0.4811,0.3048,0.0938,-0.0039,1.1739,-0.4795,-0.4399
62.304,-0.4811,0.3037,0.0911,-0.0039,1.1778,-0.4795,-0.4399
62.316,-0.4811,0.3025,0.0884,-0.0039,1.1818,-0.4795,-0.4399
62.328,-0.4811,0.3013,0.0857,-0.0039,1.1857,-0.4795,-0.4399
62.340,-0.4810,0.3001,0.0830,-0.0039,1.1897,-0.4795,-0.4400
62.352,-0.4810,0.2990,0.0803,-0.0039,1.1937,-0.4795,-0.4400
62.364,-0.4810,0.2978,0.0775,-0.0039,1.1977,-0.4795,-0.4400
62.376,-0.4810,0.2966,0.0748,-0.0039,1.2016,-0.4795,-0.4400
62.388,-0.4809,0.2955,0.0721,-0.0039,1.2056,-0.4795,-0.4400
62.400,-0.4809,0.2943,0.0694,-0.0039,1.2096,-0.4795,-0.4400
62.412,-0.4809,0.2931,0.0667,-0.0039,1.2135,-0.4795,-0.4400
62.424,-0.4809,0.2920,0.0640,-0.0039,1.2175,-0.4795,-0.4400
62.436,-0.4808,0.2908,0.0613,-0.0039,1.2215,-0.4795,-0.4400
62.448,-0.4808,0.2896,0.0586,-0.0039,1.2255,-0.4794,-0.4400
62.460,-0.4808,0.2884,0.0559,-0.0039,1.2294,-0.4794,-0.4400
62.472,-0.4808,0.2873,0.0531,-0.0039,1.2334,-0.4794,-0.4400
62.484,-0.4808,0.2861,0.0504,-0.0039,1.2374,-0.4794,-0.4400
62.496,-0.4807,0.2849,0.0477,-0.0039,1.2413,-0.4794,-0.4400
62.508,-0.4807,0.2838,0.0450,-0.0038,1.2453,-0.4794,-0.4400
62.520,-0.4807,0.2826,0.0423,-0.0038,1.2493,-0.4794,-0.4400
62.532,-0.4807,0.2814,0.0396,-0.0038,1.2533,-0.4794,-0.4400
62.544,-0.4806,0.2803,0.0369,-0.0038,1.2572,-0.4794,-0.4400
62.556,-0.4806,0.2791,0.0342,-0.0038,1.2612,-0.4794,-0.4400
62.568,-0.4806,0.2779,0.0314,-0.0038,1.2652,-0.4794,-0.4400
62.580,-0.4806,0.2767,0.0287,-0.0038,1.2692,-0.4794,-0.4400
62.592,-0.4805,0.2756,0.0260,-0.0038,1.2731,-0.4794,-0.4400
62.604,-0.4805,0.2744,0.0233,-0.0038,1.2771,-0.4793,-0.4400
62.616,-0.4805,0.2732,0.0206,-0.0038,1.2811,-0.4793,-0.4400
62.628,-0.4805,0.2721,0.0179,-0.0038,1.2851,-0.4793,-0.4400
62.640,-0.4804,0.2709,0.0152,-0.0038,1.2890,-0.4793,-0.4400
62.652,-0.4804,0.2697,0.0125,-0.0038,1.2930,-0.4793,-0.4400
62.664,-0.4804,0.2685,0.0097,-0.0038,1.2970,-0.4793,-0.4400
62.676,-0.4804,0.2674,0.0070,-0.0038,1.3010,-0.4793,-0.4400
62.688,-0.4803,0.2662,0.0043,-0.0038,1.3049,-0.4793,-0.4400
62.700,-0.4803,0.2650,0.0016,-0.0038,1.3089,-0.4793,-0.4400
62.712,-0.4803,0.2639,-0.0011,-0.0038,1.3129,-0.4793,-0.4400
62.724,-0.4803,0.2627,-0.0038,-0.0038,1.3169,-0.4793,-0.4400
62.736,-0.4802,0.2615,-0.0065,-0.0038,1.3208,-0.4793,-0.4400
62.748,-0.4802,0.2603,-0.0093,-0.0038,1.3248,-0.4793,-0.4400
62.760,-0.4802,0.2592,-0.0120,-0.0038,1.3288,-0.4792,-0.4400
62.772,-0.4802,0.2580,-0.0147,-0.0038,1.3328,-0.4792,-0.4400
62.784,-0.4801,0.2568,-0.0174,-0.0037,1.3367,-0.4792,-0.4400
62.796,-0.4801,0.2557,-0.0201,-0.0037,1.3407,-0.4792,-0.4400
62.808,-0.4801,0.2545,-0.0228,-0.0037,1.3447,-0.4792,-0.4400
62.820,-0.4801,0.2533,-0.0255,-0.0037,1.3487,-0.4792,-0.4400
62.832,-0.4801,0.2521,-0.0283,-0.0037,1.3526,-0.4792,-0.4400
62.844,-0.4800,0.2510,-0.0310,-0.0037,1.3566,-0.4792,-0.4400
62.856,-0.4800,0.2498,-0.0337,-0.0037,1.3606,-0.4792,-0.4400
62.868,-0.4800,0.2486,-0.0364,-0.0037,1.3646,-0.4792,-0.4400
62.880,-0.4800,0.2475,-0.0391,-0.0037,1.3685,-0.4792,-0.4400
62.892,-0.4799,0.2463,-0.0418,-0.0037,1.3725,-0.4792,-0.4400
62.904,-0.4799,0.2451,-0.0445,-0.0037,1.3765,-0.4792,-0.4400
62.916,-0.4799,0.2439,-0.0472,-0.0037,1.3805,-0.4792,-0.4400
62.928,-0.4799,0.2428,-0.0500,-0.0037,1.3844,-0.4791,-0.4400
62.940,-0.4798,0.2416,-0.0527,-0.0037,1.3884,-0.4791,-0.4400
62.952,-0.4798,0.2404,-0.0554,-0.0037,1.3924,-0.4791,-0.4400
62.964,-0.4798,0.2394,-0.0578,-0.0037,1.3959,-0.4791,-0.4400
62.976,-0.4798,0.2385,-0.0599,-0.0037,1.3990,-0.4791,-0.4400
62.988,-0.4798,0.2377,-0.0617,-0.0037,1.4017,-0.4791,-0.4400
63.000,-0.4797,0.2370,-0.0634,-0.0037,1.4040,-0.4791,-0.4400
63.012,-0.4797,0.2364,-0.0648,-0.0037,1.4061,-0.4791,-0.4400
63.024,-0.4797,0.2358,-0.0660,-0.0037,1.4080,-0.4791,-0.4400
63.036,-0.4797,0.2353,-0.0672,-0.0037,1.4096,-0.4791,-0.4400
63.048,-0.4797,0.2353,-0.0672,-0.0037,1.4096,-0.4791,-0.4400
63.060,-0.4797,0.2353,-0.0676,-0.0037,1.4100,-0.4791,-0.4400
63.072,-0.4797,0.2353,-0.0683,-0.0037,1.4108,-0.4791,-0.4400
63.084,-0.4797,0.2353,-0.0694,-0.0037,1.4119,-0.4791,-0.4400
63.096,-0.4797,0.2353,-0.0708,-0.0037,1.4132,-0.4792,-0.4400
63.108,-0.4797,0.2353,-0.0724,-0.0037,1.4148,-0.4792,-0.4400
63.120,-0.4796,0.2353,-0.0742,-0.0037,1.4167,-0.4793,-0.4400
63.132,-0.4796,0.2353,-0.0762,-0.0037,1.4187,-0.4793,-0.4400
63.144,-0.4796,0.2353,-0.0783,-0.0037,1.4208,-0.4793,-0.4400
63.156,-0.4796,0.2353,-0.0807,-0.0037,1.4232,-0.4794,-0.4400
63.168,-0.4796,0.2353,-0.0831,-0.0037,1.4256,-0.4794,-0.4400
63.180,-0.4795,0.2353,-0.0857,-0.0037,1.4282,-0.4795,-0.4400
63.192,-0.4795,0.2353,-0.0883,-0.0037,1.4308,-0.4796,-0.4400
63.204,-0.4795,0.2353,-0.0911,-0.0037,1.4336,-0.4796,-0.4400
63.216,-0.4795,0.2353,-0.0939,-0.0037,1.4364,-0.4797,-0.4400
63.228,-0.4794,0.2353,-0.0968,-0.0037,1.4393,-0.4797,-0.4400
63.240,-0.4794,0.2353,-0.0997,-0.0037,1.4423,-0.4798,-0.4400
63.252,-0.4794,0.2353,-0.1027,-0.0037,1.4453,-0.4799,-0.4400
63.264,-0.4794,0.2353,-0.1058,-0.0037,1.4483,-0.4799,-0.4400
63.276,-0.4793,0.2352,-0.1089,-0.0037,1.4514,-0.4800,-0.4400
63.288,-0.4793,0.2352,-0.1120,-0.0037,1.4546,-0.4801,-0.4400
63.300,-0.4793,0.2352,-0.1151,-0.0037,1.4577,-0.4801,-0.4400
63.312,-0.4792,0.2352,-0.1183,-0.0037,1.4609,-0.4802,-0.4400
63.324,-0.4792,0.2352,-0.1215,-0.0037,1.4641,-0.4803,-0.4400
63.336,-0.4792,0.2352,-0.1248,-0.0037,1.4674,-0.4804,-0.4400
63.348,-0.4792,0.2352,-0.1280,-0.0037,1.4706,-0.4804,-0.4400
63.360,-0.4791,0.2352,-0.1313,-0.0037,1.4739,-0.4805,-0.4400
63.372,-0.4791,0.2352,-0.1346,-0.0037,1.4772,-0.4806,-0.4400
63.384,-0.4791,0.2352,-0.1379,-0.0037,1.4805,-0.4806,-0.4400
63.396,-0.4790,0.2352,-0.1412,-0.0037,1.4838,-0.4807,-0.4400
63.408,-0.4790,0.2352,-0.1445,-0.0037,1.4871,-0.4808,-0.4400
63.420,-0.4790,0.2352,-0.1478,-0.0037,1.4905,-0.4809,-0.4400
63.432,-0.4790,0.2351,-0.1511,-0.0037,1.4938,-0.4809,-0.4400
63.444,-0.4789,0.2351,-0.1545,-0.0037,1.4971,-0.4810,-0.4400
63.456,-0.4789,0.2351,-0.1578,-0.0037,1.5005,-0.4811,-0.4400
63.468,-0.4789,0.2351,-0.1612,-0.0037,1.5038,-0.4812,-0.4400
63.480,-0.4788,0.2351,-0.1645,-0.0037,1.5072,-0.4812,-0.4400
63.492,-0.4788,0.2351,-0.1679,-0.0037,1.5106,-0.4813,-0.4400
63.504,-0.4788,0.2351,-0.1712,-0.0037,1.5139,-0.4814,-0.4400
63.516,-0.4787,0.2351,-0.1746,-0.0037,1.5173,-0.4814,-0.4400
63.528,-0.4787,0.2351,-0.1780,-0.0037,1.5207,-0.4815,-0.4400
63.540,-0.4787,0.2351,-0.1813,-0.0037,1.5241,-0.4816,-0.4400
63.552,-0.4786,0.2351,-0.1847,-0.0037,1.5274,-0.4817,-0.4400
63.564,-0.4786,0.2351,-0.1881,-0.0037,1.5308,-0.4817,-0.4400
63.576,-0.4786,0.2350,-0.1915,-0.0038,1.5342,-0.4818,-0.4400
63.588,-0.4786,0.2350,-0.1948,-0.0038,1.5376,-0.4819,-0.4400
63.600,-0.4785,0.2350,-0.1982,-0.0038,1.5410,-0.4820,-0.4400
63.612,-0.4785,0.2350,-0.2016,-0.0038,1.5444,-0.4820,-0.4400
63.624,-0.4785,0.2350,-0.2050,-0.0038,1.5478,-0.4821,-0.4400
63.636,-0.4784,0.2350,-0.2083,-0.0038,1.5511,-0.4822,-0.4400
63.648,-0.4784,0.2350,-0.2117,-0.0038,1.5545,-0.4823,-0.4400
63.660,-0.4784,0.2350,-0.2151,-0.0038,1.5579,-0.4823,-0.4400
63.672,-0.4783,0.2350,-0.2185,-0.0038,1.5613,-0.4824,-0.4400
63.684,-0.4783,0.2350,-0.2219,-0.0038,1.5647,-0.4825,-0.4400
63.696,-0.4783,0.2350,-0.2253,-0.0038,1.5681,-0.4826,-0.4400
63.708,-0.4783,0.2350,-0.2286,-0.0038,1.5715,-0.4826,-0.4400
63.720,-0.4782,0.2350,-0.2320,-0.0038,1.5749,-0.4827,-0.4400
63.732,-0.4782,0.2349,-0.2354,-0.0038,1.5783,-0.4828,-0.4400
63.744,-0.4782,0.2349,-0.2388,-0.0038,1.5817,-0.4828,-0.4400
63.756,-0.4781,0.2349,-0.2422,-0.0038,1.5851,-0.4829,-0.4400
63.768,-0.4781,0.2349,-0.2456,-0.0038,1.5885,-0.4830,-0.4400
63.780,-0.4781,0.2349,-0.2490,-0.0038,1.5919,-0.4831,-0.4400
63.792,-0.4780,0.2349,-0.2523,-0.0038,1.5952,-0.4831,-0.4400
63.804,-0.4780,0.2349,-0.2557,-0.0038,1.5986,-0.4832,-0.4400
63.816,-0.4780,0.2349,-0.2591,-0.0038,1.6020,-0.4833,-0.4400
63.828,-0.4780,0.2349,-0.2625,-0.0038,1.6054,-0.4834,-0.4400
63.840,-0.4779,0.2349,-0.2659,-0.0038,1.6088,-0.4834,-0.4400
63.852,-0.4779,0.2349,-0.2693,-0.0038,1.6122,-0.4835,-0.4400
63.864,-0.4779,0.2349,-0.2727,-0.0038,1.6156,-0.4836,-0.4400
63.876,-0.4778,0.2348,-0.2761,-0.0038,1.6190,-0.4837,-0.4400
63.888,-0.4778,0.2348,-0.2794,-0.0038,1.6224,-0.4837,-0.4400
63.900,-0.4778,0.2348,-0.2828,-0.0038,1.6258,-0.4838,-0.4400
63.912,-0.4777,0.2348,-0.2862,-0.0038,1.6292,-0.4839,-0.4400
63.924,-0.4777,0.2348,-0.2896,-0.0038,1.6326,-0.4840,-0.4400
63.936,-0.4777,0.2348,-0.2930,-0.0038,1.6360,-0.4840,-0.4400
63.948,-0.4776,0.2348,-0.2964,-0.0038,1.6394,-0.4841,-0.4400
63.960,-0.4776,0.2348,-0.2998,-0.0038,1.6428,-0.4842,-0.4400
63.972,-0.4776,0.2348,-0.3031,-0.0038,1.6462,-0.4843,-0.4400
63.984,-0.4776,0.2348,-0.3065,-0.0038,1.6496,-0.4843,-0.4400
63.996,-0.4775,0.2348,-0.3099,-0.0038,1.6530,-0.4844,-0.4400
64.008,-0.4775,0.2348,-0.3133,-0.0038,1.6564,-0.4845,-0.4400
64.020,-0.4775,0.2347,-0.3167,-0.0038,1.6598,-0.4846,-0.4400
64.032,-0.4774,0.2347,-0.3201,-0.0038,1.6632,-0.4846,-0.4400
64.044,-0.4774,0.2347,-0.3235,-0.0038,1.6665,-0.4847,-0.4400
64.056,-0.4774,0.2347,-0.3266,-0.0038,1.6697,-0.4848,-0.4400
64.068,-0.4774,0.2347,-0.3293,-0.0038,1.6724,-0.4848,-0.4400
64.080,-0.4773,0.2347,-0.3317,-0.0038,1.6748,-0.4849,-0.4400
64.092,-0.4773,0.2347,-0.3339,-0.0038,1.6770,-0.4849,-0.4400
64.104,-0.4773,0.2347,-0.3357,-0.0038,1.6788,-0.4850,-0.4400
64.116,-0.4773,0.2347,-0.3357,-0.0038,1.6788,-0.4850,-0.4400
64.128,-0.4777,0.2347,-0.3357,-0.0038,1.6789,-0.4850,-0.4400
64.140,-0.4786,0.2347,-0.3358,-0.0038,1.6789,-0.4850,-0.4400
64.152,-0.4798,0.2347,-0.3358,-0.0038,1.6789,-0.4850,-0.4400
64.164,-0.4813,0.2347,-0.3358,-0.0038,1.6789,-0.4850,-0.4400
64.176,-0.4830,0.2347,-0.3359,-0.0038,1.6790,-0.4850,-0.4400
64.188,-0.4850,0.2347,-0.3359,-0.0038,1.6790,-0.4850,-0.4400
64.200,-0.4872,0.2347,-0.3360,-0.0038,1.6791,-0.4850,-0.4400
64.212,-0.4896,0.2347,-0.3360,-0.0038,1.6791,-0.4850,-0.4400
64.224,-0.4922,0.2347,-0.3361,-0.0038,1.6792,-0.4850,-0.4400
64.236,-0.4949,0.2347,-0.3361,-0.0038,1.6792,-0.4850,-0.4400
64.248,-0.4977,0.2347,-0.3362,-0.0038,1.6793,-0.4850,-0.4400
64.260,-0.5006,0.2347,-0.3362,-0.0038,1.6794,-0.4850,-0.4400
64.272,-0.5037,0.2347,-0.3363,-0.0038,1.6794,-0.4850,-0.4400
64.284,-0.5068,0.2347,-0.3364,-0.0038,1.6795,-0.4850,-0.4400
64.296,-0.5099,0.2347,-0.3365,-0.0038,1.6796,-0.4850,-0.4400
64.308,-0.5132,0.2347,-0.3365,-0.0038,1.6796,-0.4850,-0.4400
64.320,-0.5165,0.2347,-0.3366,-0.0038,1.6797,-0.4850,-0.4400
64.332,-0.5199,0.2347,-0.3367,-0.0038,1.6798,-0.4850,-0.4400
64.344,-0.5233,0.2347,-0.3367,-0.0038,1.6799,-0.4850,-0.4400
64.356,-0.5267,0.2347,-0.3368,-0.0038,1.6799,-0.4850,-0.4400
64.368,-0.5302,0.2347,-0.3369,-0.0038,1.6800,-0.4850,-0.4400
64.380,-0.5337,0.2347,-0.3370,-0.0038,1.6801,-0.4850,-0.4400
64.392,-0.5372,0.2347,-0.3371,-0.0038,1.6802,-0.4850,-0.4400
64.404,-0.5408,0.2347,-0.3371,-0.0038,1.6802,-0.4850,-0.4400
64.416,-0.5444,0.2347,-0.3372,-0.0038,1.6803,-0.4850,-0.4400
64.428,-0.5480,0.2347,-0.3373,-0.0038,1.6804,-0.4850,-0.4400
64.440,-0.5516,0.2347,-0.3374,-0.0038,1.6805,-0.4850,-0.4400
64.452,-0.5552,0.2347,-0.3375,-0.0038,1.6806,-0.4850,-0.4400
64.464,-0.5589,0.2347,-0.3375,-0.0038,1.6806,-0.4850,-0.4400
64.476,-0.5625,0.2347,-0.3376,-0.0038,1.6807,-0.4850,-0.4400
64.488,-0.5662,0.2347,-0.3377,-0.0038,1.6808,-0.4850,-0.4400
64.500,-0.5699,0.2347,-0.3378,-0.0038,1.6809,-0.4850,-0.4400
64.512,-0.5735,0.2347,-0.3379,-0.0038,1.6810,-0.4850,-0.4400
64.524,-0.5772,0.2347,-0.3379,-0.0038,1.6810,-0.4850,-0.4400
64.536,-0.5809,0.2347,-0.3380,-0.0038,1.6811,-0.4850,-0.4400
64.548,-0.5846,0.2347,-0.3381,-0.0038,1.6812,-0.4850,-0.4400
64.560,-0.5883,0.2347,-0.3382,-0.0038,1.6813,-0.4850,-0.4400
64.572,-0.5920,0.2347,-0.3383,-0.0038,1.6814,-0.4850,-0.4400
64.584,-0.5957,0.2347,-0.3383,-0.0038,1.6815,-0.4850,-0.4400
64.596,-0.5994,0.2347,-0.3384,-0.0038,1.6815,-0.4850,-0.4400
64.608,-0.6032,0.2347,-0.3385,-0.0038,1.6816,-0.4850,-0.4400
64.620,-0.6069,0.2347,-0.3386,-0.0038,1.6817,-0.4850,-0.4400
64.632,-0.6106,0.2347,-0.3387,-0.0038,1.6818,-0.4850,-0.4400
64.644,-0.6143,0.2347,-0.3388,-0.0038,1.6819,-0.4850,-0.4400
64.656,-0.6180,0.2347,-0.3388,-0.0038,1.6819,-0.4850,-0.4400
64.668,-0.6218,0.2347,-0.3389,-0.0038,1.6820,-0.4850,-0.4400
64.680,-0.6255,0.2347,-0.3390,-0.0038,1.6821,-0.4850,-0.4400
64.692,-0.6292,0.2347,-0.3391,-0.0038,1.6822,-0.4850,-0.4400
64.704,-0.6329,0.2347,-0.3392,-0.0038,1.6823,-0.4850,-0.4400
64.716,-0.6367,0.2347,-0.3392,-0.0038,1.6824,-0.4850,-0.4400
64.728,-0.6404,0.2347,-0.3393,-0.0038,1.6824,-0.4850,-0.4400
64.740,-0.6441,0.2347,-0.3394,-0.0038,1.6825,-0.4850,-0.4400
64.752,-0.6479,0.2347,-0.3395,-0.0038,1.6826,-0.4851,-0.4400
64.764,-0.6516,0.2347,-0.3396,-0.0038,1.6827,-0.4851,-0.4400
64.776,-0.6553,0.2347,-0.3397,-0.0038,1.6828,-0.4851,-0.4400
64.788,-0.6591,0.2347,-0.3397,-0.0038,1.6829,-0.4851,-0.4400
64.800,-0.6628,0.2347,-0.3398,-0.0038,1.6829,-0.4851,-0.4400
64.812,-0.6665,0.2347,-0.3399,-0.0038,1.6830,-0.4851,-0.4400
64.824,-0.6703,0.2347,-0.3400,-0.0038,1.6831,-0.4851,-0.4400
64.836,-0.6740,0.2347,-0.3401,-0.0038,1.6832,-0.4851,-0.4400
64.848,-0.6777,0.2347,-0.3401,-0.0038,1.6833,-0.4851,-0.4400
64.860,-0.6815,0.2347,-0.3402,-0.0038,1.6833,-0.4851,-0.4400
64.872,-0.6852,0.2347,-0.3403,-0.0038,1.6834,-0.4851,-0.4400
64.884,-0.6889,0.2347,-0.3404,-0.0038,1.6835,-0.4851,-0.4400
64.896,-0.6927,0.2347,-0.3405,-0.0038,1.6836,-0.4851,-0.4400
64.908,-0.6964,0.2347,-0.3406,-0.0038,1.6837,-0.4851,-0.4400
64.920,-0.7001,0.2347,-0.3406,-0.0038,1.6838,-0.4851,-0.4400
64.932,-0.7039,0.2347,-0.3407,-0.0038,1.6838,-0.4851,-0.4400
64.944,-0.7076,0.2347,-0.3408,-0.0038,1.6839,-0.4851,-0.4400
64.956,-0.7113,0.2347,-0.3409,-0.0038,1.6840,-0.4851,-0.4400
64.968,-0.7151,0.2347,-0.3410,-0.0038,1.6841,-0.4851,-0.4400
64.980,-0.7188,0.2347,-0.3411,-0.0038,1.6842,-0.4851,-0.4400
64.992,-0.7225,0.2347,-0.3411,-0.0038,1.6843,-0.4851,-0.4400
65.004,-0.7263,0.2347,-0.3412,-0.0038,1.6843,-0.4851,-0.4400
65.016,-0.7300,0.2347,-0.3413,-0.0038,1.6844,-0.4851,-0.4400
65.028,-0.7337,0.2347,-0.3414,-0.0038,1.6845,-0.4851,-0.4400
65.040,-0.7375,0.2347,-0.3415,-0.0038,1.6846,-0.4851,-0.4400
65.052,-0.7412,0.2347,-0.3415,-0.0038,1.6847,-0.4851,-0.4400
65.064,-0.7449,0.2347,-0.3416,-0.0038,1.6847,-0.4851,-0.4400
65.076,-0.7487,0.2347,-0.3417,-0.0038,1.6848,-0.4851,-0.4400
65.088,-0.7524,0.2347,-0.3418,-0.0038,1.6849,-0.4851,-0.4400
65.100,-0.7561,0.2347,-0.3419,-0.0038,1.6850,-0.4851,-0.4400
65.112,-0.7599,0.2347,-0.3420,-0.0038,1.6851,-0.4851,-0.4400
65.124,-0.7636,0.2347,-0.3420,-0.0038,1.6852,-0.4851,-0.4400
65.136,-0.7673,0.2347,-0.3421,-0.0038,1.6852,-0.4851,-0.4400
65.148,-0.7711,0.2347,-0.3422,-0.0038,1.6853,-0.4851,-0.4400
65.160,-0.7748,0.2347,-0.3423,-0.0038,1.6854,-0.4851,-0.4400
65.172,-0.7785,0.2347,-0.3424,-0.0038,1.6855,-0.4851,-0.4400
65.184,-0.7823,0.2347,-0.3425,-0.0038,1.6856,-0.4851,-0.4400
65.196,-0.7860,0.2347,-0.3425,-0.0038,1.6857,-0.4851,-0.4400
65.208,-0.7897,0.2347,-0.3426,-0.0038,1.6857,-0.4851,-0.4400
65.220,-0.7935,0.2347,-0.3427,-0.0038,1.6858,-0.4851,-0.4400
65.232,-0.7972,0.2347,-0.3428,-0.0038,1.6859,-0.4851,-0.4400
65.244,-0.8009,0.2347,-0.3429,-0.0038,1.6860,-0.4851,-0.4400
65.256,-0.8047,0.2347,-0.3429,-0.0038,1.6861,-0.4851,-0.4400
65.268,-0.8084,0.2347,-0.3430,-0.0038,1.6862,-0.4851,-0.4400
65.280,-0.8121,0.2347,-0.3431,-0.0038,1.6862,-0.4851,-0.4400
65.292,-0.8159,0.2347,-0.3432,-0.0038,1.6863,-0.4851,-0.4400
65.304,-0.8196,0.2347,-0.3433,-0.0038,1.6864,-0.4851,-0.4400
65.316,-0.8234,0.2347,-0.3434,-0.0038,1.6865,-0.4851,-0.4400
65.328,-0.8271,0.2347,-0.3434,-0.0038,1.6866,-0.4851,-0.4400
65.340,-0.8308,0.2347,-0.3435,-0.0038,1.6866,-0.4851,-0.4400
65.352,-0.8346,0.2347,-0.3436,-0.0038,1.6867,-0.4851,-0.4400
65.364,-0.8383,0.2347,-0.3437,-0.0038,1.6868,-0.4851,-0.4400
65.376,-0.8420,0.2347,-0.3438,-0.0038,1.6869,-0.4851,-0.4400
65.388,-0.8458,0.2347,-0.3438,-0.0038,1.6870,-0.4851,-0.4400
65.400,-0.8495,0.2347,-0.3439,-0.0038,1.6871,-0.4851,-0.4400
65.412,-0.8532,0.2347,-0.3440,-0.0038,1.6871,-0.4851,-0.4400
65.424,-0.8570,0.2347,-0.3441,-0.0038,1.6872,-0.4852,-0.4400
65.436,-0.8607,0.2347,-0.3442,-0.0038,1.6873,-0.4852,-0.4400
65.448,-0.8644,0.2347,-0.3443,-0.0038,1.6874,-0.4852,-0.4400
65.460,-0.8682,0.2347,-0.3443,-0.0038,1.6875,-0.4852,-0.4400
65.472,-0.8719,0.2347,-0.3444,-0.0039,1.6876,-0.4852,-0.4400
65.484,-0.8756,0.2347,-0.3445,-0.0039,1.6876,-0.4852,-0.4400
65.496,-0.8794,0.2347,-0.3446,-0.0039,1.6877,-0.4852,-0.4400
65.508,-0.8831,0.2347,-0.3447,-0.0039,1.6878,-0.4852,-0.4400
65.520,-0.8868,0.2347,-0.3448,-0.0039,1.6879,-0.4852,-0.4400
65.532,-0.8906,0.2347,-0.3448,-0.0039,1.6880,-0.4852,-0.4400
65.544,-0.8943,0.2347,-0.3449,-0.0039,1.6880,-0.4852,-0.4400
65.556,-0.8980,0.2347,-0.3450,-0.0039,1.6881,-0.4852,-0.4400
65.568,-0.9018,0.2347,-0.3451,-0.0039,1.6882,-0.4852,-0.4400
65.580,-0.9055,0.2347,-0.3452,-0.0039,1.6883,-0.4852,-0.4400
65.592,-0.9092,0.2347,-0.3452,-0.0039,1.6884,-0.4852,-0.4400
65.604,-0.9130,0.2347,-0.3453,-0.0039,1.6885,-0.4852,-0.4400
65.616,-0.9167,0.2347,-0.3454,-0.0039,1.6885,-0.4852,-0.4400
65.628,-0.9204,0.2347,-0.3455,-0.0039,1.6886,-0.4852,-0.4400
65.640,-0.9242,0.2347,-0.3456,-0.0039,1.6887,-0.4852,-0.4400
65.652,-0.9279,0.2347,-0.3457,-0.0039,1.6888,-0.4852,-0.4400
65.664,-0.9316,0.2347,-0.3457,-0.0039,1.6889,-0.4852,-0.4400
65.676,-0.9354,0.2347,-0.3458,-0.0039,1.6890,-0.4852,-0.4400
65.688,-0.9391,0.2347,-0.3459,-0.0039,1.6890,-0.4852,-0.4400
65.700,-0.9429,0.2347,-0.3460,-0.0039,1.6891,-0.4852,-0.4400
65.712,-0.9466,0.2347,-0.3461,-0.0039,1.6892,-0.4852,-0.4400
65.724,-0.9503,0.2347,-0.3462,-0.0039,1.6893,-0.4852,-0.4400
65.736,-0.9541,0.2347,-0.3462,-0.0039,1.6894,-0.4852,-0.4400
65.748,-0.9578,0.2347,-0.3463,-0.0039,1.6894,-0.4852,-0.4400
65.760,-0.9615,0.2347,-0.3464,-0.0039,1.6895,-0.4852,-0.4400
65.772,-0.9653,0.2347,-0.3465,-0.0039,1.6896,-0.4852,-0.4400
65.784,-0.9690,0.2347,-0.3466,-0.0039,1.6897,-0.4852,-0.4400
65.796,-0.9727,0.2347,-0.3466,-0.0039,1.6898,-0.4852,-0.4400
65.808,-0.9765,0.2347,-0.3467,-0.0039,1.6899,-0.4852,-0.4400
65.820,-0.9802,0.2347,-0.3468,-0.0039,1.6899,-0.4852,-0.4400
65.832,-0.9839,0.2347,-0.3469,-0.0039,1.6900,-0.4852,-0.4400
65.844,-0.9877,0.2347,-0.3470,-0.0039,1.6901,-0.4852,-0.4400
65.856,-0.9914,0.2347,-0.3471,-0.0039,1.6902,-0.4852,-0.4400
65.868,-0.9951,0.2347,-0.3471,-0.0039,1.6903,-0.4852,-0.4400
65.880,-0.9989,0.2347,-0.3472,-0.0039,1.6904,-0.4852,-0.4400
65.892,-1.0026,0.2347,-0.3473,-0.0039,1.6904,-0.4852,-0.4400
65.904,-1.0063,0.2347,-0.3474,-0.0039,1.6905,-0.4852,-0.4400
65.916,-1.0101,0.2347,-0.3475,-0.0039,1.6906,-0.4852,-0.4400
65.928,-1.0138,0.2347,-0.3475,-0.0039,1.6907,-0.4852,-0.4400
65.940,-1.0175,0.2347,-0.3476,-0.0039,1.6908,-0.4852,-0.4400
65.952,-1.0213,0.2347,-0.3477,-0.0039,1.6908,-0.4852,-0.4400
65.964,-1.0250,0.2347,-0.3478,-0.0039,1.6909,-0.4852,-0.4400
65.976,-1.0287,0.2347,-0.3479,-0.0039,1.6910,-0.4852,-0.4400
65.988,-1.0325,0.2347,-0.3480,-0.0039,1.6911,-0.4852,-0.4400
66.000,-1.0362,0.2347,-0.3480,-0.0039,1.6912,-0.4852,-0.4400
66.012,-1.0399,0.2347,-0.3481,-0.0039,1.6913,-0.4852,-0.4400
66.024,-1.0437,0.2347,-0.3482,-0.0039,1.6913,-0.4852,-0.4400
66.036,-1.0474,0.2347,-0.3483,-0.0039,1.6914,-0.4852,-0.4400
66.048,-1.0512,0.2347,-0.3484,-0.0039,1.6915,-0.4852,-0.4400
66.060,-1.0549,0.2347,-0.3485,-0.0039,1.6916,-0.4852,-0.4400
66.072,-1.0586,0.2347,-0.3485,-0.0039,1.6917,-0.4852,-0.4400
66.084,-1.0624,0.2347,-0.3486,-0.0039,1.6918,-0.4852,-0.4400
66.096,-1.0661,0.2347,-0.3487,-0.0039,1.6918,-0.4853,-0.4400
66.108,-1.0698,0.2347,-0.3488,-0.0039,1.6919,-0.4853,-0.4400
66.120,-1.0734,0.2347,-0.3489,-0.0039,1.6920,-0.4853,-0.4400
66.132,-1.0766,0.2347,-0.3489,-0.0039,1.6921,-0.4853,-0.4400
66.144,-1.0793,0.2347,-0.3490,-0.0039,1.6921,-0.4853,-0.4400
66.156,-1.0818,0.2347,-0.3490,-0.0039,1.6922,-0.4853,-0.4400
66.168,-1.0839,0.2347,-0.3491,-0.0039,1.6922,-0.4853,-0.4400
66.180,-1.0858,0.2347,-0.3491,-0.0039,1.6923,-0.4853,-0.4400
66.192,-1.0875,0.2347,-0.3492,-0.0039,1.6923,-0.4853,-0.4400
66.204,-1.0890,0.2347,-0.3492,-0.0039,1.6923,-0.4853,-0.4400
66.216,-1.0890,0.2347,-0.3492,-0.0039,1.6923,-0.4853,-0.4400
66.228,-1.0890,0.2349,-0.3493,-0.0039,1.6922,-0.4858,-0.4400
66.240,-1.0890,0.2353,-0.3494,-0.0039,1.6918,-0.4869,-0.4400
66.252,-1.0890,0.2360,-0.3496,-0.0039,1.6914,-0.4883,-0.4400
66.264,-1.0890,0.2367,-0.3498,-0.0039,1.6908,-0.4902,-0.4400
66.276,-1.0891,0.2377,-0.3500,-0.0039,1.6901,-0.4923,-0.4400
66.288,-1.0891,0.2387,-0.3503,-0.0039,1.6894,-0.4948,-0.4400
66.300,-1.0892,0.2399,-0.3507,-0.0039,1.6885,-0.4975,-0.4400
66.312,-1.0892,0.2411,-0.3510,-0.0039,1.6876,-0.5005,-0.4400
66.324,-1.0893,0.2424,-0.3514,-0.0040,1.6866,-0.5036,-0.4400
66.336,-1.0893,0.2438,-0.3518,-0.0040,1.6856,-0.5069,-0.4400
66.348,-1.0894,0.2453,-0.3522,-0.0040,1.6845,-0.5104,-0.4400
66.360,-1.0895,0.2468,-0.3526,-0.0040,1.6834,-0.5140,-0.4400
66.372,-1.0895,0.2484,-0.3531,-0.0041,1.6822,-0.5178,-0.4400
66.384,-1.0896,0.2500,-0.3535,-0.0041,1.6810,-0.5216,-0.4400
66.396,-1.0897,0.2517,-0.3540,-0.0041,1.6798,-0.5255,-0.4400
66.408,-1.0897,0.2534,-0.3545,-0.0041,1.6786,-0.5295,-0.4400
66.420,-1.0898,0.2551,-0.3550,-0.0042,1.6773,-0.5336,-0.4400
66.432,-1.0899,0.2569,-0.3554,-0.0042,1.6760,-0.5378,-0.4400
66.444,-1.0899,0.2587,-0.3559,-0.0042,1.6747,-0.5420,-0.4400
66.456,-1.0900,0.2605,-0.3565,-0.0042,1.6734,-0.5462,-0.4400
66.468,-1.0901,0.2623,-0.3570,-0.0043,1.6720,-0.5505,-0.4400
66.480,-1.0902,0.2641,-0.3575,-0.0043,1.6707,-0.5548,-0.4400
66.492,-1.0902,0.2660,-0.3580,-0.0043,1.6693,-0.5592,-0.4400
66.504,-1.0903,0.2678,-0.3585,-0.0043,1.6680,-0.5636,-0.4400
66.516,-1.0904,0.2697,-0.3590,-0.0044,1.6666,-0.5680,-0.4400
66.528,-1.0905,0.2716,-0.3596,-0.0044,1.6652,-0.5724,-0.4400
66.540,-1.0906,0.2734,-0.3601,-0.0044,1.6638,-0.5769,-0.4400
66.552,-1.0906,0.2753,-0.3606,-0.0045,1.6624,-0.5814,-0.4400
66.564,-1.0907,0.2772,-0.3612,-0.0045,1.6610,-0.5858,-0.4400
66.576,-1.0908,0.2791,-0.3617,-0.0045,1.6596,-0.5904,-0.4400
66.588,-1.0909,0.2811,-0.3622,-0.0045,1.6582,-0.5949,-0.4400
66.600,-1.0910,0.2830,-0.3628,-0.0046,1.6568,-0.5994,-0.4400
66.612,-1.0910,0.2849,-0.3633,-0.0046,1.6554,-0.6039,-0.4400
66.624,-1.0911,0.2868,-0.3639,-0.0046,1.6540,-0.6085,-0.4400
66.636,-1.0912,0.2887,-0.3644,-0.0046,1.6526,-0.6130,-0.4400
66.648,-1.0913,0.2907,-0.3649,-0.0047,1.6512,-0.6176,-0.4400
66.660,-1.0914,0.2926,-0.3655,-0.0047,1.6497,-0.6222,-0.4400
66.672,-1.0914,0.2945,-0.3660,-0.0047,1.6483,-0.6267,-0.4400
66.684,-1.0915,0.2965,-0.3666,-0.0048,1.6469,-0.6313,-0.4400
66.696,-1.0916,0.2984,-0.3671,-0.0048,1.6455,-0.6359,-0.4400
66.708,-1.0917,0.3003,-0.3677,-0.0048,1.6440,-0.6404,-0.4400
66.720,-1.0918,0.3023,-0.3682,-0.0048,1.6426,-0.6450,-0.4400
66.732,-1.0918,0.3042,-0.3687,-0.0049,1.6412,-0.6496,-0.4400
66.744,-1.0919,0.3062,-0.3693,-0.0049,1.6398,-0.6542,-0.4400
66.756,-1.0920,0.3081,-0.3698,-0.0049,1.6383,-0.6588,-0.4400
66.768,-1.0921,0.3101,-0.3704,-0.0050,1.6369,-0.6634,-0.4400
66.780,-1.0922,0.3120,-0.3709,-0.0050,1.6355,-0.6680,-0.4400
66.792,-1.0922,0.3139,-0.3715,-0.0050,1.6341,-0.6726,-0.4400
66.804,-1.0923,0.3159,-0.3720,-0.0050,1.6326,-0.6772,-0.4400
66.816,-1.0924,0.3178,-0.3726,-0.0051,1.6312,-0.6818,-0.4400
66.828,-1.0925,0.3198,-0.3731,-0.0051,1.6298,-0.6864,-0.4400
66.840,-1.0926,0.3217,-0.3737,-0.0051,1.6283,-0.6910,-0.4400
66.852,-1.0926,0.3237,-0.3742,-0.0052,1.6269,-0.6956,-0.4400
66.864,-1.0927,0.3256,-0.3748,-0.0052,1.6255,-0.7002,-0.4400
66.876,-1.0928,0.3276,-0.3753,-0.0052,1.6240,-0.7048,-0.4400
66.888,-1.0929,0.3295,-0.3759,-0.0052,1.6226,-0.7094,-0.4400
66.900,-1.0930,0.3315,-0.3764,-0.0053,1.6212,-0.7140,-0.4400
66.912,-1.0930,0.3334,-0.3769,-0.0053,1.6197,-0.7186,-0.4400
66.924,-1.0931,0.3354,-0.3775,-0.0053,1.6183,-0.7232,-0.4400
66.936,-1.0932,0.3373,-0.3780,-0.0054,1.6169,-0.7278,-0.4400
66.948,-1.0933,0.3393,-0.3786,-0.0054,1.6154,-0.7324,-0.4400
66.960,-1.0934,0.3412,-0.3791,-0.0054,1.6140,-0.7370,-0.4400
66.972,-1.0934,0.3431,-0.3797,-0.0054,1.6126,-0.7416,-0.4400
66.984,-1.0935,0.3451,-0.3802,-0.0055,1.6111,-0.7462,-0.4400
66.996,-1.0936,0.3470,-0.3808,-0.0055,1.6097,-0.7508,-0.4400
67.008,-1.0937,0.3490,-0.3813,-0.0055,1.6083,-0.7554,-0.4400
67.020,-1.0938,0.3509,-0.3819,-0.0056,1.6069,-0.7600,-0.4400
67.032,-1.0938,0.3529,-0.3824,-0.0056,1.6054,-0.7646,-0.4400
67.044,-1.0939,0.3548,-0.3830,-0.0056,1.6040,-0.7692,-0.4400
67.056,-1.0940,0.3568,-0.3835,-0.0056,1.6026,-0.7738,-0.4400
67.068,-1.0941,0.3587,-0.3841,-0.0057,1.6011,-0.7784,-0.4400
67.080,-1.0942,0.3607,-0.3846,-0.0057,1.5997,-0.7830,-0.4400
67.092,-1.0942,0.3626,-0.3852,-0.0057,1.5983,-0.7876,-0.4400
67.104,-1.0943,0.3646,-0.3857,-0.0058,1.5968,-0.7922,-0.4400
67.116,-1.0944,0.3665,-0.3862,-0.0058,1.5954,-0.7968,-0.4400
67.128,-1.0945,0.3685,-0.3868,-0.0058,1.5940,-0.8014,-0.4400
67.140,-1.0946,0.3704,-0.3873,-0.0058,1.5925,-0.8060,-0.4400
67.152,-1.0946,0.3724,-0.3879,-0.0059,1.5911,-0.8106,-0.4400
67.164,-1.0947,0.3743,-0.3884,-0.0059,1.5897,-0.8152,-0.4400
67.176,-1.0948,0.3763,-0.3890,-0.0059,1.5882,-0.8198,-0.4400
67.188,-1.0949,0.3782,-0.3895,-0.0060,1.5868,-0.8244,-0.4400
67.200,-1.0950,0.3802,-0.3901,-0.0060,1.5854,-0.8290,-0.4400
67.212,-1.0951,0.3821,-0.3906,-0.0060,1.5839,-0.8336,-0.4400
67.224,-1.0951,0.3841,-0.3912,-0.0060,1.5825,-0.8382,-0.4400
67.236,-1.0952,0.3860,-0.3917,-0.0061,1.5811,-0.8429,-0.4400
67.248,-1.0953,0.3880,-0.3923,-0.0061,1.5796,-0.8475,-0.4400
67.260,-1.0954,0.3899,-0.3928,-0.0061,1.5782,-0.8521,-0.4400
67.272,-1.0955,0.3919,-0.3934,-0.0062,1.5768,-0.8567,-0.4400
67.284,-1.0955,0.3938,-0.3939,-0.0062,1.5753,-0.8613,-0.4400
67.296,-1.0956,0.3958,-0.3945,-0.0062,1.5739,-0.8659,-0.4400
67.308,-1.0957,0.3977,-0.3950,-0.0062,1.5725,-0.8705,-0.4400
67.320,-1.0958,0.3997,-0.3956,-0.0063,1.5710,-0.8751,-0.4400
67.332,-1.0959,0.4016,-0.3961,-0.0063,1.5696,-0.8797,-0.4400
67.344,-1.0959,0.4036,-0.3967,-0.0063,1.5682,-0.8843,-0.4400
67.356,-1.0960,0.4055,-0.3972,-0.0064,1.5667,-0.8889,-0.4400
67.368,-1.0961,0.4074,-0.3977,-0.0064,1.5653,-0.8935,-0.4400
67.380,-1.0962,0.4094,-0.3983,-0.0064,1.5639,-0.8981,-0.4400
67.392,-1.0963,0.4113,-0.3988,-0.0064,1.5624,-0.9027,-0.4400
67.404,-1.0963,0.4133,-0.3994,-0.0065,1.5610,-0.9073,-0.4400
67.416,-1.0964,0.4152,-0.3999,-0.0065,1.5596,-0.9119,-0.4400
67.428,-1.0965,0.4172,-0.4005,-0.0065,1.5581,-0.9165,-0.4400
67.440,-1.0966,0.4191,-0.4010,-0.0066,1.5567,-0.9211,-0.4400
67.452,-1.0967,0.4211,-0.4016,-0.0066,1.5553,-0.9257,-0.4400
67.464,-1.0967,0.4230,-0.4021,-0.0066,1.5538,-0.9303,-0.4400
67.476,-1.0968,0.4250,-0.4027,-0.0066,1.5524,-0.9349,-0.4400
67.488,-1.0969,0.4269,-0.4032,-0.0067,1.5510,-0.9395,-0.4400
67.500,-1.0970,0.4289,-0.4038,-0.0067,1.5495,-0.9441,-0.4400
67.512,-1.0971,0.4308,-0.4043,-0.0067,1.5481,-0.9487,-0.4400
67.524,-1.0971,0.4328,-0.4049,-0.0068,1.5467,-0.9534,-0.4400
67.536,-1.0972,0.4347,-0.4054,-0.0068,1.5452,-0.9580,-0.4400
67.548,-1.0973,0.4367,-0.4060,-0.0068,1.5438,-0.9626,-0.4400
67.560,-1.0974,0.4386,-0.4065,-0.0068,1.5424,-0.9672,-0.4400
67.572,-1.0975,0.4406,-0.4071,-0.0069,1.5409,-0.9718,-0.4400
67.584,-1.0975,0.4425,-0.4076,-0.0069,1.5395,-0.9764,-0.4400
67.596,-1.0976,0.4445,-0.4081,-0.0069,1.5381,-0.9810,-0.4400
67.608,-1.0977,0.4464,-0.4087,-0.0070,1.5366,-0.9856,-0.4400
67.620,-1.0978,0.4484,-0.4092,-0.0070,1.5352,-0.9902,-0.4400
67.632,-1.0979,0.4503,-0.4098,-0.0070,1.5338,-0.9948,-0.4400
67.644,-1.0980,0.4523,-0.4103,-0.0070,1.5323,-0.9994,-0.4400
67.656,-1.0980,0.4542,-0.4109,-0.0071,1.5309,-1.0040,-0.4400
67.668,-1.0981,0.4562,-0.4114,-0.0071,1.5295,-1.0086,-0.4400
67.680,-1.0982,0.4581,-0.4120,-0.0071,1.5280,-1.0132,-0.4400
67.692,-1.0983,0.4601,-0.4125,-0.0072,1.5266,-1.0178,-0.4400
67.704,-1.0984,0.4620,-0.4131,-0.0072,1.5252,-1.0224,-0.4400
67.716,-1.0984,0.4640,-0.4136,-0.0072,1.5238,-1.0270,-0.4400
67.728,-1.0985,0.4659,-0.4142,-0.0073,1.5223,-1.0316,-0.4400
67.740,-1.0986,0.4679,-0.4147,-0.0073,1.5209,-1.0362,-0.4400
67.752,-1.0987,0.4698,-0.4153,-0.0073,1.5195,-1.0408,-0.4400
67.764,-1.0988,0.4718,-0.4158,-0.0073,1.5180,-1.0454,-0.4400
67.776,-1.0988,0.4737,-0.4164,-0.0074,1.5166,-1.0500,-0.4400
67.788,-1.0989,0.4757,-0.4169,-0.0074,1.5152,-1.0546,-0.4400
67.800,-1.0990,0.4776,-0.4175,-0.0074,1.5137,-1.0592,-0.4400
67.812,-1.0991,0.4795,-0.4180,-0.0075,1.5123,-1.0639,-0.4400
67.824,-1.0992,0.4813,-0.4185,-0.0075,1.5110,-1.0681,-0.4400
67.836,-1.0992,0.4829,-0.4189,-0.0075,1.5098,-1.0718,-0.4400
67.848,-1.0993,0.4843,-0.4193,-0.0075,1.5088,-1.0751,-0.4400
67.860,-1.0993,0.4855,-0.4197,-0.0075,1.5079,-1.0780,-0.4400
67.872,-1.0994,0.4866,-0.4200,-0.0076,1.5071,-1.0805,-0.4400
67.884,-1.0994,0.4876,-0.4202,-0.0076,1.5064,-1.0828,-0.4400
67.896,-1.0994,0.4876,-0.4202,-0.0076,1.5064,-1.0828,-0.4400
67.908,-1.0994,0.4877,-0.4200,-0.0076,1.5060,-1.0828,-0.4400
67.920,-1.0994,0.4879,-0.4194,-0.0076,1.5052,-1.0828,-0.4400
67.932,-1.0994,0.4883,-0.4187,-0.0076,1.5041,-1.0829,-0.4400
67.944,-1.0995,0.4887,-0.4177,-0.0076,1.5027,-1.0830,-0.4400
67.956,-1.0995,0.4893,-0.4166,-0.0076,1.5011,-1.0830,-0.4400
67.968,-1.0995,0.4899,-0.4153,-0.0076,1.4992,-1.0831,-0.4400
67.980,-1.0995,0.4905,-0.4139,-0.0076,1.4971,-1.0833,-0.4400
67.992,-1.0996,0.4912,-0.4124,-0.0076,1.4949,-1.0834,-0.4400
68.004,-1.0996,0.4920,-0.4108,-0.0076,1.4925,-1.0835,-0.4400
68.016,-1.0996,0.4928,-0.4091,-0.0076,1.4900,-1.0836,-0.4400
68.028,-1.0997,0.4936,-0.4073,-0.0076,1.4874,-1.0838,-0.4400
68.040,-1.0997,0.4945,-0.4054,-0.0076,1.4847,-1.0839,-0.4400
68.052,-1.0998,0.4954,-0.4035,-0.0076,1.4819,-1.0841,-0.4400
68.064,-1.0998,0.4963,-0.4015,-0.0076,1.4790,-1.0842,-0.4400
68.076,-1.0998,0.4973,-0.3995,-0.0076,1.4760,-1.0844,-0.4400
68.088,-1.0999,0.4983,-0.3974,-0.0076,1.4730,-1.0845,-0.4400
68.100,-1.0999,0.4993,-0.3953,-0.0076,1.4699,-1.0847,-0.4400
68.112,-1.1000,0.5003,-0.3932,-0.0076,1.4668,-1.0849,-0.4400
68.124,-1.1000,0.5013,-0.3910,-0.0076,1.4636,-1.0850,-0.4400
68.136,-1.1001,0.5023,-0.3889,-0.0076,1.4604,-1.0852,-0.4400
68.148,-1.1001,0.5033,-0.3867,-0.0076,1.4572,-1.0854,-0.4400
68.160,-1.1002,0.5044,-0.3844,-0.0076,1.4539,-1.0855,-0.4400
68.172,-1.1002,0.5055,-0.3822,-0.0076,1.4506,-1.0857,-0.4400
68.184,-1.1002,0.5065,-0.3799,-0.0076,1.4473,-1.0859,-0.4400
68.196,-1.1003,0.5076,-0.3776,-0.0076,1.4440,-1.0861,-0.4400
68.208,-1.1003,0.5087,-0.3754,-0.0076,1.4406,-1.0863,-0.4400
68.220,-1.1004,0.5097,-0.3731,-0.0076,1.4372,-1.0864,-0.4400
68.232,-1.1004,0.5108,-0.3708,-0.0076,1.4339,-1.0866,-0.4400
68.244,-1.1005,0.5119,-0.3684,-0.0076,1.4305,-1.0868,-0.4400
68.256,-1.1005,0.5130,-0.3661,-0.0076,1.4271,-1.0870,-0.4400
68.268,-1.1006,0.5141,-0.3638,-0.0076,1.4237,-1.0872,-0.4400
68.280,-1.1006,0.5152,-0.3615,-0.0076,1.4202,-1.0873,-0.4400
68.292,-1.1007,0.5163,-0.3591,-0.0076,1.4168,-1.0875,-0.4400
68.304,-1.1007,0.5174,-0.3568,-0.0076,1.4134,-1.0877,-0.4400
68.316,-1.1008,0.5185,-0.3544,-0.0076,1.4100,-1.0879,-0.4400
68.328,-1.1008,0.5196,-0.3521,-0.0076,1.4065,-1.0881,-0.4400
68.340,-1.1009,0.5207,-0.3497,-0.0076,1.4031,-1.0883,-0.4400
68.352,-1.1009,0.5218,-0.3474,-0.0076,1.3996,-1.0884,-0.4400
68.364,-1.1010,0.5229,-0.3450,-0.0076,1.3962,-1.0886,-0.4400
68.376,-1.1010,0.5240,-0.3427,-0.0076,1.3927,-1.0888,-0.4400
68.388,-1.1011,0.5251,-0.3403,-0.0076,1.3893,-1.0890,-0.4400
68.400,-1.1011,0.5262,-0.3380,-0.0076,1.3858,-1.0892,-0.4400
68.412,-1.1012,0.5274,-0.3356,-0.0076,1.3823,-1.0894,-0.4400
68.424,-1.1012,0.5285,-0.3332,-0.0076,1.3789,-1.0895,-0.4400
68.436,-1.1013,0.5296,-0.3309,-0.0076,1.3754,-1.0897,-0.4400
68.448,-1.1013,0.5307,-0.3285,-0.0076,1.3719,-1.0899,-0.4400
68.460,-1.1014,0.5318,-0.3261,-0.0076,1.3685,-1.0901,-0.4400
68.472,-1.1014,0.5329,-0.3238,-0.0076,1.3650,-1.0903,-0.4400
68.484,-1.1015,0.5340,-0.3214,-0.0076,1.3615,-1.0905,-0.4400
68.496,-1.1015,0.5351,-0.3190,-0.0076,1.3581,-1.0906,-0.4400
68.508,-1.1016,0.5363,-0.3167,-0.0076,1.3546,-1.0908,-0.4400
68.520,-1.1016,0.5374,-0.3143,-0.0076,1.3511,-1.0910,-0.4400
68.532,-1.1017,0.5385,-0.3119,-0.0076,1.3477,-1.0912,-0.4400
68.544,-1.1017,0.5396,-0.3096,-0.0076,1.3442,-1.0914,-0.4400
68.556,-1.1018,0.5407,-0.3072,-0.0076,1.3407,-1.0916,-0.4400
68.568,-1.1018,0.5418,-0.3048,-0.0076,1.3372,-1.0917,-0.4400
68.580,-1.1019,0.5429,-0.3025,-0.0076,1.3338,-1.0919,-0.4400
68.592,-1.1019,0.5440,-0.3001,-0.0076,1.3303,-1.0921,-0.4400
68.604,-1.1020,0.5452,-0.2977,-0.0076,1.3268,-1.0923,-0.4400
68.616,-1.1020,0.5463,-0.2953,-0.0076,1.3234,-1.0925,-0.4400
68.628,-1.1021,0.5474,-0.2930,-0.0076,1.3199,-1.0927,-0.4400
68.640,-1.1021,0.5485,-0.2906,-0.0076,1.3164,-1.0929,-0.4400
68.652,-1.1021,0.5496,-0.2882,-0.0076,1.3129,-1.0930,-0.4400
68.664,-1.1022,0.5507,-0.2859,-0.0076,1.3095,-1.0932,-0.4400
68.676,-1.1022,0.5519,-0.2835,-0.0076,1.3060,-1.0934,-0.4400
68.688,-1.1023,0.5530,-0.2811,-0.0076,1.3025,-1.0936,-0.4400
68.700,-1.1023,0.5541,-0.2787,-0.0077,1.2990,-1.0938,-0.4400
68.712,-1.1024,0.5552,-0.2764,-0.0077,1.2956,-1.0940,-0.4400
68.724,-1.1024,0.5563,-0.2740,-0.0077,1.2921,-1.0942,-0.4400
68.736,-1.1025,0.5574,-0.2716,-0.0077,1.2886,-1.0943,-0.4400
68.748,-1.1025,0.5585,-0.2693,-0.0077,1.2851,-1.0945,-0.4400
68.760,-1.1026,0.5597,-0.2669,-0.0077,1.2817,-1.0947,-0.4400
68.772,-1.1026,0.5608,-0.2645,-0.0077,1.2782,-1.0949,-0.4400
68.784,-1.1027,0.5619,-0.2621,-0.0077,1.2747,-1.0951,-0.4400
68.796,-1.1027,0.5630,-0.2598,-0.0077,1.2712,-1.0953,-0.4400
68.808,-1.1028,0.5641,-0.2574,-0.0077,1.2678,-1.0954,-0.4400
68.820,-1.1028,0.5652,-0.2550,-0.0077,1.2643,-1.0956,-0.4400
68.832,-1.1029,0.5663,-0.2527,-0.0077,1.2608,-1.0958,-0.4400
68.844,-1.1029,0.5675,-0.2503,-0.0077,1.2573,-1.0960,-0.4400
68.856,-1.1030,0.5686,-0.2479,-0.0077,1.2539,-1.0962,-0.4400
68.868,-1.1030,0.5697,-0.2455,-0.0077,1.2504,-1.0964,-0.4400
68.880,-1.1031,0.5708,-0.2432,-0.0077,1.2469,-1.0966,-0.4400
68.892,-1.1031,0.5719,-0.2408,-0.0077,1.2434,-1.0967,-0.4400
68.904,-1.1032,0.5730,-0.2384,-0.0077,1.2400,-1.0969,-0.4400
68.916,-1.1032,0.5742,-0.2361,-0.0077,1.2365,-1.0971,-0.4400
68.928,-1.1033,0.5753,-0.2337,-0.0077,1.2330,-1.0973,-0.4400
68.940,-1.1033,0.5764,-0.2313,-0.0077,1.2295,-1.0975,-0.4400
68.952,-1.1034,0.5775,-0.2289,-0.0077,1.2260,-1.0977,-0.4400
68.964,-1.1034,0.5786,-0.2266,-0.0077,1.2226,-1.0978,-0.4400
68.976,-1.1035,0.5797,-0.2242,-0.0077,1.2191,-1.0980,-0.4400
68.988,-1.1035,0.5808,-0.2218,-0.0077,1.2156,-1.0982,-0.4400
69.000,-1.1036,0.5820,-0.2195,-0.0077,1.2121,-1.0984,-0.4400
69.012,-1.1036,0.5831,-0.2171,-0.0077,1.2087,-1.0986,-0.4400
69.024,-1.1037,0.5842,-0.2147,-0.0077,1.2052,-1.0988,-0.4400
69.036,-1.1037,0.5853,-0.2123,-0.0077,1.2017,-1.0990,-0.4400
69.048,-1.1038,0.5864,-0.2100,-0.0077,1.1982,-1.0991,-0.4400
69.060,-1.1038,0.5875,-0.2076,-0.0077,1.1948,-1.0993,-0.4400
69.072,-1.1039,0.5886,-0.2052,-0.0077,1.1913,-1.0995,-0.4400
69.084,-1.1039,0.5898,-0.2029,-0.0077,1.1878,-1.0997,-0.4400
69.096,-1.1040,0.5909,-0.2005,-0.0077,1.1843,-1.0999,-0.4400
69.108,-1.1040,0.5919,-0.1984,-0.0077,1.1813,-1.1000,-0.4400
69.120,-1.1041,0.5927,-0.1966,-0.0077,1.1786,-1.1002,-0.4400
69.132,-1.1041,0.5935,-0.1949,-0.0077,1.1762,-1.1003,-0.4400
69.144,-1.1041,0.5941,-0.1935,-0.0077,1.1741,-1.1004,-0.4400
69.156,-1.1041,0.5947,-0.1923,-0.0077,1.1723,-1.1005,-0.4400
69.168,-1.1042,0.5953,-0.1912,-0.0077,1.1707,-1.1006,-0.4395
69.180,-1.1042,0.5957,-0.1902,-0.0077,1.1693,-1.1007,-0.4385
69.192,-1.1042,0.5961,-0.1893,-0.0077,1.1680,-1.1007,-0.4371
69.204,-1.1042,0.5965,-0.1886,-0.0077,1.1669,-1.1008,-0.4353
69.216,-1.1042,0.5968,-0.1879,-0.0077,1.1660,-1.1009,-0.4332
69.228,-1.1042,0.5970,-0.1874,-0.0077,1.1651,-1.1009,-0.4309
69.240,-1.1043,0.5973,-0.1868,-0.0077,1.1644,-1.1009,-0.4283
69.252,-1.1043,0.5975,-0.1864,-0.0077,1.1637,-1.1010,-0.4255
69.264,-1.1043,0.5977,-0.1860,-0.0077,1.1631,-1.1010,-0.4225
69.276,-1.1043,0.5979,-0.1857,-0.0077,1.1626,-1.1010,-0.4193
69.288,-1.1043,0.5980,-0.1853,-0.0077,1.1622,-1.1011,-0.4160
69.300,-1.1043,0.5981,-0.1851,-0.0077,1.1618,-1.1011,-0.4125
69.312,-1.1043,0.5982,-0.1848,-0.0077,1.1614,-1.1011,-0.4089
69.324,-1.1043,0.5983,-0.1846,-0.0077,1.1611,-1.1011,-0.4053
69.336,-1.1043,0.5984,-0.1844,-0.0077,1.1608,-1.1011,-0.4015
69.348,-1.1043,0.5985,-0.1843,-0.0077,1.1606,-1.1011,-0.3977
69.360,-1.1043,0.5986,-0.1841,-0.0077,1.1604,-1.1011,-0.3938
69.372,-1.1043,0.5986,-0.1840,-0.0077,1.1602,-1.1012,-0.3898
69.384,-1.1043,0.5987,-0.1839,-0.0077,1.1600,-1.1012,-0.3858
69.396,-1.1043,0.5987,-0.1838,-0.0077,1.1599,-1.1012,-0.3818
69.408,-1.1043,0.5988,-0.1837,-0.0077,1.1598,-1.1012,-0.3777
69.420,-1.1043,0.5988,-0.1836,-0.0077,1.1597,-1.1012,-0.3735
69.432,-1.1043,0.5988,-0.1836,-0.0077,1.1596,-1.1012,-0.3694
69.444,-1.1043,0.5989,-0.1835,-0.0077,1.1595,-1.1012,-0.3652
69.456,-1.1043,0.5989,-0.1835,-0.0077,1.1594,-1.1012,-0.3609
69.468,-1.1043,0.5989,-0.1834,-0.0077,1.1593,-1.1012,-0.3567
69.480,-1.1043,0.5989,-0.1834,-0.0077,1.1593,-1.1012,-0.3524
69.492,-1.1043,0.5989,-0.1834,-0.0077,1.1592,-1.1012,-0.3482
69.504,-1.1043,0.5989,-0.1833,-0.0077,1.1592,-1.1012,-0.3439
69.516,-1.1043,0.5990,-0.1833,-0.0077,1.1591,-1.1012,-0.3396
69.528,-1.1043,0.5990,-0.1833,-0.0077,1.1591,-1.1012,-0.3353
69.540,-1.1043,0.5990,-0.1832,-0.0077,1.1591,-1.1012,-0.3309
69.552,-1.1043,0.5990,-0.1832,-0.0077,1.1591,-1.1012,-0.3266
69.564,-1.1043,0.5990,-0.1832,-0.0077,1.1590,-1.1012,-0.3222
69.576,-1.1043,0.5990,-0.1832,-0.0077,1.1590,-1.1012,-0.3179
69.588,-1.1043,0.5990,-0.1832,-0.0077,1.1590,-1.1012,-0.3135
69.600,-1.1043,0.5990,-0.1832,-0.0077,1.1590,-1.1012,-0.3092
69.612,-1.1043,0.5990,-0.1832,-0.0077,1.1590,-1.1012,-0.3048
69.624,-1.1043,0.5990,-0.1832,-0.0077,1.1589,-1.1012,-0.3004
69.636,-1.1043,0.5990,-0.1832,-0.0077,1.1589,-1.1012,-0.2961
69.648,-1.1043,0.5990,-0.1831,-0.0077,1.1589,-1.1012,-0.2917
69.660,-1.1043,0.5990,-0.1831,-0.0077,1.1589,-1.1012,-0.2873
69.672,-1.1043,0.5990,-0.1831,-0.0077,1.1589,-1.1012,-0.2829
69.684,-1.1043,0.5990,-0.1831,-0.0077,1.1589,-1.1012,-0.2786
69.696,-1.1043,0.5990,-0.1831,-0.0077,1.1589,-1.1012,-0.2742
69.708,-1.1043,0.5990,-0.1831,-0.0077,1.1589,-1.1012,-0.2698
69.720,-1.1043,0.5990,-0.1831,-0.0077,1.1589,-1.1012,-0.2654
69.732,-1.1043,0.5990,-0.1831,-0.0077,1.1589,-1.1012,-0.2610
69.744,-1.1043,0.5990,-0.1831,-0.0077,1.1589,-1.1012,-0.2566
69.756,-1.1043,0.5990,-0.1831,-0.0077,1.1589,-1.1012,-0.2522
69.768,-1.1043,0.5990,-0.1831,-0.0077,1.1589,-1.1012,-0.2478
69.780,-1.1043,0.5990,-0.1831,-0.0077,1.1589,-1.1012,-0.2434
69.792,-1.1043,0.5990,-0.1831,-0.0077,1.1589,-1.1012,-0.2390
69.804,-1.1043,0.5990,-0.1831,-0.0077,1.1589,-1.1012,-0.2346
69.816,-1.1043,0.5990,-0.1831,-0.0077,1.1589,-1.1012,-0.2302
69.828,-1.1043,0.5990,-0.1831,-0.0077,1.1589,-1.1012,-0.2258
69.840,-1.1043,0.5991,-0.1831,-0.0077,1.1589,-1.1012,-0.2214
69.852,-1.1043,0.5991,-0.1831,-0.0077,1.1589,-1.1012,-0.2170
69.864,-1.1043,0.5991,-0.1831,-0.0077,1.1589,-1.1012,-0.2126
69.876,-1.1043,0.5991,-0.1831,-0.0077,1.1589,-1.1012,-0.2083
69.888,-1.1043,0.5991,-0.1831,-0.0077,1.1589,-1.1012,-0.2039
69.900,-1.1043,0.5991,-0.1831,-0.0077,1.1589,-1.1012,-0.1995
69.912,-1.1043,0.5991,-0.1831,-0.0077,1.1589,-1.1012,-0.1951
69.924,-1.1043,0.5991,-0.1831,-0.0077,1.1589,-1.1012,-0.1907
69.936,-1.1043,0.5991,-0.1831,-0.0077,1.1589,-1.1012,-0.1863
69.948,-1.1043,0.5991,-0.1831,-0.0077,1.1589,-1.1012,-0.1819
69.960,-1.1043,0.5991,-0.1831,-0.0077,1.1589,-1.1012,-0.1775
69.972,-1.1043,0.5991,-0.1831,-0.0077,1.1589,-1.1012,-0.1731
69.984,-1.1043,0.5991,-0.1831,-0.0077,1.1589,-1.1012,-0.1687
69.996,-1.1043,0.5991,-0.1831,-0.0077,1.1589,-1.1012,-0.1643
70.008,-1.1043,0.5991,-0.1831,-0.0077,1.1589,-1.1012,-0.1599
70.020,-1.1043,0.5991,-0.1831,-0.0077,1.1589,-1.1012,-0.1555
70.032,-1.1043,0.5991,-0.1831,-0.0077,1.1589,-1.1012,-0.1511
70.044,-1.1043,0.5991,-0.1831,-0.0077,1.1589,-1.1012,-0.1467
70.056,-1.1043,0.5991,-0.1831,-0.0077,1.1589,-1.1012,-0.1423
70.068,-1.1043,0.5991,-0.1831,-0.0077,1.1589,-1.1012,-0.1379
70.080,-1.1043,0.5991,-0.1831,-0.0077,1.1589,-1.1012,-0.1335
70.092,-1.1043,0.5991,-0.1831,-0.0077,1.1589,-1.1012,-0.1291
70.104,-1.1043,0.5991,-0.1831,-0.0077,1.1589,-1.1012,-0.1247
70.116,-1.1043,0.5991,-0.1831,-0.0077,1.1589,-1.1012,-0.1203
70.128,-1.1043,0.5991,-0.1831,-0.0077,1.1589,-1.1012,-0.1159
70.140,-1.1043,0.5991,-0.1831,-0.0077,1.1589,-1.1012,-0.1115
70.152,-1.1043,0.5991,-0.1831,-0.0077,1.1589,-1.1012,-0.1071
70.164,-1.1043,0.5991,-0.1831,-0.0077,1.1589,-1.1012,-0.1027
70.176,-1.1043,0.5991,-0.1831,-0.0077,1.1589,-1.1012,-0.0983
70.188,-1.1043,0.5991,-0.1831,-0.0077,1.1589,-1.1012,-0.0939
70.200,-1.1043,0.5991,-0.1831,-0.0077,1.1589,-1.1012,-0.0895
70.212,-1.1043,0.5991,-0.1831,-0.0077,1.1589,-1.1012,-0.0851
70.224,-1.1043,0.5991,-0.1831,-0.0077,1.1589,-1.1012,-0.0807
70.236,-1.1043,0.5991,-0.1831,-0.0077,1.1589,-1.1012,-0.0763
70.248,-1.1043,0.5991,-0.1831,-0.0077,1.1589,-1.1012,-0.0719
70.260,-1.1043,0.5991,-0.1831,-0.0077,1.1589,-1.1012,-0.0675
70.272,-1.1043,0.5991,-0.1831,-0.0077,1.1589,-1.1012,-0.0631
70.284,-1.1043,0.5991,-0.1831,-0.0077,1.1589,-1.1012,-0.0587
70.296,-1.1043,0.5991,-0.1831,-0.0077,1.1589,-1.1012,-0.0543
70.308,-1.1043,0.5991,-0.1831,-0.0077,1.1589,-1.1012,-0.0499
70.320,-1.1043,0.5991,-0.1831,-0.0077,1.1589,-1.1012,-0.0455
70.332,-1.1043,0.5991,-0.1831,-0.0077,1.1589,-1.1012,-0.0411
70.344,-1.1043,0.5991,-0.1831,-0.0077,1.1589,-1.1012,-0.0367
70.356,-1.1043,0.5991,-0.1831,-0.0077,1.1589,-1.1012,-0.0323
70.368,-1.1043,0.5991,-0.1831,-0.0077,1.1589,-1.1012,-0.0284
70.380,-1.1043,0.5991,-0.1831,-0.0077,1.1589,-1.1012,-0.0250
70.392,-1.1043,0.5989,-0.1834,-0.0077,1.1593,-1.1012,-0.0220
70.404,-1.1043,0.5987,-0.1839,-0.0077,1.1600,-1.1012,-0.0194
70.416,-1.1043,0.5984,-0.1847,-0.0077,1.1611,-1.1012,-0.0170
70.428,-1.1043,0.5979,-0.1856,-0.0077,1.1625,-1.1012,-0.0150
70.440,-1.1043,0.5974,-0.1868,-0.0077,1.1641,-1.1012,-0.0132
70.452,-1.1042,0.5969,-0.1880,-0.0077,1.1660,-1.1012,-0.0116
70.464,-1.1042,0.5963,-0.1895,-0.0077,1.1680,-1.1012,-0.0102
70.476,-1.1042,0.5956,-0.1910,-0.0077,1.1702,-1.1012,-0.0090
70.488,-1.1041,0.5949,-0.1926,-0.0077,1.1725,-1.1011,-0.0079
70.500,-1.1041,0.5941,-0.1944,-0.0077,1.1750,-1.1011,-0.0070
70.512,-1.1041,0.5933,-0.1962,-0.0077,1.1776,-1.1011,-0.0061
70.524,-1.1040,0.5925,-0.1980,-0.0077,1.1803,-1.1011,-0.0054
70.536,-1.1040,0.5917,-0.2000,-0.0077,1.1830,-1.1011,-0.0047
70.548,-1.1040,0.5908,-0.2020,-0.0077,1.1859,-1.1011,-0.0042
70.560,-1.1039,0.5899,-0.2040,-0.0077,1.1888,-1.1010,-0.0037
70.572,-1.1039,0.5890,-0.2061,-0.0077,1.1918,-1.1010,-0.0032
70.584,-1.1038,0.5881,-0.2082,-0.0077,1.1948,-1.1010,-0.0028
70.596,-1.1038,0.5871,-0.2104,-0.0077,1.1979,-1.1010,-0.0025
70.608,-1.1038,0.5862,-0.2125,-0.0077,1.2010,-1.1010,-0.0022
70.620,-1.1037,0.5852,-0.2147,-0.0077,1.2042,-1.1010,-0.0019
70.632,-1.1037,0.5842,-0.2170,-0.0077,1.2074,-1.1009,-0.0017
70.644,-1.1036,0.5833,-0.2192,-0.0077,1.2106,-1.1009,-0.0015
70.656,-1.1036,0.5823,-0.2215,-0.0077,1.2138,-1.1009,-0.0013
70.668,-1.1035,0.5813,-0.2238,-0.0077,1.2171,-1.1009,-0.0012
70.680,-1.1035,0.5803,-0.2261,-0.0077,1.2204,-1.1009,-0.0010
70.692,-1.1035,0.5793,-0.2284,-0.0077,1.2237,-1.1008,-0.0009
70.704,-1.1034,0.5782,-0.2307,-0.0077,1.2270,-1.1008,-0.0008
70.716,-1.1034,0.5772,-0.2330,-0.0077,1.2303,-1.1008,-0.0007
70.728,-1.1033,0.5762,-0.2353,-0.0077,1.2337,-1.1008,-0.0006
70.740,-1.1033,0.5752,-0.2377,-0.0077,1.2370,-1.1008,-0.0005
70.752,-1.1032,0.5742,-0.2400,-0.0077,1.2404,-1.1007,-0.0005
70.764,-1.1032,0.5731,-0.2424,-0.0077,1.2437,-1.1007,-0.0004
70.776,-1.1031,0.5721,-0.2447,-0.0077,1.2471,-1.1007,-0.0004
70.788,-1.1031,0.5711,-0.2471,-0.0077,1.2505,-1.1007,-0.0003
70.800,-1.1030,0.5700,-0.2494,-0.0077,1.2539,-1.1007,-0.0003
70.812,-1.1030,0.5690,-0.2518,-0.0077,1.2573,-1.1006,-0.0003
70.824,-1.1030,0.5680,-0.2542,-0.0077,1.2607,-1.1006,-0.0002
70.836,-1.1029,0.5669,-0.2566,-0.0077,1.2641,-1.1006,-0.0002
70.848,-1.1029,0.5659,-0.2589,-0.0077,1.2675,-1.1006,-0.0002
70.860,-1.1028,0.5648,-0.2613,-0.0077,1.2709,-1.1006,-0.0002
70.872,-1.1028,0.5638,-0.2637,-0.0077,1.2743,-1.1005,-0.0001
70.884,-1.1027,0.5628,-0.2661,-0.0077,1.2777,-1.1005,-0.0001
70.896,-1.1027,0.5617,-0.2684,-0.0077,1.2811,-1.1005,-0.0001
70.908,-1.1026,0.5607,-0.2708,-0.0077,1.2845,-1.1005,-0.0001
70.920,-1.1026,0.5596,-0.2732,-0.0077,1.2879,-1.1004,-0.0001
70.932,-1.1025,0.5586,-0.2756,-0.0077,1.2913,-1.1004,-0.0001
70.944,-1.1025,0.5576,-0.2780,-0.0077,1.2948,-1.1004,-0.0001
70.956,-1.1024,0.5565,-0.2804,-0.0077,1.2982,-1.1004,-0.0001
70.968,-1.1024,0.5555,-0.2828,-0.0077,1.3016,-1.1004,-0.0000
70.980,-1.1024,0.5544,-0.2851,-0.0077,1.3050,-1.1003,-0.0000
70.992,-1.1023,0.5534,-0.2875,-0.0077,1.3084,-1.1003,-0.0000
71.004,-1.1023,0.5523,-0.2899,-0.0077,1.3118,-1.1003,-0.0000
71.016,-1.1022,0.5513,-0.2923,-0.0077,1.3153,-1.1003,-0.0000
71.028,-1.1022,0.5502,-0.2947,-0.0077,1.3187,-1.1003,-0.0000
71.040,-1.1021,0.5492,-0.2971,-0.0077,1.3221,-1.1002,-0.0000
71.052,-1.1021,0.5482,-0.2995,-0.0077,1.3255,-1.1002,-0.0000
71.064,-1.1020,0.5471,-0.3019,-0.0077,1.3290,-1.1002,-0.0000
71.076,-1.1020,0.5461,-0.3043,-0.0077,1.3324,-1.1002,-0.0000
71.088,-1.1019,0.5450,-0.3066,-0.0077,1.3358,-1.1002,-0.0000
71.100,-1.1019,0.5440,-0.3090,-0.0077,1.3392,-1.1001,-0.0000
71.112,-1.1018,0.5429,-0.3114,-0.0077,1.3426,-1.1001,-0.0000
71.124,-1.1018,0.5419,-0.3138,-0.0077,1.3461,-1.1001,-0.0000
71.136,-1.1018,0.5408,-0.3162,-0.0077,1.3495,-1.1001,-0.0000
71.148,-1.1017,0.5398,-0.3186,-0.0077,1.3529,-1.1001,-0.0000
71.160,-1.1017,0.5388,-0.3210,-0.0077,1.3563,-1.1000,-0.0000
71.172,-1.1016,0.5377,-0.3234,-0.0077,1.3598,-1.1000,-0.0000
71.184,-1.1016,0.5367,-0.3258,-0.0077,1.3632,-1.1000,-0.0000
71.196,-1.1015,0.5356,-0.3282,-0.0077,1.3666,-1.1000,-0.0000
71.208,-1.1015,0.5346,-0.3305,-0.0077,1.3700,-1.0999,-0.0000
71.220,-1.1014,0.5335,-0.3329,-0.0077,1.3735,-1.0999,-0.0000
71.232,-1.1014,0.5325,-0.3353,-0.0077,1.3769,-1.0999,-0.0000
71.244,-1.1013,0.5314,-0.3377,-0.0077,1.3803,-1.0999,-0.0000
71.256,-1.1013,0.5304,-0.3401,-0.0077,1.3837,-1.0999,-0.0000
71.268,-1.1012,0.5293,-0.3425,-0.0077,1.3872,-1.0998,-0.0000
71.280,-1.1012,0.5283,-0.3449,-0.0077,1.3906,-1.0998,-0.0000
71.292,-1.1011,0.5273,-0.3473,-0.0077,1.3940,-1.0998,-0.0000
71.304,-1.1011,0.5262,-0.3497,-0.0077,1.3974,-1.0998,-0.0000
71.316,-1.1011,0.5252,-0.3521,-0.0077,1.4009,-1.0998,-0.0000
71.328,-1.1010,0.5241,-0.3545,-0.0077,1.4043,-1.0997,-0.0000
71.340,-1.1010,0.5231,-0.3568,-0.0077,1.4077,-1.0997,-0.0000
71.352,-1.1009,0.5220,-0.3592,-0.0077,1.4111,-1.0997,-0.0000
71.364,-1.1009,0.5210,-0.3616,-0.0077,1.4146,-1.0997,-0.0000
71.376,-1.1008,0.5199,-0.3640,-0.0077,1.4180,-1.0997,-0.0000
71.388,-1.1008,0.5189,-0.3664,-0.0077,1.4214,-1.0996,-0.0000
71.400,-1.1007,0.5178,-0.3688,-0.0077,1.4248,-1.0996,-0.0000
71.412,-1.1007,0.5168,-0.3712,-0.0077,1.4282,-1.0996,-0.0000
71.424,-1.1006,0.5157,-0.3736,-0.0077,1.4317,-1.0996,-0.0000
71.436,-1.1006,0.5147,-0.3760,-0.0077,1.4351,-1.0996,-0.0000
71.448,-1.1005,0.5137,-0.3784,-0.0077,1.4385,-1.0995,-0.0000
71.460,-1.1005,0.5126,-0.3808,-0.0077,1.4419,-1.0995,-0.0000
71.472,-1.1005,0.5116,-0.3831,-0.0077,1.4454,-1.0995,-0.0000
71.484,-1.1004,0.5105,-0.3855,-0.0077,1.4488,-1.0995,-0.0000
71.496,-1.1004,0.5095,-0.3879,-0.0077,1.4522,-1.0994,-0.0000
71.508,-1.1003,0.5084,-0.3903,-0.0077,1.4556,-1.0994,-0.0000
71.520,-1.1003,0.5074,-0.3927,-0.0077,1.4591,-1.0994,-0.0000
71.532,-1.1002,0.5063,-0.3951,-0.0077,1.4625,-1.0994,-0.0000
71.544,-1.1002,0.5053,-0.3975,-0.0077,1.4659,-1.0994,-0.0000
71.556,-1.1001,0.5042,-0.3999,-0.0077,1.4693,-1.0993,-0.0000
71.568,-1.1001,0.5032,-0.4023,-0.0077,1.4728,-1.0993,-0.0000
71.580,-1.1000,0.5022,-0.4047,-0.0077,1.4762,-1.0993,-0.0000
71.592,-1.1000,0.5012,-0.4068,-0.0077,1.4792,-1.0993,-0.0000
71.604,-1.1000,0.5004,-0.4086,-0.0077,1.4819,-1.0993,-0.0000
71.616,-1.0999,0.4997,-0.4102,-0.0077,1.4842,-1.0993,-0.0000
71.628,-1.0999,0.4991,-0.4117,-0.0077,1.4862,-1.0992,-0.0000
71.640,-1.0999,0.4985,-0.4129,-0.0077,1.4881,-1.0992,-0.0000
71.652,-1.0999,0.4985,-0.4129,-0.0077,1.4881,-1.0992,-0.0000
71.664,-1.0991,0.4985,-0.4130,-0.0077,1.4881,-1.0992,-0.0000
71.676,-1.0976,0.4985,-0.4130,-0.0077,1.4881,-1.0992,-0.0000
71.688,-1.0955,0.4985,-0.4130,-0.0077,1.4881,-1.0992,-0.0000
71.700,-1.0929,0.4985,-0.4130,-0.0077,1.4881,-1.0992,-0.0000
71.712,-1.0897,0.4985,-0.4130,-0.0077,1.4882,-1.0992,-0.0000
71.724,-1.0862,0.4985,-0.4131,-0.0077,1.4882,-1.0992,-0.0000
71.736,-1.0823,0.4985,-0.4131,-0.0077,1.4883,-1.0992,-0.0000
71.748,-1.0781,0.4985,-0.4131,-0.0077,1.4883,-1.0992,-0.0000
71.760,-1.0736,0.4984,-0.4132,-0.0077,1.4884,-1.0992,-0.0000
71.772,-1.0688,0.4984,-0.4132,-0.0077,1.4884,-1.0992,-0.0000
71.784,-1.0638,0.4984,-0.4132,-0.0077,1.4885,-1.0992,-0.0000
71.796,-1.0586,0.4984,-0.4133,-0.0077,1.4885,-1.0992,-0.0000
71.808,-1.0533,0.4984,-0.4133,-0.0077,1.4886,-1.0992,-0.0000
71.820,-1.0478,0.4983,-0.4134,-0.0077,1.4887,-1.0992,-0.0000
71.832,-1.0422,0.4983,-0.4134,-0.0077,1.4887,-1.0992,-0.0000
71.844,-1.0364,0.4983,-0.4135,-0.0077,1.4888,-1.0992,-0.0000
71.856,-1.0306,0.4983,-0.4135,-0.0077,1.4889,-1.0992,-0.0000
71.868,-1.0246,0.4983,-0.4136,-0.0077,1.4890,-1.0992,-0.0000
71.880,-1.0186,0.4982,-0.4136,-0.0077,1.4890,-1.0992,-0.0000
71.892,-1.0125,0.4982,-0.4137,-0.0077,1.4891,-1.0992,-0.0000
71.904,-1.0064,0.4982,-0.4137,-0.0077,1.4892,-1.0992,-0.0000
71.916,-1.0002,0.4982,-0.4138,-0.0077,1.4893,-1.0992,-0.0000
71.928,-0.9939,0.4981,-0.4138,-0.0077,1.4893,-1.0992,-0.0000
71.940,-0.9876,0.4981,-0.4139,-0.0077,1.4894,-1.0992,-0.0000
71.952,-0.9813,0.4981,-0.4139,-0.0077,1.4895,-1.0992,-0.0000
71.964,-0.9749,0.4981,-0.4140,-0.0077,1.4896,-1.0992,-0.0000
71.976,-0.9686,0.4981,-0.4140,-0.0077,1.4896,-1.0992,-0.0000
71.988,-0.9621,0.4980,-0.4141,-0.0077,1.4897,-1.0992,-0.0000
72.000,-0.9557,0.4980,-0.4142,-0.0077,1.4898,-1.0992,-0.0000
72.012,-0.9492,0.4980,-0.4142,-0.0077,1.4899,-1.0992,-0.0000
72.024,-0.9428,0.4980,-0.4143,-0.0077,1.4899,-1.0992,-0.0000
72.036,-0.9363,0.4979,-0.4143,-0.0077,1.4900,-1.0992,-0.0000
72.048,-0.9298,0.4979,-0.4144,-0.0077,1.4901,-1.0992,-0.0000
72.060,-0.9233,0.4979,-0.4144,-0.0077,1.4902,-1.0992,-0.0000
72.072,-0.9167,0.4979,-0.4145,-0.0077,1.4903,-1.0992,-0.0000
72.084,-0.9102,0.4978,-0.4145,-0.0077,1.4903,-1.0992,-0.0000
72.096,-0.9037,0.4978,-0.4146,-0.0077,1.4904,-1.0992,-0.0000
72.108,-0.8971,0.4978,-0.4147,-0.0077,1.4905,-1.0992,-0.0000
72.120,-0.8906,0.4978,-0.4147,-0.0077,1.4906,-1.0992,-0.0000
72.132,-0.8840,0.4977,-0.4148,-0.0077,1.4907,-1.0992,-0.0000
72.144,-0.8774,0.4977,-0.4148,-0.0077,1.4907,-1.0992,-0.0000
72.156,-0.8709,0.4977,-0.4149,-0.0077,1.4908,-1.0992,-0.0000
72.168,-0.8643,0.4977,-0.4149,-0.0077,1.4909,-1.0992,-0.0000
72.180,-0.8577,0.4976,-0.4150,-0.0077,1.4910,-1.0992,-0.0000
72.192,-0.8512,0.4976,-0.4150,-0.0077,1.4910,-1.0992,-0.0000
72.204,-0.8446,0.4976,-0.4151,-0.0077,1.4911,-1.0992,-0.0000
72.216,-0.8380,0.4976,-0.4151,-0.0077,1.4912,-1.0992,-0.0000
72.228,-0.8314,0.4975,-0.4152,-0.0077,1.4913,-1.0992,-0.0000
72.240,-0.8248,0.4975,-0.4153,-0.0077,1.4914,-1.0992,-0.0000
72.252,-0.8182,0.4975,-0.4153,-0.0077,1.4914,-1.0992,-0.0000
72.264,-0.8116,0.4975,-0.4154,-0.0077,1.4915,-1.0992,-0.0000
72.276,-0.8050,0.4975,-0.4154,-0.0077,1.4916,-1.0992,-0.0000
72.288,-0.7985,0.4974,-0.4155,-0.0077,1.4917,-1.0992,-0.0000
72.300,-0.7919,0.4974,-0.4155,-0.0077,1.4918,-1.0992,-0.0000
72.312,-0.7853,0.4974,-0.4156,-0.0077,1.4918,-1.0992,-0.0000
72.324,-0.7787,0.4974,-0.4156,-0.0077,1.4919,-1.0992,-0.0000
72.336,-0.7721,0.4973,-0.4157,-0.0077,1.4920,-1.0992,-0.0000
72.348,-0.7655,0.4973,-0.4158,-0.0077,1.4921,-1.0992,-0.0000
72.360,-0.7589,0.4973,-0.4158,-0.0077,1.4922,-1.0992,-0.0000
72.372,-0.7523,0.4973,-0.4159,-0.0077,1.4922,-1.0992,-0.0000
72.384,-0.7457,0.4972,-0.4159,-0.0077,1.4923,-1.0992,-0.0000
72.396,-0.7391,0.4972,-0.4160,-0.0077,1.4924,-1.0992,-0.0000
72.408,-0.7325,0.4972,-0.4160,-0.0077,1.4925,-1.0992,-0.0000
72.420,-0.7259,0.4972,-0.4161,-0.0077,1.4926,-1.0992,-0.0000
72.432,-0.7193,0.4971,-0.4161,-0.0077,1.4926,-1.0992,-0.0000
72.444,-0.7127,0.4971,-0.4162,-0.0077,1.4927,-1.0992,-0.0000
72.456,-0.7061,0.4971,-0.4163,-0.0077,1.4928,-1.0992,-0.0000
72.468,-0.6995,0.4971,-0.4163,-0.0077,1.4929,-1.0992,-0.0000
72.480,-0.6929,0.4970,-0.4164,-0.0077,1.4930,-1.0992,-0.0000
72.492,-0.6863,0.4970,-0.4164,-0.0077,1.4930,-1.0992,-0.0000
72.504,-0.6797,0.4970,-0.4165,-0.0077,1.4931,-1.0992,-0.0000
72.516,-0.6731,0.4970,-0.4165,-0.0077,1.4932,-1.0992,-0.0000
72.528,-0.6665,0.4969,-0.4166,-0.0077,1.4933,-1.0992,-0.0000
72.540,-0.6599,0.4969,-0.4166,-0.0077,1.4934,-1.0992,-0.0000
72.552,-0.6533,0.4969,-0.4167,-0.0077,1.4934,-1.0992,-0.0000
72.564,-0.6467,0.4969,-0.4168,-0.0077,1.4935,-1.0992,-0.0000
72.576,-0.6401,0.4968,-0.4168,-0.0077,1.4936,-1.0992,-0.0000
72.588,-0.6335,0.4968,-0.4169,-0.0077,1.4937,-1.0992,-0.0000
72.600,-0.6269,0.4968,-0.4169,-0.0077,1.4937,-1.0992,-0.0000
72.612,-0.6203,0.4968,-0.4170,-0.0077,1.4938,-1.0992,-0.0000
72.624,-0.6137,0.4967,-0.4170,-0.0077,1.4939,-1.0992,-0.0000
72.636,-0.6071,0.4967,-0.4171,-0.0077,1.4940,-1.0992,-0.0000
72.648,-0.6005,0.4967,-0.4171,-0.0077,1.4941,-1.0992,-0.0000
72.660,-0.5939,0.4967,-0.4172,-0.0077,1.4941,-1.0992,-0.0000
72.672,-0.5873,0.4966,-0.4173,-0.0077,1.4942,-1.0992,-0.0000
72.684,-0.5807,0.4966,-0.4173,-0.0077,1.4943,-1.0992,-0.0000
72.696,-0.5741,0.4966,-0.4174,-0.0077,1.4944,-1.0992,-0.0000
72.708,-0.5675,0.4966,-0.4174,-0.0077,1.4945,-1.0992,-0.0000
72.720,-0.5609,0.4966,-0.4175,-0.0077,1.4945,-1.0992,-0.0000
72.732,-0.5543,0.4965,-0.4175,-0.0077,1.4946,-1.0992,-0.0000
72.744,-0.5477,0.4965,-0.4176,-0.0077,1.4947,-1.0992,-0.0000
72.756,-0.5411,0.4965,-0.4176,-0.0077,1.4948,-1.0992,-0.0000
72.768,-0.5345,0.4965,-0.4177,-0.0077,1.4949,-1.0992,-0.0000
72.780,-0.5279,0.4964,-0.4178,-0.0077,1.4949,-1.0992,-0.0000
72.792,-0.5213,0.4964,-0.4178,-0.0077,1.4950,-1.0992,-0.0000
72.804,-0.5147,0.4964,-0.4179,-0.0077,1.4951,-1.0992,-0.0000
72.816,-0.5081,0.4964,-0.4179,-0.0077,1.4952,-1.0992,-0.0000
72.828,-0.5015,0.4963,-0.4180,-0.0077,1.4953,-1.0992,-0.0000
72.840,-0.4949,0.4963,-0.4180,-0.0077,1.4953,-1.0992,-0.0000
72.852,-0.4883,0.4963,-0.4181,-0.0077,1.4954,-1.0992,-0.0000
72.864,-0.4817,0.4963,-0.4181,-0.0077,1.4955,-1.0992,-0.0000
72.876,-0.4751,0.4962,-0.4182,-0.0077,1.4956,-1.0992,-0.0000
72.888,-0.4685,0.4962,-0.4183,-0.0077,1.4957,-1.0992,-0.0000
72.900,-0.4619,0.4962,-0.4183,-0.0077,1.4957,-1.0992,-0.0000
72.912,-0.4553,0.4962,-0.4184,-0.0077,1.4958,-1.0992,-0.0000
72.924,-0.4488,0.4961,-0.4184,-0.0077,1.4959,-1.0992,-0.0000
72.936,-0.4422,0.4961,-0.4185,-0.0077,1.4960,-1.0992,-0.0000
72.948,-0.4356,0.4961,-0.4185,-0.0077,1.4961,-1.0992,-0.0000
72.960,-0.4290,0.4961,-0.4186,-0.0077,1.4961,-1.0992,-0.0000
72.972,-0.4224,0.4960,-0.4186,-0.0077,1.4962,-1.0992,-0.0000
72.984,-0.4158,0.4960,-0.4187,-0.0077,1.4963,-1.0992,-0.0000
72.996,-0.4092,0.4960,-0.4188,-0.0077,1.4964,-1.0992,-0.0000
73.008,-0.4026,0.4960,-0.4188,-0.0077,1.4965,-1.0992,-0.0000
73.020,-0.3960,0.4959,-0.4189,-0.0077,1.4965,-1.0992,-0.0000
73.032,-0.3894,0.4959,-0.4189,-0.0077,1.4966,-1.0992,-0.0000
73.044,-0.3828,0.4959,-0.4190,-0.0077,1.4967,-1.0992,-0.0000
73.056,-0.3762,0.4959,-0.4190,-0.0077,1.4968,-1.0992,-0.0000
73.068,-0.3696,0.4958,-0.4191,-0.0077,1.4968,-1.0992,-0.0000
73.080,-0.3630,0.4958,-0.4191,-0.0077,1.4969,-1.0992,-0.0000
73.092,-0.3564,0.4958,-0.4192,-0.0077,1.4970,-1.0992,-0.0000
73.104,-0.3498,0.4958,-0.4193,-0.0077,1.4971,-1.0992,-0.0000
73.116,-0.3432,0.4958,-0.4193,-0.0077,1.4972,-1.0992,-0.0000
73.128,-0.3366,0.4957,-0.4194,-0.0077,1.4972,-1.0992,-0.0000
73.140,-0.3300,0.4957,-0.4194,-0.0077,1.4973,-1.0992,-0.0000
73.152,-0.3234,0.4957,-0.4195,-0.0077,1.4974,-1.0992,-0.0000
73.164,-0.3168,0.4957,-0.4195,-0.0077,1.4975,-1.0992,-0.0000
73.176,-0.3102,0.4956,-0.4196,-0.0077,1.4976,-1.0992,-0.0000
73.188,-0.3036,0.4956,-0.4196,-0.0077,1.4976,-1.0992,-0.0000
73.200,-0.2970,0.4956,-0.4197,-0.0077,1.4977,-1.0992,-0.0000
73.212,-0.2904,0.4956,-0.4198,-0.0077,1.4978,-1.0992,-0.0000
73.224,-0.2838,0.4955,-0.4198,-0.0077,1.4979,-1.0992,-0.0000
73.236,-0.2772,0.4955,-0.4199,-0.0077,1.4980,-1.0992,-0.0000
73.248,-0.2706,0.4955,-0.4199,-0.0077,1.4980,-1.0992,-0.0000
73.260,-0.2640,0.4955,-0.4200,-0.0077,1.4981,-1.0992,-0.0000
73.272,-0.2574,0.4954,-0.4200,-0.0077,1.4982,-1.0992,-0.0000
73.284,-0.2508,0.4954,-0.4201,-0.0077,1.4983,-1.0992,-0.0000
73.296,-0.2442,0.4954,-0.4201,-0.0077,1.4984,-1.0992,-0.0000
73.308,-0.2376,0.4954,-0.4202,-0.0077,1.4984,-1.0992,-0.0000
73.320,-0.2310,0.4953,-0.4203,-0.0077,1.4985,-1.0992,-0.0000
73.332,-0.2244,0.4953,-0.4203,-0.0077,1.4986,-1.0992,-0.0000
73.344,-0.2178,0.4953,-0.4204,-0.0077,1.4987,-1.0992,-0.0000
73.356,-0.2112,0.4953,-0.4204,-0.0077,1.4988,-1.0992,-0.0000
73.368,-0.2046,0.4952,-0.4205,-0.0077,1.4988,-1.0992,-0.0000
73.380,-0.1980,0.4952,-0.4205,-0.0077,1.4989,-1.0992,-0.0000
73.392,-0.1914,0.4952,-0.4206,-0.0077,1.4990,-1.0992,-0.0000
73.404,-0.1848,0.4952,-0.4206,-0.0077,1.4991,-1.0992,-0.0000
73.416,-0.1782,0.4951,-0.4207,-0.0077,1.4992,-1.0992,-0.0000
73.428,-0.1716,0.4951,-0.4208,-0.0077,1.4992,-1.0992,-0.0000
73.440,-0.1650,0.4951,-0.4208,-0.0077,1.4993,-1.0992,-0.0000
73.452,-0.1584,0.4951,-0.4209,-0.0077,1.4994,-1.0992,-0.0000
73.464,-0.1518,0.4950,-0.4209,-0.0077,1.4995,-1.0992,-0.0000
73.476,-0.1452,0.4950,-0.4210,-0.0077,1.4996,-1.0992,-0.0000
73.488,-0.1386,0.4950,-0.4210,-0.0077,1.4996,-1.0992,-0.0000
73.500,-0.1320,0.4950,-0.4211,-0.0077,1.4997,-1.0992,-0.0000
73.512,-0.1254,0.4949,-0.4211,-0.0077,1.4998,-1.0992,-0.0000
73.524,-0.1188,0.4949,-0.4212,-0.0077,1.4999,-1.0992,-0.0000
73.536,-0.1122,0.4949,-0.4213,-0.0077,1.5000,-1.0992,-0.0000
73.548,-0.1056,0.4949,-0.4213,-0.0077,1.5000,-1.0992,-0.0000
73.560,-0.0990,0.4949,-0.4214,-0.0077,1.5001,-1.0992,-0.0000
73.572,-0.0924,0.4948,-0.4214,-0.0077,1.5002,-1.0992,-0.0000
73.584,-0.0858,0.4948,-0.4215,-0.0077,1.5003,-1.0992,-0.0000
73.596,-0.0792,0.4948,-0.4215,-0.0077,1.5003,-1.0992,-0.0000
73.608,-0.0726,0.4948,-0.4216,-0.0077,1.5004,-1.0992,-0.0000
73.620,-0.0660,0.4947,-0.4216,-0.0077,1.5005,-1.0992,-0.0000
73.632,-0.0594,0.4947,-0.4217,-0.0077,1.5006,-1.0992,-0.0000
73.644,-0.0528,0.4947,-0.4218,-0.0077,1.5007,-1.0992,-0.0000
73.656,-0.0465,0.4947,-0.4218,-0.0077,1.5007,-1.0992,-0.0000
73.668,-0.0409,0.4946,-0.4219,-0.0077,1.5008,-1.0992,-0.0000
73.680,-0.0360,0.4946,-0.4219,-0.0077,1.5009,-1.0992,-0.0000
73.692,-0.0317,0.4946,-0.4219,-0.0077,1.5009,-1.0992,-0.0000
73.704,-0.0279,0.4946,-0.4220,-0.0077,1.5010,-1.0992,-0.0000
73.716,-0.0245,0.4946,-0.4220,-0.0077,1.5010,-1.0992,-0.0000
73.728,-0.0216,0.4946,-0.4220,-0.0077,1.5010,-1.0992,-0.0000
73.740,-0.0190,0.4946,-0.4220,-0.0077,1.5011,-1.0992,-0.0000
73.752,-0.0167,0.4945,-0.4221,-0.0077,1.5011,-1.0992,-0.0000
73.764,-0.0167,0.4945,-0.4221,-0.0077,1.5011,-1.0992,-0.0000
73.776,-0.0167,0.4942,-0.4218,-0.0077,1.5000,-1.0984,-0.0000
73.788,-0.0167,0.4935,-0.4212,-0.0077,1.4980,-1.0969,-0.0000
73.800,-0.0166,0.4926,-0.4204,-0.0076,1.4951,-1.0948,-0.0000
73.812,-0.0166,0.4914,-0.4194,-0.0076,1.4915,-1.0921,-0.0000
73.824,-0.0166,0.4900,-0.4182,-0.0076,1.4873,-1.0890,-0.0000
73.836,-0.0165,0.4884,-0.4168,-0.0076,1.4824,-1.0855,-0.0000
73.848,-0.0164,0.4866,-0.4153,-0.0075,1.4771,-1.0816,-0.0000
73.860,-0.0164,0.4847,-0.4137,-0.0075,1.4713,-1.0774,-0.0000
73.872,-0.0163,0.4827,-0.4120,-0.0075,1.4652,-1.0729,-0.0000
73.884,-0.0162,0.4806,-0.4101,-0.0075,1.4587,-1.0681,-0.0000
73.896,-0.0162,0.4783,-0.4082,-0.0074,1.4519,-1.0631,-0.0000
73.908,-0.0161,0.4760,-0.4062,-0.0074,1.4448,-1.0579,-0.0000
73.920,-0.0160,0.4736,-0.4042,-0.0073,1.4375,-1.0526,-0.0000
73.932,-0.0159,0.4711,-0.4021,-0.0073,1.4300,-1.0471,-0.0000
73.944,-0.0158,0.4686,-0.3999,-0.0073,1.4223,-1.0415,-0.0000
73.956,-0.0157,0.4660,-0.3977,-0.0072,1.4145,-1.0357,-0.0000
73.968,-0.0157,0.4634,-0.3955,-0.0072,1.4065,-1.0299,-0.0000
73.980,-0.0156,0.4607,-0.3932,-0.0071,1.3984,-1.0240,-0.0000
73.992,-0.0155,0.4580,-0.3909,-0.0071,1.3902,-1.0179,-0.0000
74.004,-0.0154,0.4553,-0.3885,-0.0071,1.3819,-1.0119,-0.0000
74.016,-0.0153,0.4525,-0.3862,-0.0070,1.3735,-1.0057,-0.0000
74.028,-0.0152,0.4497,-0.3838,-0.0070,1.3650,-0.9995,-0.0000
74.040,-0.0151,0.4469,-0.3814,-0.0069,1.3565,-0.9933,-0.0000
74.052,-0.0150,0.4441,-0.3790,-0.0069,1.3479,-0.9870,-0.0000
74.064,-0.0149,0.4412,-0.3766,-0.0068,1.3393,-0.9807,-0.0000
74.076,-0.0148,0.4384,-0.3741,-0.0068,1.3306,-0.9743,-0.0000
74.088,-0.0147,0.4355,-0.3717,-0.0068,1.3219,-0.9679,-0.0000
74.100,-0.0146,0.4326,-0.3692,-0.0067,1.3131,-0.9615,-0.0000
74.112,-0.0145,0.4297,-0.3667,-0.0067,1.3043,-0.9551,-0.0000
74.124,-0.0144,0.4268,-0.3643,-0.0066,1.2955,-0.9486,-0.0000
74.136,-0.0143,0.4239,-0.3618,-0.0066,1.2867,-0.9422,-0.0000
74.148,-0.0142,0.4210,-0.3593,-0.0065,1.2778,-0.9357,-0.0000
74.160,-0.0141,0.4181,-0.3568,-0.0065,1.2690,-0.9292,-0.0000
74.172,-0.0140,0.4151,-0.3543,-0.0064,1.2601,-0.9227,-0.0000
74.184,-0.0139,0.4122,-0.3518,-0.0064,1.2512,-0.9161,-0.0000
74.196,-0.0138,0.4093,-0.3493,-0.0063,1.2422,-0.9096,-0.0000
74.208,-0.0137,0.4063,-0.3468,-0.0063,1.2333,-0.9031,-0.0000
74.220,-0.0136,0.4034,-0.3443,-0.0063,1.2244,-0.8965,-0.0000
74.232,-0.0135,0.4004,-0.3417,-0.0062,1.2154,-0.8900,-0.0000
74.244,-0.0134,0.3975,-0.3392,-0.0062,1.2065,-0.8834,-0.0000
74.256,-0.0133,0.3945,-0.3367,-0.0061,1.1975,-0.8769,-0.0000
74.268,-0.0132,0.3916,-0.3342,-0.0061,1.1886,-0.8703,-0.0000
74.280,-0.0131,0.3886,-0.3317,-0.0060,1.1796,-0.8637,-0.0000
74.292,-0.0130,0.3857,-0.3291,-0.0060,1.1706,-0.8572,-0.0000
74.304,-0.0129,0.3827,-0.3266,-0.0059,1.1616,-0.8506,-0.0000
74.316,-0.0128,0.3798,-0.3241,-0.0059,1.1527,-0.8440,-0.0000
74.328,-0.0127,0.3768,-0.3216,-0.0058,1.1437,-0.8374,-0.0000
74.340,-0.0126,0.3738,-0.3190,-0.0058,1.1347,-0.8309,-0.0000
74.352,-0.0125,0.3709,-0.3165,-0.0058,1.1257,-0.8243,-0.0000
74.364,-0.0124,0.3679,-0.3140,-0.0057,1.1167,-0.8177,-0.0000
74.376,-0.0123,0.3649,-0.3115,-0.0057,1.1077,-0.8111,-0.0000
74.388,-0.0122,0.3620,-0.3089,-0.0056,1.0987,-0.8045,-0.0000
74.400,-0.0121,0.3590,-0.3064,-0.0056,1.0897,-0.7979,-0.0000
74.412,-0.0120,0.3561,-0.3039,-0.0055,1.0807,-0.7913,-0.0000
74.424,-0.0119,0.3531,-0.3013,-0.0055,1.0717,-0.7848,-0.0000
74.436,-0.0118,0.3501,-0.2988,-0.0054,1.0627,-0.7782,-0.0000
74.448,-0.0117,0.3472,-0.2963,-0.0054,1.0537,-0.7716,-0.0000
74.460,-0.0116,0.3442,-0.2937,-0.0053,1.0447,-0.7650,-0.0000
74.472,-0.0115,0.3412,-0.2912,-0.0053,1.0357,-0.7584,-0.0000
74.484,-0.0114,0.3383,-0.2887,-0.0052,1.0267,-0.7518,-0.0000
74.496,-0.0113,0.3353,-0.2861,-0.0052,1.0177,-0.7452,-0.0000
74.508,-0.0112,0.3323,-0.2836,-0.0052,1.0087,-0.7386,-0.0000
74.520,-0.0111,0.3294,-0.2811,-0.0051,0.9997,-0.7320,-0.0000
74.532,-0.0110,0.3264,-0.2786,-0.0051,0.9907,-0.7254,-0.0000
74.544,-0.0109,0.3234,-0.2760,-0.0050,0.9817,-0.7188,-0.0000
74.556,-0.0108,0.3205,-0.2735,-0.0050,0.9727,-0.7122,-0.0000
74.568,-0.0107,0.3175,-0.2710,-0.0049,0.9637,-0.7056,-0.0000
74.580,-0.0106,0.3145,-0.2684,-0.0049,0.9547,-0.6991,-0.0000
74.592,-0.0105,0.3116,-0.2659,-0.0048,0.9457,-0.6925,-0.0000
74.604,-0.0104,0.3086,-0.2634,-0.0048,0.9367,-0.6859,-0.0000
74.616,-0.0103,0.3056,-0.2608,-0.0047,0.9277,-0.6793,-0.0000
74.628,-0.0102,0.3027,-0.2583,-0.0047,0.9187,-0.6727,-0.0000
74.640,-0.0101,0.2997,-0.2558,-0.0046,0.9097,-0.6661,-0.0000
74.652,-0.0100,0.2967,-0.2532,-0.0046,0.9007,-0.6595,-0.0000
74.664,-0.0099,0.2938,-0.2507,-0.0046,0.8916,-0.6529,-0.0000
74.676,-0.0098,0.2908,-0.2482,-0.0045,0.8826,-0.6463,-0.0000
74.688,-0.0097,0.2878,-0.2456,-0.0045,0.8736,-0.6397,-0.0000
74.700,-0.0096,0.2849,-0.2431,-0.0044,0.8646,-0.6331,-0.0000
74.712,-0.0095,0.2819,-0.2406,-0.0044,0.8556,-0.6265,-0.0000
74.724,-0.0094,0.2789,-0.2380,-0.0043,0.8466,-0.6199,-0.0000
74.736,-0.0093,0.2760,-0.2355,-0.0043,0.8376,-0.6133,-0.0000
74.748,-0.0092,0.2730,-0.2330,-0.0042,0.8286,-0.6067,-0.0000
74.760,-0.0091,0.2700,-0.2304,-0.0042,0.8196,-0.6001,-0.0000
74.772,-0.0090,0.2671,-0.2279,-0.0041,0.8106,-0.5935,-0.0000
74.784,-0.0089,0.2641,-0.2254,-0.0041,0.8016,-0.5869,-0.0000
74.796,-0.0088,0.2611,-0.2228,-0.0040,0.7926,-0.5804,-0.0000
74.808,-0.0087,0.2582,-0.2203,-0.0040,0.7836,-0.5738,-0.0000
74.820,-0.0086,0.2552,-0.2178,-0.0040,0.7746,-0.5672,-0.0000
74.832,-0.0085,0.2522,-0.2152,-0.0039,0.7656,-0.5606,-0.0000
74.844,-0.0084,0.2493,-0.2127,-0.0039,0.7566,-0.5540,-0.0000
74.856,-0.0083,0.2463,-0.2102,-0.0038,0.7475,-0.5474,-0.0000
74.868,-0.0082,0.2433,-0.2077,-0.0038,0.7385,-0.5408,-0.0000
74.880,-0.0081,0.2404,-0.2051,-0.0037,0.7295,-0.5342,-0.0000
74.892,-0.0080,0.2374,-0.2026,-0.0037,0.7205,-0.5276,-0.0000
74.904,-0.0079,0.2344,-0.2001,-0.0036,0.7115,-0.5210,-0.0000
74.916,-0.0078,0.2314,-0.1975,-0.0036,0.7025,-0.5144,-0.0000
74.928,-0.0077,0.2285,-0.1950,-0.0035,0.6935,-0.5078,-0.0000
74.940,-0.0076,0.2255,-0.1925,-0.0035,0.6845,-0.5012,-0.0000
74.952,-0.0075,0.2225,-0.1899,-0.0035,0.6755,-0.4946,-0.0000
74.964,-0.0074,0.2196,-0.1874,-0.0034,0.6665,-0.4880,-0.0000
74.976,-0.0073,0.2166,-0.1849,-0.0034,0.6575,-0.4814,-0.0000
74.988,-0.0072,0.2136,-0.1823,-0.0033,0.6485,-0.4748,-0.0000
75.000,-0.0071,0.2107,-0.1798,-0.0033,0.6395,-0.4682,-0.0000
75.012,-0.0070,0.2077,-0.1773,-0.0032,0.6305,-0.4616,-0.0000
75.024,-0.0069,0.2047,-0.1747,-0.0032,0.6215,-0.4550,-0.0000
75.036,-0.0068,0.2018,-0.1722,-0.0031,0.6124,-0.4485,-0.0000
75.048,-0.0067,0.1988,-0.1697,-0.0031,0.6034,-0.4419,-0.0000
75.060,-0.0066,0.1958,-0.1671,-0.0030,0.5944,-0.4353,-0.0000
75.072,-0.0065,0.1929,-0.1646,-0.0030,0.5854,-0.4287,-0.0000
75.084,-0.0064,0.1899,-0.1621,-0.0029,0.5764,-0.4221,-0.0000
75.096,-0.0063,0.1869,-0.1595,-0.0029,0.5674,-0.4155,-0.0000
75.108,-0.0062,0.1840,-0.1570,-0.0029,0.5584,-0.4089,-0.0000
75.120,-0.0061,0.1810,-0.1545,-0.0028,0.5494,-0.4023,-0.0000
75.132,-0.0060,0.1780,-0.1519,-0.0028,0.5404,-0.3957,-0.0000
75.144,-0.0059,0.1751,-0.1494,-0.0027,0.5314,-0.3891,-0.0000
75.156,-0.0058,0.1721,-0.1469,-0.0027,0.5224,-0.3825,-0.0000
75.168,-0.0057,0.1691,-0.1443,-0.0026,0.5134,-0.3759,-0.0000
75.180,-0.0056,0.1662,-0.1418,-0.0026,0.5044,-0.3693,-0.0000
75.192,-0.0055,0.1632,-0.1393,-0.0025,0.4954,-0.3627,-0.0000
75.204,-0.0054,0.1602,-0.1367,-0.0025,0.4864,-0.3561,-0.0000
75.216,-0.0053,0.1573,-0.1342,-0.0024,0.4774,-0.3495,-0.0000
75.228,-0.0052,0.1543,-0.1317,-0.0024,0.4683,-0.3429,-0.0000
75.240,-0.0051,0.1513,-0.1291,-0.0023,0.4593,-0.3363,-0.0000
75.252,-0.0050,0.1484,-0.1266,-0.0023,0.4503,-0.3297,-0.0000
75.264,-0.0049,0.1454,-0.1241,-0.0023,0.4413,-0.3232,-0.0000
75.276,-0.0048,0.1424,-0.1216,-0.0022,0.4323,-0.3166,-0.0000
75.288,-0.0047,0.1395,-0.1190,-0.0022,0.4233,-0.3100,-0.0000
75.300,-0.0046,0.1365,-0.1165,-0.0021,0.4143,-0.3034,-0.0000
75.312,-0.0045,0.1335,-0.1140,-0.0021,0.4053,-0.2968,-0.0000
75.324,-0.0044,0.1306,-0.1114,-0.0020,0.3963,-0.2902,-0.0000
75.336,-0.0043,0.1276,-0.1089,-0.0020,0.3873,-0.2836,-0.0000
75.348,-0.0042,0.1246,-0.1064,-0.0019,0.3783,-0.2770,-0.0000
75.360,-0.0041,0.1217,-0.1038,-0.0019,0.3693,-0.2704,-0.0000
75.372,-0.0040,0.1187,-0.1013,-0.0018,0.3603,-0.2638,-0.0000
75.384,-0.0039,0.1157,-0.0988,-0.0018,0.3513,-0.2572,-0.0000
75.396,-0.0038,0.1128,-0.0962,-0.0017,0.3423,-0.2506,-0.0000
75.408,-0.0037,0.1098,-0.0937,-0.0017,0.3332,-0.2440,-0.0000
75.420,-0.0036,0.1068,-0.0912,-0.0017,0.3242,-0.2374,-0.0000
75.432,-0.0035,0.1039,-0.0886,-0.0016,0.3152,-0.2308,-0.0000
75.444,-0.0034,0.1009,-0.0861,-0.0016,0.3062,-0.2242,-0.0000
75.456,-0.0033,0.0979,-0.0836,-0.0015,0.2972,-0.2176,-0.0000
75.468,-0.0032,0.0950,-0.0810,-0.0015,0.2882,-0.2110,-0.0000
75.480,-0.0031,0.0920,-0.0785,-0.0014,0.2792,-0.2044,-0.0000
75.492,-0.0030,0.0890,-0.0760,-0.0014,0.2702,-0.1978,-0.0000
75.504,-0.0029,0.0861,-0.0734,-0.0013,0.2612,-0.1913,-0.0000
75.516,-0.0028,0.0831,-0.0709,-0.0013,0.2522,-0.1847,-0.0000
75.528,-0.0027,0.0801,-0.0684,-0.0012,0.2432,-0.1781,-0.0000
75.540,-0.0026,0.0771,-0.0658,-0.0012,0.2342,-0.1715,-0.0000
75.552,-0.0025,0.0742,-0.0633,-0.0012,0.2252,-0.1649,-0.0000
75.564,-0.0024,0.0712,-0.0608,-0.0011,0.2162,-0.1583,-0.0000
75.576,-0.0023,0.0682,-0.0582,-0.0011,0.2072,-0.1517,-0.0000
75.588,-0.0022,0.0653,-0.0557,-0.0010,0.1981,-0.1451,-0.0000
75.600,-0.0021,0.0623,-0.0532,-0.0010,0.1891,-0.1385,-0.0000
75.612,-0.0020,0.0593,-0.0506,-0.0009,0.1801,-0.1319,-0.0000
75.624,-0.0019,0.0564,-0.0481,-0.0009,0.1711,-0.1253,-0.0000
75.636,-0.0018,0.0534,-0.0456,-0.0008,0.1621,-0.1187,-0.0000
75.648,-0.0017,0.0504,-0.0430,-0.0008,0.1531,-0.1121,-0.0000
75.660,-0.0016,0.0475,-0.0405,-0.0007,0.1441,-0.1055,-0.0000
75.672,-0.0015,0.0445,-0.0380,-0.0007,0.1351,-0.0989,-0.0000
75.684,-0.0014,0.0415,-0.0355,-0.0006,0.1261,-0.0923,-0.0000
75.696,-0.0013,0.0386,-0.0329,-0.0006,0.1171,-0.0857,-0.0000
75.708,-0.0012,0.0356,-0.0304,-0.0006,0.1081,-0.0791,-0.0000
75.720,-0.0011,0.0326,-0.0279,-0.0005,0.0991,-0.0725,-0.0000
75.732,-0.0010,0.0297,-0.0253,-0.0005,0.0901,-0.0659,-0.0000
75.744,-0.0009,0.0267,-0.0228,-0.0004,0.0811,-0.0594,-0.0000
75.756,-0.0008,0.0237,-0.0203,-0.0004,0.0721,-0.0528,-0.0000
75.768,-0.0007,0.0209,-0.0178,-0.0003,0.0634,-0.0464,-0.0000
75.780,-0.0006,0.0184,-0.0157,-0.0003,0.0558,-0.0409,-0.0000
75.792,-0.0005,0.0162,-0.0138,-0.0003,0.0491,-0.0360,-0.0000
75.804,-0.0005,0.0142,-0.0121,-0.0002,0.0432,-0.0316,-0.0000
75.816,-0.0004,0.0125,-0.0107,-0.0002,0.0380,-0.0278,-0.0000
75.828,-0.0004,0.0110,-0.0094,-0.0002,0.0335,-0.0245,-0.0000
75.840,-0.0003,0.0097,-0.0083,-0.0002,0.0294,-0.0216,-0.0000
75.852,-0.0003,0.0085,-0.0073,-0.0001,0.0259,-0.0190,-0.0000
75.864,-0.0003,0.0075,-0.0064,-0.0001,0.0228,-0.0167,-0.0000
75.876,-0.0002,0.0066,-0.0056,-0.0001,0.0201,-0.0147,-0.0000
75.888,-0.0002,0.0058,-0.0050,-0.0001,0.0177,-0.0129,-0.0000
75.900,-0.0002,0.0051,-0.0044,-0.0001,0.0155,-0.0114,-0.0000
75.912,-0.0002,0.0045,-0.0038,-0.0001,0.0137,-0.0100,-0.0000
75.924,-0.0001,0.0040,-0.0034,-0.0001,0.0120,-0.0088,-0.0000
75.936,-0.0001,0.0035,-0.0030,-0.0001,0.0106,-0.0078,-0.0000
75.948,-0.0001,0.0031,-0.0026,-0.0000,0.0093,-0.0068,-0.0000
75.960,-0.0001,0.0027,-0.0023,-0.0000,0.0082,-0.0060,-0.0000
75.972,-0.0001,0.0024,-0.0020,-0.0000,0.0072,-0.0053,-0.0000
75.984,-0.0001,0.0021,-0.0018,-0.0000,0.0064,-0.0047,-0.0000
75.996,-0.0001,0.0018,-0.0016,-0.0000,0.0056,-0.0041,-0.0000
76.008,-0.0001,0.0016,-0.0014,-0.0000,0.0049,-0.0036,-0.0000
76.020,-0.0000,0.0014,-0.0012,-0.0000,0.0043,-0.0032,-0.0000
76.032,-0.0000,0.0013,-0.0011,-0.0000,0.0038,-0.0028,-0.0000
76.044,-0.0000,0.0011,-0.0009,-0.0000,0.0034,-0.0025,0.0000
76.056,-0.0000,0.0010,-0.0008,-0.0000,0.0029,-0.0022,0.0000
76.068,-0.0000,0.0009,-0.0007,-0.0000,0.0026,-0.0019,0.0000
76.080,-0.0000,0.0008,-0.0006,-0.0000,0.0023,-0.0017,0.0000
76.092,-0.0000,0.0007,-0.0006,-0.0000,0.0020,-0.0015,0.0000
76.104,-0.0000,0.0006,-0.0005,-0.0000,0.0018,-0.0013,0.0000
76.116,-0.0000,0.0005,-0.0004,-0.0000,0.0016,-0.0011,0.0000
76.128,-0.0000,0.0005,-0.0004,-0.0000,0.0014,-0.0010,0.0000
76.140,-0.0000,0.0004,-0.0003,-0.0000,0.0012,-0.0009,0.0000
76.152,-0.0000,0.0003,-0.0003,-0.0000,0.0011,-0.0008,0.0000
76.164,-0.0000,0.0003,-0.0003,-0.0000,0.0009,-0.0007,0.0000
76.176,-0.0000,0.0003,-0.0002,-0.0000,0.0008,-0.0006,0.0000
76.188,-0.0000,0.0002,-0.0002,-0.0000,0.0007,-0.0005,0.0000
76.200,-0.0000,0.0002,-0.0002,-0.0000,0.0006,-0.0005,0.0000
76.212,-0.0000,0.0002,-0.0002,-0.0000,0.0006,-0.0004,0.0000
76.224,-0.0000,0.0002,-0.0001,-0.0000,0.0005,-0.0004,0.0000
76.236,-0.0000,0.0001,-0.0001,-0.0000,0.0004,-0.0003,0.0000
76.248,-0.0000,0.0001,-0.0001,-0.0000,0.0004,-0.0003,0.0000
76.260,-0.0000,0.0001,-0.0001,-0.0000,0.0003,-0.0002,0.0000
76.272,-0.0000,0.0001,-0.0001,-0.0000,0.0003,-0.0002,0.0000
76.284,-0.0000,0.0001,-0.0001,-0.0000,0.0003,-0.0002,0.0000
76.296,-0.0000,0.0001,-0.0001,-0.0000,0.0002,-0.0002,0.0000
76.308,-0.0000,0.0001,-0.0001,-0.0000,0.0002,-0.0001,0.0000
76.320,-0.0000,0.0001,-0.0000,-0.0000,0.0002,-0.0001,0.0000
76.332,-0.0000,0.0001,-0.0000,-0.0000,0.0002,-0.0001,0.0000
76.344,-0.0000,0.0000,-0.0000,-0.0000,0.0001,-0.0001,0.0000
76.356,-0.0000,0.0000,-0.0000,-0.0000,0.0001,-0.0001,0.0000
76.368,-0.0000,0.0000,-0.0000,-0.0000,0.0001,-0.0001,0.0000
76.380,-0.0000,0.0000,-0.0000,-0.0000,0.0001,-0.0001,0.0000
76.392,-0.0000,0.0000,-0.0000,-0.0000,0.0001,-0.0001,0.0000
76.404,-0.0000,0.0000,-0.0000,-0.0000,0.0001,-0.0001,0.0000
76.416,-0.0000,0.0000,-0.0000,-0.0000,0.0001,-0.0000,0.0000
76.428,-0.0000,0.0000,-0.0000,-0.0000,0.0001,-0.0000,0.0000
76.440,-0.0000,0.0000,-0.0000,-0.0000,0.0000,-0.0000,0.0000
76.452,-0.0000,0.0000,-0.0000,-0.0000,0.0000,-0.0000,0.0000
76.464,-0.0000,0.0000,-0.0000,-0.0000,0.0000,-0.0000,0.0000
76.476,-0.0000,0.0000,-0.0000,-0.0000,0.0000,-0.0000,0.0000
76.488,-0.0000,0.0000,-0.0000,-0.0000,0.0000,-0.0000,0.0000
76.500,-0.0000,0.0000,-0.0000,-0.0000,0.0000,-0.0000,0.0000
76.512,-0.0000,0.0000,-0.0000,-0.0000,0.0000,-0.0000,0.0000
76.524,-0.0000,0.0000,-0.0000,-0.0000,0.0000,-0.0000,0.0000
76.536,-0.0000,0.0000,-0.0000,-0.0000,0.0000,-0.0000,0.0000
76.548,-0.0000,0.0000,-0.0000,-0.0000,0.0000,-0.0000,0.0000
76.560,-0.0000,0.0000,-0.0000,-0.0000,0.0000,-0.0000,0.0000
76.572,-0.0000,0.0000,-0.0000,-0.0000,0.0000,-0.0000,0.0000
76.584,-0.0000,0.0000,-0.0000,-0.0000,0.0000,-0.0000,0.0000
76.596,-0.0000,0.0000,-0.0000,-0.0000,0.0000,-0.0000,0.0000
76.608,-0.0000,0.0000,-0.0000,-0.0000,0.0000,-0.0000,0.0000
76.620,-0.0000,0.0000,-0.0000,-0.0000,0.0000,-0.0000,0.0000
76.632,-0.0000,0.0000,-0.0000,-0.0000,0.0000,-0.0000,0.0000
76.644,-0.0000,0.0000,-0.0000,-0.0000,0.0000,-0.0000,0.0000
76.656,-0.0000,0.0000,-0.0000,-0.0000,0.0000,-0.0000,0.0000
76.668,-0.0000,0.0000,-0.0000,-0.0000,0.0000,-0.0000,0.0000
76.680,-0.0000,0.0000,-0.0000,-0.0000,0.0000,-0.0000,0.0000
76.692,-0.0000,0.0000,-0.0000,-0.0000,0.0000,-0.0000,0.0000
76.704,-0.0000,0.0000,-0.0000,-0.0000,0.0000,-0.0000,0.0000
76.716,-0.0000,0.0000,-0.0000,-0.0000,0.0000,-0.0000,0.0000
76.728,-0.0000,0.0000,-0.0000,-0.0000,0.0000,-0.0000,0.0000
76.740,-0.0000,0.0000,-0.0000,-0.0000,0.0000,-0.0000,0.0000
76.752,-0.0000,0.0000,-0.0000,-0.0000,0.0000,-0.0000,0.0000
76.764,-0.0000,0.0000,-0.0000,-0.0000,0.0000,-0.0000,0.0000
76.776,-0.0000,0.0000,-0.0000,-0.0000,0.0000,-0.0000,0.0000
76.788,-0.0000,0.0000,-0.0000,-0.0000,0.0000,-0.0000,0.0000
76.800,-0.0000,0.0000,-0.0000,-0.0000,0.0000,-0.0000,0.0000
76.812,-0.0000,0.0000,-0.0000,-0.0000,0.0000,-0.0000,0.0000
76.824,-0.0000,0.0000,-0.0000,-0.0000,0.0000,-0.0000,0.0000
76.836,-0.0000,0.0000,-0.0000,-0.0000,0.0000,-0.0000,0.0000
76.848,-0.0000,0.0000,-0.0000,-0.0000,0.0000,-0.0000,0.0000
76.860,-0.0000,0.0000,-0.0000,-0.0000,0.0000,-0.0000,0.0000
76.872,-0.0000,0.0000,-0.0000,-0.0000,0.0000,-0.0000,0.0000
76.884,-0.0000,0.0000,-0.0000,-0.0000,0.0000,-0.0000,0.0000
76.896,-0.0000,0.0000,-0.0000,-0.0000,0.0000,-0.0000,0.0000
76.908,-0.0000,0.0000,-0.0000,-0.0000,0.0000,-0.0000,0.0000
76.920,-0.0000,0.0000,-0.0000,-0.0000,0.0000,-0.0000,0.0000
76.932,-0.0000,0.0000,-0.0000,-0.0000,0.0000,-0.0000,0.0000
76.944,-0.0000,0.0000,-0.0000,-0.0000,0.0000,-0.0000,0.0000
76.956,-0.0000,0.0000,-0.0000,-0.0000,0.0000,-0.0000,0.0000
76.968,-0.0000,0.0000,-0.0000,-0.0000,0.0000,-0.0000,0.0000
76.980,-0.0000,0.0000,-0.0000,-0.0000,0.0000,-0.0000,0.0000
76.992,-0.0000,0.0000,-0.0000,-0.0000,0.0000,-0.0000,0.0000
77.004,-0.0000,0.0000,-0.0000,-0.0000,0.0000,-0.0000,0.0000
77.016,-0.0000,0.0000,-0.0000,-0.0000,0.0000,-0.0000,0.0000
77.028,-0.0000,0.0000,-0.0000,-0.0000,0.0000,-0.0000,0.0000
77.040,-0.0000,0.0000,-0.0000,-0.0000,0.0000,-0.0000,0.0000
77.052,-0.0000,0.0000,-0.0000,-0.0000,0.0000,-0.0000,0.0000
77.064,-0.0000,0.0000,-0.0000,-0.0000,0.0000,-0.0000,0.0000
77.076,-0.0000,0.0000,-0.0000,-0.0000,0.0000,-0.0000,0.0000
77.088,-0.0000,0.0000,-0.0000,-0.0000,0.0000,-0.0000,0.0000
77.100,-0.0000,0.0000,-0.0000,-0.0000,0.0000,-0.0000,0.0000
77.112,-0.0000,0.0000,-0.0000,-0.0000,0.0000,-0.0000,0.0000
77.124,-0.0000,0.0000,-0.0000,-0.0000,0.0000,-0.0000,0.0000
77.136,-0.0000,0.0000,-0.0000,-0.0000,0.0000,-0.0000,0.0000
77.148,-0.0000,0.0000,-0.0000,-0.0000,0.0000,-0.0000,0.0000
77.160,-0.0000,0.0000,-0.0000,-0.0000,0.0000,-0.0000,0.0000
77.172,-0.0000,0.0000,-0.0000,-0.0000,0.0000,-0.0000,0.0000
77.184,-0.0000,0.0000,-0.0000,-0.0000,0.0000,-0.0000,0.0000
77.196,-0.0000,0.0000,-0.0000,-0.0000,0.0000,-0.0000,0.0000
77.208,-0.0000,0.0000,-0.0000,-0.0000,0.0000,-0.0000,0.0000
77.220,-0.0000,0.0000,-0.0000,-0.0000,0.0000,-0.0000,0.0000
77.232,-0.0000,0.0000,-0.0000,-0.0000,0.0000,-0.0000,0.0000
77.244,-0.0000,0.0000,-0.0000,-0.0000,0.0000,-0.0000,0.0000
77.256,-0.0000,0.0000,-0.0000,-0.0000,0.0000,-0.0000,0.0000
77.268,-0.0000,0.0000,-0.0000,-0.0000,0.0000,-0.0000,0.0000
77.280,-0.0000,0.0000,-0.0000,-0.0000,0.0000,-0.0000,0.0000
77.292,-0.0000,0.0000,-0.0000,-0.0000,0.0000,-0.0000,0.0000
77.304,-0.0000,0.0000,-0.0000,-0.0000,0.0000,-0.0000,0.0000
77.316,-0.0000,0.0000,-0.0000,-0.0000,0.0000,-0.0000,0.0000
77.328,-0.0000,0.0000,-0.0000,-0.0000,0.0000,-0.0000,0.0000
77.340,-0.0000,0.0000,-0.0000,-0.0000,0.0000,-0.0000,0.0000
77.352,-0.0000,0.0000,-0.0000,-0.0000,0.0000,-0.0000,0.0000
77.364,-0.0000,0.0000,-0.0000,-0.0000,0.0000,-0.0000,0.0000
77.376,-0.0000,0.0000,-0.0000,-0.0000,0.0000,-0.0000,0.0000
77.388,-0.0000,0.0000,-0.0000,-0.0000,0.0000,-0.0000,0.0000
77.400,-0.0000,0.0000,-0.0000,-0.0000,0.0000,-0.0000,0.0000
77.412,-0.0000,0.0000,-0.0000,-0.0000,0.0000,-0.0000,0.0000
77.424,-0.0000,0.0000,-0.0000,-0.0000,0.0000,-0.0000,0.0000
77.436,-0.0000,0.0000,-0.0000,-0.0000,0.0000,-0.0000,0.0000
77.448,-0.0000,0.0000,-0.0000,-0.0000,0.0000,-0.0000,0.0000
77.460,-0.0000,0.0000,-0.0000,-0.0000,0.0000,-0.0000,0.0000
77.472,-0.0000,0.0000,-0.0000,-0.0000,0.0000,-0.0000,0.0000
77.484,-0.0000,0.0000,-0.0000,-0.0000,0.0000,-0.0000,0.0000
77.496,-0.0000,0.0000,-0.0000,-0.0000,0.0000,-0.0000,0.0000
77.508,-0.0000,0.0000,-0.0000,-0.0000,0.0000,-0.0000,0.0000
77.520,-0.0000,0.0000,-0.0000,-0.0000,0.0000,-0.0000,0.0000
77.532,-0.0000,0.0000,0.0000,-0.0000,0.0000,-0.0000,0.0000
77.544,-0.0000,0.0000,0.0000,-0.0000,0.0000,-0.0000,0.0000
77.556,-0.0000,0.0000,0.0000,-0.0000,0.0000,-0.0000,0.0000
77.568,-0.0000,0.0000,0.0000,-0.0000,0.0000,-0.0000,0.0000
77.580,-0.0000,0.0000,0.0000,-0.0000,0.0000,-0.0000,0.0000
77.592,-0.0000,0.0000,0.0000,-0.0000,0.0000,-0.0000,0.0000
77.604,-0.0000,0.0000,0.0000,-0.0000,0.0000,-0.0000,0.0000
77.616,-0.0000,0.0000,0.0000,-0.0000,0.0000,-0.0000,0.0000
77.628,-0.0000,0.0000,0.0000,-0.0000,0.0000,-0.0000,0.0000
77.640,-0.0000,0.0000,0.0000,-0.0000,0.0000,-0.0000,0.0000
77.652,-0.0000,0.0000,0.0000,-0.0000,0.0000,-0.0000,0.0000
77.664,-0.0000,0.0000,0.0000,-0.0000,0.0000,-0.0000,0.0000
77.676,-0.0000,0.0000,0.0000,-0.0000,0.0000,-0.0000,0.0000
77.688,-0.0000,0.0000,0.0000,-0.0000,0.0000,-0.0000,0.0000
77.700,-0.0000,0.0000,0.0000,-0.0000,0.0000,-0.0000,0.0000
77.712,-0.0000,0.0000,0.0000,-0.0000,0.0000,-0.0000,0.0000
77.724,-0.0000,0.0000,0.0000,-0.0000,0.0000,-0.0000,0.0000
77.736,-0.0000,0.0000,0.0000,-0.0000,0.0000,-0.0000,0.0000
77.748,-0.0000,0.0000,0.0000,-0.0000,0.0000,-0.0000,0.0000
77.760,-0.0000,0.0000,0.0000,-0.0000,0.0000,-0.0000,0.0000
77.772,-0.0000,0.0000,0.0000,-0.0000,0.0000,-0.0000,0.0000
77.784,-0.0000,0.0000,0.0000,-0.0000,0.0000,-0.0000,0.0000
77.796,-0.0000,0.0000,0.0000,-0.0000,0.0000,-0.0000,0.0000
77.808,-0.0000,0.0000,0.0000,-0.0000,0.0000,-0.0000,0.0000
77.820,-0.0000,0.0000,0.0000,-0.0000,0.0000,-0.0000,0.0000
77.832,-0.0000,0.0000,0.0000,-0.0000,0.0000,-0.0000,0.0000
77.844,-0.0000,0.0000,0.0000,-0.0000,0.0000,-0.0000,0.0000
77.856,-0.0000,0.0000,0.0000,-0.0000,0.0000,-0.0000,0.0000
77.868,-0.0000,0.0000,0.0000,-0.0000,0.0000,-0.0000,0.0000
77.880,-0.0000,0.0000,0.0000,-0.0000,0.0000,-0.0000,0.0000
77.892,-0.0000,0.0000,0.0000,-0.0000,0.0000,-0.0000,0.0000
77.904,-0.0000,0.0000,0.0000,-0.0000,0.0000,-0.0000,0.0000
77.916,-0.0000,0.0000,0.0000,-0.0000,0.0000,-0.0000,0.0000
77.928,-0.0000,0.0000,0.0000,-0.0000,0.0000,-0.0000,0.0000
77.940,-0.0000,0.0000,0.0000,-0.0000,0.0000,-0.0000,0.0000
77.952,-0.0000,0.0000,0.0000,-0.0000,0.0000,-0.0000,0.0000
77.964,-0.0000,0.0000,0.0000,-0.0000,0.0000,-0.0000,0.0000
77.976,-0.0000,0.0000,0.0000,-0.0000,0.0000,-0.0000,0.0000
77.988,-0.0000,0.0000,0.0000,-0.0000,0.0000,-0.0000,0.0000
78.000,-0.0000,0.0000,0.0000,-0.0000,0.0000,-0.0000,0.0000
78.012,-0.0000,0.0000,0.0000,-0.0000,0.0000,-0.0000,0.0000
78.024,-0.0000,0.0000,0.0000,-0.0000,0.0000,-0.0000,0.0000
78.036,-0.0000,0.0000,0.0000,-0.0000,0.0000,-0.0000,0.0000
78.048,-0.0000,0.0000,0.0000,-0.0000,0.0000,-0.0000,0.0000
78.060,-0.0000,0.0000,0.0000,-0.0000,0.0000,-0.0000,0.0000
78.072,-0.0000,0.0000,0.0000,-0.0000,0.0000,-0.0000,0.0000
78.084,-0.0000,0.0000,0.0000,-0.0000,0.0000,-0.0000,0.0000
78.096,-0.0000,0.0000,0.0000,-0.0000,0.0000,-0.0000,0.0000
78.108,-0.0000,0.0000,0.0000,-0.0000,0.0000,-0.0000,0.0000
78.120,-0.0000,0.0000,0.0000,-0.0000,0.0000,-0.0000,0.0000
78.132,-0.0000,0.0000,0.0000,-0.0000,0.0000,-0.0000,0.0000
78.144,-0.0000,0.0000,0.0000,-0.0000,0.0000,-0.0000,0.0000
78.156,-0.0000,0.0000,0.0000,-0.0000,0.0000,-0.0000,0.0000
78.168,-0.0000,0.0000,0.0000,-0.0000,0.0000,-0.0000,0.0000
78.180,-0.0000,0.0000,0.0000,-0.0000,0.0000,-0.0000,0.0000
78.192,-0.0000,0.0000,0.0000,-0.0000,0.0000,-0.0000,0.0000
78.204,-0.0000,0.0000,0.0000,-0.0000,0.0000,-0.0000,0.0000
78.216,-0.0000,0.0000,0.0000,-0.0000,0.0000,-0.0000,0.0000
78.228,-0.0000,0.0000,0.0000,-0.0000,0.0000,-0.0000,0.0000
78.240,-0.0000,0.0000,0.0000,-0.0000,0.0000,-0.0000,0.0000
78.252,-0.0000,0.0000,0.0000,-0.0000,0.0000,-0.0000,0.0000
78.264,-0.0000,0.0000,0.0000,-0.0000,0.0000,-0.0000,0.0000
78.276,-0.0000,0.0000,0.0000,-0.0000,0.0000,-0.0000,0.0000
78.288,-0.0000,0.0000,0.0000,-0.0000,0.0000,-0.0000,0.0000
78.300,-0.0000,0.0000,0.0000,-0.0000,0.0000,-0.0000,0.0000
78.312,-0.0000,0.0000,0.0000,-0.0000,0.0000,-0.0000,0.0000
78.324,-0.0000,0.0000,0.0000,-0.0000,0.0000,-0.0000,0.0000
78.336,-0.0000,0.0000,0.0000,-0.0000,0.0000,-0.0000,0.0000
78.348,-0.0000,0.0000,0.0000,-0.0000,0.0000,-0.0000,0.0000
78.360,-0.0000,0.0000,0.0000,-0.0000,0.0000,-0.0000,0.0000
78.372,-0.0000,0.0000,0.0000,-0.0000,0.0000,-0.0000,0.0000
78.384,-0.0000,0.0000,0.0000,-0.0000,0.0000,-0.0000,0.0000
78.396,-0.0000,0.0000,0.0000,-0.0000,0.0000,-0.0000,0.0000
78.408,-0.0000,0.0000,0.0000,-0.0000,0.0000,-0.0000,0.0000
78.420,-0.0000,0.0000,0.0000,-0.0000,0.0000,-0.0000,0.0000
78.432,-0.0000,0.0000,0.0000,-0.0000,0.0000,-0.0000,0.0000
78.444,-0.0000,0.0000,0.0000,-0.0000,0.0000,-0.0000,0.0000
78.456,-0.0000,0.0000,0.0000,-0.0000,0.0000,-0.0000,0.0000
78.468,-0.0000,0.0000,0.0000,-0.0000,0.0000,-0.0000,0.0000
78.480,-0.0000,0.0000,0.0000,-0.0000,0.0000,-0.0000,0.0000
78.492,-0.0000,0.0000,0.0000,-0.0000,0.0000,-0.0000,0.0000
78.504,-0.0000,0.0000,0.0000,-0.0000,0.0000,-0.0000,0.0000
78.516,-0.0000,0.0000,0.0000,-0.0000,0.0000,-0.0000,0.0000
78.528,-0.0000,0.0000,0.0000,-0.0000,0.0000,-0.0000,0.0000
78.540,-0.0000,0.0000,0.0000,-0.0000,0.0000,-0.0000,0.0000
78.552,-0.0000,0.0000,0.0000,-0.0000,0.0000,-0.0000,0.0000
78.564,-0.0000,0.0000,0.0000,-0.0000,0.0000,-0.0000,0.0000
78.576,-0.0000,0.0000,0.0000,-0.0000,0.0000,-0.0000,0.0000
78.588,-0.0000,0.0000,0.0000,-0.0000,0.0000,-0.0000,0.0000
78.600,-0.0000,0.0000,0.0000,-0.0000,0.0000,-0.0000,0.0000
78.612,-0.0000,0.0000,0.0000,-0.0000,0.0000,-0.0000,0.0000
78.624,-0.0000,0.0000,0.0000,-0.0000,0.0000,-0.0000,0.0000
78.636,-0.0000,0.0000,0.0000,-0.0000,0.0000,-0.0000,0.0000
78.648,-0.0000,0.0000,0.0000,-0.0000,0.0000,-0.0000,0.0000
78.660,-0.0000,0.0000,0.0000,-0.0000,0.0000,-0.0000,0.0000
78.672,-0.0000,0.0000,0.0000,-0.0000,0.0000,-0.0000,0.0000
78.684,-0.0000,0.0000,0.0000,-0.0000,0.0000,-0.0000,0.0000
78.696,-0.0000,0.0000,0.0000,-0.0000,0.0000,-0.0000,0.0000
78.708,-0.0000,0.0000,0.0000,-0.0000,0.0000,-0.0000,0.0000
78.720,-0.0000,0.0000,0.0000,-0.0000,0.0000,-0.0000,0.0000
78.732,-0.0000,0.0000,0.0000,-0.0000,0.0000,-0.0000,0.0000
78.744,-0.0000,0.0000,0.0000,-0.0000,0.0000,-0.0000,0.0000
78.756,-0.0000,0.0000,0.0000,-0.0000,0.0000,-0.0000,0.0000
78.768,-0.0000,0.0000,0.0000,-0.0000,0.0000,-0.0000,0.0000
78.780,-0.0000,0.0000,0.0000,-0.0000,0.0000,-0.0000,0.0000
78.792,-0.0000,0.0000,0.0000,-0.0000,0.0000,-0.0000,0.0000
78.804,-0.0000,0.0000,0.0000,-0.0000,0.0000,-0.0000,0.0000
78.816,-0.0000,0.0000,0.0000,-0.0000,0.0000,-0.0000,0.0000
78.828,-0.0000,0.0000,0.0000,-0.0000,0.0000,-0.0000,0.0000
78.840,-0.0000,0.0000,0.0000,-0.0000,0.0000,-0.0000,0.0000
78.852,-0.0000,0.0000,0.0000,-0.0000,0.0000,-0.0000,0.0000
78.864,-0.0000,0.0000,0.0000,-0.0000,0.0000,-0.0000,0.0000
78.876,-0.0000,0.0000,0.0000,-0.0000,0.0000,-0.0000,0.0000
78.888,-0.0000,0.0000,0.0000,-0.0000,0.0000,-0.0000,0.0000
78.900,-0.0000,0.0000,0.0000,-0.0000,0.0000,-0.0000,0.0000
78.912,-0.0000,0.0000,0.0000,-0.0000,0.0000,-0.0000,0.0000
78.924,-0.0000,0.0000,0.0000,-0.0000,0.0000,-0.0000,0.0000
78.936,-0.0000,0.0000,0.0000,-0.0000,0.0000,-0.0000,0.0000
78.948,-0.0000,0.0000,0.0000,-0.0000,0.0000,-0.0000,0.0000
78.960,-0.0000,0.0000,0.0000,-0.0000,0.0000,-0.0000,0.0000
78.972,-0.0000,0.0000,0.0000,-0.0000,0.0000,-0.0000,0.0000
78.984,-0.0000,0.0000,0.0000,-0.0000,0.0000,-0.0000,0.0000
78.996,-0.0000,0.0000,0.0000,-0.0000,0.0000,-0.0000,0.0000
79.008,-0.0000,0.0000,0.0000,-0.0000,0.0000,-0.0000,0.0000
79.020,-0.0000,0.0000,0.0000,-0.0000,0.0000,-0.0000,0.0000
79.032,-0.0000,0.0000,0.0000,-0.0000,0.0000,-0.0000,0.0000
79.044,0.0002,0.0004,-0.0004,0.0000,0.0011,0.0002,0.0000
79.056,0.0006,0.0013,-0.0012,0.0000,0.0032,0.0006,0.0000
79.068,0.0012,0.0024,-0.0024,0.0000,0.0062,0.0012,0.0000
79.080,0.0019,0.0039,-0.0038,0.0001,0.0099,0.0019,0.0000
79.092,0.0028,0.0056,-0.0055,0.0001,0.0143,0.0028,0.0000
79.104,0.0038,0.0076,-0.0074,0.0001,0.0193,0.0038,0.0000
79.116,0.0049,0.0097,-0.0095,0.0001,0.0248,0.0049,0.0000
79.128,0.0060,0.0121,-0.0118,0.0002,0.0308,0.0060,-0.0000
79.140,0.0073,0.0146,-0.0142,0.0002,0.0372,0.0073,-0.0000
79.152,0.0086,0.0172,-0.0168,0.0002,0.0439,0.0086,-0.0000
79.164,0.0100,0.0200,-0.0194,0.0003,0.0510,0.0100,-0.0000
79.176,0.0114,0.0228,-0.0222,0.0003,0.0583,0.0114,-0.0000
79.188,0.0129,0.0258,-0.0251,0.0004,0.0659,0.0129,-0.0000
79.200,0.0144,0.0288,-0.0281,0.0004,0.0736,0.0144,-0.0000
79.212,0.0160,0.0319,-0.0311,0.0004,0.0816,0.0159,-0.0000
79.224,0.0175,0.0351,-0.0342,0.0005,0.0897,0.0175,-0.0000
79.236,0.0192,0.0383,-0.0374,0.0005,0.0980,0.0192,-0.0000
79.248,0.0208,0.0416,-0.0406,0.0006,0.1064,0.0208,-0.0000
79.260,0.0225,0.0450,-0.0438,0.0006,0.1149,0.0225,-0.0000
79.272,0.0242,0.0483,-0.0471,0.0007,0.1235,0.0241,-0.0000
79.284,0.0259,0.0517,-0.0504,0.0007,0.1322,0.0258,-0.0000
79.296,0.0276,0.0552,-0.0538,0.0008,0.1409,0.0276,-0.0000
79.308,0.0293,0.0586,-0.0571,0.0008,0.1498,0.0293,-0.0000
79.320,0.0310,0.0621,-0.0605,0.0008,0.1587,0.0310,-0.0000
79.332,0.0328,0.0656,-0.0640,0.0009,0.1676,0.0328,-0.0000
79.344,0.0345,0.0691,-0.0674,0.0009,0.1766,0.0345,-0.0000
79.356,0.0363,0.0727,-0.0708,0.0010,0.1856,0.0363,-0.0000
79.368,0.0381,0.0762,-0.0743,0.0010,0.1947,0.0381,-0.0000
79.380,0.0399,0.0798,-0.0778,0.0011,0.2038,0.0398,-0.0000
79.392,0.0416,0.0833,-0.0812,0.0011,0.2129,0.0416,-0.0000
79.404,0.0434,0.0869,-0.0847,0.0012,0.2221,0.0434,-0.0000
79.416,0.0452,0.0905,-0.0882,0.0012,0.2313,0.0452,-0.0000
79.428,0.0470,0.0941,-0.0917,0.0013,0.2405,0.0470,-0.0000
79.440,0.0488,0.0977,-0.0953,0.0013,0.2497,0.0488,-0.0000
79.452,0.0506,0.1013,-0.0988,0.0014,0.2589,0.0506,-0.0000
79.464,0.0524,0.1050,-0.1023,0.0014,0.2681,0.0524,-0.0000
79.476,0.0543,0.1086,-0.1058,0.0015,0.2774,0.0542,-0.0000
79.488,0.0561,0.1122,-0.1094,0.0015,0.2866,0.0560,-0.0000
79.500,0.0579,0.1158,-0.1129,0.0016,0.2959,0.0578,-0.0000
79.512,0.0597,0.1194,-0.1164,0.0016,0.3052,0.0597,-0.0000
79.524,0.0615,0.1231,-0.1200,0.0017,0.3144,0.0615,-0.0000
79.536,0.0633,0.1267,-0.1235,0.0017,0.3237,0.0633,-0.0000
79.548,0.0651,0.1304,-0.1271,0.0018,0.3330,0.0651,-0.0000
79.560,0.0670,0.1340,-0.1306,0.0018,0.3423,0.0669,-0.0000
79.572,0.0688,0.1376,-0.1342,0.0019,0.3516,0.0687,-0.0000
79.584,0.0706,0.1413,-0.1377,0.0019,0.3609,0.0706,-0.0000
79.596,0.0724,0.1449,-0.1413,0.0020,0.3702,0.0724,-0.0000
79.608,0.0742,0.1486,-0.1448,0.0020,0.3795,0.0742,-0.0000
79.620,0.0761,0.1522,-0.1484,0.0021,0.3889,0.0760,-0.0000
79.632,0.0779,0.1558,-0.1519,0.0021,0.3982,0.0778,-0.0000
79.644,0.0797,0.1595,-0.1555,0.0022,0.4075,0.0797,-0.0000
79.656,0.0815,0.1631,-0.1590,0.0022,0.4168,0.0815,-0.0000
79.668,0.0833,0.1668,-0.1626,0.0023,0.4261,0.0833,-0.0000
79.680,0.0852,0.1704,-0.1661,0.0023,0.4354,0.0851,-0.0000
79.692,0.0870,0.1741,-0.1697,0.0024,0.4448,0.0869,-0.0000
79.704,0.0888,0.1777,-0.1732,0.0024,0.4541,0.0888,-0.0000
79.716,0.0906,0.1814,-0.1768,0.0025,0.4634,0.0906,-0.0000
79.728,0.0925,0.1850,-0.1804,0.0025,0.4727,0.0924,-0.0000
79.740,0.0943,0.1887,-0.1839,0.0026,0.4820,0.0942,-0.0000
79.752,0.0961,0.1923,-0.1875,0.0026,0.4914,0.0961,-0.0000
79.764,0.0979,0.1960,-0.1910,0.0027,0.5007,0.0979,-0.0000
79.776,0.0998,0.1996,-0.1946,0.0027,0.5100,0.0997,-0.0000
79.788,0.1016,0.2033,-0.1982,0.0028,0.5194,0.1015,-0.0000
79.800,0.1034,0.2069,-0.2017,0.0028,0.5287,0.1033,-0.0000
79.812,0.1052,0.2106,-0.2053,0.0029,0.5380,0.1052,-0.0000
79.824,0.1071,0.2142,-0.2088,0.0029,0.5473,0.1070,-0.0000
79.836,0.1089,0.2179,-0.2124,0.0030,0.5567,0.1088,-0.0000
79.848,0.1107,0.2215,-0.2159,0.0030,0.5660,0.1106,-0.0000
79.860,0.1125,0.2252,-0.2195,0.0031,0.5753,0.1125,-0.0000
79.872,0.1144,0.2288,-0.2231,0.0031,0.5846,0.1143,-0.0000
79.884,0.1162,0.2325,-0.2266,0.0032,0.5940,0.1161,-0.0000
79.896,0.1180,0.2361,-0.2302,0.0032,0.6033,0.1179,-0.0000
79.908,0.1198,0.2398,-0.2337,0.0033,0.6126,0.1198,-0.0000
79.920,0.1217,0.2434,-0.2373,0.0033,0.6220,0.1216,-0.0000
79.932,0.1235,0.2471,-0.2409,0.0034,0.6313,0.1234,-0.0000
79.944,0.1253,0.2508,-0.2444,0.0034,0.6406,0.1252,-0.0000
79.956,0.1271,0.2544,-0.2480,0.0035,0.6499,0.1271,-0.0000
79.968,0.1289,0.2581,-0.2515,0.0035,0.6593,0.1289,-0.0000
79.980,0.1308,0.2617,-0.2551,0.0036,0.6686,0.1307,-0.0000
79.992,0.1326,0.2654,-0.2587,0.0036,0.6779,0.1325,-0.0000
80.004,0.1344,0.2690,-0.2622,0.0037,0.6873,0.1343,-0.0000
80.016,0.1362,0.2727,-0.2658,0.0037,0.6966,0.1362,-0.0000
80.028,0.1381,0.2763,-0.2693,0.0038,0.7059,0.1380,-0.0000
80.040,0.1399,0.2800,-0.2729,0.0038,0.7152,0.1398,-0.0000
80.052,0.1417,0.2836,-0.2765,0.0039,0.7246,0.1416,-0.0000
80.064,0.1435,0.2873,-0.2800,0.0039,0.7339,0.1435,-0.0000
80.076,0.1454,0.2909,-0.2836,0.0040,0.7432,0.1453,-0.0000
80.088,0.1472,0.2946,-0.2871,0.0040,0.7526,0.1471,-0.0000
80.100,0.1490,0.2982,-0.2907,0.0041,0.7619,0.1489,-0.0000
80.112,0.1508,0.3019,-0.2943,0.0041,0.7712,0.1508,-0.0000
80.124,0.1527,0.3055,-0.2978,0.0042,0.7806,0.1526,-0.0000
80.136,0.1545,0.3092,-0.3014,0.0042,0.7899,0.1544,-0.0000
80.148,0.1563,0.3128,-0.3049,0.0043,0.7992,0.1562,-0.0000
80.160,0.1581,0.3165,-0.3085,0.0043,0.8085,0.1581,-0.0000
80.172,0.1600,0.3201,-0.3120,0.0044,0.8179,0.1599,-0.0000
80.184,0.1618,0.3238,-0.3156,0.0044,0.8272,0.1617,-0.0000
80.196,0.1636,0.3274,-0.3192,0.0045,0.8365,0.1635,-0.0000
80.208,0.1654,0.3311,-0.3227,0.0045,0.8459,0.1653,-0.0000
80.220,0.1673,0.3347,-0.3263,0.0046,0.8552,0.1672,-0.0000
80.232,0.1691,0.3384,-0.3298,0.0046,0.8645,0.1690,-0.0000
80.244,0.1709,0.3420,-0.3334,0.0047,0.8738,0.1708,-0.0000
80.256,0.1727,0.3457,-0.3370,0.0047,0.8832,0.1726,-0.0000
80.268,0.1746,0.3493,-0.3405,0.0047,0.8925,0.1745,-0.0000
80.280,0.1764,0.3530,-0.3441,0.0048,0.9018,0.1763,-0.0000
80.292,0.1782,0.3566,-0.3476,0.0048,0.9112,0.1781,-0.0000
80.304,0.1800,0.3603,-0.3512,0.0049,0.9205,0.1799,-0.0000
80.316,0.1819,0.3640,-0.3548,0.0049,0.9298,0.1818,-0.0000
80.328,0.1837,0.3676,-0.3583,0.0050,0.9391,0.1836,-0.0000
80.340,0.1855,0.3713,-0.3619,0.0050,0.9485,0.1854,-0.0000
80.352,0.1873,0.3749,-0.3654,0.0051,0.9578,0.1872,-0.0000
80.364,0.1892,0.3786,-0.3690,0.0051,0.9671,0.1891,-0.0000
80.376,0.1910,0.3822,-0.3726,0.0052,0.9765,0.1909,-0.0000
80.388,0.1928,0.3859,-0.3761,0.0052,0.9858,0.1927,-0.0000
80.400,0.1946,0.3895,-0.3797,0.0053,0.9951,0.1945,-0.0000
80.412,0.1965,0.3932,-0.3832,0.0053,1.0045,0.1964,-0.0000
80.424,0.1983,0.3968,-0.3868,0.0054,1.0138,0.1982,-0.0000
80.436,0.2001,0.4005,-0.3904,0.0054,1.0231,0.2000,-0.0000
80.448,0.2019,0.4041,-0.3939,0.0055,1.0324,0.2018,-0.0000
80.460,0.2038,0.4078,-0.3975,0.0055,1.0418,0.2036,-0.0000
80.472,0.2056,0.4114,-0.4010,0.0056,1.0511,0.2055,-0.0000
80.484,0.2074,0.4151,-0.4046,0.0056,1.0604,0.2073,-0.0000
80.496,0.2092,0.4187,-0.4082,0.0057,1.0698,0.2091,-0.0000
80.508,0.2111,0.4224,-0.4117,0.0057,1.0791,0.2109,-0.0000
80.520,0.2129,0.4260,-0.4153,0.0058,1.0884,0.2128,-0.0000
80.532,0.2147,0.4297,-0.4188,0.0058,1.0977,0.2146,-0.0000
80.544,0.2165,0.4333,-0.4224,0.0059,1.1071,0.2164,-0.0000
80.556,0.2184,0.4370,-0.4260,0.0059,1.1164,0.2182,-0.0000
80.568,0.2202,0.4406,-0.4295,0.0060,1.1257,0.2201,-0.0000
80.580,0.2220,0.4443,-0.4331,0.0060,1.1351,0.2219,-0.0000
80.592,0.2238,0.4479,-0.4366,0.0061,1.1444,0.2237,-0.0000
80.604,0.2257,0.4516,-0.4402,0.0061,1.1537,0.2255,-0.0000
80.616,0.2275,0.4552,-0.4438,0.0062,1.1631,0.2274,-0.0000
80.628,0.2293,0.4589,-0.4473,0.0062,1.1724,0.2292,-0.0000
80.640,0.2311,0.4625,-0.4509,0.0063,1.1817,0.2310,-0.0000
80.652,0.2330,0.4662,-0.4544,0.0063,1.1910,0.2328,-0.0000
80.664,0.2348,0.4698,-0.4580,0.0064,1.2004,0.2346,-0.0000
80.676,0.2366,0.4735,-0.4615,0.0064,1.2097,0.2365,-0.0000
80.688,0.2384,0.4772,-0.4651,0.0065,1.2190,0.2383,-0.0000
80.700,0.2403,0.4808,-0.4687,0.0065,1.2284,0.2401,-0.0000
80.712,0.2421,0.4845,-0.4722,0.0066,1.2377,0.2419,-0.0000
80.724,0.2439,0.4881,-0.4758,0.0066,1.2470,0.2438,-0.0000
80.736,0.2457,0.4918,-0.4793,0.0067,1.2563,0.2456,-0.0000
80.748,0.2476,0.4954,-0.4829,0.0067,1.2657,0.2474,-0.0000
80.760,0.2494,0.4991,-0.4865,0.0068,1.2750,0.2492,-0.0000
80.772,0.2512,0.5027,-0.4900,0.0068,1.2843,0.2511,-0.0000
80.784,0.2530,0.5064,-0.4936,0.0069,1.2937,0.2529,-0.0000
80.796,0.2549,0.5100,-0.4971,0.0069,1.3030,0.2547,-0.0000
80.808,0.2567,0.5137,-0.5007,0.0070,1.3123,0.2565,-0.0000
80.820,0.2585,0.5173,-0.5043,0.0070,1.3216,0.2584,-0.0000
80.832,0.2603,0.5210,-0.5078,0.0071,1.3310,0.2602,-0.0000
80.844,0.2622,0.5246,-0.5114,0.0071,1.3403,0.2620,-0.0000
80.856,0.2640,0.5283,-0.5149,0.0072,1.3496,0.2638,-0.0000
80.868,0.2658,0.5319,-0.5185,0.0072,1.3590,0.2657,-0.0000
80.880,0.2676,0.5356,-0.5221,0.0073,1.3683,0.2675,-0.0000
80.892,0.2695,0.5392,-0.5256,0.0073,1.3776,0.2693,-0.0000
80.904,0.2713,0.5429,-0.5292,0.0074,1.3870,0.2711,-0.0000
80.916,0.2731,0.5465,-0.5327,0.0074,1.3963,0.2729,-0.0000
80.928,0.2749,0.5502,-0.5363,0.0075,1.4056,0.2748,-0.0000
80.940,0.2768,0.5538,-0.5399,0.0075,1.4149,0.2766,-0.0000
80.952,0.2786,0.5575,-0.5434,0.0076,1.4243,0.2784,-0.0000
80.964,0.2804,0.5611,-0.5470,0.0076,1.4336,0.2802,-0.0000
80.976,0.2822,0.5648,-0.5505,0.0077,1.4429,0.2821,-0.0000
80.988,0.2841,0.5684,-0.5541,0.0077,1.4523,0.2839,-0.0000
81.000,0.2859,0.5721,-0.5577,0.0078,1.4616,0.2857,-0.0000
81.012,0.2877,0.5757,-0.5612,0.0078,1.4709,0.2875,-0.0000
81.024,0.2895,0.5794,-0.5648,0.0079,1.4802,0.2894,-0.0000
81.036,0.2913,0.5829,-0.5682,0.0079,1.4892,0.2911,-0.0000
81.048,0.2928,0.5860,-0.5712,0.0080,1.4971,0.2927,-0.0000
81.060,0.2942,0.5887,-0.5738,0.0080,1.5040,0.2940,-0.0000
81.072,0.2954,0.5911,-0.5762,0.0080,1.5101,0.2952,-0.0000
81.084,0.2964,0.5932,-0.5782,0.0081,1.5155,0.2962,-0.0000
81.096,0.2973,0.5950,-0.5800,0.0081,1.5202,0.2972,-0.0000
81.108,0.2982,0.5967,-0.5816,0.0081,1.5244,0.2980,-0.0000
81.120,0.2989,0.5981,-0.5830,0.0081,1.5280,0.2987,-0.0000
81.132,0.2995,0.5994,-0.5842,0.0081,1.5313,0.2993,-0.0000
81.144,0.3001,0.6005,-0.5853,0.0082,1.5341,0.2999,-0.0000
81.156,0.3005,0.6015,-0.5863,0.0082,1.5366,0.3004,-0.0000
81.168,0.3010,0.6023,-0.5871,0.0082,1.5388,0.3008,-0.0000
81.180,0.3010,0.6023,-0.5871,0.0082,1.5388,0.3008,-0.0000
81.192,0.3010,0.6026,-0.5870,0.0082,1.5384,0.3008,-0.0000
81.204,0.3011,0.6030,-0.5867,0.0082,1.5377,0.3009,-0.0000
81.216,0.3012,0.6037,-0.5863,0.0082,1.5368,0.3011,-0.0000
81.228,0.3014,0.6045,-0.5858,0.0081,1.5355,0.3012,-0.0000
81.240,0.3016,0.6055,-0.5852,0.0081,1.5341,0.3014,-0.0000
81.252,0.3018,0.6066,-0.5845,0.0081,1.5325,0.3016,-0.0000
81.264,0.3020,0.6078,-0.5838,0.0081,1.5307,0.3018,-0.0000
81.276,0.3023,0.6091,-0.5830,0.0080,1.5287,0.3021,-0.0000
81.288,0.3026,0.6105,-0.5822,0.0080,1.5266,0.3024,-0.0000
81.300,0.3029,0.6120,-0.5813,0.0080,1.5245,0.3026,-0.0000
81.312,0.3032,0.6135,-0.5804,0.0079,1.5222,0.3029,-0.0000
81.324,0.3035,0.6151,-0.5794,0.0079,1.5198,0.3032,-0.0000
81.336,0.3038,0.6168,-0.5784,0.0079,1.5173,0.3035,-0.0000
81.348,0.3041,0.6185,-0.5774,0.0078,1.5148,0.3039,-0.0000
81.360,0.3045,0.6202,-0.5763,0.0078,1.5122,0.3042,-0.0000
81.372,0.3048,0.6220,-0.5752,0.0078,1.5095,0.3045,-0.0000
81.384,0.3052,0.6238,-0.5741,0.0077,1.5068,0.3049,-0.0000
81.396,0.3055,0.6257,-0.5730,0.0077,1.5041,0.3052,-0.0000
81.408,0.3059,0.6275,-0.5719,0.0076,1.5013,0.3056,-0.0000
81.420,0.3063,0.6294,-0.5708,0.0076,1.4985,0.3060,-0.0000
81.432,0.3066,0.6313,-0.5696,0.0076,1.4957,0.3063,-0.0000
81.444,0.3070,0.6333,-0.5684,0.0075,1.4928,0.3067,-0.0000
81.456,0.3074,0.6352,-0.5673,0.0075,1.4899,0.3070,-0.0000
81.468,0.3078,0.6371,-0.5661,0.0074,1.4870,0.3074,-0.0000
81.480,0.3082,0.6391,-0.5649,0.0074,1.4841,0.3078,-0.0000
81.492,0.3085,0.6411,-0.5637,0.0074,1.4812,0.3082,-0.0000
81.504,0.3089,0.6431,-0.5625,0.0073,1.4782,0.3085,-0.0000
81.516,0.3093,0.6451,-0.5613,0.0073,1.4753,0.3089,-0.0000
81.528,0.3097,0.6471,-0.5601,0.0072,1.4723,0.3093,-0.0000
81.540,0.3101,0.6491,-0.5589,0.0072,1.4693,0.3097,-0.0000
81.552,0.3105,0.6511,-0.5577,0.0071,1.4663,0.3101,-0.0000
81.564,0.3109,0.6531,-0.5565,0.0071,1.4633,0.3104,-0.0000
81.576,0.3113,0.6551,-0.5553,0.0070,1.4603,0.3108,-0.0000
81.588,0.3117,0.6571,-0.5540,0.0070,1.4573,0.3112,-0.0000
81.600,0.3121,0.6591,-0.5528,0.0070,1.4543,0.3116,-0.0000
81.612,0.3125,0.6612,-0.5516,0.0069,1.4513,0.3120,-0.0000
81.624,0.3129,0.6632,-0.5504,0.0069,1.4483,0.3124,-0.0000
81.636,0.3133,0.6652,-0.5491,0.0068,1.4453,0.3128,-0.0000
81.648,0.3137,0.6673,-0.5479,0.0068,1.4423,0.3131,-0.0000
81.660,0.3141,0.6693,-0.5467,0.0067,1.4392,0.3135,-0.0000
81.672,0.3145,0.6713,-0.5455,0.0067,1.4362,0.3139,-0.0000
81.684,0.3149,0.6734,-0.5442,0.0067,1.4332,0.3143,-0.0000
81.696,0.3153,0.6754,-0.5430,0.0066,1.4301,0.3147,-0.0000
81.708,0.3157,0.6775,-0.5418,0.0066,1.4271,0.3151,-0.0000
81.720,0.3160,0.6795,-0.5405,0.0065,1.4241,0.3155,-0.0000
81.732,0.3164,0.6815,-0.5393,0.0065,1.4210,0.3159,-0.0000
81.744,0.3168,0.6836,-0.5381,0.0064,1.4180,0.3162,-0.0000
81.756,0.3172,0.6856,-0.5368,0.0064,1.4150,0.3166,-0.0000
81.768,0.3176,0.6877,-0.5356,0.0063,1.4119,0.3170,-0.0000
81.780,0.3180,0.6897,-0.5344,0.0063,1.4089,0.3174,-0.0000
81.792,0.3184,0.6918,-0.5331,0.0063,1.4059,0.3178,-0.0000
81.804,0.3188,0.6938,-0.5319,0.0062,1.4028,0.3182,-0.0000
81.816,0.3192,0.6959,-0.5307,0.0062,1.3998,0.3186,-0.0000
81.828,0.3196,0.6979,-0.5294,0.0061,1.3967,0.3190,-0.0000
81.840,0.3200,0.6999,-0.5282,0.0061,1.3937,0.3194,-0.0000
81.852,0.3204,0.7020,-0.5270,0.0060,1.3907,0.3197,-0.0000
81.864,0.3208,0.7040,-0.5257,0.0060,1.3876,0.3201,-0.0000
81.876,0.3212,0.7061,-0.5245,0.0059,1.3846,0.3205,-0.0000
81.888,0.3216,0.7081,-0.5233,0.0059,1.3815,0.3209,-0.0000
81.900,0.3220,0.7102,-0.5220,0.0059,1.3785,0.3213,-0.0000
81.912,0.3224,0.7122,-0.5208,0.0058,1.3754,0.3217,-0.0000
81.924,0.3228,0.7143,-0.5196,0.0058,1.3724,0.3221,-0.0000
81.936,0.3232,0.7163,-0.5183,0.0057,1.3694,0.3225,-0.0000
81.948,0.3236,0.7184,-0.5171,0.0057,1.3663,0.3229,-0.0000
81.960,0.3240,0.7204,-0.5158,0.0056,1.3633,0.3232,-0.0000
81.972,0.3244,0.7225,-0.5146,0.0056,1.3602,0.3236,-0.0000
81.984,0.3248,0.7245,-0.5134,0.0055,1.3572,0.3240,-0.0000
81.996,0.3252,0.7266,-0.5121,0.0055,1.3542,0.3244,-0.0000
82.008,0.3256,0.7286,-0.5109,0.0055,1.3511,0.3248,-0.0000
82.020,0.3260,0.7307,-0.5097,0.0054,1.3481,0.3252,-0.0000
82.032,0.3264,0.7327,-0.5084,0.0054,1.3450,0.3256,-0.0000
82.044,0.3268,0.7348,-0.5072,0.0053,1.3420,0.3260,-0.0000
82.056,0.3272,0.7368,-0.5060,0.0053,1.3389,0.3264,-0.0000
82.068,0.3276,0.7388,-0.5047,0.0052,1.3359,0.3267,-0.0000
82.080,0.3280,0.7409,-0.5035,0.0052,1.3328,0.3271,-0.0000
82.092,0.3284,0.7429,-0.5023,0.0051,1.3298,0.3275,-0.0000
82.104,0.3288,0.7450,-0.5010,0.0051,1.3268,0.3279,-0.0000
82.116,0.3292,0.7470,-0.4998,0.0051,1.3237,0.3283,-0.0000
82.128,0.3296,0.7491,-0.4985,0.0050,1.3207,0.3287,-0.0000
82.140,0.3300,0.7511,-0.4973,0.0050,1.3176,0.3291,-0.0000
82.152,0.3304,0.7532,-0.4961,0.0049,1.3146,0.3295,-0.0000
82.164,0.3308,0.7552,-0.4948,0.0049,1.3115,0.3299,-0.0000
82.176,0.3312,0.7573,-0.4936,0.0048,1.3085,0.3302,-0.0000
82.188,0.3316,0.7593,-0.4924,0.0048,1.3055,0.3306,-0.0000
82.200,0.3320,0.7614,-0.4911,0.0048,1.3024,0.3310,-0.0000
82.212,0.3324,0.7634,-0.4899,0.0047,1.2994,0.3314,-0.0000
82.224,0.3328,0.7655,-0.4887,0.0047,1.2963,0.3318,-0.0000
82.236,0.3332,0.7675,-0.4874,0.0046,1.2933,0.3322,-0.0000
82.248,0.3336,0.7696,-0.4862,0.0046,1.2902,0.3326,-0.0000
82.260,0.3340,0.7716,-0.4850,0.0045,1.2872,0.3330,-0.0000
82.272,0.3344,0.7737,-0.4837,0.0045,1.2842,0.3334,-0.0000
82.284,0.3348,0.7757,-0.4825,0.0044,1.2811,0.3337,-0.0000
82.296,0.3352,0.7778,-0.4812,0.0044,1.2781,0.3341,-0.0000
82.308,0.3356,0.7798,-0.4800,0.0044,1.2750,0.3345,-0.0000
82.320,0.3360,0.7819,-0.4788,0.0043,1.2720,0.3349,-0.0000
82.332,0.3364,0.7839,-0.4775,0.0043,1.2689,0.3353,-0.0000
82.344,0.3368,0.7860,-0.4763,0.0042,1.2659,0.3357,-0.0000
82.356,0.3372,0.7880,-0.4751,0.0042,1.2629,0.3361,-0.0000
82.368,0.3376,0.7900,-0.4738,0.0041,1.2598,0.3365,-0.0000
82.380,0.3380,0.7921,-0.4726,0.0041,1.2568,0.3369,-0.0000
82.392,0.3384,0.7939,-0.4715,0.0040,1.2541,0.3372,-0.0000
82.404,0.3387,0.7955,-0.4706,0.0040,1.2517,0.3375,-0.0000
82.416,0.3390,0.7969,-0.4697,0.0040,1.2497,0.3378,-0.0000
82.428,0.3392,0.7981,-0.4690,0.0040,1.2478,0.3380,-0.0000
82.440,0.3394,0.7992,-0.4683,0.0039,1.2462,0.3382,-0.0000
82.452,0.3396,0.8001,-0.4677,0.0039,1.2448,0.3384,-0.0000
82.464,0.3398,0.8010,-0.4672,0.0039,1.2436,0.3385,-0.0005
82.476,0.3399,0.8017,-0.4668,0.0039,1.2425,0.3387,-0.0015
82.488,0.3400,0.8024,-0.4664,0.0039,1.2415,0.3388,-0.0029
82.500,0.3402,0.8029,-0.4661,0.0039,1.2407,0.3389,-0.0047
82.512,0.3403,0.8034,-0.4658,0.0038,1.2399,0.3390,-0.0068
82.524,0.3403,0.8039,-0.4655,0.0038,1.2393,0.3391,-0.0091
82.536,0.3404,0.8043,-0.4653,0.0038,1.2387,0.3392,-0.0117
82.548,0.3405,0.8046,-0.4651,0.0038,1.2382,0.3392,-0.0145
82.560,0.3405,0.8049,-0.4649,0.0038,1.2377,0.3393,-0.0175
82.572,0.3406,0.8052,-0.4647,0.0038,1.2373,0.3393,-0.0207
82.584,0.3406,0.8054,-0.4646,0.0038,1.2370,0.3394,-0.0240
82.596,0.3407,0.8056,-0.4644,0.0038,1.2367,0.3394,-0.0275
82.608,0.3407,0.8058,-0.4643,0.0038,1.2364,0.3395,-0.0311
82.620,0.3407,0.8059,-0.4642,0.0038,1.2362,0.3395,-0.0347
82.632,0.3408,0.8061,-0.4642,0.0038,1.2360,0.3395,-0.0385
82.644,0.3408,0.8062,-0.4641,0.0038,1.2358,0.3395,-0.0423
82.656,0.3408,0.8063,-0.4640,0.0038,1.2356,0.3396,-0.0462
82.668,0.3408,0.8064,-0.4640,0.0038,1.2355,0.3396,-0.0502
82.680,0.3409,0.8065,-0.4639,0.0038,1.2354,0.3396,-0.0542
82.692,0.3409,0.8066,-0.4639,0.0038,1.2353,0.3396,-0.0582
82.704,0.3409,0.8066,-0.4638,0.0038,1.2352,0.3396,-0.0623
82.716,0.3409,0.8067,-0.4638,0.0038,1.2351,0.3396,-0.0665
82.728,0.3409,0.8067,-0.4638,0.0038,1.2350,0.3396,-0.0706
82.740,0.3409,0.8068,-0.4637,0.0038,1.2349,0.3397,-0.0748
82.752,0.3409,0.8068,-0.4637,0.0038,1.2349,0.3397,-0.0791
82.764,0.3409,0.8069,-0.4637,0.0038,1.2348,0.3397,-0.0833
82.776,0.3409,0.8069,-0.4637,0.0038,1.2348,0.3397,-0.0876
82.788,0.3409,0.8069,-0.4637,0.0038,1.2347,0.3397,-0.0918
82.800,0.3409,0.8069,-0.4636,0.0038,1.2347,0.3397,-0.0961
82.812,0.3409,0.8070,-0.4636,0.0038,1.2347,0.3397,-0.1004
82.824,0.3409,0.8070,-0.4636,0.0038,1.2346,0.3397,-0.1047
82.836,0.3409,0.8070,-0.4636,0.0038,1.2346,0.3397,-0.1091
82.848,0.3410,0.8070,-0.4636,0.0038,1.2346,0.3397,-0.1134
82.860,0.3410,0.8070,-0.4636,0.0038,1.2346,0.3397,-0.1178
82.872,0.3410,0.8070,-0.4636,0.0038,1.2346,0.3397,-0.1221
82.884,0.3410,0.8070,-0.4636,0.0038,1.2346,0.3397,-0.1265
82.896,0.3410,0.8071,-0.4636,0.0038,1.2345,0.3397,-0.1308
82.908,0.3410,0.8071,-0.4636,0.0038,1.2345,0.3397,-0.1352
82.920,0.3410,0.8071,-0.4636,0.0038,1.2345,0.3397,-0.1396
82.932,0.3410,0.8071,-0.4636,0.0038,1.2345,0.3397,-0.1439
82.944,0.3410,0.8071,-0.4636,0.0038,1.2345,0.3397,-0.1483
82.956,0.3410,0.8071,-0.4636,0.0038,1.2345,0.3397,-0.1527
82.968,0.3410,0.8071,-0.4636,0.0038,1.2345,0.3397,-0.1571
82.980,0.3410,0.8071,-0.4636,0.0038,1.2345,0.3397,-0.1614
82.992,0.3410,0.8071,-0.4636,0.0038,1.2345,0.3397,-0.1658
83.004,0.3410,0.8071,-0.4635,0.0038,1.2345,0.3397,-0.1702
83.016,0.3410,0.8071,-0.4635,0.0038,1.2345,0.3397,-0.1746
83.028,0.3410,0.8071,-0.4635,0.0038,1.2345,0.3397,-0.1790
83.040,0.3410,0.8066,-0.4635,0.0038,1.2347,0.3397,-0.1834
83.052,0.3410,0.8060,-0.4635,0.0038,1.2352,0.3397,-0.1878
83.064,0.3410,0.8055,-0.4635,0.0038,1.2356,0.3397,-0.1922
83.076,0.3410,0.8049,-0.4635,0.0038,1.2360,0.3397,-0.1966
83.088,0.3410,0.8044,-0.4635,0.0038,1.2364,0.3397,-0.2010
83.100,0.3410,0.8038,-0.4635,0.0038,1.2368,0.3397,-0.2054
83.112,0.3410,0.8033,-0.4635,0.0038,1.2373,0.3397,-0.2098
83.124,0.3410,0.8027,-0.4635,0.0038,1.2377,0.3397,-0.2142
83.136,0.3410,0.8022,-0.4635,0.0038,1.2381,0.3397,-0.2186
83.148,0.3410,0.8016,-0.4635,0.0038,1.2385,0.3397,-0.2230
83.160,0.3410,0.8011,-0.4635,0.0038,1.2389,0.3397,-0.2274
83.172,0.3410,0.8005,-0.4635,0.0038,1.2393,0.3397,-0.2317
83.184,0.3410,0.8000,-0.4635,0.0038,1.2397,0.3397,-0.2361
83.196,0.3410,0.7994,-0.4635,0.0038,1.2401,0.3397,-0.2405
83.208,0.3410,0.7989,-0.4635,0.0038,1.2405,0.3397,-0.2449
83.220,0.3410,0.7983,-0.4635,0.0038,1.2409,0.3397,-0.2493
83.232,0.3410,0.7978,-0.4635,0.0038,1.2413,0.3397,-0.2537
83.244,0.3410,0.7973,-0.4635,0.0038,1.2417,0.3397,-0.2581
83.256,0.3410,0.7967,-0.4635,0.0038,1.2421,0.3397,-0.2625
83.268,0.3410,0.7962,-0.4635,0.0038,1.2425,0.3397,-0.2669
83.280,0.3410,0.7956,-0.4635,0.0038,1.2429,0.3397,-0.2713
83.292,0.3410,0.7951,-0.4635,0.0038,1.2433,0.3397,-0.2757
83.304,0.3410,0.7946,-0.4635,0.0038,1.2437,0.3397,-0.2801
83.316,0.3410,0.7941,-0.4635,0.0038,1.2441,0.3397,-0.2845
83.328,0.3410,0.7935,-0.4635,0.0038,1.2444,0.3397,-0.2889
83.340,0.3410,0.7930,-0.4635,0.0038,1.2448,0.3397,-0.2933
83.352,0.3410,0.7925,-0.4635,0.0038,1.2452,0.3397,-0.2977
83.364,0.3410,0.7920,-0.4635,0.0038,1.2456,0.3397,-0.3021
83.376,0.3410,0.7914,-0.4635,0.0038,1.2460,0.3397,-0.3065
83.388,0.3410,0.7909,-0.4635,0.0038,1.2463,0.3397,-0.3109
83.400,0.3410,0.7904,-0.4635,0.0038,1.2467,0.3397,-0.3153
83.412,0.3410,0.7899,-0.4635,0.0038,1.2471,0.3397,-0.3197
83.424,0.3410,0.7894,-0.4635,0.0038,1.2475,0.3397,-0.3241
83.436,0.3410,0.7889,-0.4635,0.0038,1.2478,0.3397,-0.3285
83.448,0.3410,0.7883,-0.4635,0.0038,1.2482,0.3397,-0.3329
83.460,0.3410,0.7878,-0.4635,0.0038,1.2486,0.3397,-0.3373
83.472,0.3410,0.7873,-0.4635,0.0038,1.2489,0.3397,-0.3417
83.484,0.3410,0.7868,-0.4635,0.0038,1.2493,0.3397,-0.3461
83.496,0.3410,0.7863,-0.4635,0.0038,1.2496,0.3397,-0.3505
83.508,0.3410,0.7858,-0.4635,0.0038,1.2500,0.3397,-0.3549
83.520,0.3410,0.7853,-0.4635,0.0038,1.2504,0.3397,-0.3593
83.532,0.3410,0.7848,-0.4635,0.0038,1.2507,0.3397,-0.3637
83.544,0.3410,0.7843,-0.4635,0.0038,1.2511,0.3397,-0.3681
83.556,0.3410,0.7838,-0.4635,0.0038,1.2514,0.3397,-0.3725
83.568,0.3410,0.7834,-0.4635,0.0038,1.2518,0.3397,-0.3769
83.580,0.3410,0.7829,-0.4635,0.0038,1.2521,0.3397,-0.3813
83.592,0.3410,0.7824,-0.4635,0.0038,1.2525,0.3397,-0.3857
83.604,0.3410,0.7819,-0.4635,0.0038,1.2528,0.3397,-0.3901
83.616,0.3410,0.7814,-0.4635,0.0038,1.2531,0.3397,-0.3945
83.628,0.3410,0.7809,-0.4635,0.0038,1.2535,0.3397,-0.3989
83.640,0.3410,0.7805,-0.4635,0.0038,1.2538,0.3397,-0.4033
83.652,0.3410,0.7800,-0.4635,0.0038,1.2542,0.3397,-0.4077
83.664,0.3410,0.7796,-0.4635,0.0038,1.2545,0.3397,-0.4116
83.676,0.3410,0.7792,-0.4635,0.0038,1.2548,0.3397,-0.4150
83.688,0.3409,0.7789,-0.4637,0.0038,1.2551,0.3397,-0.4180
83.700,0.3408,0.7786,-0.4640,0.0038,1.2558,0.3396,-0.4206
83.712,0.3407,0.7781,-0.4644,0.0038,1.2567,0.3395,-0.4230
83.724,0.3406,0.7774,-0.4649,0.0038,1.2579,0.3393,-0.4250
83.736,0.3404,0.7767,-0.4655,0.0038,1.2593,0.3392,-0.4268
83.748,0.3402,0.7758,-0.4662,0.0039,1.2609,0.3390,-0.4284
83.760,0.3400,0.7748,-0.4670,0.0039,1.2626,0.3388,-0.4298
83.772,0.3398,0.7737,-0.4678,0.0039,1.2645,0.3385,-0.4310
83.784,0.3395,0.7726,-0.4687,0.0039,1.2666,0.3383,-0.4321
83.796,0.3392,0.7714,-0.4696,0.0040,1.2687,0.3380,-0.4330
83.808,0.3390,0.7701,-0.4706,0.0040,1.2710,0.3378,-0.4339
83.820,0.3387,0.7688,-0.4716,0.0040,1.2733,0.3375,-0.4346
83.832,0.3384,0.7674,-0.4727,0.0041,1.2757,0.3372,-0.4353
83.844,0.3381,0.7660,-0.4738,0.0041,1.2782,0.3369,-0.4358
83.856,0.3377,0.7645,-0.4749,0.0042,1.2808,0.3366,-0.4363
83.868,0.3374,0.7631,-0.4760,0.0042,1.2834,0.3363,-0.4368
83.880,0.3371,0.7615,-0.4772,0.0042,1.2861,0.3360,-0.4372
83.892,0.3368,0.7600,-0.4783,0.0043,1.2888,0.3356,-0.4375
83.904,0.3364,0.7585,-0.4795,0.0043,1.2915,0.3353,-0.4378
83.916,0.3361,0.7569,-0.4807,0.0044,1.2943,0.3350,-0.4381
83.928,0.3358,0.7553,-0.4819,0.0044,1.2971,0.3346,-0.4383
83.940,0.3354,0.7537,-0.4831,0.0044,1.2999,0.3343,-0.4385
83.952,0.3351,0.7521,-0.4844,0.0045,1.3027,0.3340,-0.4387
83.964,0.3347,0.7505,-0.4856,0.0045,1.3056,0.3336,-0.4388
83.976,0.3344,0.7488,-0.4868,0.0046,1.3085,0.3333,-0.4390
83.988,0.3340,0.7472,-0.4881,0.0046,1.3114,0.3329,-0.4391
84.000,0.3336,0.7455,-0.4893,0.0047,1.3143,0.3326,-0.4392
84.012,0.3333,0.7439,-0.4906,0.0047,1.3172,0.3322,-0.4393
84.024,0.3329,0.7422,-0.4919,0.0047,1.3201,0.3319,-0.4394
84.036,0.3326,0.7405,-0.4931,0.0048,1.3230,0.3315,-0.4395
84.048,0.3322,0.7389,-0.4944,0.0048,1.3260,0.3312,-0.4395
84.060,0.3318,0.7372,-0.4957,0.0049,1.3289,0.3308,-0.4396
84.072,0.3315,0.7355,-0.4970,0.0049,1.3319,0.3305,-0.4396
84.084,0.3311,0.7338,-0.4983,0.0050,1.3349,0.3301,-0.4397
84.096,0.3307,0.7321,-0.4995,0.0050,1.3378,0.3298,-0.4397
84.108,0.3304,0.7304,-0.5008,0.0051,1.3408,0.3294,-0.4397
84.120,0.3300,0.7287,-0.5021,0.0051,1.3438,0.3291,-0.4398
84.132,0.3296,0.7270,-0.5034,0.0051,1.3468,0.3287,-0.4398
84.144,0.3293,0.7253,-0.5047,0.0052,1.3498,0.3284,-0.4398
84.156,0.3289,0.7236,-0.5060,0.0052,1.3527,0.3280,-0.4398
84.168,0.3286,0.7219,-0.5073,0.0053,1.3557,0.3277,-0.4399
84.180,0.3282,0.7202,-0.5085,0.0053,1.3587,0.3273,-0.4399
84.192,0.3278,0.7185,-0.5098,0.0054,1.3617,0.3269,-0.4399
84.204,0.3275,0.7168,-0.5111,0.0054,1.3647,0.3266,-0.4399
84.216,0.3271,0.7151,-0.5124,0.0055,1.3677,0.3262,-0.4399
84.228,0.3267,0.7134,-0.5137,0.0055,1.3707,0.3259,-0.4399
84.240,0.3263,0.7117,-0.5150,0.0056,1.3737,0.3255,-0.4399
84.252,0.3260,0.7100,-0.5163,0.0056,1.3767,0.3252,-0.4399
84.264,0.3256,0.7083,-0.5176,0.0056,1.3797,0.3248,-0.4400
84.276,0.3252,0.7066,-0.5189,0.0057,1.3827,0.3244,-0.4400
84.288,0.3249,0.7049,-0.5202,0.0057,1.3857,0.3241,-0.4400
84.300,0.3245,0.7032,-0.5215,0.0058,1.3887,0.3237,-0.4400
84.312,0.3241,0.7015,-0.5228,0.0058,1.3917,0.3234,-0.4400
84.324,0.3238,0.6998,-0.5241,0.0059,1.3947,0.3230,-0.4400
84.336,0.3234,0.6981,-0.5254,0.0059,1.3977,0.3227,-0.4400
84.348,0.3230,0.6964,-0.5267,0.0060,1.4007,0.3223,-0.4400
84.360,0.3227,0.6946,-0.5280,0.0060,1.4037,0.3219,-0.4400
84.372,0.3223,0.6929,-0.5293,0.0060,1.4067,0.3216,-0.4400
84.384,0.3219,0.6912,-0.5306,0.0061,1.4097,0.3212,-0.4400
84.396,0.3216,0.6895,-0.5319,0.0061,1.4127,0.3209,-0.4400
84.408,0.3212,0.6878,-0.5332,0.0062,1.4157,0.3205,-0.4400
84.420,0.3208,0.6861,-0.5345,0.0062,1.4187,0.3202,-0.4400
84.432,0.3205,0.6844,-0.5357,0.0063,1.4217,0.3198,-0.4400
84.444,0.3201,0.6827,-0.5370,0.0063,1.4247,0.3194,-0.4400
84.456,0.3197,0.6810,-0.5383,0.0064,1.4277,0.3191,-0.4400
84.468,0.3194,0.6793,-0.5396,0.0064,1.4307,0.3187,-0.4400
84.480,0.3190,0.6776,-0.5409,0.0065,1.4337,0.3184,-0.4400
84.492,0.3186,0.6758,-0.5422,0.0065,1.4367,0.3180,-0.4400
84.504,0.3182,0.6741,-0.5435,0.0065,1.4397,0.3177,-0.4400
84.516,0.3179,0.6724,-0.5448,0.0066,1.4427,0.3173,-0.4400
84.528,0.3175,0.6707,-0.5461,0.0066,1.4457,0.3169,-0.4400
84.540,0.3171,0.6690,-0.5474,0.0067,1.4487,0.3166,-0.4400
84.552,0.3168,0.6673,-0.5487,0.0067,1.4517,0.3162,-0.4400
84.564,0.3164,0.6656,-0.5500,0.0068,1.4547,0.3159,-0.4400
84.576,0.3160,0.6639,-0.5513,0.0068,1.4578,0.3155,-0.4400
84.588,0.3157,0.6622,-0.5526,0.0069,1.4608,0.3152,-0.4400
84.600,0.3153,0.6605,-0.5539,0.0069,1.4638,0.3148,-0.4400
84.612,0.3149,0.6588,-0.5552,0.0070,1.4668,0.3144,-0.4400
84.624,0.3146,0.6570,-0.5565,0.0070,1.4698,0.3141,-0.4400
84.636,0.3142,0.6553,-0.5578,0.0070,1.4728,0.3137,-0.4400
84.648,0.3138,0.6536,-0.5591,0.0071,1.4758,0.3134,-0.4400
84.660,0.3135,0.6519,-0.5604,0.0071,1.4788,0.3130,-0.4400
84.672,0.3131,0.6502,-0.5617,0.0072,1.4818,0.3127,-0.4400
84.684,0.3127,0.6485,-0.5630,0.0072,1.4848,0.3123,-0.4400
84.696,0.3124,0.6468,-0.5643,0.0073,1.4878,0.3119,-0.4400
84.708,0.3120,0.6451,-0.5656,0.0073,1.4908,0.3116,-0.4400
84.720,0.3116,0.6434,-0.5669,0.0074,1.4938,0.3112,-0.4400
84.732,0.3112,0.6417,-0.5682,0.0074,1.4968,0.3109,-0.4400
84.744,0.3109,0.6400,-0.5695,0.0074,1.4998,0.3105,-0.4400
84.756,0.3105,0.6382,-0.5708,0.0075,1.5028,0.3101,-0.4400
84.768,0.3101,0.6365,-0.5721,0.0075,1.5058,0.3098,-0.4400
84.780,0.3098,0.6348,-0.5734,0.0076,1.5088,0.3094,-0.4400
84.792,0.3094,0.6331,-0.5747,0.0076,1.5118,0.3091,-0.4400
84.804,0.3090,0.6314,-0.5760,0.0077,1.5148,0.3087,-0.4400
84.816,0.3087,0.6297,-0.5773,0.0077,1.5178,0.3084,-0.4400
84.828,0.3083,0.6280,-0.5785,0.0078,1.5208,0.3080,-0.4400
84.840,0.3079,0.6263,-0.5798,0.0078,1.5238,0.3076,-0.4400
84.852,0.3076,0.6246,-0.5811,0.0079,1.5268,0.3073,-0.4400
84.864,0.3072,0.6229,-0.5824,0.0079,1.5298,0.3069,-0.4400
84.876,0.3068,0.6211,-0.5837,0.0079,1.5329,0.3066,-0.4400
84.888,0.3065,0.6196,-0.5849,0.0080,1.5355,0.3063,-0.4400
84.900,0.3062,0.6183,-0.5859,0.0080,1.5378,0.3060,-0.4400
84.912,0.3060,0.6172,-0.5868,0.0080,1.5399,0.3057,-0.4400
84.924,0.3057,0.6161,-0.5875,0.0081,1.5417,0.3055,-0.4400
84.936,0.3057,0.6161,-0.5875,0.0081,1.5417,0.3055,-0.4400
84.948,0.3059,0.6162,-0.5880,0.0081,1.5421,0.3057,-0.4400
84.960,0.3063,0.6163,-0.5890,0.0080,1.5430,0.3060,-0.4400
84.972,0.3068,0.6164,-0.5903,0.0079,1.5442,0.3065,-0.4400
84.984,0.3074,0.6165,-0.5920,0.0079,1.5457,0.3071,-0.4400
84.996,0.3081,0.6167,-0.5939,0.0078,1.5474,0.3078,-0.4400
85.008,0.3089,0.6169,-0.5962,0.0077,1.5495,0.3086,-0.4400
85.020,0.3098,0.6171,-0.5986,0.0076,1.5517,0.3095,-0.4400
85.032,0.3108,0.6174,-0.6013,0.0074,1.5541,0.3105,-0.4400
85.044,0.3118,0.6176,-0.6041,0.0073,1.5567,0.3115,-0.4400
85.056,0.3129,0.6179,-0.6071,0.0072,1.5594,0.3126,-0.4400
85.068,0.3141,0.6182,-0.6103,0.0070,1.5622,0.3137,-0.4400
85.080,0.3153,0.6185,-0.6136,0.0069,1.5652,0.3149,-0.4400
85.092,0.3165,0.6188,-0.6169,0.0067,1.5682,0.3161,-0.4400
85.104,0.3178,0.6191,-0.6204,0.0065,1.5713,0.3173,-0.4400
85.116,0.3191,0.6194,-0.6239,0.0064,1.5746,0.3186,-0.4400
85.128,0.3204,0.6197,-0.6276,0.0062,1.5778,0.3199,-0.4400
85.140,0.3217,0.6201,-0.6313,0.0060,1.5812,0.3212,-0.4400
85.152,0.3231,0.6204,-0.6350,0.0059,1.5845,0.3226,-0.4400
85.164,0.3245,0.6208,-0.6388,0.0057,1.5880,0.3240,-0.4400
85.176,0.3259,0.6211,-0.6426,0.0055,1.5914,0.3253,-0.4400
85.188,0.3273,0.6215,-0.6465,0.0053,1.5950,0.3267,-0.4400
85.200,0.3288,0.6218,-0.6504,0.0051,1.5985,0.3281,-0.4400
85.212,0.3302,0.6222,-0.6544,0.0049,1.6020,0.3296,-0.4400
85.224,0.3316,0.6225,-0.6583,0.0048,1.6056,0.3310,-0.4400
85.236,0.3331,0.6229,-0.6623,0.0046,1.6092,0.3324,-0.4400
85.248,0.3346,0.6232,-0.6663,0.0044,1.6129,0.3339,-0.4400
85.260,0.3361,0.6236,-0.6704,0.0042,1.6165,0.3353,-0.4400
85.272,0.3375,0.6240,-0.6744,0.0040,1.6202,0.3368,-0.4400
85.284,0.3390,0.6243,-0.6785,0.0038,1.6238,0.3382,-0.4400
85.296,0.3405,0.6247,-0.6826,0.0036,1.6275,0.3397,-0.4400
85.308,0.3420,0.6251,-0.6866,0.0034,1.6312,0.3412,-0.4400
85.320,0.3435,0.6254,-0.6907,0.0032,1.6349,0.3426,-0.4400
85.332,0.3450,0.6258,-0.6948,0.0030,1.6386,0.3441,-0.4400
85.344,0.3465,0.6262,-0.6989,0.0029,1.6423,0.3456,-0.4400
85.356,0.3480,0.6266,-0.7031,0.0027,1.6460,0.3471,-0.4400
85.368,0.3495,0.6269,-0.7072,0.0025,1.6498,0.3486,-0.4400
85.380,0.3510,0.6273,-0.7113,0.0023,1.6535,0.3501,-0.4400
85.392,0.3525,0.6277,-0.7154,0.0021,1.6572,0.3515,-0.4400
85.404,0.3541,0.6280,-0.7196,0.0019,1.6610,0.3530,-0.4400
85.416,0.3556,0.6284,-0.7237,0.0017,1.6647,0.3545,-0.4400
85.428,0.3571,0.6288,-0.7278,0.0015,1.6684,0.3560,-0.4400
85.440,0.3586,0.6292,-0.7320,0.0013,1.6722,0.3575,-0.4400
85.452,0.3601,0.6295,-0.7361,0.0011,1.6759,0.3590,-0.4400
85.464,0.3616,0.6299,-0.7403,0.0009,1.6797,0.3605,-0.4400
85.476,0.3631,0.6303,-0.7444,0.0007,1.6834,0.3620,-0.4400
85.488,0.3647,0.6307,-0.7486,0.0005,1.6872,0.3635,-0.4400
85.500,0.3662,0.6310,-0.7527,0.0003,1.6909,0.3650,-0.4400
85.512,0.3677,0.6314,-0.7569,0.0001,1.6947,0.3665,-0.4400
85.524,0.3692,0.6318,-0.7610,-0.0001,1.6984,0.3679,-0.4400
85.536,0.3707,0.6322,-0.7652,-0.0003,1.7022,0.3694,-0.4400
85.548,0.3723,0.6325,-0.7694,-0.0005,1.7059,0.3709,-0.4400
85.560,0.3738,0.6329,-0.7735,-0.0006,1.7097,0.3724,-0.4400
85.572,0.3753,0.6333,-0.7777,-0.0008,1.7135,0.3739,-0.4400
85.584,0.3768,0.6337,-0.7818,-0.0010,1.7172,0.3754,-0.4400
85.596,0.3784,0.6340,-0.7860,-0.0012,1.7210,0.3769,-0.4400
85.608,0.3799,0.6344,-0.7901,-0.0014,1.7247,0.3784,-0.4400
85.620,0.3814,0.6348,-0.7943,-0.0016,1.7285,0.3799,-0.4400
85.632,0.3829,0.6352,-0.7985,-0.0018,1.7322,0.3814,-0.4400
85.644,0.3844,0.6355,-0.8026,-0.0020,1.7360,0.3829,-0.4400
85.656,0.3860,0.6359,-0.8068,-0.0022,1.7398,0.3844,-0.4400
85.668,0.3875,0.6363,-0.8109,-0.0024,1.7435,0.3859,-0.4400
85.680,0.3890,0.6367,-0.8151,-0.0026,1.7473,0.3874,-0.4400
85.692,0.3905,0.6370,-0.8193,-0.0028,1.7510,0.3889,-0.4400
85.704,0.3921,0.6374,-0.8234,-0.0030,1.7548,0.3904,-0.4400
85.716,0.3936,0.6378,-0.8276,-0.0032,1.7586,0.3919,-0.4400
85.728,0.3951,0.6382,-0.8318,-0.0034,1.7623,0.3934,-0.4400
85.740,0.3966,0.6385,-0.8359,-0.0036,1.7661,0.3949,-0.4400
85.752,0.3981,0.6389,-0.8401,-0.0038,1.7698,0.3964,-0.4400
85.764,0.3997,0.6393,-0.8442,-0.0040,1.7736,0.3979,-0.4400
85.776,0.4012,0.6397,-0.8484,-0.0042,1.7774,0.3994,-0.4400
85.788,0.4027,0.6400,-0.8526,-0.0044,1.7811,0.4009,-0.4400
85.800,0.4042,0.6404,-0.8567,-0.0045,1.7849,0.4024,-0.4400
85.812,0.4058,0.6408,-0.8609,-0.0047,1.7886,0.4039,-0.4400
85.824,0.4073,0.6412,-0.8650,-0.0049,1.7924,0.4054,-0.4400
85.836,0.4088,0.6415,-0.8692,-0.0051,1.7962,0.4069,-0.4400
85.848,0.4103,0.6419,-0.8734,-0.0053,1.7999,0.4084,-0.4400
85.860,0.4119,0.6423,-0.8775,-0.0055,1.8037,0.4099,-0.4400
85.872,0.4134,0.6427,-0.8817,-0.0057,1.8074,0.4114,-0.4400
85.884,0.4149,0.6430,-0.8859,-0.0059,1.8112,0.4129,-0.4400
85.896,0.4164,0.6434,-0.8900,-0.0061,1.8150,0.4144,-0.4400
85.908,0.4179,0.6438,-0.8942,-0.0063,1.8187,0.4159,-0.4400
85.920,0.4195,0.6442,-0.8983,-0.0065,1.8225,0.4174,-0.4400
85.932,0.4210,0.6445,-0.9025,-0.0067,1.8263,0.4188,-0.4400
85.944,0.4224,0.6449,-0.9063,-0.0069,1.8297,0.4202,-0.4400
85.956,0.4236,0.6452,-0.9097,-0.0070,1.8328,0.4214,-0.4400
85.968,0.4247,0.6455,-0.9127,-0.0072,1.8354,0.4225,-0.4400
85.980,0.4257,0.6457,-0.9153,-0.0073,1.8378,0.4234,-0.4400
85.992,0.4265,0.6459,-0.9176,-0.0074,1.8399,0.4243,-0.4400
86.004,0.4272,0.6461,-0.9196,-0.0075,1.8417,0.4250,-0.4400
86.016,0.4279,0.6463,-0.9214,-0.0076,1.8433,0.4256,-0.4400
86.028,0.4285,0.6464,-0.9229,-0.0077,1.8447,0.4262,-0.4400
86.040,0.4285,0.6464,-0.9229,-0.0077,1.8447,0.4262,-0.4400
86.052,0.4275,0.6464,-0.9230,-0.0077,1.8447,0.4262,-0.4400
86.064,0.4257,0.6464,-0.9230,-0.0077,1.8447,0.4262,-0.4400
86.076,0.4231,0.6464,-0.9230,-0.0077,1.8448,0.4262,-0.4400
86.088,0.4199,0.6464,-0.9230,-0.0077,1.8448,0.4262,-0.4400
86.100,0.4161,0.6464,-0.9231,-0.0077,1.8448,0.4262,-0.4400
86.112,0.4117,0.6464,-0.9231,-0.0077,1.8448,0.4263,-0.4400
86.124,0.4070,0.6464,-0.9231,-0.0077,1.8449,0.4263,-0.4400
86.136,0.4018,0.6464,-0.9232,-0.0077,1.8449,0.4263,-0.4400
86.148,0.3963,0.6464,-0.9232,-0.0077,1.8450,0.4263,-0.4400
86.160,0.3904,0.6464,-0.9233,-0.0077,1.8450,0.4263,-0.4400
86.172,0.3843,0.6464,-0.9233,-0.0077,1.8451,0.4263,-0.4400
86.184,0.3780,0.6464,-0.9234,-0.0077,1.8451,0.4264,-0.4400
86.196,0.3715,0.6464,-0.9234,-0.0077,1.8452,0.4264,-0.4400
86.208,0.3647,0.6464,-0.9235,-0.0077,1.8452,0.4264,-0.4400
86.220,0.3578,0.6464,-0.9235,-0.0077,1.8453,0.4264,-0.4400
86.232,0.3508,0.6465,-0.9236,-0.0077,1.8453,0.4264,-0.4400
86.244,0.3437,0.6465,-0.9237,-0.0077,1.8454,0.4265,-0.4400
86.256,0.3364,0.6465,-0.9237,-0.0077,1.8454,0.4265,-0.4400
86.268,0.3290,0.6465,-0.9238,-0.0077,1.8455,0.4265,-0.4400
86.280,0.3216,0.6465,-0.9239,-0.0077,1.8455,0.4265,-0.4400
86.292,0.3140,0.6465,-0.9239,-0.0077,1.8456,0.4266,-0.4400
86.304,0.3065,0.6465,-0.9240,-0.0077,1.8457,0.4266,-0.4400
86.316,0.2988,0.6465,-0.9241,-0.0077,1.8457,0.4266,-0.4400
86.328,0.2911,0.6465,-0.9241,-0.0077,1.8458,0.4266,-0.4400
86.340,0.2834,0.6465,-0.9242,-0.0077,1.8458,0.4266,-0.4400
86.352,0.2756,0.6465,-0.9242,-0.0077,1.8459,0.4267,-0.4400
86.364,0.2678,0.6465,-0.9243,-0.0077,1.8460,0.4267,-0.4400
86.376,0.2599,0.6465,-0.9244,-0.0077,1.8460,0.4267,-0.4400
86.388,0.2520,0.6465,-0.9245,-0.0077,1.8461,0.4267,-0.4400
86.400,0.2441,0.6465,-0.9245,-0.0077,1.8461,0.4268,-0.4400
86.412,0.2362,0.6465,-0.9246,-0.0077,1.8462,0.4268,-0.4400
86.424,0.2283,0.6465,-0.9247,-0.0077,1.8463,0.4268,-0.4400
86.436,0.2203,0.6466,-0.9247,-0.0077,1.8463,0.4268,-0.4400
86.448,0.2123,0.6466,-0.9248,-0.0077,1.8464,0.4269,-0.4400
86.460,0.2043,0.6466,-0.9249,-0.0077,1.8464,0.4269,-0.4400
86.472,0.1963,0.6466,-0.9249,-0.0077,1.8465,0.4269,-0.4400
86.484,0.1883,0.6466,-0.9250,-0.0077,1.8466,0.4269,-0.4400
86.496,0.1803,0.6466,-0.9251,-0.0078,1.8466,0.4270,-0.4400
86.508,0.1723,0.6466,-0.9251,-0.0078,1.8467,0.4270,-0.4400
86.520,0.1643,0.6466,-0.9252,-0.0078,1.8468,0.4270,-0.4400
86.532,0.1562,0.6466,-0.9253,-0.0078,1.8468,0.4270,-0.4400
86.544,0.1482,0.6466,-0.9253,-0.0078,1.8469,0.4271,-0.4400
86.556,0.1402,0.6466,-0.9254,-0.0078,1.8469,0.4271,-0.4400
86.568,0.1321,0.6466,-0.9255,-0.0078,1.8470,0.4271,-0.4400
86.580,0.1241,0.6466,-0.9255,-0.0078,1.8471,0.4271,-0.4400
86.592,0.1160,0.6466,-0.9256,-0.0078,1.8471,0.4272,-0.4400
86.604,0.1080,0.6466,-0.9257,-0.0078,1.8472,0.4272,-0.4400
86.616,0.0999,0.6466,-0.9257,-0.0078,1.8472,0.4272,-0.4400
86.628,0.0918,0.6467,-0.9258,-0.0078,1.8473,0.4272,-0.4400
86.640,0.0838,0.6467,-0.9259,-0.0078,1.8474,0.4273,-0.4400
86.652,0.0757,0.6467,-0.9260,-0.0078,1.8474,0.4273,-0.4400
86.664,0.0676,0.6467,-0.9260,-0.0078,1.8475,0.4273,-0.4400
86.676,0.0596,0.6467,-0.9261,-0.0078,1.8476,0.4273,-0.4400
86.688,0.0515,0.6467,-0.9262,-0.0078,1.8476,0.4274,-0.4400
86.700,0.0434,0.6467,-0.9262,-0.0078,1.8477,0.4274,-0.4400
86.712,0.0354,0.6467,-0.9263,-0.0078,1.8477,0.4274,-0.4400
86.724,0.0273,0.6467,-0.9264,-0.0078,1.8478,0.4274,-0.4400
86.736,0.0192,0.6467,-0.9264,-0.0078,1.8479,0.4275,-0.4400
86.748,0.0112,0.6467,-0.9265,-0.0078,1.8479,0.4275,-0.4400
86.760,0.0031,0.6467,-0.9266,-0.0078,1.8480,0.4275,-0.4400
86.772,-0.0050,0.6467,-0.9266,-0.0078,1.8481,0.4275,-0.4400
86.784,-0.0131,0.6467,-0.9267,-0.0078,1.8481,0.4276,-0.4400
86.796,-0.0211,0.6467,-0.9268,-0.0078,1.8482,0.4276,-0.4400
86.808,-0.0292,0.6467,-0.9268,-0.0078,1.8482,0.4276,-0.4400
86.820,-0.0373,0.6467,-0.9269,-0.0078,1.8483,0.4276,-0.4400
86.832,-0.0454,0.6468,-0.9270,-0.0078,1.8484,0.4277,-0.4400
86.844,-0.0534,0.6468,-0.9271,-0.0078,1.8484,0.4277,-0.4400
86.856,-0.0615,0.6468,-0.9271,-0.0078,1.8485,0.4277,-0.4400
86.868,-0.0696,0.6468,-0.9272,-0.0079,1.8486,0.4277,-0.4400
86.880,-0.0777,0.6468,-0.9273,-0.0079,1.8486,0.4278,-0.4400
86.892,-0.0857,0.6468,-0.9273,-0.0079,1.8487,0.4278,-0.4400
86.904,-0.0938,0.6468,-0.9274,-0.0079,1.8487,0.4278,-0.4400
86.916,-0.1019,0.6468,-0.9275,-0.0079,1.8488,0.4278,-0.4400
86.928,-0.1100,0.6468,-0.9275,-0.0079,1.8489,0.4279,-0.4400
86.940,-0.1180,0.6468,-0.9276,-0.0079,1.8489,0.4279,-0.4400
86.952,-0.1261,0.6468,-0.9277,-0.0079,1.8490,0.4279,-0.4400
86.964,-0.1342,0.6468,-0.9277,-0.0079,1.8490,0.4279,-0.4400
86.976,-0.1423,0.6468,-0.9278,-0.0079,1.8491,0.4280,-0.4400
86.988,-0.1503,0.6468,-0.9279,-0.0079,1.8492,0.4280,-0.4400
87.000,-0.1584,0.6468,-0.9280,-0.0079,1.8492,0.4280,-0.4400
87.012,-0.1665,0.6468,-0.9280,-0.0079,1.8493,0.4280,-0.4400
87.024,-0.1746,0.6469,-0.9281,-0.0079,1.8494,0.4281,-0.4400
87.036,-0.1827,0.6469,-0.9282,-0.0079,1.8494,0.4281,-0.4400
87.048,-0.1907,0.6469,-0.9282,-0.0079,1.8495,0.4281,-0.4400
87.060,-0.1988,0.6469,-0.9283,-0.0079,1.8495,0.4281,-0.4400
87.072,-0.2069,0.6469,-0.9284,-0.0079,1.8496,0.4282,-0.4400
87.084,-0.2150,0.6469,-0.9284,-0.0079,1.8497,0.4282,-0.4400
87.096,-0.2230,0.6469,-0.9285,-0.0079,1.8497,0.4282,-0.4400
87.108,-0.2311,0.6469,-0.9286,-0.0079,1.8498,0.4282,-0.4400
87.120,-0.2392,0.6469,-0.9286,-0.0079,1.8499,0.4282,-0.4400
87.132,-0.2473,0.6469,-0.9287,-0.0079,1.8499,0.4283,-0.4400
87.144,-0.2553,0.6469,-0.9288,-0.0079,1.8500,0.4283,-0.4400
87.156,-0.2634,0.6469,-0.9288,-0.0079,1.8500,0.4283,-0.4400
87.168,-0.2715,0.6469,-0.9289,-0.0079,1.8501,0.4283,-0.4400
87.180,-0.2796,0.6469,-0.9290,-0.0079,1.8502,0.4284,-0.4400
87.192,-0.2876,0.6469,-0.9291,-0.0079,1.8502,0.4284,-0.4400
87.204,-0.2957,0.6469,-0.9291,-0.0079,1.8503,0.4284,-0.4400
87.216,-0.3038,0.6470,-0.9292,-0.0079,1.8504,0.4284,-0.4400
87.228,-0.3119,0.6470,-0.9293,-0.0079,1.8504,0.4285,-0.4400
87.240,-0.3200,0.6470,-0.9293,-0.0080,1.8505,0.4285,-0.4400
87.252,-0.3280,0.6470,-0.9294,-0.0080,1.8505,0.4285,-0.4400
87.264,-0.3361,0.6470,-0.9295,-0.0080,1.8506,0.4285,-0.4400
87.276,-0.3442,0.6470,-0.9295,-0.0080,1.8507,0.4286,-0.4400
87.288,-0.3523,0.6470,-0.9296,-0.0080,1.8507,0.4286,-0.4400
87.300,-0.3603,0.6470,-0.9297,-0.0080,1.8508,0.4286,-0.4400
87.312,-0.3684,0.6470,-0.9297,-0.0080,1.8509,0.4286,-0.4400
87.324,-0.3765,0.6470,-0.9298,-0.0080,1.8509,0.4287,-0.4400
87.336,-0.3846,0.6470,-0.9299,-0.0080,1.8510,0.4287,-0.4400
87.348,-0.3926,0.6470,-0.9299,-0.0080,1.8510,0.4287,-0.4400
87.360,-0.4007,0.6470,-0.9300,-0.0080,1.8511,0.4287,-0.4400
87.372,-0.4088,0.6470,-0.9301,-0.0080,1.8512,0.4288,-0.4400
87.384,-0.4169,0.6470,-0.9302,-0.0080,1.8512,0.4288,-0.4400
87.396,-0.4249,0.6470,-0.9302,-0.0080,1.8513,0.4288,-0.4400
87.408,-0.4330,0.6471,-0.9303,-0.0080,1.8514,0.4288,-0.4400
87.420,-0.4411,0.6471,-0.9304,-0.0080,1.8514,0.4289,-0.4400
87.432,-0.4492,0.6471,-0.9304,-0.0080,1.8515,0.4289,-0.4400
87.444,-0.4573,0.6471,-0.9305,-0.0080,1.8515,0.4289,-0.4400
87.456,-0.4653,0.6471,-0.9306,-0.0080,1.8516,0.4289,-0.4400
87.468,-0.4734,0.6471,-0.9306,-0.0080,1.8517,0.4290,-0.4400
87.480,-0.4815,0.6471,-0.9307,-0.0080,1.8517,0.4290,-0.4400
87.492,-0.4896,0.6471,-0.9308,-0.0080,1.8518,0.4290,-0.4400
87.504,-0.4976,0.6471,-0.9308,-0.0080,1.8518,0.4290,-0.4400
87.516,-0.5057,0.6471,-0.9309,-0.0080,1.8519,0.4291,-0.4400
87.528,-0.5138,0.6471,-0.9310,-0.0080,1.8520,0.4291,-0.4400
87.540,-0.5219,0.6471,-0.9310,-0.0080,1.8520,0.4291,-0.4400
87.552,-0.5299,0.6471,-0.9311,-0.0080,1.8521,0.4291,-0.4400
87.564,-0.5380,0.6471,-0.9312,-0.0080,1.8522,0.4292,-0.4400
87.576,-0.5461,0.6471,-0.9313,-0.0080,1.8522,0.4292,-0.4400
87.588,-0.5542,0.6471,-0.9313,-0.0080,1.8523,0.4292,-0.4400
87.600,-0.5622,0.6472,-0.9314,-0.0080,1.8523,0.4292,-0.4400
87.612,-0.5703,0.6472,-0.9315,-0.0081,1.8524,0.4293,-0.4400
87.624,-0.5784,0.6472,-0.9315,-0.0081,1.8525,0.4293,-0.4400
87.636,-0.5865,0.6472,-0.9316,-0.0081,1.8525,0.4293,-0.4400
87.648,-0.5946,0.6472,-0.9317,-0.0081,1.8526,0.4293,-0.4400
87.660,-0.6026,0.6472,-0.9317,-0.0081,1.8527,0.4294,-0.4400
87.672,-0.6107,0.6472,-0.9318,-0.0081,1.8527,0.4294,-0.4400
87.684,-0.6188,0.6472,-0.9319,-0.0081,1.8528,0.4294,-0.4400
87.696,-0.6269,0.6472,-0.9319,-0.0081,1.8528,0.4294,-0.4400
87.708,-0.6349,0.6472,-0.9320,-0.0081,1.8529,0.4295,-0.4400
87.720,-0.6430,0.6472,-0.9321,-0.0081,1.8530,0.4295,-0.4400
87.732,-0.6511,0.6472,-0.9322,-0.0081,1.8530,0.4295,-0.4400
87.744,-0.6592,0.6472,-0.9322,-0.0081,1.8531,0.4295,-0.4400
87.756,-0.6672,0.6472,-0.9323,-0.0081,1.8532,0.4296,-0.4400
87.768,-0.6753,0.6472,-0.9324,-0.0081,1.8532,0.4296,-0.4400
87.780,-0.6834,0.6472,-0.9324,-0.0081,1.8533,0.4296,-0.4400
87.792,-0.6915,0.6473,-0.9325,-0.0081,1.8533,0.4296,-0.4400
87.804,-0.6995,0.6473,-0.9326,-0.0081,1.8534,0.4297,-0.4400
87.816,-0.7076,0.6473,-0.9326,-0.0081,1.8535,0.4297,-0.4400
87.828,-0.7157,0.6473,-0.9327,-0.0081,1.8535,0.4297,-0.4400
87.840,-0.7238,0.6473,-0.9328,-0.0081,1.8536,0.4297,-0.4400
87.852,-0.7319,0.6473,-0.9328,-0.0081,1.8537,0.4298,-0.4400
87.864,-0.7399,0.6473,-0.9329,-0.0081,1.8537,0.4298,-0.4400
87.876,-0.7480,0.6473,-0.9330,-0.0081,1.8538,0.4298,-0.4400
87.888,-0.7561,0.6473,-0.9330,-0.0081,1.8538,0.4298,-0.4400
87.900,-0.7642,0.6473,-0.9331,-0.0081,1.8539,0.4299,-0.4400
87.912,-0.7722,0.6473,-0.9332,-0.0081,1.8540,0.4299,-0.4400
87.924,-0.7803,0.6473,-0.9333,-0.0081,1.8540,0.4299,-0.4400
87.936,-0.7884,0.6473,-0.9333,-0.0081,1.8541,0.4299,-0.4400
87.948,-0.7965,0.6473,-0.9334,-0.0081,1.8542,0.4300,-0.4400
87.960,-0.8045,0.6473,-0.9335,-0.0081,1.8542,0.4300,-0.4400
87.972,-0.8126,0.6473,-0.9335,-0.0081,1.8543,0.4300,-0.4400
87.984,-0.8207,0.6474,-0.9336,-0.0082,1.8543,0.4300,-0.4400
87.996,-0.8288,0.6474,-0.9337,-0.0082,1.8544,0.4301,-0.4400
88.008,-0.8368,0.6474,-0.9337,-0.0082,1.8545,0.4301,-0.4400
88.020,-0.8449,0.6474,-0.9338,-0.0082,1.8545,0.4301,-0.4400
88.032,-0.8530,0.6474,-0.9339,-0.0082,1.8546,0.4301,-0.4400
88.044,-0.8608,0.6474,-0.9339,-0.0082,1.8546,0.4302,-0.4400
88.056,-0.8676,0.6474,-0.9340,-0.0082,1.8547,0.4302,-0.4400
88.068,-0.8736,0.6474,-0.9340,-0.0082,1.8547,0.4302,-0.4400
88.080,-0.8789,0.6474,-0.9341,-0.0082,1.8548,0.4302,-0.4400
88.092,-0.8835,0.6474,-0.9341,-0.0082,1.8548,0.4302,-0.4400
88.104,-0.8876,0.6474,-0.9342,-0.0082,1.8549,0.4302,-0.4400
88.116,-0.8912,0.6474,-0.9342,-0.0082,1.8549,0.4302,-0.4400
88.128,-0.8944,0.6474,-0.9342,-0.0082,1.8549,0.4303,-0.4400
88.140,-0.8972,0.6474,-0.9342,-0.0082,1.8549,0.4303,-0.4400
88.152,-0.8996,0.6474,-0.9343,-0.0082,1.8549,0.4303,-0.4400
88.164,-0.9018,0.6474,-0.9343,-0.0082,1.8550,0.4303,-0.4400
88.176,-0.9037,0.6474,-0.9343,-0.0082,1.8550,0.4303,-0.4400
88.188,-0.9037,0.6474,-0.9343,-0.0082,1.8550,0.4303,-0.4400
88.200,-0.9037,0.6475,-0.9341,-0.0082,1.8548,0.4291,-0.4400
88.212,-0.9037,0.6476,-0.9338,-0.0082,1.8544,0.4268,-0.4400
88.224,-0.9037,0.6477,-0.9334,-0.0082,1.8538,0.4236,-0.4400
88.236,-0.9038,0.6479,-0.9329,-0.0082,1.8531,0.4195,-0.4400
88.248,-0.9038,0.6481,-0.9322,-0.0082,1.8523,0.4147,-0.4400
88.260,-0.9039,0.6484,-0.9315,-0.0082,1.8513,0.4093,-0.4400
88.272,-0.9040,0.6486,-0.9307,-0.0082,1.8503,0.4034,-0.4400
88.284,-0.9040,0.6489,-0.9298,-0.0082,1.8491,0.3969,-0.4400
88.296,-0.9041,0.6492,-0.9289,-0.0082,1.8479,0.3900,-0.4400
88.308,-0.9042,0.6496,-0.9279,-0.0081,1.8466,0.3827,-0.4400
88.320,-0.9042,0.6499,-0.9269,-0.0081,1.8453,0.3750,-0.4400
88.332,-0.9043,0.6503,-0.9258,-0.0081,1.8439,0.3671,-0.4400
88.344,-0.9044,0.6506,-0.9247,-0.0081,1.8425,0.3589,-0.4400
88.356,-0.9045,0.6510,-0.9236,-0.0081,1.8410,0.3505,-0.4400
88.368,-0.9046,0.6514,-0.9224,-0.0081,1.8395,0.3419,-0.4400
88.380,-0.9047,0.6518,-0.9212,-0.0081,1.8379,0.3331,-0.4400
88.392,-0.9048,0.6522,-0.9200,-0.0081,1.8364,0.3241,-0.4400
88.404,-0.9049,0.6526,-0.9188,-0.0081,1.8348,0.3150,-0.4400
88.416,-0.9050,0.6530,-0.9176,-0.0081,1.8331,0.3058,-0.4400
88.428,-0.9051,0.6534,-0.9163,-0.0081,1.8315,0.2965,-0.4400
88.440,-0.9052,0.6539,-0.9150,-0.0081,1.8299,0.2870,-0.4400
88.452,-0.9053,0.6543,-0.9138,-0.0081,1.8282,0.2775,-0.4400
88.464,-0.9054,0.6547,-0.9125,-0.0080,1.8265,0.2680,-0.4400
88.476,-0.9055,0.6551,-0.9112,-0.0080,1.8248,0.2583,-0.4400
88.488,-0.9056,0.6556,-0.9099,-0.0080,1.8231,0.2486,-0.4400
88.500,-0.9057,0.6560,-0.9086,-0.0080,1.8214,0.2389,-0.4400
88.512,-0.9058,0.6565,-0.9072,-0.0080,1.8197,0.2291,-0.4400
88.524,-0.9059,0.6569,-0.9059,-0.0080,1.8180,0.2192,-0.4400
88.536,-0.9060,0.6573,-0.9046,-0.0080,1.8162,0.2094,-0.4400
88.548,-0.9061,0.6578,-0.9033,-0.0080,1.8145,0.1995,-0.4400
88.560,-0.9062,0.6582,-0.9019,-0.0080,1.8128,0.1896,-0.4400
88.572,-0.9063,0.6587,-0.9006,-0.0080,1.8110,0.1796,-0.4400
88.584,-0.9064,0.6591,-0.8993,-0.0080,1.8093,0.1697,-0.4400
88.596,-0.9065,0.6596,-0.8979,-0.0080,1.8075,0.1597,-0.4400
88.608,-0.9066,0.6600,-0.8966,-0.0079,1.8058,0.1497,-0.4400
88.620,-0.9067,0.6605,-0.8952,-0.0079,1.8040,0.1397,-0.4400
88.632,-0.9068,0.6609,-0.8939,-0.0079,1.8023,0.1297,-0.4400
88.644,-0.9069,0.6614,-0.8925,-0.0079,1.8005,0.1196,-0.4400
88.656,-0.9070,0.6618,-0.8912,-0.0079,1.7987,0.1096,-0.4400
88.668,-0.9071,0.6623,-0.8898,-0.0079,1.7970,0.0995,-0.4400
88.680,-0.9072,0.6627,-0.8885,-0.0079,1.7952,0.0895,-0.4400
88.692,-0.9073,0.6632,-0.8871,-0.0079,1.7935,0.0794,-0.4400
88.704,-0.9074,0.6636,-0.8858,-0.0079,1.7917,0.0693,-0.4400
88.716,-0.9075,0.6641,-0.8844,-0.0079,1.7899,0.0593,-0.4400
88.728,-0.9076,0.6646,-0.8830,-0.0079,1.7882,0.0492,-0.4400
88.740,-0.9077,0.6650,-0.8817,-0.0079,1.7864,0.0391,-0.4400
88.752,-0.9078,0.6655,-0.8803,-0.0078,1.7846,0.0290,-0.4400
88.764,-0.9079,0.6659,-0.8790,-0.0078,1.7828,0.0189,-0.4400
88.776,-0.9080,0.6664,-0.8776,-0.0078,1.7811,0.0088,-0.4400
88.788,-0.9081,0.6668,-0.8763,-0.0078,1.7793,-0.0013,-0.4400
88.800,-0.9082,0.6673,-0.8749,-0.0078,1.7775,-0.0114,-0.4400
88.812,-0.9083,0.6677,-0.8735,-0.0078,1.7758,-0.0215,-0.4400
88.824,-0.9085,0.6682,-0.8722,-0.0078,1.7740,-0.0316,-0.4400
88.836,-0.9086,0.6686,-0.8708,-0.0078,1.7722,-0.0417,-0.4400
88.848,-0.9087,0.6691,-0.8695,-0.0078,1.7705,-0.0518,-0.4400
88.860,-0.9088,0.6695,-0.8681,-0.0078,1.7687,-0.0619,-0.4400
88.872,-0.9089,0.6700,-0.8668,-0.0078,1.7669,-0.0720,-0.4400
88.884,-0.9090,0.6705,-0.8654,-0.0077,1.7651,-0.0821,-0.4400
88.896,-0.9091,0.6709,-0.8640,-0.0077,1.7634,-0.0922,-0.4400
88.908,-0.9092,0.6714,-0.8627,-0.0077,1.7616,-0.1023,-0.4400
88.920,-0.9093,0.6718,-0.8613,-0.0077,1.7598,-0.1124,-0.4400
88.932,-0.9094,0.6723,-0.8600,-0.0077,1.7580,-0.1225,-0.4400
88.944,-0.9095,0.6727,-0.8586,-0.0077,1.7563,-0.1326,-0.4400
88.956,-0.9096,0.6732,-0.8572,-0.0077,1.7545,-0.1427,-0.4400
88.968,-0.9097,0.6736,-0.8559,-0.0077,1.7527,-0.1528,-0.4400
88.980,-0.9098,0.6741,-0.8545,-0.0077,1.7510,-0.1629,-0.4400
88.992,-0.9099,0.6745,-0.8532,-0.0077,1.7492,-0.1731,-0.4400
89.004,-0.9100,0.6750,-0.8518,-0.0077,1.7474,-0.1832,-0.4400
89.016,-0.9101,0.6755,-0.8504,-0.0077,1.7456,-0.1933,-0.4400
89.028,-0.9102,0.6759,-0.8491,-0.0076,1.7439,-0.2034,-0.4400
89.040,-0.9103,0.6764,-0.8477,-0.0076,1.7421,-0.2135,-0.4400
89.052,-0.9104,0.6768,-0.8464,-0.0076,1.7403,-0.2236,-0.4400
89.064,-0.9105,0.6773,-0.8450,-0.0076,1.7385,-0.2337,-0.4400
89.076,-0.9106,0.6777,-0.8436,-0.0076,1.7368,-0.2438,-0.4400
89.088,-0.9108,0.6782,-0.8423,-0.0076,1.7350,-0.2539,-0.4400
89.100,-0.9109,0.6786,-0.8409,-0.0076,1.7332,-0.2640,-0.4400
89.112,-0.9110,0.6791,-0.8396,-0.0076,1.7315,-0.2742,-0.4400
89.124,-0.9111,0.6795,-0.8382,-0.0076,1.7297,-0.2843,-0.4400
89.136,-0.9112,0.6800,-0.8368,-0.0076,1.7279,-0.2944,-0.4400
89.148,-0.9113,0.6805,-0.8355,-0.0076,1.7261,-0.3045,-0.4400
89.160,-0.9114,0.6809,-0.8341,-0.0075,1.7244,-0.3146,-0.4400
89.172,-0.9115,0.6814,-0.8328,-0.0075,1.7226,-0.3247,-0.4400
89.184,-0.9116,0.6818,-0.8314,-0.0075,1.7208,-0.3348,-0.4400
89.196,-0.9117,0.6823,-0.8300,-0.0075,1.7190,-0.3449,-0.4400
89.208,-0.9118,0.6827,-0.8287,-0.0075,1.7173,-0.3551,-0.4400
89.220,-0.9119,0.6832,-0.8273,-0.0075,1.7155,-0.3652,-0.4400
89.232,-0.9120,0.6836,-0.8260,-0.0075,1.7137,-0.3753,-0.4400
89.244,-0.9121,0.6841,-0.8246,-0.0075,1.7120,-0.3854,-0.4400
89.256,-0.9122,0.6845,-0.8232,-0.0075,1.7102,-0.3955,-0.4400
89.268,-0.9123,0.6850,-0.8219,-0.0075,1.7084,-0.4056,-0.4400
89.280,-0.9124,0.6855,-0.8205,-0.0075,1.7066,-0.4157,-0.4400
89.292,-0.9125,0.6859,-0.8192,-0.0075,1.7049,-0.4258,-0.4400
89.304,-0.9126,0.6864,-0.8178,-0.0074,1.7031,-0.4359,-0.4400
89.316,-0.9127,0.6868,-0.8164,-0.0074,1.7013,-0.4461,-0.4400
89.328,-0.9128,0.6873,-0.8151,-0.0074,1.6995,-0.4562,-0.4400
89.340,-0.9129,0.6877,-0.8137,-0.0074,1.6978,-0.4663,-0.4400
89.352,-0.9130,0.6882,-0.8124,-0.0074,1.6960,-0.4764,-0.4400
89.364,-0.9132,0.6886,-0.8110,-0.0074,1.6942,-0.4865,-0.4400
89.376,-0.9133,0.6891,-0.8096,-0.0074,1.6925,-0.4966,-0.4400
89.388,-0.9134,0.6895,-0.8083,-0.0074,1.6907,-0.5067,-0.4400
89.400,-0.9135,0.6900,-0.8069,-0.0074,1.6889,-0.5168,-0.4400
89.412,-0.9136,0.6905,-0.8056,-0.0074,1.6871,-0.5269,-0.4400
89.424,-0.9137,0.6909,-0.8042,-0.0074,1.6854,-0.5371,-0.4400
89.436,-0.9138,0.6914,-0.8028,-0.0074,1.6836,-0.5472,-0.4400
89.448,-0.9139,0.6918,-0.8015,-0.0073,1.6818,-0.5573,-0.4400
89.460,-0.9140,0.6923,-0.8001,-0.0073,1.6800,-0.5674,-0.4400
89.472,-0.9141,0.6927,-0.7988,-0.0073,1.6783,-0.5775,-0.4400
89.484,-0.9142,0.6932,-0.7974,-0.0073,1.6765,-0.5876,-0.4400
89.496,-0.9143,0.6936,-0.7960,-0.0073,1.6747,-0.5977,-0.4400
89.508,-0.9144,0.6941,-0.7947,-0.0073,1.6729,-0.6078,-0.4400
89.520,-0.9145,0.6945,-0.7933,-0.0073,1.6712,-0.6180,-0.4400
89.532,-0.9146,0.6950,-0.7920,-0.0073,1.6694,-0.6281,-0.4400
89.544,-0.9147,0.6955,-0.7906,-0.0073,1.6676,-0.6382,-0.4400
89.556,-0.9148,0.6959,-0.7892,-0.0073,1.6659,-0.6483,-0.4400
89.568,-0.9149,0.6964,-0.7879,-0.0073,1.6641,-0.6584,-0.4400
89.580,-0.9150,0.6968,-0.7865,-0.0072,1.6623,-0.6685,-0.4400
89.592,-0.9151,0.6973,-0.7852,-0.0072,1.6605,-0.6786,-0.4400
89.604,-0.9152,0.6977,-0.7838,-0.0072,1.6588,-0.6887,-0.4400
89.616,-0.9153,0.6982,-0.7824,-0.0072,1.6570,-0.6988,-0.4400
89.628,-0.9155,0.6986,-0.7811,-0.0072,1.6552,-0.7090,-0.4400
89.640,-0.9156,0.6991,-0.7797,-0.0072,1.6534,-0.7191,-0.4400
89.652,-0.9157,0.6995,-0.7784,-0.0072,1.6517,-0.7292,-0.4400
89.664,-0.9158,0.7000,-0.7770,-0.0072,1.6499,-0.7393,-0.4400
89.676,-0.9159,0.7005,-0.7756,-0.0072,1.6481,-0.7494,-0.4400
89.688,-0.9160,0.7009,-0.7743,-0.0072,1.6464,-0.7595,-0.4400
89.700,-0.9161,0.7014,-0.7729,-0.0072,1.6446,-0.7696,-0.4400
89.712,-0.9162,0.7018,-0.7716,-0.0072,1.6428,-0.7797,-0.4400
89.724,-0.9163,0.7023,-0.7702,-0.0071,1.6410,-0.7899,-0.4400
89.736,-0.9164,0.7027,-0.7688,-0.0071,1.6393,-0.8000,-0.4400
89.748,-0.9165,0.7032,-0.7675,-0.0071,1.6375,-0.8101,-0.4400
89.760,-0.9166,0.7036,-0.7661,-0.0071,1.6357,-0.8202,-0.4400
89.772,-0.9167,0.7041,-0.7648,-0.0071,1.6339,-0.8303,-0.4400
89.784,-0.9168,0.7045,-0.7634,-0.0071,1.6322,-0.8404,-0.4400
89.796,-0.9169,0.7050,-0.7622,-0.0071,1.6305,-0.8497,-0.4400
89.808,-0.9170,0.7053,-0.7611,-0.0071,1.6291,-0.8579,-0.4400
89.820,-0.9171,0.7057,-0.7601,-0.0071,1.6278,-0.8651,-0.4400
89.832,-0.9171,0.7059,-0.7592,-0.0071,1.6267,-0.8714,-0.4400
89.844,-0.9172,0.7062,-0.7585,-0.0071,1.6257,-0.8770,-0.4400
89.856,-0.9172,0.7064,-0.7578,-0.0071,1.6249,-0.8819,-0.4400
89.868,-0.9173,0.7066,-0.7572,-0.0071,1.6241,-0.8862,-0.4400
89.880,-0.9173,0.7068,-0.7567,-0.0071,1.6235,-0.8901,-0.4400
89.892,-0.9174,0.7069,-0.7563,-0.0071,1.6229,-0.8934,-0.4400
89.904,-0.9174,0.7071,-0.7559,-0.0071,1.6224,-0.8963,-0.4400
89.916,-0.9174,0.7072,-0.7555,-0.0070,1.6219,-0.8989,-0.4400
89.928,-0.9174,0.7073,-0.7552,-0.0070,1.6215,-0.9012,-0.4400
89.940,-0.9174,0.7073,-0.7552,-0.0070,1.6215,-0.9012,-0.4400
89.952,-0.9175,0.7074,-0.7549,-0.0070,1.6211,-0.9012,-0.4400
89.964,-0.9175,0.7076,-0.7543,-0.0070,1.6203,-0.9013,-0.4400
89.976,-0.9175,0.7078,-0.7535,-0.0070,1.6192,-0.9014,-0.4400
89.988,-0.9175,0.7082,-0.7525,-0.0070,1.6179,-0.9015,-0.4400
90.000,-0.9176,0.7086,-0.7513,-0.0070,1.6163,-0.9016,-0.4400
90.012,-0.9176,0.7091,-0.7499,-0.0070,1.6144,-0.9017,-0.4400
90.024,-0.9177,0.7096,-0.7483,-0.0070,1.6124,-0.9019,-0.4400
90.036,-0.9178,0.7101,-0.7467,-0.0070,1.6102,-0.9020,-0.4400
90.048,-0.9178,0.7107,-0.7449,-0.0070,1.6079,-0.9022,-0.4400
90.060,-0.9179,0.7113,-0.7430,-0.0070,1.6054,-0.9024,-0.4400
90.072,-0.9180,0.7120,-0.7411,-0.0070,1.6028,-0.9025,-0.4400
90.084,-0.9181,0.7126,-0.7391,-0.0070,1.6001,-0.9027,-0.4400
90.096,-0.9181,0.7133,-0.7370,-0.0070,1.5974,-0.9029,-0.4400
90.108,-0.9182,0.7140,-0.7348,-0.0070,1.5945,-0.9031,-0.4400
90.120,-0.9183,0.7148,-0.7326,-0.0070,1.5916,-0.9033,-0.4400
90.132,-0.9184,0.7155,-0.7303,-0.0070,1.5886,-0.9036,-0.4400
90.144,-0.9185,0.7163,-0.7280,-0.0070,1.5856,-0.9038,-0.4400
90.156,-0.9186,0.7170,-0.7257,-0.0070,1.5825,-0.9040,-0.4400
90.168,-0.9187,0.7178,-0.7233,-0.0070,1.5794,-0.9042,-0.4400
90.180,-0.9188,0.7186,-0.7210,-0.0069,1.5763,-0.9044,-0.4400
90.192,-0.9189,0.7194,-0.7185,-0.0069,1.5731,-0.9047,-0.4400
90.204,-0.9190,0.7202,-0.7161,-0.0069,1.5699,-0.9049,-0.4400
90.216,-0.9190,0.7210,-0.7137,-0.0069,1.5666,-0.9051,-0.4400
90.228,-0.9191,0.7218,-0.7112,-0.0069,1.5634,-0.9054,-0.4400
90.240,-0.9192,0.7227,-0.7087,-0.0069,1.5601,-0.9056,-0.4400
90.252,-0.9193,0.7235,-0.7062,-0.0069,1.5568,-0.9058,-0.4400
90.264,-0.9194,0.7243,-0.7037,-0.0069,1.5535,-0.9061,-0.4400
90.276,-0.9195,0.7252,-0.7012,-0.0069,1.5501,-0.9063,-0.4400
90.288,-0.9196,0.7260,-0.6987,-0.0069,1.5468,-0.9065,-0.4400
90.300,-0.9197,0.7268,-0.6961,-0.0069,1.5435,-0.9068,-0.4400
90.312,-0.9198,0.7277,-0.6936,-0.0069,1.5401,-0.9070,-0.4400
90.324,-0.9199,0.7285,-0.6910,-0.0069,1.5368,-0.9073,-0.4400
90.336,-0.9200,0.7293,-0.6885,-0.0069,1.5334,-0.9075,-0.4400
90.348,-0.9201,0.7302,-0.6859,-0.0068,1.5300,-0.9078,-0.4400
90.360,-0.9202,0.7310,-0.6834,-0.0068,1.5266,-0.9080,-0.4400
90.372,-0.9203,0.7319,-0.6808,-0.0068,1.5232,-0.9082,-0.4400
90.384,-0.9204,0.7327,-0.6782,-0.0068,1.5199,-0.9085,-0.4400
90.396,-0.9205,0.7336,-0.6757,-0.0068,1.5165,-0.9087,-0.4400
90.408,-0.9206,0.7344,-0.6731,-0.0068,1.5131,-0.9090,-0.4400
90.420,-0.9207,0.7353,-0.6705,-0.0068,1.5097,-0.9092,-0.4400
90.432,-0.9208,0.7361,-0.6679,-0.0068,1.5063,-0.9094,-0.4400
90.444,-0.9209,0.7370,-0.6654,-0.0068,1.5029,-0.9097,-0.4400
90.456,-0.9210,0.7378,-0.6628,-0.0068,1.4995,-0.9099,-0.4400
90.468,-0.9211,0.7387,-0.6602,-0.0068,1.4961,-0.9102,-0.4400
90.480,-0.9212,0.7396,-0.6576,-0.0068,1.4926,-0.9104,-0.4400
90.492,-0.9213,0.7404,-0.6550,-0.0068,1.4892,-0.9107,-0.4400
90.504,-0.9214,0.7413,-0.6525,-0.0067,1.4858,-0.9109,-0.4400
90.516,-0.9215,0.7421,-0.6499,-0.0067,1.4824,-0.9112,-0.4400
90.528,-0.9216,0.7430,-0.6473,-0.0067,1.4790,-0.9114,-0.4400
90.540,-0.9217,0.7438,-0.6447,-0.0067,1.4756,-0.9116,-0.4400
90.552,-0.9218,0.7447,-0.6421,-0.0067,1.4722,-0.9119,-0.4400
90.564,-0.9219,0.7455,-0.6395,-0.0067,1.4688,-0.9121,-0.4400
90.576,-0.9220,0.7464,-0.6369,-0.0067,1.4653,-0.9124,-0.4400
90.588,-0.9221,0.7472,-0.6344,-0.0067,1.4619,-0.9126,-0.4400
90.600,-0.9222,0.7481,-0.6318,-0.0067,1.4585,-0.9129,-0.4400
90.612,-0.9223,0.7490,-0.6292,-0.0067,1.4551,-0.9131,-0.4400
90.624,-0.9224,0.7498,-0.6266,-0.0067,1.4517,-0.9133,-0.4400
90.636,-0.9225,0.7507,-0.6240,-0.0067,1.4483,-0.9136,-0.4400
90.648,-0.9226,0.7515,-0.6214,-0.0067,1.4448,-0.9138,-0.4400
90.660,-0.9227,0.7524,-0.6188,-0.0066,1.4414,-0.9141,-0.4400
90.672,-0.9228,0.7532,-0.6162,-0.0066,1.4380,-0.9143,-0.4400
90.684,-0.9229,0.7541,-0.6137,-0.0066,1.4346,-0.9146,-0.4400
90.696,-0.9230,0.7549,-0.6111,-0.0066,1.4312,-0.9148,-0.4400
90.708,-0.9231,0.7558,-0.6085,-0.0066,1.4278,-0.9151,-0.4400
90.720,-0.9232,0.7567,-0.6059,-0.0066,1.4243,-0.9153,-0.4400
90.732,-0.9233,0.7575,-0.6033,-0.0066,1.4209,-0.9155,-0.4400
90.744,-0.9234,0.7584,-0.6007,-0.0066,1.4175,-0.9158,-0.4400
90.756,-0.9235,0.7592,-0.5981,-0.0066,1.4141,-0.9160,-0.4400
90.768,-0.9236,0.7601,-0.5955,-0.0066,1.4107,-0.9163,-0.4400
90.780,-0.9237,0.7609,-0.5929,-0.0066,1.4072,-0.9165,-0.4400
90.792,-0.9238,0.7618,-0.5904,-0.0066,1.4038,-0.9168,-0.4400
90.804,-0.9239,0.7626,-0.5878,-0.0066,1.4004,-0.9170,-0.4400
90.816,-0.9240,0.7635,-0.5852,-0.0065,1.3970,-0.9173,-0.4400
90.828,-0.9241,0.7644,-0.5826,-0.0065,1.3936,-0.9175,-0.4400
90.840,-0.9242,0.7652,-0.5800,-0.0065,1.3902,-0.9177,-0.4400
90.852,-0.9243,0.7661,-0.5774,-0.0065,1.3867,-0.9180,-0.4400
90.864,-0.9244,0.7669,-0.5748,-0.0065,1.3833,-0.9182,-0.4400
90.876,-0.9245,0.7678,-0.5722,-0.0065,1.3799,-0.9185,-0.4400
90.888,-0.9246,0.7686,-0.5696,-0.0065,1.3765,-0.9187,-0.4400
90.900,-0.9247,0.7695,-0.5670,-0.0065,1.3731,-0.9190,-0.4400
90.912,-0.9248,0.7704,-0.5645,-0.0065,1.3696,-0.9192,-0.4400
90.924,-0.9249,0.7712,-0.5619,-0.0065,1.3662,-0.9195,-0.4400
90.936,-0.9250,0.7721,-0.5593,-0.0065,1.3628,-0.9197,-0.4400
90.948,-0.9251,0.7729,-0.5567,-0.0065,1.3594,-0.9199,-0.4400
90.960,-0.9252,0.7738,-0.5541,-0.0065,1.3560,-0.9202,-0.4400
90.972,-0.9253,0.7746,-0.5515,-0.0064,1.3525,-0.9204,-0.4400
90.984,-0.9254,0.7755,-0.5489,-0.0064,1.3491,-0.9207,-0.4400
90.996,-0.9255,0.7763,-0.5463,-0.0064,1.3457,-0.9209,-0.4400
91.008,-0.9256,0.7772,-0.5437,-0.0064,1.3423,-0.9212,-0.4400
91.020,-0.9257,0.7781,-0.5411,-0.0064,1.3389,-0.9214,-0.4400
91.032,-0.9258,0.7789,-0.5386,-0.0064,1.3354,-0.9217,-0.4400
91.044,-0.9259,0.7798,-0.5360,-0.0064,1.3320,-0.9219,-0.4400
91.056,-0.9260,0.7806,-0.5334,-0.0064,1.3286,-0.9221,-0.4400
91.068,-0.9261,0.7815,-0.5308,-0.0064,1.3252,-0.9224,-0.4400
91.080,-0.9262,0.7823,-0.5282,-0.0064,1.3218,-0.9226,-0.4400
91.092,-0.9263,0.7832,-0.5256,-0.0064,1.3184,-0.9229,-0.4400
91.104,-0.9264,0.7841,-0.5230,-0.0064,1.3149,-0.9231,-0.4400
91.116,-0.9265,0.7849,-0.5204,-0.0064,1.3115,-0.9234,-0.4400
91.128,-0.9266,0.7858,-0.5178,-0.0064,1.3081,-0.9236,-0.4400
91.140,-0.9267,0.7866,-0.5153,-0.0063,1.3047,-0.9239,-0.4400
91.152,-0.9268,0.7874,-0.5130,-0.0063,1.3017,-0.9241,-0.4400
91.164,-0.9269,0.7880,-0.5110,-0.0063,1.2990,-0.9243,-0.4400
91.176,-0.9270,0.7886,-0.5092,-0.0063,1.2967,-0.9244,-0.4400
91.188,-0.9270,0.7891,-0.5077,-0.0063,1.2946,-0.9246,-0.4400
91.200,-0.9271,0.7896,-0.5063,-0.0063,1.2928,-0.9247,-0.4400
91.212,-0.9271,0.7900,-0.5051,-0.0063,1.2912,-0.9248,-0.4400
91.224,-0.9272,0.7903,-0.5040,-0.0063,1.2899,-0.9249,-0.4400
91.236,-0.9272,0.7906,-0.5031,-0.0063,1.2886,-0.9250,-0.4400
91.248,-0.9272,0.7909,-0.5023,-0.0063,1.2875,-0.9251,-0.4395
91.260,-0.9273,0.7912,-0.5016,-0.0063,1.2866,-0.9251,-0.4385
91.272,-0.9273,0.7914,-0.5009,-0.0063,1.2857,-0.9252,-0.4371
91.284,-0.9273,0.7915,-0.5004,-0.0063,1.2850,-0.9253,-0.4353
91.296,-0.9273,0.7917,-0.4999,-0.0063,1.2844,-0.9253,-0.4332
91.308,-0.9273,0.7919,-0.4994,-0.0063,1.2838,-0.9253,-0.4309
91.320,-0.9274,0.7920,-0.4991,-0.0063,1.2833,-0.9254,-0.4283
91.332,-0.9274,0.7921,-0.4987,-0.0063,1.2828,-0.9254,-0.4255
91.344,-0.9274,0.7922,-0.4984,-0.0063,1.2825,-0.9254,-0.4225
91.356,-0.9274,0.7923,-0.4982,-0.0063,1.2821,-0.9255,-0.4193
91.368,-0.9274,0.7923,-0.4979,-0.0063,1.2818,-0.9255,-0.4160
91.380,-0.9274,0.7924,-0.4977,-0.0063,1.2815,-0.9255,-0.4125
91.392,-0.9274,0.7925,-0.4976,-0.0063,1.2813,-0.9255,-0.4089
91.404,-0.9274,0.7925,-0.4974,-0.0063,1.2811,-0.9255,-0.4053
91.416,-0.9274,0.7926,-0.4973,-0.0063,1.2809,-0.9256,-0.4015
91.428,-0.9274,0.7926,-0.4971,-0.0063,1.2808,-0.9256,-0.3977
91.440,-0.9274,0.7926,-0.4970,-0.0063,1.2806,-0.9256,-0.3938
91.452,-0.9274,0.7927,-0.4969,-0.0063,1.2805,-0.9256,-0.3898
91.464,-0.9274,0.7927,-0.4969,-0.0063,1.2804,-0.9256,-0.3858
91.476,-0.9274,0.7927,-0.4968,-0.0063,1.2803,-0.9256,-0.3818
91.488,-0.9274,0.7927,-0.4967,-0.0063,1.2802,-0.9256,-0.3777
91.500,-0.9274,0.7928,-0.4967,-0.0063,1.2801,-0.9256,-0.3735
91.512,-0.9275,0.7928,-0.4966,-0.0063,1.2801,-0.9256,-0.3694
91.524,-0.9275,0.7928,-0.4966,-0.0063,1.2800,-0.9256,-0.3652
91.536,-0.9275,0.7928,-0.4965,-0.0063,1.2800,-0.9256,-0.3609
91.548,-0.9275,0.7928,-0.4965,-0.0063,1.2799,-0.9256,-0.3567
91.560,-0.9275,0.7928,-0.4965,-0.0063,1.2799,-0.9256,-0.3524
91.572,-0.9275,0.7928,-0.4965,-0.0063,1.2799,-0.9256,-0.3482
91.584,-0.9275,0.7928,-0.4964,-0.0063,1.2798,-0.9256,-0.3439
91.596,-0.9275,0.7929,-0.4964,-0.0063,1.2798,-0.9256,-0.3396
91.608,-0.9275,0.7929,-0.4964,-0.0063,1.2798,-0.9256,-0.3353
91.620,-0.9275,0.7929,-0.4964,-0.0063,1.2798,-0.9256,-0.3309
91.632,-0.9275,0.7929,-0.4964,-0.0063,1.2797,-0.9256,-0.3266
91.644,-0.9275,0.7929,-0.4963,-0.0063,1.2797,-0.9256,-0.3222
91.656,-0.9275,0.7929,-0.4963,-0.0063,1.2797,-0.9256,-0.3179
91.668,-0.9275,0.7929,-0.4963,-0.0063,1.2797,-0.9256,-0.3135
91.680,-0.9275,0.7929,-0.4963,-0.0063,1.2797,-0.9256,-0.3092
91.692,-0.9275,0.7929,-0.4963,-0.0063,1.2797,-0.9256,-0.3048
91.704,-0.9275,0.7929,-0.4963,-0.0063,1.2797,-0.9256,-0.3004
91.716,-0.9275,0.7929,-0.4963,-0.0063,1.2797,-0.9256,-0.2961
91.728,-0.9275,0.7929,-0.4963,-0.0063,1.2797,-0.9256,-0.2917
91.740,-0.9275,0.7929,-0.4963,-0.0063,1.2796,-0.9256,-0.2873
91.752,-0.9275,0.7929,-0.4963,-0.0063,1.2796,-0.9256,-0.2829
91.764,-0.9275,0.7929,-0.4963,-0.0063,1.2796,-0.9256,-0.2786
91.776,-0.9275,0.7929,-0.4963,-0.0063,1.2796,-0.9256,-0.2742
91.788,-0.9275,0.7929,-0.4963,-0.0063,1.2796,-0.9256,-0.2698
91.800,-0.9275,0.7929,-0.4963,-0.0063,1.2796,-0.9256,-0.2654
91.812,-0.9275,0.7929,-0.4963,-0.0063,1.2796,-0.9256,-0.2610
91.824,-0.9275,0.7929,-0.4963,-0.0063,1.2796,-0.9256,-0.2566
91.836,-0.9275,0.7929,-0.4963,-0.0063,1.2796,-0.9256,-0.2522
91.848,-0.9275,0.7929,-0.4963,-0.0063,1.2796,-0.9256,-0.2478
91.860,-0.9275,0.7929,-0.4963,-0.0063,1.2796,-0.9256,-0.2434
91.872,-0.9275,0.7929,-0.4963,-0.0063,1.2796,-0.9256,-0.2390
91.884,-0.9275,0.7929,-0.4963,-0.0063,1.2796,-0.9256,-0.2346
91.896,-0.9275,0.7929,-0.4963,-0.0063,1.2796,-0.9256,-0.2302
91.908,-0.9275,0.7929,-0.4963,-0.0063,1.2796,-0.9256,-0.2258
91.920,-0.9275,0.7929,-0.4963,-0.0063,1.2796,-0.9256,-0.2214
91.932,-0.9275,0.7929,-0.4963,-0.0063,1.2796,-0.9256,-0.2170
91.944,-0.9275,0.7929,-0.4963,-0.0063,1.2796,-0.9256,-0.2126
91.956,-0.9275,0.7929,-0.4963,-0.0063,1.2796,-0.9256,-0.2083
91.968,-0.9275,0.7929,-0.4963,-0.0063,1.2796,-0.9256,-0.2039
91.980,-0.9275,0.7929,-0.4963,-0.0063,1.2796,-0.9256,-0.1995
91.992,-0.9275,0.7929,-0.4963,-0.0063,1.2796,-0.9256,-0.1951
92.004,-0.9275,0.7929,-0.4963,-0.0063,1.2796,-0.9256,-0.1907
92.016,-0.9275,0.7929,-0.4963,-0.0063,1.2796,-0.9256,-0.1863
92.028,-0.9275,0.7929,-0.4963,-0.0063,1.2796,-0.9256,-0.1819
92.040,-0.9275,0.7929,-0.4963,-0.0063,1.2796,-0.9256,-0.1775
92.052,-0.9275,0.7929,-0.4963,-0.0063,1.2796,-0.9256,-0.1731
92.064,-0.9275,0.7929,-0.4963,-0.0063,1.2796,-0.9256,-0.1687
92.076,-0.9275,0.7929,-0.4963,-0.0063,1.2796,-0.9256,-0.1643
92.088,-0.9275,0.7929,-0.4963,-0.0063,1.2796,-0.9256,-0.1599
92.100,-0.9275,0.7929,-0.4963,-0.0063,1.2796,-0.9256,-0.1555
92.112,-0.9275,0.7929,-0.4963,-0.0063,1.2796,-0.9256,-0.1511
92.124,-0.9275,0.7929,-0.4963,-0.0063,1.2796,-0.9256,-0.1467
92.136,-0.9275,0.7929,-0.4963,-0.0063,1.2796,-0.9256,-0.1423
92.148,-0.9275,0.7929,-0.4963,-0.0063,1.2796,-0.9256,-0.1379
92.160,-0.9275,0.7929,-0.4963,-0.0063,1.2796,-0.9256,-0.1335
92.172,-0.9275,0.7929,-0.4963,-0.0063,1.2796,-0.9256,-0.1291
92.184,-0.9275,0.7929,-0.4963,-0.0063,1.2796,-0.9256,-0.1247
92.196,-0.9275,0.7929,-0.4963,-0.0063,1.2796,-0.9256,-0.1203
92.208,-0.9275,0.7929,-0.4963,-0.0063,1.2796,-0.9256,-0.1159
92.220,-0.9275,0.7929,-0.4963,-0.0063,1.2796,-0.9256,-0.1115
92.232,-0.9275,0.7929,-0.4963,-0.0063,1.2796,-0.9256,-0.1071
92.244,-0.9275,0.7929,-0.4963,-0.0063,1.2796,-0.9256,-0.1027
92.256,-0.9275,0.7929,-0.4963,-0.0063,1.2796,-0.9256,-0.0983
92.268,-0.9275,0.7929,-0.4963,-0.0063,1.2796,-0.9256,-0.0939
92.280,-0.9275,0.7929,-0.4963,-0.0063,1.2796,-0.9256,-0.0895
92.292,-0.9275,0.7929,-0.4963,-0.0063,1.2796,-0.9256,-0.0851
92.304,-0.9275,0.7929,-0.4963,-0.0063,1.2796,-0.9256,-0.0807
92.316,-0.9275,0.7929,-0.4963,-0.0063,1.2796,-0.9256,-0.0763
92.328,-0.9275,0.7929,-0.4963,-0.0063,1.2796,-0.9256,-0.0719
92.340,-0.9275,0.7929,-0.4963,-0.0063,1.2796,-0.9256,-0.0675
92.352,-0.9275,0.7929,-0.4963,-0.0063,1.2796,-0.9256,-0.0631
92.364,-0.9275,0.7929,-0.4963,-0.0063,1.2796,-0.9256,-0.0587
92.376,-0.9275,0.7929,-0.4963,-0.0063,1.2796,-0.9256,-0.0543
92.388,-0.9275,0.7929,-0.4963,-0.0063,1.2796,-0.9256,-0.0499
92.400,-0.9275,0.7929,-0.4963,-0.0063,1.2796,-0.9256,-0.0455
92.412,-0.9275,0.7929,-0.4963,-0.0063,1.2796,-0.9256,-0.0411
92.424,-0.9275,0.7929,-0.4963,-0.0063,1.2796,-0.9256,-0.0367
92.436,-0.9275,0.7929,-0.4963,-0.0063,1.2796,-0.9256,-0.0323
92.448,-0.9275,0.7929,-0.4963,-0.0063,1.2796,-0.9256,-0.0284
92.460,-0.9275,0.7929,-0.4963,-0.0063,1.2796,-0.9256,-0.0250
92.472,-0.9275,0.7929,-0.4963,-0.0063,1.2796,-0.9256,-0.0220
92.484,-0.9275,0.7928,-0.4966,-0.0063,1.2800,-0.9256,-0.0194
92.496,-0.9274,0.7926,-0.4971,-0.0063,1.2808,-0.9256,-0.0170
92.508,-0.9274,0.7923,-0.4980,-0.0063,1.2819,-0.9256,-0.0150
92.520,-0.9274,0.7920,-0.4990,-0.0063,1.2832,-0.9256,-0.0132
92.532,-0.9273,0.7916,-0.5002,-0.0063,1.2848,-0.9255,-0.0116
92.544,-0.9273,0.7911,-0.5016,-0.0063,1.2866,-0.9255,-0.0102
92.556,-0.9272,0.7906,-0.5031,-0.0063,1.2886,-0.9254,-0.0090
92.568,-0.9271,0.7901,-0.5047,-0.0063,1.2908,-0.9254,-0.0079
92.580,-0.9271,0.7895,-0.5065,-0.0063,1.2931,-0.9253,-0.0070
92.592,-0.9270,0.7889,-0.5084,-0.0063,1.2956,-0.9253,-0.0061
92.604,-0.9269,0.7883,-0.5103,-0.0063,1.2981,-0.9252,-0.0054
92.616,-0.9268,0.7876,-0.5123,-0.0063,1.3008,-0.9252,-0.0047
92.628,-0.9268,0.7869,-0.5144,-0.0063,1.3035,-0.9251,-0.0042
92.640,-0.9267,0.7862,-0.5165,-0.0063,1.3064,-0.9250,-0.0037
92.652,-0.9266,0.7855,-0.5187,-0.0064,1.3092,-0.9250,-0.0032
92.664,-0.9265,0.7847,-0.5209,-0.0064,1.3122,-0.9249,-0.0028
92.676,-0.9264,0.7840,-0.5232,-0.0064,1.3152,-0.9248,-0.0025
92.688,-0.9263,0.7832,-0.5255,-0.0064,1.3183,-0.9248,-0.0022
92.700,-0.9263,0.7825,-0.5279,-0.0064,1.3213,-0.9247,-0.0019
92.712,-0.9262,0.7817,-0.5302,-0.0064,1.3245,-0.9246,-0.0017
92.724,-0.9261,0.7809,-0.5326,-0.0064,1.3276,-0.9246,-0.0015
92.736,-0.9260,0.7801,-0.5350,-0.0064,1.3308,-0.9245,-0.0013
92.748,-0.9259,0.7793,-0.5375,-0.0064,1.3340,-0.9244,-0.0012
92.760,-0.9258,0.7785,-0.5399,-0.0064,1.3373,-0.9243,-0.0010
92.772,-0.9257,0.7777,-0.5424,-0.0064,1.3405,-0.9243,-0.0009
92.784,-0.9256,0.7768,-0.5449,-0.0064,1.3438,-0.9242,-0.0008
92.796,-0.9255,0.7760,-0.5473,-0.0064,1.3471,-0.9241,-0.0007
92.808,-0.9254,0.7752,-0.5498,-0.0064,1.3504,-0.9240,-0.0006
92.820,-0.9253,0.7744,-0.5523,-0.0065,1.3537,-0.9240,-0.0005
92.832,-0.9252,0.7735,-0.5549,-0.0065,1.3570,-0.9239,-0.0005
92.844,-0.9251,0.7727,-0.5574,-0.0065,1.3603,-0.9238,-0.0004
92.856,-0.9250,0.7719,-0.5599,-0.0065,1.3636,-0.9237,-0.0004
92.868,-0.9249,0.7710,-0.5624,-0.0065,1.3670,-0.9237,-0.0003
92.880,-0.9248,0.7702,-0.5650,-0.0065,1.3703,-0.9236,-0.0003
92.892,-0.9247,0.7693,-0.5675,-0.0065,1.3737,-0.9235,-0.0003
92.904,-0.9246,0.7685,-0.5700,-0.0065,1.3770,-0.9234,-0.0002
92.916,-0.9245,0.7677,-0.5726,-0.0065,1.3804,-0.9234,-0.0002
92.928,-0.9244,0.7668,-0.5751,-0.0065,1.3837,-0.9233,-0.0002
92.940,-0.9243,0.7660,-0.5777,-0.0065,1.3871,-0.9232,-0.0002
92.952,-0.9242,0.7651,-0.5802,-0.0065,1.3905,-0.9231,-0.0001
92.964,-0.9241,0.7643,-0.5828,-0.0065,1.3939,-0.9230,-0.0001
92.976,-0.9240,0.7635,-0.5853,-0.0065,1.3972,-0.9230,-0.0001
92.988,-0.9239,0.7626,-0.5879,-0.0066,1.4006,-0.9229,-0.0001
93.000,-0.9238,0.7618,-0.5905,-0.0066,1.4040,-0.9228,-0.0001
93.012,-0.9238,0.7609,-0.5930,-0.0066,1.4074,-0.9227,-0.0001
93.024,-0.9237,0.7601,-0.5956,-0.0066,1.4107,-0.9227,-0.0001
93.036,-0.9236,0.7592,-0.5981,-0.0066,1.4141,-0.9226,-0.0001
93.048,-0.9235,0.7584,-0.6007,-0.0066,1.4175,-0.9225,-0.0000
93.060,-0.9234,0.7575,-0.6033,-0.0066,1.4209,-0.9224,-0.0000
93.072,-0.9233,0.7567,-0.6058,-0.0066,1.4243,-0.9224,-0.0000
93.084,-0.9232,0.7558,-0.6084,-0.0066,1.4277,-0.9223,-0.0000
93.096,-0.9231,0.7550,-0.6110,-0.0066,1.4310,-0.9222,-0.0000
93.108,-0.9230,0.7541,-0.6135,-0.0066,1.4344,-0.9221,-0.0000
93.120,-0.9229,0.7533,-0.6161,-0.0066,1.4378,-0.9220,-0.0000
93.132,-0.9228,0.7524,-0.6186,-0.0066,1.4412,-0.9220,-0.0000
93.144,-0.9227,0.7516,-0.6212,-0.0067,1.4446,-0.9219,-0.0000
93.156,-0.9226,0.7507,-0.6238,-0.0067,1.4480,-0.9218,-0.0000
93.168,-0.9225,0.7499,-0.6263,-0.0067,1.4514,-0.9217,-0.0000
93.180,-0.9224,0.7490,-0.6289,-0.0067,1.4548,-0.9217,-0.0000
93.192,-0.9223,0.7482,-0.6315,-0.0067,1.4581,-0.9216,-0.0000
93.204,-0.9222,0.7474,-0.6340,-0.0067,1.4615,-0.9215,-0.0000
93.216,-0.9221,0.7465,-0.6366,-0.0067,1.4649,-0.9214,-0.0000
93.228,-0.9220,0.7457,-0.6392,-0.0067,1.4683,-0.9214,-0.0000
93.240,-0.9219,0.7448,-0.6417,-0.0067,1.4717,-0.9213,-0.0000
93.252,-0.9218,0.7440,-0.6443,-0.0067,1.4751,-0.9212,-0.0000
93.264,-0.9217,0.7431,-0.6469,-0.0067,1.4785,-0.9211,-0.0000
93.276,-0.9216,0.7423,-0.6494,-0.0067,1.4819,-0.9210,-0.0000
93.288,-0.9215,0.7414,-0.6520,-0.0067,1.4853,-0.9210,-0.0000
93.300,-0.9214,0.7406,-0.6546,-0.0067,1.4886,-0.9209,-0.0000
93.312,-0.9213,0.7397,-0.6571,-0.0068,1.4920,-0.9208,-0.0000
93.324,-0.9212,0.7389,-0.6597,-0.0068,1.4954,-0.9207,-0.0000
93.336,-0.9211,0.7380,-0.6623,-0.0068,1.4988,-0.9207,-0.0000
93.348,-0.9210,0.7372,-0.6648,-0.0068,1.5022,-0.9206,-0.0000
93.360,-0.9209,0.7363,-0.6674,-0.0068,1.5056,-0.9205,-0.0000
93.372,-0.9208,0.7355,-0.6700,-0.0068,1.5090,-0.9204,-0.0000
93.384,-0.9207,0.7346,-0.6725,-0.0068,1.5124,-0.9203,-0.0000
93.396,-0.9206,0.7338,-0.6751,-0.0068,1.5158,-0.9203,-0.0000
93.408,-0.9205,0.7329,-0.6777,-0.0068,1.5191,-0.9202,-0.0000
93.420,-0.9204,0.7321,-0.6802,-0.0068,1.5225,-0.9201,-0.0000
93.432,-0.9203,0.7312,-0.6828,-0.0068,1.5259,-0.9200,-0.0000
93.444,-0.9202,0.7304,-0.6854,-0.0068,1.5293,-0.9200,-0.0000
93.456,-0.9201,0.7295,-0.6879,-0.0068,1.5327,-0.9199,-0.0000
93.468,-0.9200,0.7287,-0.6905,-0.0069,1.5361,-0.9198,-0.0000
93.480,-0.9199,0.7278,-0.6931,-0.0069,1.5395,-0.9197,-0.0000
93.492,-0.9198,0.7270,-0.6956,-0.0069,1.5429,-0.9197,-0.0000
93.504,-0.9197,0.7261,-0.6982,-0.0069,1.5463,-0.9196,-0.0000
93.516,-0.9196,0.7253,-0.7008,-0.0069,1.5497,-0.9195,-0.0000
93.528,-0.9195,0.7244,-0.7034,-0.0069,1.5530,-0.9194,-0.0000
93.540,-0.9194,0.7236,-0.7059,-0.0069,1.5564,-0.9193,-0.0000
93.552,-0.9193,0.7227,-0.7085,-0.0069,1.5598,-0.9193,-0.0000
93.564,-0.9192,0.7219,-0.7111,-0.0069,1.5632,-0.9192,-0.0000
93.576,-0.9191,0.7210,-0.7136,-0.0069,1.5666,-0.9191,-0.0000
93.588,-0.9190,0.7202,-0.7162,-0.0069,1.5700,-0.9190,-0.0000
93.600,-0.9189,0.7193,-0.7188,-0.0069,1.5734,-0.9190,-0.0000
93.612,-0.9188,0.7185,-0.7213,-0.0069,1.5768,-0.9189,-0.0000
93.624,-0.9187,0.7177,-0.7239,-0.0069,1.5802,-0.9188,-0.0000
93.636,-0.9186,0.7168,-0.7265,-0.0070,1.5835,-0.9187,-0.0000
93.648,-0.9185,0.7160,-0.7290,-0.0070,1.5869,-0.9187,-0.0000
93.660,-0.9184,0.7151,-0.7316,-0.0070,1.5903,-0.9186,-0.0000
93.672,-0.9183,0.7143,-0.7342,-0.0070,1.5937,-0.9185,-0.0000
93.684,-0.9182,0.7135,-0.7364,-0.0070,1.5967,-0.9184,-0.0000
93.696,-0.9182,0.7129,-0.7384,-0.0070,1.5993,-0.9184,-0.0000
93.708,-0.9181,0.7123,-0.7402,-0.0070,1.6016,-0.9183,-0.0000
93.720,-0.9180,0.7118,-0.7417,-0.0070,1.6037,-0.9183,-0.0000
93.732,-0.9180,0.7113,-0.7430,-0.0070,1.6055,-0.9182,-0.0000
93.744,-0.9180,0.7113,-0.7430,-0.0070,1.6055,-0.9182,-0.0000
93.756,-0.9173,0.7113,-0.7431,-0.0070,1.6055,-0.9182,-0.0000
93.768,-0.9161,0.7113,-0.7431,-0.0070,1.6055,-0.9182,-0.0000
93.780,-0.9143,0.7113,-0.7431,-0.0070,1.6055,-0.9182,-0.0000
93.792,-0.9121,0.7113,-0.7431,-0.0070,1.6055,-0.9182,-0.0000
93.804,-0.9095,0.7113,-0.7431,-0.0070,1.6056,-0.9182,-0.0000
93.816,-0.9066,0.7113,-0.7432,-0.0070,1.6056,-0.9182,-0.0000
93.828,-0.9033,0.7113,-0.7432,-0.0070,1.6057,-0.9182,-0.0000
93.840,-0.8998,0.7113,-0.7432,-0.0070,1.6057,-0.9182,-0.0000
93.852,-0.8960,0.7112,-0.7433,-0.0070,1.6058,-0.9182,-0.0000
93.864,-0.8921,0.7112,-0.7433,-0.0070,1.6058,-0.9182,-0.0000
93.876,-0.8879,0.7112,-0.7434,-0.0070,1.6059,-0.9182,-0.0000
93.888,-0.8836,0.7112,-0.7434,-0.0070,1.6059,-0.9182,-0.0000
93.900,-0.8791,0.7112,-0.7435,-0.0070,1.6060,-0.9182,-0.0000
93.912,-0.8745,0.7112,-0.7435,-0.0070,1.6061,-0.9182,-0.0000
93.924,-0.8698,0.7111,-0.7436,-0.0070,1.6061,-0.9182,-0.0000
93.936,-0.8650,0.7111,-0.7436,-0.0070,1.6062,-0.9182,-0.0000
93.948,-0.8602,0.7111,-0.7437,-0.0070,1.6063,-0.9182,-0.0000
93.960,-0.8552,0.7111,-0.7437,-0.0070,1.6064,-0.9182,-0.0000
93.972,-0.8502,0.7111,-0.7438,-0.0070,1.6064,-0.9182,-0.0000
93.984,-0.8451,0.7111,-0.7438,-0.0070,1.6065,-0.9182,-0.0000
93.996,-0.8400,0.7110,-0.7439,-0.0070,1.6066,-0.9182,-0.0000
94.008,-0.8348,0.7110,-0.7439,-0.0070,1.6066,-0.9182,-0.0000
94.020,-0.8296,0.7110,-0.7440,-0.0070,1.6067,-0.9182,-0.0000
94.032,-0.8243,0.7110,-0.7441,-0.0070,1.6068,-0.9182,-0.0000
94.044,-0.8190,0.7110,-0.7441,-0.0070,1.6069,-0.9182,-0.0000
94.056,-0.8137,0.7109,-0.7442,-0.0070,1.6069,-0.9182,-0.0000
94.068,-0.8084,0.7109,-0.7442,-0.0070,1.6070,-0.9182,-0.0000
94.080,-0.8030,0.7109,-0.7443,-0.0070,1.6071,-0.9182,-0.0000
94.092,-0.7977,0.7109,-0.7444,-0.0070,1.6072,-0.9182,-0.0000
94.104,-0.7923,0.7109,-0.7444,-0.0070,1.6073,-0.9182,-0.0000
94.116,-0.7869,0.7108,-0.7445,-0.0070,1.6073,-0.9182,-0.0000
94.128,-0.7815,0.7108,-0.7445,-0.0070,1.6074,-0.9182,-0.0000
94.140,-0.7760,0.7108,-0.7446,-0.0070,1.6075,-0.9182,-0.0000
94.152,-0.7706,0.7108,-0.7446,-0.0070,1.6076,-0.9182,-0.0000
94.164,-0.7651,0.7108,-0.7447,-0.0070,1.6076,-0.9182,-0.0000
94.176,-0.7597,0.7107,-0.7448,-0.0070,1.6077,-0.9182,-0.0000
94.188,-0.7542,0.7107,-0.7448,-0.0070,1.6078,-0.9182,-0.0000
94.200,-0.7488,0.7107,-0.7449,-0.0070,1.6079,-0.9182,-0.0000
94.212,-0.7433,0.7107,-0.7449,-0.0070,1.6080,-0.9182,-0.0000
94.224,-0.7378,0.7107,-0.7450,-0.0070,1.6080,-0.9182,-0.0000
94.236,-0.7323,0.7107,-0.7451,-0.0070,1.6081,-0.9182,-0.0000
94.248,-0.7269,0.7106,-0.7451,-0.0070,1.6082,-0.9182,-0.0000
94.260,-0.7214,0.7106,-0.7452,-0.0070,1.6083,-0.9182,-0.0000
94.272,-0.7159,0.7106,-0.7452,-0.0070,1.6083,-0.9182,-0.0000
94.284,-0.7104,0.7106,-0.7453,-0.0070,1.6084,-0.9182,-0.0000
94.296,-0.7049,0.7106,-0.7454,-0.0070,1.6085,-0.9182,-0.0000
94.308,-0.6994,0.7105,-0.7454,-0.0070,1.6086,-0.9182,-0.0000
94.320,-0.6939,0.7105,-0.7455,-0.0070,1.6087,-0.9182,-0.0000
94.332,-0.6884,0.7105,-0.7455,-0.0070,1.6087,-0.9182,-0.0000
94.344,-0.6829,0.7105,-0.7456,-0.0070,1.6088,-0.9182,-0.0000
94.356,-0.6774,0.7105,-0.7457,-0.0070,1.6089,-0.9182,-0.0000
94.368,-0.6719,0.7104,-0.7457,-0.0070,1.6090,-0.9181,-0.0000
94.380,-0.6664,0.7104,-0.7458,-0.0070,1.6091,-0.9181,-0.0000
94.392,-0.6609,0.7104,-0.7458,-0.0070,1.6091,-0.9181,-0.0000
94.404,-0.6554,0.7104,-0.7459,-0.0070,1.6092,-0.9181,-0.0000
94.416,-0.6499,0.7104,-0.7459,-0.0070,1.6093,-0.9181,-0.0000
94.428,-0.6444,0.7103,-0.7460,-0.0070,1.6094,-0.9181,-0.0000
94.440,-0.6389,0.7103,-0.7461,-0.0070,1.6094,-0.9181,-0.0000
94.452,-0.6334,0.7103,-0.7461,-0.0070,1.6095,-0.9181,-0.0000
94.464,-0.6279,0.7103,-0.7462,-0.0070,1.6096,-0.9181,-0.0000
94.476,-0.6224,0.7103,-0.7462,-0.0070,1.6097,-0.9181,-0.0000
94.488,-0.6169,0.7102,-0.7463,-0.0070,1.6098,-0.9181,-0.0000
94.500,-0.6114,0.7102,-0.7464,-0.0070,1.6098,-0.9181,-0.0000
94.512,-0.6059,0.7102,-0.7464,-0.0070,1.6099,-0.9181,-0.0000
94.524,-0.6004,0.7102,-0.7465,-0.0070,1.6100,-0.9181,-0.0000
94.536,-0.5949,0.7102,-0.7465,-0.0070,1.6101,-0.9181,-0.0000
94.548,-0.5893,0.7101,-0.7466,-0.0070,1.6102,-0.9181,-0.0000
94.560,-0.5838,0.7101,-0.7467,-0.0070,1.6102,-0.9181,-0.0000
94.572,-0.5783,0.7101,-0.7467,-0.0070,1.6103,-0.9181,-0.0000
94.584,-0.5728,0.7101,-0.7468,-0.0070,1.6104,-0.9181,-0.0000
94.596,-0.5673,0.7101,-0.7468,-0.0070,1.6105,-0.9181,-0.0000
94.608,-0.5618,0.7100,-0.7469,-0.0070,1.6105,-0.9181,-0.0000
94.620,-0.5563,0.7100,-0.7470,-0.0070,1.6106,-0.9181,-0.0000
94.632,-0.5508,0.7100,-0.7470,-0.0070,1.6107,-0.9181,-0.0000
94.644,-0.5453,0.7100,-0.7471,-0.0070,1.6108,-0.9181,-0.0000
94.656,-0.5398,0.7100,-0.7471,-0.0070,1.6109,-0.9181,-0.0000
94.668,-0.5343,0.7099,-0.7472,-0.0070,1.6109,-0.9181,-0.0000
94.680,-0.5288,0.7099,-0.7473,-0.0070,1.6110,-0.9181,-0.0000
94.692,-0.5233,0.7099,-0.7473,-0.0070,1.6111,-0.9181,-0.0000
94.704,-0.5177,0.7099,-0.7474,-0.0070,1.6112,-0.9181,-0.0000
94.716,-0.5122,0.7099,-0.7474,-0.0070,1.6113,-0.9181,-0.0000
94.728,-0.5067,0.7098,-0.7475,-0.0070,1.6113,-0.9181,-0.0000
94.740,-0.5012,0.7098,-0.7476,-0.0070,1.6114,-0.9181,-0.0000
94.752,-0.4957,0.7098,-0.7476,-0.0070,1.6115,-0.9181,-0.0000
94.764,-0.4902,0.7098,-0.7477,-0.0070,1.6116,-0.9181,-0.0000
94.776,-0.4847,0.7098,-0.7477,-0.0070,1.6116,-0.9181,-0.0000
94.788,-0.4792,0.7097,-0.7478,-0.0070,1.6117,-0.9181,-0.0000
94.800,-0.4737,0.7097,-0.7479,-0.0070,1.6118,-0.9181,-0.0000
94.812,-0.4682,0.7097,-0.7479,-0.0070,1.6119,-0.9181,-0.0000
94.824,-0.4627,0.7097,-0.7480,-0.0070,1.6120,-0.9181,-0.0000
94.836,-0.4572,0.7097,-0.7480,-0.0070,1.6120,-0.9181,-0.0000
94.848,-0.4517,0.7096,-0.7481,-0.0070,1.6121,-0.9181,-0.0000
94.860,-0.4461,0.7096,-0.7482,-0.0070,1.6122,-0.9181,-0.0000
94.872,-0.4406,0.7096,-0.7482,-0.0070,1.6123,-0.9181,-0.0000
94.884,-0.4351,0.7096,-0.7483,-0.0070,1.6124,-0.9181,-0.0000
94.896,-0.4296,0.7096,-0.7483,-0.0070,1.6124,-0.9181,-0.0000
94.908,-0.4241,0.7095,-0.7484,-0.0070,1.6125,-0.9181,-0.0000
94.920,-0.4186,0.7095,-0.7485,-0.0070,1.6126,-0.9181,-0.0000
94.932,-0.4131,0.7095,-0.7485,-0.0070,1.6127,-0.9181,-0.0000
94.944,-0.4076,0.7095,-0.7486,-0.0070,1.6127,-0.9181,-0.0000
94.956,-0.4021,0.7095,-0.7486,-0.0070,1.6128,-0.9181,-0.0000
94.968,-0.3966,0.7095,-0.7487,-0.0070,1.6129,-0.9181,-0.0000
94.980,-0.3911,0.7094,-0.7488,-0.0070,1.6130,-0.9181,-0.0000
94.992,-0.3856,0.7094,-0.7488,-0.0070,1.6131,-0.9181,-0.0000
95.004,-0.3800,0.7094,-0.7489,-0.0070,1.6131,-0.9181,-0.0000
95.016,-0.3745,0.7094,-0.7489,-0.0070,1.6132,-0.9181,-0.0000
95.028,-0.3690,0.7094,-0.7490,-0.0070,1.6133,-0.9181,-0.0000
95.040,-0.3635,0.7093,-0.7490,-0.0070,1.6134,-0.9180,-0.0000
95.052,-0.3580,0.7093,-0.7491,-0.0070,1.6135,-0.9180,-0.0000
95.064,-0.3525,0.7093,-0.7492,-0.0070,1.6135,-0.9180,-0.0000
95.076,-0.3470,0.7093,-0.7492,-0.0070,1.6136,-0.9180,-0.0000
95.088,-0.3415,0.7093,-0.7493,-0.0070,1.6137,-0.9180,-0.0000
95.100,-0.3360,0.7092,-0.7493,-0.0070,1.6138,-0.9180,-0.0000
95.112,-0.3305,0.7092,-0.7494,-0.0070,1.6139,-0.9180,-0.0000
95.124,-0.3250,0.7092,-0.7495,-0.0070,1.6139,-0.9180,-0.0000
95.136,-0.3195,0.7092,-0.7495,-0.0070,1.6140,-0.9180,-0.0000
95.148,-0.3140,0.7092,-0.7496,-0.0070,1.6141,-0.9180,-0.0000
95.160,-0.3084,0.7091,-0.7496,-0.0070,1.6142,-0.9180,-0.0000
95.172,-0.3029,0.7091,-0.7497,-0.0070,1.6142,-0.9180,-0.0000
95.184,-0.2974,0.7091,-0.7498,-0.0070,1.6143,-0.9180,-0.0000
95.196,-0.2919,0.7091,-0.7498,-0.0070,1.6144,-0.9180,-0.0000
95.208,-0.2864,0.7091,-0.7499,-0.0070,1.6145,-0.9180,-0.0000
95.220,-0.2809,0.7090,-0.7499,-0.0070,1.6146,-0.9180,-0.0000
95.232,-0.2754,0.7090,-0.7500,-0.0070,1.6146,-0.9180,-0.0000
95.244,-0.2699,0.7090,-0.7501,-0.0070,1.6147,-0.9180,-0.0000
95.256,-0.2644,0.7090,-0.7501,-0.0070,1.6148,-0.9180,-0.0000
95.268,-0.2589,0.7090,-0.7502,-0.0070,1.6149,-0.9180,-0.0000
95.280,-0.2534,0.7089,-0.7502,-0.0070,1.6150,-0.9180,-0.0000
95.292,-0.2479,0.7089,-0.7503,-0.0070,1.6150,-0.9180,-0.0000
95.304,-0.2424,0.7089,-0.7504,-0.0070,1.6151,-0.9180,-0.0000
95.316,-0.2368,0.7089,-0.7504,-0.0070,1.6152,-0.9180,-0.0000
95.328,-0.2313,0.7089,-0.7505,-0.0070,1.6153,-0.9180,-0.0000
95.340,-0.2258,0.7088,-0.7505,-0.0070,1.6153,-0.9180,-0.0000
95.352,-0.2203,0.7088,-0.7506,-0.0070,1.6154,-0.9180,-0.0000
95.364,-0.2148,0.7088,-0.7507,-0.0070,1.6155,-0.9180,-0.0000
95.376,-0.2093,0.7088,-0.7507,-0.0070,1.6156,-0.9180,-0.0000
95.388,-0.2038,0.7088,-0.7508,-0.0070,1.6157,-0.9180,-0.0000
95.400,-0.1983,0.7087,-0.7508,-0.0070,1.6157,-0.9180,-0.0000
95.412,-0.1928,0.7087,-0.7509,-0.0070,1.6158,-0.9180,-0.0000
95.424,-0.1873,0.7087,-0.7510,-0.0070,1.6159,-0.9180,-0.0000
95.436,-0.1818,0.7087,-0.7510,-0.0070,1.6160,-0.9180,-0.0000
95.448,-0.1763,0.7087,-0.7511,-0.0070,1.6161,-0.9180,-0.0000
95.460,-0.1707,0.7086,-0.7511,-0.0070,1.6161,-0.9180,-0.0000
95.472,-0.1652,0.7086,-0.7512,-0.0070,1.6162,-0.9180,-0.0000
95.484,-0.1597,0.7086,-0.7513,-0.0070,1.6163,-0.9180,-0.0000
95.496,-0.1542,0.7086,-0.7513,-0.0070,1.6164,-0.9180,-0.0000
95.508,-0.1487,0.7086,-0.7514,-0.0070,1.6164,-0.9180,-0.0000
95.520,-0.1432,0.7085,-0.7514,-0.0070,1.6165,-0.9180,-0.0000
95.532,-0.1377,0.7085,-0.7515,-0.0070,1.6166,-0.9180,-0.0000
95.544,-0.1322,0.7085,-0.7516,-0.0070,1.6167,-0.9180,-0.0000
95.556,-0.1267,0.7085,-0.7516,-0.0070,1.6168,-0.9180,-0.0000
95.568,-0.1212,0.7085,-0.7517,-0.0070,1.6168,-0.9180,-0.0000
95.580,-0.1157,0.7084,-0.7517,-0.0070,1.6169,-0.9180,-0.0000
95.592,-0.1102,0.7084,-0.7518,-0.0070,1.6170,-0.9180,-0.0000
95.604,-0.1047,0.7084,-0.7519,-0.0070,1.6171,-0.9180,-0.0000
95.616,-0.0991,0.7084,-0.7519,-0.0070,1.6172,-0.9180,-0.0000
95.628,-0.0936,0.7084,-0.7520,-0.0070,1.6172,-0.9180,-0.0000
95.640,-0.0881,0.7083,-0.7520,-0.0070,1.6173,-0.9180,-0.0000
95.652,-0.0826,0.7083,-0.7521,-0.0070,1.6174,-0.9180,-0.0000
95.664,-0.0771,0.7083,-0.7521,-0.0070,1.6175,-0.9180,-0.0000
95.676,-0.0716,0.7083,-0.7522,-0.0070,1.6176,-0.9180,-0.0000
95.688,-0.0661,0.7083,-0.7523,-0.0070,1.6176,-0.9180,-0.0000
95.700,-0.0606,0.7082,-0.7523,-0.0070,1.6177,-0.9180,-0.0000
95.712,-0.0551,0.7082,-0.7524,-0.0070,1.6178,-0.9179,-0.0000
95.724,-0.0496,0.7082,-0.7524,-0.0070,1.6179,-0.9179,-0.0000
95.736,-0.0441,0.7082,-0.7525,-0.0070,1.6179,-0.9179,-0.0000
95.748,-0.0388,0.7082,-0.7526,-0.0070,1.6180,-0.9179,-0.0000
95.760,-0.0341,0.7082,-0.7526,-0.0070,1.6181,-0.9179,-0.0000
95.772,-0.0300,0.7081,-0.7527,-0.0070,1.6181,-0.9179,-0.0000
95.784,-0.0264,0.7081,-0.7527,-0.0070,1.6182,-0.9179,-0.0000
95.796,-0.0233,0.7081,-0.7527,-0.0070,1.6182,-0.9179,-0.0000
95.808,-0.0205,0.7081,-0.7528,-0.0070,1.6183,-0.9179,-0.0000
95.820,-0.0180,0.7081,-0.7528,-0.0070,1.6183,-0.9179,-0.0000
95.832,-0.0158,0.7081,-0.7528,-0.0070,1.6183,-0.9179,-0.0000
95.844,-0.0139,0.7081,-0.7528,-0.0070,1.6184,-0.9179,-0.0000
95.856,-0.0139,0.7081,-0.7528,-0.0070,1.6184,-0.9179,-0.0000
95.868,-0.0139,0.7076,-0.7523,-0.0070,1.6172,-0.9173,-0.0000
95.880,-0.0139,0.7066,-0.7513,-0.0070,1.6150,-0.9160,-0.0000
95.892,-0.0139,0.7053,-0.7498,-0.0070,1.6119,-0.9143,-0.0000
95.904,-0.0139,0.7036,-0.7480,-0.0070,1.6080,-0.9121,-0.0000
95.916,-0.0138,0.7016,-0.7459,-0.0070,1.6035,-0.9095,-0.0000
95.928,-0.0138,0.6993,-0.7435,-0.0069,1.5983,-0.9065,-0.0000
95.940,-0.0137,0.6968,-0.7408,-0.0069,1.5925,-0.9033,-0.0000
95.952,-0.0137,0.6940,-0.7379,-0.0069,1.5863,-0.8997,-0.0000
95.964,-0.0136,0.6911,-0.7348,-0.0069,1.5797,-0.8960,-0.0000
95.976,-0.0136,0.6881,-0.7316,-0.0068,1.5726,-0.8920,-0.0000
95.988,-0.0135,0.6849,-0.7282,-0.0068,1.5653,-0.8878,-0.0000
96.000,-0.0134,0.6815,-0.7246,-0.0068,1.5577,-0.8835,-0.0000
96.012,-0.0134,0.6781,-0.7209,-0.0067,1.5498,-0.8791,-0.0000
96.024,-0.0133,0.6746,-0.7172,-0.0067,1.5417,-0.8745,-0.0000
96.036,-0.0132,0.6709,-0.7133,-0.0067,1.5335,-0.8698,-0.0000
96.048,-0.0131,0.6672,-0.7094,-0.0066,1.5250,-0.8650,-0.0000
96.060,-0.0131,0.6635,-0.7054,-0.0066,1.5164,-0.8601,-0.0000
96.072,-0.0130,0.6596,-0.7013,-0.0066,1.5077,-0.8551,-0.0000
96.084,-0.0129,0.6558,-0.6972,-0.0065,1.4988,-0.8501,-0.0000
96.096,-0.0128,0.6519,-0.6930,-0.0065,1.4899,-0.8450,-0.0000
96.108,-0.0128,0.6479,-0.6888,-0.0064,1.4808,-0.8399,-0.0000
96.120,-0.0127,0.6439,-0.6846,-0.0064,1.4717,-0.8347,-0.0000
96.132,-0.0126,0.6399,-0.6803,-0.0064,1.4625,-0.8295,-0.0000
96.144,-0.0125,0.6358,-0.6760,-0.0063,1.4532,-0.8243,-0.0000
96.156,-0.0124,0.6317,-0.6717,-0.0063,1.4439,-0.8190,-0.0000
96.168,-0.0124,0.6277,-0.6673,-0.0062,1.4346,-0.8137,-0.0000
96.180,-0.0123,0.6235,-0.6629,-0.0062,1.4251,-0.8083,-0.0000
96.192,-0.0122,0.6194,-0.6586,-0.0062,1.4157,-0.8030,-0.0000
96.204,-0.0121,0.6153,-0.6542,-0.0061,1.4062,-0.7976,-0.0000
96.216,-0.0120,0.6111,-0.6497,-0.0061,1.3967,-0.7922,-0.0000
96.228,-0.0120,0.6069,-0.6453,-0.0060,1.3872,-0.7868,-0.0000
96.240,-0.0119,0.6028,-0.6409,-0.0060,1.3777,-0.7814,-0.0000
96.252,-0.0118,0.5986,-0.6364,-0.0059,1.3681,-0.7760,-0.0000
96.264,-0.0117,0.5944,-0.6320,-0.0059,1.3585,-0.7705,-0.0000
96.276,-0.0116,0.5902,-0.6275,-0.0059,1.3489,-0.7651,-0.0000
96.288,-0.0115,0.5860,-0.6230,-0.0058,1.3393,-0.7596,-0.0000
96.300,-0.0115,0.5818,-0.6185,-0.0058,1.3297,-0.7542,-0.0000
96.312,-0.0114,0.5776,-0.6141,-0.0057,1.3200,-0.7487,-0.0000
96.324,-0.0113,0.5733,-0.6096,-0.0057,1.3104,-0.7433,-0.0000
96.336,-0.0112,0.5691,-0.6051,-0.0057,1.3007,-0.7378,-0.0000
96.348,-0.0111,0.5649,-0.6006,-0.0056,1.2911,-0.7323,-0.0000
96.360,-0.0110,0.5607,-0.5961,-0.0056,1.2814,-0.7268,-0.0000
96.372,-0.0110,0.5564,-0.5916,-0.0055,1.2718,-0.7213,-0.0000
96.384,-0.0109,0.5522,-0.5871,-0.0055,1.2621,-0.7158,-0.0000
96.396,-0.0108,0.5480,-0.5826,-0.0054,1.2524,-0.7104,-0.0000
96.408,-0.0107,0.5437,-0.5781,-0.0054,1.2427,-0.7049,-0.0000
96.420,-0.0106,0.5395,-0.5736,-0.0054,1.2330,-0.6994,-0.0000
96.432,-0.0105,0.5352,-0.5691,-0.0053,1.2233,-0.6939,-0.0000
96.444,-0.0105,0.5310,-0.5646,-0.0053,1.2136,-0.6884,-0.0000
96.456,-0.0104,0.5268,-0.5601,-0.0052,1.2040,-0.6829,-0.0000
96.468,-0.0103,0.5225,-0.5555,-0.0052,1.1943,-0.6774,-0.0000
96.480,-0.0102,0.5183,-0.5510,-0.0051,1.1846,-0.6719,-0.0000
96.492,-0.0101,0.5140,-0.5465,-0.0051,1.1749,-0.6664,-0.0000
96.504,-0.0100,0.5098,-0.5420,-0.0051,1.1652,-0.6609,-0.0000
96.516,-0.0100,0.5055,-0.5375,-0.0050,1.1555,-0.6554,-0.0000
96.528,-0.0099,0.5013,-0.5330,-0.0050,1.1458,-0.6499,-0.0000
96.540,-0.0098,0.4971,-0.5285,-0.0049,1.1361,-0.6444,-0.0000
96.552,-0.0097,0.4928,-0.5240,-0.0049,1.1263,-0.6389,-0.0000
96.564,-0.0096,0.4886,-0.5194,-0.0049,1.1166,-0.6334,-0.0000
96.576,-0.0095,0.4843,-0.5149,-0.0048,1.1069,-0.6278,-0.0000
96.588,-0.0095,0.4801,-0.5104,-0.0048,1.0972,-0.6223,-0.0000
96.600,-0.0094,0.4758,-0.5059,-0.0047,1.0875,-0.6168,-0.0000
96.612,-0.0093,0.4716,-0.5014,-0.0047,1.0778,-0.6113,-0.0000
96.624,-0.0092,0.4673,-0.4969,-0.0046,1.0681,-0.6058,-0.0000
96.636,-0.0091,0.4631,-0.4923,-0.0046,1.0584,-0.6003,-0.0000
96.648,-0.0090,0.4588,-0.4878,-0.0046,1.0487,-0.5948,-0.0000
96.660,-0.0090,0.4546,-0.4833,-0.0045,1.0390,-0.5893,-0.0000
96.672,-0.0089,0.4503,-0.4788,-0.0045,1.0293,-0.5838,-0.0000
96.684,-0.0088,0.4461,-0.4743,-0.0044,1.0196,-0.5783,-0.0000
96.696,-0.0087,0.4418,-0.4698,-0.0044,1.0099,-0.5728,-0.0000
96.708,-0.0086,0.4376,-0.4652,-0.0043,1.0001,-0.5673,-0.0000
96.720,-0.0085,0.4333,-0.4607,-0.0043,0.9904,-0.5618,-0.0000
96.732,-0.0085,0.4291,-0.4562,-0.0043,0.9807,-0.5563,-0.0000
96.744,-0.0084,0.4248,-0.4517,-0.0042,0.9710,-0.5508,-0.0000
96.756,-0.0083,0.4206,-0.4472,-0.0042,0.9613,-0.5453,-0.0000
96.768,-0.0082,0.4164,-0.4427,-0.0041,0.9516,-0.5397,-0.0000
96.780,-0.0081,0.4121,-0.4381,-0.0041,0.9419,-0.5342,-0.0000
96.792,-0.0080,0.4079,-0.4336,-0.0041,0.9322,-0.5287,-0.0000
96.804,-0.0079,0.4036,-0.4291,-0.0040,0.9225,-0.5232,-0.0000
96.816,-0.0079,0.3994,-0.4246,-0.0040,0.9128,-0.5177,-0.0000
96.828,-0.0078,0.3951,-0.4201,-0.0039,0.9031,-0.5122,-0.0000
96.840,-0.0077,0.3909,-0.4156,-0.0039,0.8933,-0.5067,-0.0000
96.852,-0.0076,0.3866,-0.4110,-0.0038,0.8836,-0.5012,-0.0000
96.864,-0.0075,0.3824,-0.4065,-0.0038,0.8739,-0.4957,-0.0000
96.876,-0.0074,0.3781,-0.4020,-0.0038,0.8642,-0.4902,-0.0000
96.888,-0.0074,0.3739,-0.3975,-0.0037,0.8545,-0.4847,-0.0000
96.900,-0.0073,0.3696,-0.3930,-0.0037,0.8448,-0.4792,-0.0000
96.912,-0.0072,0.3654,-0.3885,-0.0036,0.8351,-0.4737,-0.0000
96.924,-0.0071,0.3611,-0.3839,-0.0036,0.8254,-0.4681,-0.0000
96.936,-0.0070,0.3569,-0.3794,-0.0035,0.8157,-0.4626,-0.0000
96.948,-0.0069,0.3526,-0.3749,-0.0035,0.8060,-0.4571,-0.0000
96.960,-0.0069,0.3484,-0.3704,-0.0035,0.7962,-0.4516,-0.0000
96.972,-0.0068,0.3441,-0.3659,-0.0034,0.7865,-0.4461,-0.0000
96.984,-0.0067,0.3399,-0.3614,-0.0034,0.7768,-0.4406,-0.0000
96.996,-0.0066,0.3356,-0.3568,-0.0033,0.7671,-0.4351,-0.0000
97.008,-0.0065,0.3314,-0.3523,-0.0033,0.7574,-0.4296,-0.0000
97.020,-0.0064,0.3271,-0.3478,-0.0032,0.7477,-0.4241,-0.0000
97.032,-0.0064,0.3229,-0.3433,-0.0032,0.7380,-0.4186,-0.0000
97.044,-0.0063,0.3186,-0.3388,-0.0032,0.7283,-0.4131,-0.0000
97.056,-0.0062,0.3144,-0.3343,-0.0031,0.7186,-0.4076,-0.0000
97.068,-0.0061,0.3101,-0.3297,-0.0031,0.7088,-0.4021,-0.0000
97.080,-0.0060,0.3059,-0.3252,-0.0030,0.6991,-0.3965,-0.0000
97.092,-0.0059,0.3016,-0.3207,-0.0030,0.6894,-0.3910,-0.0000
97.104,-0.0059,0.2974,-0.3162,-0.0030,0.6797,-0.3855,-0.0000
97.116,-0.0058,0.2931,-0.3117,-0.0029,0.6700,-0.3800,-0.0000
97.128,-0.0057,0.2889,-0.3072,-0.0029,0.6603,-0.3745,-0.0000
97.140,-0.0056,0.2846,-0.3026,-0.0028,0.6506,-0.3690,-0.0000
97.152,-0.0055,0.2804,-0.2981,-0.0028,0.6409,-0.3635,-0.0000
97.164,-0.0054,0.2762,-0.2936,-0.0027,0.6312,-0.3580,-0.0000
97.176,-0.0054,0.2719,-0.2891,-0.0027,0.6215,-0.3525,-0.0000
97.188,-0.0053,0.2677,-0.2846,-0.0027,0.6117,-0.3470,-0.0000
97.200,-0.0052,0.2634,-0.2801,-0.0026,0.6020,-0.3415,-0.0000
97.212,-0.0051,0.2592,-0.2755,-0.0026,0.5923,-0.3360,-0.0000
97.224,-0.0050,0.2549,-0.2710,-0.0025,0.5826,-0.3305,-0.0000
97.236,-0.0049,0.2507,-0.2665,-0.0025,0.5729,-0.3249,-0.0000
97.248,-0.0049,0.2464,-0.2620,-0.0024,0.5632,-0.3194,-0.0000
97.260,-0.0048,0.2422,-0.2575,-0.0024,0.5535,-0.3139,-0.0000
97.272,-0.0047,0.2379,-0.2530,-0.0024,0.5438,-0.3084,-0.0000
97.284,-0.0046,0.2337,-0.2484,-0.0023,0.5341,-0.3029,-0.0000
97.296,-0.0045,0.2294,-0.2439,-0.0023,0.5244,-0.2974,-0.0000
97.308,-0.0044,0.2252,-0.2394,-0.0022,0.5146,-0.2919,-0.0000
97.320,-0.0044,0.2209,-0.2349,-0.0022,0.5049,-0.2864,-0.0000
97.332,-0.0043,0.2167,-0.2304,-0.0022,0.4952,-0.2809,-0.0000
97.344,-0.0042,0.2124,-0.2258,-0.0021,0.4855,-0.2754,-0.0000
97.356,-0.0041,0.2082,-0.2213,-0.0021,0.4758,-0.2699,-0.0000
97.368,-0.0040,0.2039,-0.2168,-0.0020,0.4661,-0.2644,-0.0000
97.380,-0.0039,0.1997,-0.2123,-0.0020,0.4564,-0.2589,-0.0000
97.392,-0.0038,0.1954,-0.2078,-0.0019,0.4467,-0.2534,-0.0000
97.404,-0.0038,0.1912,-0.2033,-0.0019,0.4370,-0.2478,-0.0000
97.416,-0.0037,0.1869,-0.1987,-0.0019,0.4273,-0.2423,-0.0000
97.428,-0.0036,0.1827,-0.1942,-0.0018,0.4175,-0.2368,-0.0000
97.440,-0.0035,0.1784,-0.1897,-0.0018,0.4078,-0.2313,-0.0000
97.452,-0.0034,0.1742,-0.1852,-0.0017,0.3981,-0.2258,-0.0000
97.464,-0.0033,0.1699,-0.1807,-0.0017,0.3884,-0.2203,-0.0000
97.476,-0.0033,0.1657,-0.1762,-0.0016,0.3787,-0.2148,-0.0000
97.488,-0.0032,0.1614,-0.1716,-0.0016,0.3690,-0.2093,-0.0000
97.500,-0.0031,0.1572,-0.1671,-0.0016,0.3593,-0.2038,-0.0000
97.512,-0.0030,0.1529,-0.1626,-0.0015,0.3496,-0.1983,-0.0000
97.524,-0.0029,0.1487,-0.1581,-0.0015,0.3399,-0.1928,-0.0000
97.536,-0.0028,0.1444,-0.1536,-0.0014,0.3301,-0.1873,-0.0000
97.548,-0.0028,0.1402,-0.1491,-0.0014,0.3204,-0.1818,-0.0000
97.560,-0.0027,0.1360,-0.1445,-0.0014,0.3107,-0.1762,-0.0000
97.572,-0.0026,0.1317,-0.1400,-0.0013,0.3010,-0.1707,-0.0000
97.584,-0.0025,0.1275,-0.1355,-0.0013,0.2913,-0.1652,-0.0000
97.596,-0.0024,0.1232,-0.1310,-0.0012,0.2816,-0.1597,-0.0000
97.608,-0.0023,0.1190,-0.1265,-0.0012,0.2719,-0.1542,-0.0000
97.620,-0.0023,0.1147,-0.1220,-0.0011,0.2622,-0.1487,-0.0000
97.632,-0.0022,0.1105,-0.1174,-0.0011,0.2525,-0.1432,-0.0000
97.644,-0.0021,0.1062,-0.1129,-0.0011,0.2428,-0.1377,-0.0000
97.656,-0.0020,0.1020,-0.1084,-0.0010,0.2330,-0.1322,-0.0000
97.668,-0.0019,0.0977,-0.1039,-0.0010,0.2233,-0.1267,-0.0000
97.680,-0.0018,0.0935,-0.0994,-0.0009,0.2136,-0.1212,-0.0000
97.692,-0.0018,0.0892,-0.0949,-0.0009,0.2039,-0.1157,-0.0000
97.704,-0.0017,0.0850,-0.0903,-0.0008,0.1942,-0.1102,-0.0000
97.716,-0.0016,0.0807,-0.0858,-0.0008,0.1845,-0.1046,-0.0000
97.728,-0.0015,0.0765,-0.0813,-0.0008,0.1748,-0.0991,-0.0000
97.740,-0.0014,0.0722,-0.0768,-0.0007,0.1651,-0.0936,-0.0000
97.752,-0.0013,0.0680,-0.0723,-0.0007,0.1554,-0.0881,-0.0000
97.764,-0.0013,0.0637,-0.0678,-0.0006,0.1457,-0.0826,-0.0000
97.776,-0.0012,0.0595,-0.0632,-0.0006,0.1359,-0.0771,-0.0000
97.788,-0.0011,0.0552,-0.0587,-0.0005,0.1262,-0.0716,-0.0000
97.800,-0.0010,0.0510,-0.0542,-0.0005,0.1165,-0.0661,-0.0000
97.812,-0.0009,0.0467,-0.0497,-0.0005,0.1068,-0.0606,-0.0000
97.824,-0.0008,0.0425,-0.0452,-0.0004,0.0971,-0.0551,-0.0000
97.836,-0.0008,0.0382,-0.0407,-0.0004,0.0874,-0.0496,-0.0000
97.848,-0.0007,0.0340,-0.0361,-0.0003,0.0777,-0.0441,-0.0000
97.860,-0.0006,0.0299,-0.0318,-0.0003,0.0684,-0.0388,-0.0000
97.872,-0.0005,0.0263,-0.0280,-0.0003,0.0602,-0.0341,-0.0000
97.884,-0.0005,0.0232,-0.0246,-0.0002,0.0529,-0.0300,-0.0000
97.896,-0.0004,0.0204,-0.0217,-0.0002,0.0466,-0.0264,-0.0000
97.908,-0.0004,0.0179,-0.0191,-0.0002,0.0410,-0.0233,-0.0000
97.920,-0.0003,0.0158,-0.0168,-0.0002,0.0361,-0.0205,-0.0000
97.932,-0.0003,0.0139,-0.0148,-0.0001,0.0317,-0.0180,-0.0000
97.944,-0.0002,0.0122,-0.0130,-0.0001,0.0279,-0.0158,-0.0000
97.956,-0.0002,0.0108,-0.0114,-0.0001,0.0246,-0.0139,-0.0000
97.968,-0.0002,0.0095,-0.0101,-0.0001,0.0216,-0.0123,-0.0000
97.980,-0.0002,0.0083,-0.0089,-0.0001,0.0190,-0.0108,-0.0000
97.992,-0.0001,0.0073,-0.0078,-0.0001,0.0168,-0.0095,-0.0000
98.004,-0.0001,0.0065,-0.0069,-0.0001,0.0147,-0.0084,-0.0000
98.016,-0.0001,0.0057,-0.0060,-0.0001,0.0130,-0.0074,-0.0000
98.028,-0.0001,0.0050,-0.0053,-0.0000,0.0114,-0.0065,-0.0000
98.040,-0.0001,0.0044,-0.0047,-0.0000,0.0100,-0.0057,-0.0000
98.052,-0.0001,0.0039,-0.0041,-0.0000,0.0088,-0.0050,-0.0000
98.064,-0.0001,0.0034,-0.0036,-0.0000,0.0078,-0.0044,-0.0000
98.076,-0.0001,0.0030,-0.0032,-0.0000,0.0068,-0.0039,-0.0000
98.088,-0.0001,0.0026,-0.0028,-0.0000,0.0060,-0.0034,-0.0000
98.100,-0.0000,0.0023,-0.0025,-0.0000,0.0053,-0.0030,-0.0000
98.112,-0.0000,0.0020,-0.0022,-0.0000,0.0047,-0.0026,-0.0000
98.124,-0.0000,0.0018,-0.0019,-0.0000,0.0041,-0.0023,0.0000
98.136,-0.0000,0.0016,-0.0017,-0.0000,0.0036,-0.0020,0.0000
98.148,-0.0000,0.0014,-0.0015,-0.0000,0.0032,-0.0018,0.0000
98.160,-0.0000,0.0012,-0.0013,-0.0000,0.0028,-0.0016,0.0000
98.172,-0.0000,0.0011,-0.0011,-0.0000,0.0025,-0.0014,0.0000
98.184,-0.0000,0.0009,-0.0010,-0.0000,0.0022,-0.0012,0.0000
98.196,-0.0000,0.0008,-0.0009,-0.0000,0.0019,-0.0011,0.0000
98.208,-0.0000,0.0007,-0.0008,-0.0000,0.0017,-0.0010,0.0000
98.220,-0.0000,0.0006,-0.0007,-0.0000,0.0015,-0.0008,0.0000
98.232,-0.0000,0.0006,-0.0006,-0.0000,0.0013,-0.0007,0.0000
98.244,-0.0000,0.0005,-0.0005,-0.0000,0.0011,-0.0006,0.0000
98.256,-0.0000,0.0004,-0.0005,-0.0000,0.0010,-0.0006,0.0000
98.268,-0.0000,0.0004,-0.0004,-0.0000,0.0009,-0.0005,0.0000
98.280,-0.0000,0.0003,-0.0004,-0.0000,0.0008,-0.0004,0.0000
98.292,-0.0000,0.0003,-0.0003,-0.0000,0.0007,-0.0004,0.0000
98.304,-0.0000,0.0003,-0.0003,-0.0000,0.0006,-0.0003,0.0000
98.316,-0.0000,0.0002,-0.0002,-0.0000,0.0005,-0.0003,0.0000
98.328,-0.0000,0.0002,-0.0002,-0.0000,0.0005,-0.0003,0.0000
98.340,-0.0000,0.0002,-0.0002,-0.0000,0.0004,-0.0002,0.0000
98.352,-0.0000,0.0002,-0.0002,-0.0000,0.0004,-0.0002,0.0000
98.364,-0.0000,0.0001,-0.0001,-0.0000,0.0003,-0.0002,0.0000
98.376,-0.0000,0.0001,-0.0001,-0.0000,0.0003,-0.0002,0.0000
98.388,-0.0000,0.0001,-0.0001,-0.0000,0.0002,-0.0001,0.0000
98.400,-0.0000,0.0001,-0.0001,-0.0000,0.0002,-0.0001,0.0000
98.412,-0.0000,0.0001,-0.0001,-0.0000,0.0002,-0.0001,0.0000
98.424,-0.0000,0.0001,-0.0001,-0.0000,0.0002,-0.0001,0.0000
98.436,-0.0000,0.0001,-0.0001,-0.0000,0.0001,-0.0001,0.0000
98.448,-0.0000,0.0001,-0.0001,-0.0000,0.0001,-0.0001,0.0000
98.460,-0.0000,0.0001,-0.0001,-0.0000,0.0001,-0.0001,0.0000
98.472,-0.0000,0.0000,-0.0000,-0.0000,0.0001,-0.0001,0.0000
98.484,-0.0000,0.0000,-0.0000,-0.0000,0.0001,-0.0001,0.0000
98.496,-0.0000,0.0000,-0.0000,-0.0000,0.0001,-0.0000,0.0000
98.508,-0.0000,0.0000,-0.0000,-0.0000,0.0001,-0.0000,0.0000
98.520,-0.0000,0.0000,-0.0000,-0.0000,0.0001,-0.0000,0.0000
98.532,-0.0000,0.0000,-0.0000,-0.0000,0.0001,-0.0000,0.0000
98.544,-0.0000,0.0000,-0.0000,-0.0000,0.0000,-0.0000,0.0000
98.556,-0.0000,0.0000,-0.0000,-0.0000,0.0000,-0.0000,0.0000
98.568,-0.0000,0.0000,-0.0000,-0.0000,0.0000,-0.0000,0.0000
98.580,-0.0000,0.0000,-0.0000,-0.0000,0.0000,-0.0000,0.0000
98.592,-0.0000,0.0000,-0.0000,-0.0000,0.0000,-0.0000,0.0000
98.604,-0.0000,0.0000,-0.0000,-0.0000,0.0000,-0.0000,0.0000
98.616,-0.0000,0.0000,-0.0000,-0.0000,0.0000,-0.0000,0.0000
98.628,-0.0000,0.0000,-0.0000,-0.0000,0.0000,-0.0000,0.0000
98.640,-0.0000,0.0000,-0.0000,-0.0000,0.0000,-0.0000,0.0000
98.652,-0.0000,0.0000,-0.0000,-0.0000,0.0000,-0.0000,0.0000
98.664,-0.0000,0.0000,-0.0000,-0.0000,0.0000,-0.0000,0.0000
98.676,-0.0000,0.0000,-0.0000,-0.0000,0.0000,-0.0000,0.0000
98.688,-0.0000,0.0000,-0.0000,-0.0000,0.0000,-0.0000,0.0000
98.700,-0.0000,0.0000,-0.0000,-0.0000,0.0000,-0.0000,0.0000
98.712,-0.0000,0.0000,-0.0000,-0.0000,0.0000,-0.0000,0.0000
98.724,-0.0000,0.0000,-0.0000,-0.0000,0.0000,-0.0000,0.0000
98.736,-0.0000,0.0000,-0.0000,-0.0000,0.0000,-0.0000,0.0000
98.748,-0.0000,0.0000,-0.0000,-0.0000,0.0000,-0.0000,0.0000
98.760,-0.0000,0.0000,-0.0000,-0.0000,0.0000,-0.0000,0.0000
98.772,-0.0000,0.0000,-0.0000,-0.0000,0.0000,-0.0000,0.0000
98.784,-0.0000,0.0000,-0.0000,-0.0000,0.0000,-0.0000,0.0000
98.796,-0.0000,0.0000,-0.0000,-0.0000,0.0000,-0.0000,0.0000
98.808,-0.0000,0.0000,-0.0000,-0.0000,0.0000,-0.0000,0.0000
98.820,-0.0000,0.0000,-0.0000,-0.0000,0.0000,-0.0000,0.0000
98.832,-0.0000,0.0000,-0.0000,-0.0000,0.0000,-0.0000,0.0000
98.844,-0.0000,0.0000,-0.0000,-0.0000,0.0000,-0.0000,0.0000
98.856,-0.0000,0.0000,-0.0000,-0.0000,0.0000,-0.0000,0.0000
98.868,-0.0000,0.0000,-0.0000,-0.0000,0.0000,-0.0000,0.0000
98.880,-0.0000,0.0000,-0.0000,-0.0000,0.0000,-0.0000,0.0000
98.892,-0.0000,0.0000,-0.0000,-0.0000,0.0000,-0.0000,0.0000
98.904,-0.0000,0.0000,-0.0000,-0.0000,0.0000,-0.0000,0.0000
98.916,-0.0000,0.0000,-0.0000,-0.0000,0.0000,-0.0000,0.0000
98.928,-0.0000,0.0000,-0.0000,-0.0000,0.0000,-0.0000,0.0000
98.940,-0.0000,0.0000,-0.0000,-0.0000,0.0000,-0.0000,0.0000
98.952,-0.0000,0.0000,-0.0000,-0.0000,0.0000,-0.0000,0.0000
98.964,-0.0000,0.0000,-0.0000,-0.0000,0.0000,-0.0000,0.0000
98.976,-0.0000,0.0000,-0.0000,-0.0000,0.0000,-0.0000,0.0000
98.988,-0.0000,0.0000,-0.0000,-0.0000,0.0000,-0.0000,0.0000
99.000,-0.0000,0.0000,-0.0000,-0.0000,0.0000,-0.0000,0.0000
99.012,-0.0000,0.0000,-0.0000,-0.0000,0.0000,-0.0000,0.0000
99.024,-0.0000,0.0000,-0.0000,-0.0000,0.0000,-0.0000,0.0000
99.036,-0.0000,0.0000,-0.0000,-0.0000,0.0000,-0.0000,0.0000
99.048,-0.0000,0.0000,-0.0000,-0.0000,0.0000,-0.0000,0.0000
99.060,-0.0000,0.0000,-0.0000,-0.0000,0.0000,-0.0000,0.0000
99.072,-0.0000,0.0000,-0.0000,-0.0000,0.0000,-0.0000,0.0000
99.084,-0.0000,0.0000,-0.0000,-0.0000,0.0000,-0.0000,0.0000
99.096,-0.0000,0.0000,-0.0000,-0.0000,0.0000,-0.0000,0.0000
99.108,-0.0000,0.0000,-0.0000,-0.0000,0.0000,-0.0000,0.0000
99.120,-0.0000,0.0000,-0.0000,-0.0000,0.0000,-0.0000,0.0000
99.132,-0.0000,0.0000,-0.0000,-0.0000,0.0000,-0.0000,0.0000
99.144,-0.0000,0.0000,-0.0000,-0.0000,0.0000,-0.0000,0.0000
99.156,-0.0000,0.0000,-0.0000,-0.0000,0.0000,-0.0000,0.0000
99.168,-0.0000,0.0000,-0.0000,-0.0000,0.0000,-0.0000,0.0000
99.180,-0.0000,0.0000,-0.0000,-0.0000,0.0000,-0.0000,0.0000
99.192,-0.0000,0.0000,-0.0000,-0.0000,0.0000,-0.0000,0.0000
99.204,-0.0000,0.0000,-0.0000,-0.0000,0.0000,-0.0000,0.0000
99.216,-0.0000,0.0000,-0.0000,-0.0000,0.0000,-0.0000,0.0000
99.228,-0.0000,0.0000,-0.0000,-0.0000,0.0000,-0.0000,0.0000
99.240,-0.0000,0.0000,-0.0000,-0.0000,0.0000,-0.0000,0.0000
99.252,-0.0000,0.0000,-0.0000,-0.0000,0.0000,-0.0000,0.0000
99.264,-0.0000,0.0000,-0.0000,-0.0000,0.0000,-0.0000,0.0000
99.276,-0.0000,0.0000,-0.0000,-0.0000,0.0000,-0.0000,0.0000
99.288,-0.0000,0.0000,-0.0000,-0.0000,0.0000,-0.0000,0.0000
99.300,-0.0000,0.0000,-0.0000,-0.0000,0.0000,-0.0000,0.0000
99.312,-0.0000,0.0000,-0.0000,-0.0000,0.0000,-0.0000,0.0000
99.324,-0.0000,0.0000,-0.0000,-0.0000,0.0000,-0.0000,0.0000
99.336,-0.0000,0.0000,-0.0000,-0.0000,0.0000,-0.0000,0.0000
99.348,-0.0000,0.0000,-0.0000,-0.0000,0.0000,-0.0000,0.0000
99.360,-0.0000,0.0000,-0.0000,-0.0000,0.0000,-0.0000,0.0000
99.372,-0.0000,0.0000,-0.0000,-0.0000,0.0000,-0.0000,0.0000
99.384,-0.0000,0.0000,-0.0000,-0.0000,0.0000,-0.0000,0.0000
99.396,-0.0000,0.0000,-0.0000,-0.0000,0.0000,-0.0000,0.0000
99.408,-0.0000,0.0000,-0.0000,-0.0000,0.0000,-0.0000,0.0000
99.420,-0.0000,0.0000,-0.0000,-0.0000,0.0000,-0.0000,0.0000
99.432,-0.0000,0.0000,-0.0000,-0.0000,0.0000,-0.0000,0.0000
99.444,-0.0000,0.0000,-0.0000,-0.0000,0.0000,-0.0000,0.0000
99.456,-0.0000,0.0000,-0.0000,-0.0000,0.0000,-0.0000,0.0000
99.468,-0.0000,0.0000,-0.0000,-0.0000,0.0000,-0.0000,0.0000
99.480,-0.0000,0.0000,-0.0000,-0.0000,0.0000,-0.0000,0.0000
99.492,-0.0000,0.0000,-0.0000,-0.0000,0.0000,-0.0000,0.0000
99.504,-0.0000,0.0000,-0.0000,-0.0000,0.0000,-0.0000,0.0000
99.516,-0.0000,0.0000,-0.0000,-0.0000,0.0000,-0.0000,0.0000
99.528,-0.0000,0.0000,-0.0000,-0.0000,0.0000,-0.0000,0.0000
99.540,-0.0000,0.0000,-0.0000,-0.0000,0.0000,-0.0000,0.0000
99.552,-0.0000,0.0000,-0.0000,-0.0000,0.0000,-0.0000,0.0000
99.564,-0.0000,0.0000,-0.0000,-0.0000,0.0000,-0.0000,0.0000
99.576,-0.0000,0.0000,-0.0000,-0.0000,0.0000,-0.0000,0.0000
99.588,-0.0000,0.0000,-0.0000,-0.0000,0.0000,-0.0000,0.0000
99.600,-0.0000,0.0000,-0.0000,-0.0000,0.0000,-0.0000,0.0000
99.612,-0.0000,0.0000,-0.0000,-0.0000,0.0000,-0.0000,0.0000
99.624,-0.0000,0.0000,-0.0000,-0.0000,0.0000,-0.0000,0.0000
99.636,-0.0000,0.0000,-0.0000,-0.0000,0.0000,-0.0000,0.0000
99.648,-0.0000,0.0000,-0.0000,-0.0000,0.0000,-0.0000,0.0000
99.660,-0.0000,0.0000,-0.0000,-0.0000,0.0000,-0.0000,0.0000
99.672,-0.0000,0.0000,-0.0000,-0.0000,0.0000,-0.0000,0.0000
99.684,-0.0000,0.0000,0.0000,-0.0000,0.0000,-0.0000,0.0000
99.696,-0.0000,0.0000,0.0000,-0.0000,0.0000,-0.0000,0.0000
99.708,-0.0000,0.0000,0.0000,-0.0000,0.0000,-0.0000,0.0000
99.720,-0.0000,0.0000,0.0000,-0.0000,0.0000,-0.0000,0.0000
99.732,-0.0000,0.0000,0.0000,-0.0000,0.0000,-0.0000,0.0000
99.744,-0.0000,0.0000,0.0000,-0.0000,0.0000,-0.0000,0.0000
99.756,-0.0000,0.0000,0.0000,-0.0000,0.0000,-0.0000,0.0000
99.768,-0.0000,0.0000,0.0000,-0.0000,0.0000,-0.0000,0.0000
99.780,-0.0000,0.0000,0.0000,-0.0000,0.0000,-0.0000,0.0000
99.792,-0.0000,0.0000,0.0000,-0.0000,0.0000,-0.0000,0.0000
99.804,-0.0000,0.0000,0.0000,-0.0000,0.0000,-0.0000,0.0000
99.816,-0.0000,0.0000,0.0000,-0.0000,0.0000,-0.0000,0.0000
99.828,-0.0000,0.0000,0.0000,-0.0000,0.0000,-0.0000,0.0000
99.840,-0.0000,0.0000,0.0000,-0.0000,0.0000,-0.0000,0.0000
99.852,-0.0000,0.0000,0.0000,-0.0000,0.0000,-0.0000,0.0000
99.864,-0.0000,0.0000,0.0000,-0.0000,0.0000,-0.0000,0.0000
99.876,-0.0000,0.0000,0.0000,-0.0000,0.0000,-0.0000,0.0000
99.888,-0.0000,0.0000,0.0000,-0.0000,0.0000,-0.0000,0.0000
99.900,-0.0000,0.0000,0.0000,-0.0000,0.0000,-0.0000,0.0000
99.912,-0.0000,0.0000,0.0000,-0.0000,0.0000,-0.0000,0.0000
99.924,-0.0000,0.0000,0.0000,-0.0000,0.0000,-0.0000,0.0000
99.936,-0.0000,0.0000,0.0000,-0.0000,0.0000,-0.0000,0.0000
99.948,-0.0000,0.0000,0.0000,-0.0000,0.0000,-0.0000,0.0000
99.960,-0.0000,0.0000,0.0000,-0.0000,0.0000,-0.0000,0.0000
99.972,-0.0000,0.0000,0.0000,-0.0000,0.0000,-0.0000,0.0000
99.984,-0.0000,0.0000,0.0000,-0.0000,0.0000,-0.0000,0.0000
99.996,-0.0000,0.0000,0.0000,-0.0000,0.0000,-0.0000,0.0000
100.008,-0.0000,0.0000,0.0000,-0.0000,0.0000,-0.0000,0.0000
100.020,-0.0000,0.0000,0.0000,-0.0000,0.0000,-0.0000,0.0000
100.032,-0.0000,0.0000,0.0000,-0.0000,0.0000,-0.0000,0.0000
100.044,-0.0000,0.0000,0.0000,-0.0000,0.0000,-0.0000,0.0000
100.056,-0.0000,0.0000,0.0000,-0.0000,0.0000,-0.0000,0.0000
100.068,-0.0000,0.0000,0.0000,-0.0000,0.0000,-0.0000,0.0000
100.080,-0.0000,0.0000,0.0000,-0.0000,0.0000,-0.0000,0.0000
100.092,-0.0000,0.0000,0.0000,-0.0000,0.0000,-0.0000,0.0000
100.104,-0.0000,0.0000,0.0000,-0.0000,0.0000,-0.0000,0.0000
100.116,-0.0000,0.0000,0.0000,-0.0000,0.0000,-0.0000,0.0000
100.128,-0.0000,0.0000,0.0000,-0.0000,0.0000,-0.0000,0.0000
100.140,-0.0000,0.0000,0.0000,-0.0000,0.0000,-0.0000,0.0000
100.152,-0.0000,0.0000,0.0000,-0.0000,0.0000,-0.0000,0.0000
100.164,-0.0000,0.0000,0.0000,-0.0000,0.0000,-0.0000,0.0000
100.176,-0.0000,0.0000,0.0000,-0.0000,0.0000,-0.0000,0.0000
100.188,-0.0000,0.0000,0.0000,-0.0000,0.0000,-0.0000,0.0000
100.200,-0.0000,0.0000,0.0000,-0.0000,0.0000,-0.0000,0.0000
100.212,-0.0000,0.0000,0.0000,-0.0000,0.0000,-0.0000,0.0000
100.224,-0.0000,0.0000,0.0000,-0.0000,0.0000,-0.0000,0.0000
100.236,-0.0000,0.0000,0.0000,-0.0000,0.0000,-0.0000,0.0000
100.248,-0.0000,0.0000,0.0000,-0.0000,0.0000,-0.0000,0.0000
100.260,-0.0000,0.0000,0.0000,-0.0000,0.0000,-0.0000,0.0000
100.272,-0.0000,0.0000,0.0000,-0.0000,0.0000,-0.0000,0.0000
100.284,-0.0000,0.0000,0.0000,-0.0000,0.0000,-0.0000,0.0000
100.296,-0.0000,0.0000,0.0000,-0.0000,0.0000,-0.0000,0.0000
100.308,-0.0000,0.0000,0.0000,-0.0000,0.0000,-0.0000,0.0000
100.320,-0.0000,0.0000,0.0000,-0.0000,0.0000,-0.0000,0.0000
100.332,-0.0000,0.0000,0.0000,-0.0000,0.0000,-0.0000,0.0000
100.344,-0.0000,0.0000,0.0000,-0.0000,0.0000,-0.0000,0.0000
100.356,-0.0000,0.0000,0.0000,-0.0000,0.0000,-0.0000,0.0000
100.368,-0.0000,0.0000,0.0000,-0.0000,0.0000,-0.0000,0.0000
100.380,-0.0000,0.0000,0.0000,-0.0000,0.0000,-0.0000,0.0000
100.392,-0.0000,0.0000,0.0000,-0.0000,0.0000,-0.0000,0.0000
100.404,-0.0000,0.0000,0.0000,-0.0000,0.0000,-0.0000,0.0000
100.416,-0.0000,0.0000,0.0000,-0.0000,0.0000,-0.0000,0.0000
100.428,-0.0000,0.0000,0.0000,-0.0000,0.0000,-0.0000,0.0000
100.440,-0.0000,0.0000,0.0000,-0.0000,0.0000,-0.0000,0.0000
100.452,-0.0000,0.0000,0.0000,-0.0000,0.0000,-0.0000,0.0000
100.464,-0.0000,0.0000,0.0000,-0.0000,0.0000,-0.0000,0.0000
100.476,-0.0000,0.0000,0.0000,-0.0000,0.0000,-0.0000,0.0000
100.488,-0.0000,0.0000,0.0000,-0.0000,0.0000,-0.0000,0.0000
100.500,-0.0000,0.0000,0.0000,-0.0000,0.0000,-0.0000,0.0000
100.512,-0.0000,0.0000,0.0000,-0.0000,0.0000,-0.0000,0.0000
100.524,-0.0000,0.0000,0.0000,-0.0000,0.0000,-0.0000,0.0000
100.536,-0.0000,0.0000,0.0000,-0.0000,0.0000,-0.0000,0.0000
100.548,-0.0000,0.0000,0.0000,-0.0000,0.0000,-0.0000,0.0000
100.560,-0.0000,0.0000,0.0000,-0.0000,0.0000,-0.0000,0.0000
100.572,-0.0000,0.0000,0.0000,-0.0000,0.0000,-0.0000,0.0000
100.584,-0.0000,0.0000,0.0000,-0.0000,0.0000,-0.0000,0.0000
100.596,-0.0000,0.0000,0.0000,-0.0000,0.0000,-0.0000,0.0000
100.608,-0.0000,0.0000,0.0000,-0.0000,0.0000,-0.0000,0.0000
100.620,-0.0000,0.0000,0.0000,-0.0000,0.0000,-0.0000,0.0000
100.632,-0.0000,0.0000,0.0000,-0.0000,0.0000,-0.0000,0.0000
100.644,-0.0000,0.0000,0.0000,-0.0000,0.0000,-0.0000,0.0000
100.656,-0.0000,0.0000,0.0000,-0.0000,0.0000,-0.0000,0.0000
100.668,-0.0000,0.0000,0.0000,-0.0000,0.0000,-0.0000,0.0000
100.680,-0.0000,0.0000,0.0000,-0.0000,0.0000,-0.0000,0.0000
100.692,-0.0000,0.0000,0.0000,-0.0000,0.0000,-0.0000,0.0000
100.704,-0.0000,0.0000,0.0000,-0.0000,0.0000,-0.0000,0.0000
100.716,-0.0000,0.0000,0.0000,-0.0000,0.0000,-0.0000,0.0000
100.728,-0.0000,0.0000,0.0000,-0.0000,0.0000,-0.0000,0.0000
100.740,-0.0000,0.0000,0.0000,-0.0000,0.0000,-0.0000,0.0000
100.752,-0.0000,0.0000,0.0000,-0.0000,0.0000,-0.0000,0.0000
100.764,-0.0000,0.0000,0.0000,-0.0000,0.0000,-0.0000,0.0000
100.776,-0.0000,0.0000,0.0000,-0.0000,0.0000,-0.0000,0.0000
100.788,-0.0000,0.0000,0.0000,-0.0000,0.0000,-0.0000,0.0000
100.800,-0.0000,0.0000,0.0000,-0.0000,0.0000,-0.0000,0.0000
100.812,-0.0000,0.0000,0.0000,-0.0000,0.0000,-0.0000,0.0000
100.824,-0.0000,0.0000,0.0000,-0.0000,0.0000,-0.0000,0.0000
100.836,-0.0000,0.0000,0.0000,-0.0000,0.0000,-0.0000,0.0000
100.848,-0.0000,0.0000,0.0000,-0.0000,0.0000,-0.0000,0.0000
100.860,-0.0000,0.0000,0.0000,-0.0000,0.0000,-0.0000,0.0000
100.872,-0.0000,0.0000,0.0000,-0.0000,0.0000,-0.0000,0.0000
100.884,-0.0000,0.0000,0.0000,-0.0000,0.0000,-0.0000,0.0000
100.896,-0.0000,0.0000,0.0000,-0.0000,0.0000,-0.0000,0.0000
100.908,-0.0000,0.0000,0.0000,-0.0000,0.0000,-0.0000,0.0000
100.920,-0.0000,0.0000,0.0000,-0.0000,0.0000,-0.0000,0.0000
100.932,-0.0000,0.0000,0.0000,-0.0000,0.0000,-0.0000,0.0000
100.944,-0.0000,0.0000,0.0000,-0.0000,0.0000,-0.0000,0.0000
100.956,-0.0000,0.0000,0.0000,-0.0000,0.0000,-0.0000,0.0000
100.968,-0.0000,0.0000,0.0000,-0.0000,0.0000,-0.0000,0.0000
100.980,-0.0000,0.0000,0.0000,-0.0000,0.0000,-0.0000,0.0000
100.992,-0.0000,0.0000,0.0000,-0.0000,0.0000,-0.0000,0.0000
101.004,-0.0000,0.0000,0.0000,-0.0000,0.0000,-0.0000,0.0000
101.016,-0.0000,0.0000,0.0000,-0.0000,0.0000,-0.0000,0.0000
101.028,-0.0000,0.0000,0.0000,-0.0000,0.0000,-0.0000,0.0000
101.040,-0.0000,0.0000,0.0000,-0.0000,0.0000,-0.0000,0.0000
101.052,-0.0000,0.0000,0.0000,-0.0000,0.0000,-0.0000,0.0000
101.064,-0.0000,0.0000,0.0000,-0.0000,0.0000,-0.0000,0.0000
101.076,-0.0000,0.0000,0.0000,-0.0000,0.0000,-0.0000,0.0000
101.088,-0.0000,0.0000,0.0000,-0.0000,0.0000,-0.0000,0.0000
101.100,-0.0000,0.0000,0.0000,-0.0000,0.0000,-0.0000,0.0000
101.112,-0.0000,0.0000,0.0000,-0.0000,0.0000,-0.0000,0.0000
101.124,-0.0000,0.0000,0.0000,-0.0000,0.0000,-0.0000,0.0000
101.136,-0.0000,0.0004,-0.0004,0.0000,0.0011,0.0000,0.0000
101.148,-0.0000,0.0013,-0.0012,0.0000,0.0032,0.0000,0.0000
101.160,-0.0000,0.0024,-0.0024,0.0000,0.0062,0.0000,0.0000
101.172,-0.0000,0.0039,-0.0038,0.0000,0.0100,0.0000,0.0000
101.184,-0.0000,0.0056,-0.0055,0.0000,0.0144,0.0000,0.0000
101.196,-0.0000,0.0075,-0.0074,0.0000,0.0194,0.0000,0.0000
101.208,-0.0000,0.0097,-0.0094,0.0000,0.0250,0.0000,0.0000
101.220,-0.0000,0.0120,-0.0117,0.0000,0.0310,0.0000,0.0000
101.232,-0.0000,0.0145,-0.0141,0.0000,0.0374,0.0000,0.0000
101.244,-0.0000,0.0172,-0.0167,0.0000,0.0442,0.0000,0.0000
101.256,-0.0000,0.0199,-0.0194,0.0000,0.0512,0.0000,-0.0000
101.268,-0.0000,0.0228,-0.0222,0.0000,0.0586,0.0000,-0.0000
101.280,-0.0000,0.0257,-0.0250,0.0000,0.0662,0.0000,-0.0000
101.292,-0.0000,0.0287,-0.0280,0.0000,0.0740,0.0000,-0.0000
101.304,-0.0000,0.0319,-0.0310,0.0000,0.0820,0.0000,-0.0000
101.316,-0.0000,0.0350,-0.0341,0.0000,0.0902,0.0000,-0.0000
101.328,-0.0000,0.0382,-0.0373,0.0000,0.0985,0.0000,-0.0000
101.340,-0.0000,0.0415,-0.0404,0.0000,0.1069,0.0000,-0.0000
101.352,-0.0000,0.0448,-0.0437,0.0000,0.1155,0.0000,-0.0000
101.364,-0.0000,0.0482,-0.0470,0.0000,0.1241,0.0000,-0.0000
101.376,-0.0000,0.0516,-0.0503,0.0000,0.1328,0.0000,-0.0000
101.388,-0.0000,0.0550,-0.0536,0.0000,0.1416,0.0000,-0.0000
101.400,-0.0000,0.0585,-0.0570,0.0000,0.1505,0.0000,-0.0000
101.412,-0.0000,0.0619,-0.0603,0.0000,0.1595,0.0000,-0.0000
101.424,-0.0000,0.0654,-0.0637,0.0000,0.1685,0.0000,-0.0000
101.436,-0.0000,0.0690,-0.0672,0.0000,0.1775,0.0000,-0.0000
101.448,-0.0000,0.0725,-0.0706,0.0000,0.1866,0.0000,-0.0000
101.460,-0.0000,0.0760,-0.0740,0.0000,0.1957,0.0000,-0.0000
101.472,-0.0000,0.0796,-0.0775,0.0000,0.2048,0.0000,-0.0000
101.484,-0.0000,0.0831,-0.0810,0.0000,0.2140,0.0000,-0.0000
101.496,-0.0000,0.0867,-0.0845,0.0000,0.2232,0.0000,-0.0000
101.508,-0.0000,0.0903,-0.0879,0.0000,0.2324,0.0000,-0.0000
101.520,-0.0000,0.0939,-0.0914,0.0000,0.2417,0.0000,-0.0000
101.532,-0.0000,0.0975,-0.0949,0.0000,0.2509,0.0000,-0.0000
101.544,-0.0000,0.1011,-0.0984,0.0000,0.2602,0.0000,-0.0000
101.556,-0.0000,0.1047,-0.1020,0.0000,0.2695,0.0000,-0.0000
101.568,-0.0000,0.1083,-0.1055,0.0000,0.2788,0.0000,-0.0000
101.580,-0.0000,0.1119,-0.1090,0.0000,0.2881,0.0000,-0.0000
101.592,-0.0000,0.1155,-0.1125,0.0000,0.2974,0.0000,-0.0000
101.604,-0.0000,0.1191,-0.1160,0.0000,0.3067,0.0000,-0.0000
101.616,-0.0000,0.1228,-0.1196,0.0000,0.3160,0.0000,-0.0000
101.628,-0.0000,0.1264,-0.1231,0.0000,0.3254,0.0000,-0.0000
101.640,-0.0000,0.1300,-0.1266,0.0000,0.3347,0.0000,-0.0000
101.652,-0.0000,0.1336,-0.1302,0.0000,0.3440,0.0000,-0.0000
101.664,-0.0000,0.1373,-0.1337,0.0000,0.3534,0.0000,-0.0000
101.676,-0.0000,0.1409,-0.1372,0.0000,0.3627,0.0000,-0.0000
101.688,-0.0000,0.1445,-0.1408,0.0000,0.3721,0.0000,-0.0000
101.700,-0.0000,0.1482,-0.1443,0.0000,0.3815,0.0000,-0.0000
101.712,-0.0000,0.1518,-0.1479,0.0000,0.3908,0.0000,-0.0000
101.724,-0.0000,0.1555,-0.1514,0.0000,0.4002,0.0000,-0.0000
101.736,-0.0000,0.1591,-0.1550,0.0000,0.4095,0.0000,-0.0000
101.748,-0.0000,0.1627,-0.1585,0.0000,0.4189,0.0000,-0.0000
101.760,-0.0000,0.1664,-0.1620,0.0000,0.4283,0.0000,-0.0000
101.772,-0.0000,0.1700,-0.1656,0.0000,0.4376,0.0000,-0.0000
101.784,-0.0000,0.1736,-0.1691,0.0000,0.4470,0.0000,-0.0000
101.796,-0.0000,0.1773,-0.1727,0.0000,0.4564,0.0000,-0.0000
101.808,-0.0000,0.1809,-0.1762,0.0000,0.4657,0.0000,-0.0000
101.820,-0.0000,0.1846,-0.1798,0.0000,0.4751,0.0000,-0.0000
101.832,-0.0000,0.1882,-0.1833,0.0000,0.4845,0.0000,-0.0000
101.844,-0.0000,0.1918,-0.1869,0.0000,0.4939,0.0000,-0.0000
101.856,-0.0000,0.1955,-0.1904,0.0000,0.5032,0.0000,-0.0000
101.868,-0.0000,0.1991,-0.1939,0.0000,0.5126,0.0000,-0.0000
101.880,-0.0000,0.2028,-0.1975,0.0000,0.5220,0.0000,-0.0000
101.892,-0.0000,0.2064,-0.2010,0.0000,0.5313,0.0000,-0.0000
101.904,-0.0000,0.2100,-0.2046,0.0000,0.5407,0.0000,-0.0000
101.916,-0.0000,0.2137,-0.2081,0.0000,0.5501,0.0000,-0.0000
101.928,-0.0000,0.2173,-0.2117,0.0000,0.5595,0.0000,-0.0000
101.940,-0.0000,0.2210,-0.2152,0.0000,0.5688,0.0000,-0.0000
101.952,-0.0000,0.2246,-0.2188,0.0000,0.5782,0.0000,-0.0000
101.964,-0.0000,0.2283,-0.2223,0.0000,0.5876,0.0000,-0.0000
101.976,-0.0000,0.2319,-0.2259,0.0000,0.5970,0.0000,-0.0000
101.988,-0.0000,0.2355,-0.2294,0.0000,0.6063,0.0000,-0.0000
102.000,-0.0000,0.2392,-0.2330,0.0000,0.6157,0.0000,-0.0000
102.012,-0.0000,0.2428,-0.2365,0.0000,0.6251,0.0000,-0.0000
102.024,-0.0000,0.2465,-0.2401,0.0000,0.6345,0.0000,-0.0000
102.036,-0.0000,0.2501,-0.2436,0.0000,0.6438,0.0000,-0.0000
102.048,-0.0000,0.2537,-0.2472,0.0000,0.6532,0.0000,-0.0000
102.060,-0.0000,0.2574,-0.2507,0.0000,0.6626,0.0000,-0.0000
102.072,-0.0000,0.2610,-0.2542,0.0000,0.6720,0.0000,-0.0000
102.084,-0.0000,0.2647,-0.2578,0.0000,0.6813,0.0000,-0.0000
102.096,-0.0000,0.2683,-0.2613,0.0000,0.6907,0.0000,-0.0000
102.108,-0.0000,0.2720,-0.2649,0.0000,0.7001,0.0000,-0.0000
102.120,-0.0000,0.2756,-0.2684,0.0000,0.7095,0.0000,-0.0000
102.132,-0.0000,0.2792,-0.2720,0.0000,0.7189,0.0000,-0.0000
102.144,-0.0000,0.2829,-0.2755,0.0000,0.7282,0.0000,-0.0000
102.156,-0.0000,0.2865,-0.2791,0.0000,0.7376,0.0000,-0.0000
102.168,-0.0000,0.2902,-0.2826,0.0000,0.7470,0.0000,-0.0000
102.180,-0.0000,0.2938,-0.2862,0.0000,0.7564,0.0000,-0.0000
102.192,-0.0000,0.2975,-0.2897,0.0000,0.7657,0.0000,-0.0000
102.204,-0.0000,0.3011,-0.2933,0.0000,0.7751,0.0000,-0.0000
102.216,-0.0000,0.3047,-0.2968,0.0000,0.7845,0.0000,-0.0000
102.228,-0.0000,0.3084,-0.3004,0.0000,0.7939,0.0000,-0.0000
102.240,-0.0000,0.3120,-0.3039,0.0000,0.8032,0.0000,-0.0000
102.252,-0.0000,0.3157,-0.3075,0.0000,0.8126,0.0000,-0.0000
102.264,-0.0000,0.3193,-0.3110,0.0000,0.8220,0.0000,-0.0000
102.276,-0.0000,0.3230,-0.3146,0.0000,0.8314,0.0000,-0.0000
102.288,-0.0000,0.3266,-0.3181,0.0000,0.8407,0.0000,-0.0000
102.300,-0.0000,0.3302,-0.3217,0.0000,0.8501,0.0001,-0.0000
102.312,-0.0000,0.3339,-0.3252,0.0000,0.8595,0.0001,-0.0000
102.324,-0.0000,0.3375,-0.3287,0.0000,0.8689,0.0001,-0.0000
102.336,-0.0000,0.3412,-0.3323,0.0000,0.8783,0.0001,-0.0000
102.348,-0.0000,0.3448,-0.3358,0.0000,0.8876,0.0001,-0.0000
102.360,-0.0000,0.3484,-0.3394,0.0000,0.8970,0.0001,-0.0000
102.372,-0.0000,0.3521,-0.3429,0.0000,0.9064,0.0001,-0.0000
102.384,-0.0000,0.3557,-0.3465,0.0000,0.9158,0.0001,-0.0000
102.396,-0.0000,0.3594,-0.3500,0.0000,0.9251,0.0001,-0.0000
102.408,-0.0000,0.3630,-0.3536,0.0000,0.9345,0.0001,-0.0000
102.420,-0.0000,0.3667,-0.3571,0.0000,0.9439,0.0001,-0.0000
102.432,-0.0000,0.3703,-0.3607,0.0000,0.9533,0.0001,-0.0000
102.444,-0.0000,0.3739,-0.3642,0.0000,0.9626,0.0001,-0.0000
102.456,-0.0000,0.3776,-0.3678,0.0000,0.9720,0.0001,-0.0000
102.468,-0.0000,0.3812,-0.3713,0.0000,0.9814,0.0001,-0.0000
102.480,-0.0000,0.3849,-0.3749,0.0000,0.9908,0.0001,-0.0000
102.492,-0.0000,0.3885,-0.3784,0.0000,1.0001,0.0001,-0.0000
102.504,-0.0000,0.3922,-0.3820,0.0000,1.0095,0.0001,-0.0000
102.516,-0.0000,0.3958,-0.3855,0.0000,1.0189,0.0001,-0.0000
102.528,-0.0000,0.3994,-0.3891,0.0000,1.0283,0.0001,-0.0000
102.540,-0.0000,0.4031,-0.3926,0.0000,1.0376,0.0001,-0.0000
102.552,-0.0000,0.4067,-0.3962,0.0000,1.0470,0.0001,-0.0000
102.564,-0.0000,0.4104,-0.3997,0.0000,1.0564,0.0001,-0.0000
102.576,-0.0000,0.4140,-0.4032,0.0000,1.0658,0.0001,-0.0000
102.588,-0.0000,0.4177,-0.4068,0.0000,1.0752,0.0001,-0.0000
102.600,-0.0000,0.4213,-0.4103,0.0000,1.0845,0.0001,-0.0000
102.612,-0.0000,0.4249,-0.4139,0.0000,1.0939,0.0001,-0.0000
102.624,-0.0000,0.4286,-0.4174,0.0000,1.1033,0.0001,-0.0000
102.636,-0.0000,0.4322,-0.4210,0.0000,1.1127,0.0001,-0.0000
102.648,-0.0000,0.4359,-0.4245,0.0000,1.1220,0.0001,-0.0000
102.660,-0.0000,0.4395,-0.4281,0.0000,1.1314,0.0001,-0.0000
102.672,-0.0000,0.4431,-0.4316,0.0000,1.1408,0.0001,-0.0000
102.684,-0.0000,0.4468,-0.4352,0.0000,1.1502,0.0001,-0.0000
102.696,-0.0000,0.4504,-0.4387,0.0000,1.1595,0.0001,-0.0000
102.708,-0.0000,0.4541,-0.4423,0.0000,1.1689,0.0001,-0.0000
102.720,-0.0000,0.4577,-0.4458,0.0000,1.1783,0.0001,-0.0000
102.732,-0.0000,0.4614,-0.4494,0.0000,1.1877,0.0001,-0.0000
102.744,-0.0000,0.4650,-0.4529,0.0000,1.1970,0.0001,-0.0000
102.756,-0.0000,0.4686,-0.4565,0.0000,1.2064,0.0001,-0.0000
102.768,-0.0000,0.4723,-0.4600,0.0000,1.2158,0.0001,-0.0000
102.780,-0.0000,0.4759,-0.4636,0.0000,1.2252,0.0001,-0.0000
102.792,-0.0000,0.4796,-0.4671,0.0000,1.2346,0.0001,-0.0000
102.804,-0.0000,0.4832,-0.4707,0.0000,1.2439,0.0001,-0.0000
102.816,-0.0000,0.4869,-0.4742,0.0000,1.2533,0.0001,-0.0000
102.828,-0.0000,0.4905,-0.4777,0.0000,1.2627,0.0001,-0.0000
102.840,-0.0000,0.4941,-0.4813,0.0000,1.2721,0.0001,-0.0000
102.852,-0.0000,0.4978,-0.4848,0.0000,1.2814,0.0001,-0.0000
102.864,-0.0000,0.5014,-0.4884,0.0000,1.2908,0.0001,-0.0000
102.876,-0.0000,0.5051,-0.4919,0.0000,1.3002,0.0001,-0.0000
102.888,-0.0000,0.5087,-0.4955,0.0000,1.3096,0.0001,-0.0000
102.900,-0.0000,0.5124,-0.4990,0.0000,1.3189,0.0001,-0.0000
102.912,-0.0000,0.5160,-0.5026,0.0000,1.3283,0.0001,-0.0000
102.924,-0.0000,0.5196,-0.5061,0.0000,1.3377,0.0001,-0.0000
102.936,-0.0000,0.5233,-0.5097,0.0000,1.3471,0.0001,-0.0000
102.948,-0.0000,0.5269,-0.5132,0.0000,1.3564,0.0001,-0.0000
102.960,-0.0000,0.5306,-0.5168,0.0000,1.3658,0.0001,-0.0000
102.972,-0.0000,0.5342,-0.5203,0.0000,1.3752,0.0001,-0.0000
102.984,-0.0000,0.5378,-0.5239,0.0000,1.3846,0.0001,-0.0000
102.996,-0.0000,0.5415,-0.5274,0.0000,1.3939,0.0001,-0.0000
103.008,-0.0000,0.5451,-0.5310,0.0000,1.4033,0.0001,-0.0000
103.020,-0.0000,0.5488,-0.5345,0.0000,1.4127,0.0001,-0.0000
103.032,-0.0000,0.5524,-0.5381,0.0000,1.4221,0.0001,-0.0000
103.044,-0.0000,0.5561,-0.5416,0.0000,1.4315,0.0001,-0.0000
103.056,-0.0000,0.5597,-0.5452,0.0000,1.4408,0.0001,-0.0000
103.068,-0.0000,0.5633,-0.5487,0.0000,1.4502,0.0001,-0.0000
103.080,-0.0000,0.5670,-0.5522,0.0000,1.4596,0.0001,-0.0000
103.092,-0.0000,0.5706,-0.5558,0.0000,1.4690,0.0001,-0.0000
103.104,-0.0000,0.5743,-0.5593,0.0000,1.4783,0.0001,-0.0000
103.116,-0.0000,0.5779,-0.5629,0.0000,1.4877,0.0001,-0.0000
103.128,-0.0000,0.5814,-0.5663,0.0000,1.4967,0.0001,-0.0000
103.140,-0.0000,0.5845,-0.5693,0.0000,1.5046,0.0001,-0.0000
103.152,-0.0000,0.5872,-0.5719,0.0000,1.5116,0.0001,-0.0000
103.164,-0.0000,0.5896,-0.5743,0.0000,1.5177,0.0001,-0.0000
103.176,-0.0000,0.5917,-0.5763,0.0000,1.5231,0.0001,-0.0000
103.188,-0.0000,0.5935,-0.5781,0.0000,1.5279,0.0001,-0.0000
103.200,-0.0000,0.5951,-0.5797,0.0000,1.5321,0.0001,-0.0000
103.212,-0.0000,0.5966,-0.5811,0.0000,1.5357,0.0001,-0.0000
103.224,-0.0000,0.5978,-0.5823,0.0000,1.5390,0.0001,-0.0000
103.236,-0.0000,0.5989,-0.5834,0.0000,1.5418,0.0001,-0.0000
103.248,-0.0000,0.5999,-0.5843,0.0000,1.5443,0.0001,-0.0000
103.260,-0.0000,0.6008,-0.5852,0.0000,1.5465,0.0001,-0.0000
103.272,-0.0000,0.6015,-0.5859,0.0000,1.5485,0.0001,-0.0000
103.284,-0.0000,0.6022,-0.5865,0.0000,1.5502,0.0001,-0.0000
103.296,-0.0000,0.6022,-0.5865,0.0000,1.5502,0.0001,-0.0000
103.308,-0.0000,0.6023,-0.5862,0.0000,1.5497,0.0001,-0.0000
103.320,-0.0000,0.6025,-0.5855,0.0000,1.5489,0.0001,-0.0000
103.332,-0.0000,0.6029,-0.5846,0.0000,1.5477,0.0001,-0.0000
103.344,-0.0000,0.6033,-0.5834,0.0000,1.5461,0.0001,-0.0000
103.356,-0.0000,0.6038,-0.5820,0.0000,1.5443,0.0001,-0.0000
103.368,-0.0000,0.6043,-0.5805,0.0000,1.5423,0.0001,-0.0000
103.380,-0.0000,0.6049,-0.5787,0.0000,1.5400,0.0001,-0.0000
103.392,-0.0000,0.6056,-0.5769,0.0000,1.5376,0.0001,-0.0000
103.404,-0.0000,0.6063,-0.5749,0.0000,1.5349,0.0001,-0.0000
103.416,-0.0000,0.6070,-0.5727,0.0000,1.5322,0.0001,-0.0000
103.428,-0.0000,0.6078,-0.5705,0.0000,1.5293,0.0001,-0.0000
103.440,-0.0000,0.6086,-0.5682,0.0000,1.5263,0.0001,-0.0000
103.452,-0.0000,0.6094,-0.5659,0.0000,1.5232,0.0001,-0.0000
103.464,-0.0000,0.6103,-0.5634,0.0000,1.5200,0.0001,-0.0000
103.476,-0.0000,0.6112,-0.5609,0.0000,1.5167,0.0001,-0.0000
103.488,-0.0000,0.6121,-0.5584,0.0000,1.5134,0.0001,-0.0000
103.500,-0.0000,0.6130,-0.5558,0.0000,1.5100,0.0001,-0.0000
103.512,-0.0000,0.6139,-0.5531,0.0000,1.5066,0.0001,-0.0000
103.524,-0.0000,0.6148,-0.5505,0.0000,1.5031,0.0001,-0.0000
103.536,-0.0000,0.6158,-0.5478,0.0000,1.4996,0.0001,-0.0000
103.548,-0.0000,0.6167,-0.5450,0.0000,1.4960,0.0001,-0.0000
103.560,-0.0000,0.6177,-0.5423,0.0000,1.4924,0.0001,-0.0000
103.572,-0.0000,0.6187,-0.5395,0.0000,1.4888,0.0001,-0.0000
103.584,-0.0000,0.6197,-0.5367,0.0000,1.4851,0.0001,-0.0000
103.596,-0.0000,0.6207,-0.5339,0.0000,1.4815,0.0001,-0.0000
103.608,-0.0000,0.6216,-0.5311,0.0000,1.4778,0.0001,-0.0000
103.620,-0.0000,0.6226,-0.5282,0.0000,1.4741,0.0001,-0.0000
103.632,-0.0000,0.6236,-0.5254,0.0000,1.4703,0.0001,-0.0000
103.644,-0.0000,0.6246,-0.5225,0.0000,1.4666,0.0001,-0.0000
103.656,-0.0000,0.6257,-0.5197,0.0000,1.4629,0.0001,-0.0000
103.668,-0.0000,0.6267,-0.5168,0.0000,1.4591,0.0001,-0.0000
103.680,-0.0000,0.6277,-0.5139,0.0000,1.4553,0.0001,-0.0000
103.692,-0.0000,0.6287,-0.5110,0.0000,1.4516,0.0001,-0.0000
103.704,-0.0000,0.6297,-0.5081,0.0000,1.4478,0.0001,-0.0000
103.716,-0.0000,0.6307,-0.5052,0.0000,1.4440,0.0001,-0.0000
103.728,-0.0000,0.6317,-0.5023,0.0000,1.4402,0.0001,-0.0000
103.740,-0.0000,0.6327,-0.4994,0.0000,1.4364,0.0001,-0.0000
103.752,-0.0000,0.6338,-0.4965,0.0000,1.4326,0.0001,-0.0000
103.764,-0.0000,0.6348,-0.4936,0.0000,1.4288,0.0001,-0.0000
103.776,-0.0000,0.6358,-0.4907,0.0000,1.4250,0.0001,-0.0000
103.788,-0.0000,0.6368,-0.4878,0.0000,1.4212,0.0001,-0.0000
103.800,-0.0000,0.6379,-0.4849,0.0000,1.4174,0.0001,-0.0000
103.812,-0.0000,0.6389,-0.4820,0.0000,1.4136,0.0001,-0.0000
103.824,-0.0000,0.6399,-0.4790,0.0000,1.4098,0.0001,-0.0000
103.836,-0.0000,0.6409,-0.4761,0.0000,1.4060,0.0001,-0.0000
103.848,-0.0000,0.6420,-0.4732,0.0000,1.4022,0.0001,-0.0000
103.860,-0.0000,0.6430,-0.4703,0.0000,1.3984,0.0001,-0.0000
103.872,-0.0000,0.6440,-0.4674,0.0000,1.3945,0.0001,-0.0000
103.884,-0.0000,0.6450,-0.4644,0.0000,1.3907,0.0001,-0.0000
103.896,-0.0000,0.6461,-0.4615,0.0000,1.3869,0.0001,-0.0000
103.908,-0.0000,0.6471,-0.4586,0.0000,1.3831,0.0001,-0.0000
103.920,-0.0000,0.6481,-0.4557,0.0000,1.3793,0.0001,-0.0000
103.932,-0.0000,0.6491,-0.4527,0.0000,1.3754,0.0001,-0.0000
103.944,-0.0000,0.6502,-0.4498,0.0000,1.3716,0.0000,-0.0000
103.956,-0.0000,0.6512,-0.4469,0.0000,1.3678,0.0000,-0.0000
103.968,-0.0000,0.6522,-0.4440,0.0000,1.3640,0.0000,-0.0000
103.980,-0.0000,0.6532,-0.4410,0.0000,1.3601,0.0000,-0.0000
103.992,-0.0000,0.6543,-0.4381,0.0000,1.3563,0.0000,-0.0000
104.004,-0.0000,0.6553,-0.4352,0.0000,1.3525,0.0000,-0.0000
104.016,-0.0000,0.6563,-0.4322,0.0000,1.3487,0.0000,-0.0000
104.028,-0.0000,0.6574,-0.4293,0.0000,1.3449,0.0000,-0.0000
104.040,-0.0000,0.6584,-0.4264,0.0000,1.3410,0.0000,-0.0000
104.052,-0.0000,0.6594,-0.4235,0.0000,1.3372,0.0000,-0.0000
104.064,-0.0000,0.6604,-0.4205,0.0000,1.3334,0.0000,-0.0000
104.076,-0.0000,0.6615,-0.4176,0.0000,1.3296,0.0000,-0.0000
104.088,-0.0000,0.6625,-0.4147,0.0000,1.3257,0.0000,-0.0000
104.100,-0.0000,0.6635,-0.4117,0.0000,1.3219,0.0000,-0.0000
104.112,-0.0000,0.6646,-0.4088,0.0000,1.3181,0.0000,-0.0000
104.124,-0.0000,0.6656,-0.4059,0.0000,1.3142,0.0000,-0.0000
104.136,-0.0000,0.6666,-0.4030,0.0000,1.3104,0.0000,-0.0000
104.148,-0.0000,0.6676,-0.4000,0.0000,1.3066,0.0000,-0.0000
104.160,-0.0000,0.6687,-0.3971,0.0000,1.3028,0.0000,-0.0000
104.172,-0.0000,0.6697,-0.3942,0.0000,1.2989,0.0000,-0.0000
104.184,-0.0000,0.6707,-0.3912,0.0000,1.2951,0.0000,-0.0000
104.196,-0.0000,0.6717,-0.3883,0.0000,1.2913,0.0000,-0.0000
104.208,-0.0000,0.6728,-0.3854,0.0000,1.2875,0.0000,-0.0000
104.220,-0.0000,0.6738,-0.3825,0.0000,1.2836,0.0000,-0.0000
104.232,-0.0000,0.6748,-0.3795,0.0000,1.2798,0.0000,-0.0000
104.244,-0.0000,0.6759,-0.3766,0.0000,1.2760,0.0000,-0.0000
104.256,-0.0000,0.6769,-0.3737,0.0000,1.2722,0.0000,-0.0000
104.268,-0.0000,0.6779,-0.3707,0.0000,1.2683,0.0000,-0.0000
104.280,-0.0000,0.6789,-0.3678,0.0000,1.2645,0.0000,-0.0000
104.292,-0.0000,0.6800,-0.3649,0.0000,1.2607,0.0000,-0.0000
104.304,-0.0000,0.6810,-0.3619,0.0000,1.2569,0.0000,-0.0000
104.316,-0.0000,0.6820,-0.3590,0.0000,1.2530,0.0000,-0.0000
104.328,-0.0000,0.6831,-0.3561,0.0000,1.2492,0.0000,-0.0000
104.340,-0.0000,0.6841,-0.3532,0.0000,1.2454,0.0000,-0.0000
104.352,-0.0000,0.6851,-0.3502,0.0000,1.2416,0.0000,-0.0000
104.364,-0.0000,0.6861,-0.3473,0.0000,1.2377,0.0000,-0.0000
104.376,-0.0000,0.6872,-0.3444,0.0000,1.2339,0.0000,-0.0000
104.388,-0.0000,0.6882,-0.3414,0.0000,1.2301,0.0000,-0.0000
104.400,-0.0000,0.6892,-0.3385,0.0000,1.2263,0.0000,-0.0000
104.412,-0.0000,0.6903,-0.3356,0.0000,1.2224,0.0000,-0.0000
104.424,-0.0000,0.6913,-0.3327,0.0000,1.2186,0.0000,-0.0000
104.436,-0.0000,0.6923,-0.3297,0.0000,1.2148,0.0000,-0.0000
104.448,-0.0000,0.6933,-0.3268,0.0000,1.2109,0.0000,-0.0000
104.460,-0.0000,0.6944,-0.3239,0.0000,1.2071,0.0000,-0.0000
104.472,-0.0000,0.6954,-0.3209,0.0000,1.2033,0.0000,-0.0000
104.484,-0.0000,0.6964,-0.3180,0.0000,1.1995,0.0000,-0.0000
104.496,-0.0000,0.6974,-0.3151,0.0000,1.1956,0.0000,-0.0000
104.508,-0.0000,0.6984,-0.3125,0.0000,1.1923,0.0000,-0.0000
104.520,-0.0000,0.6991,-0.3102,0.0000,1.1893,0.0000,-0.0000
104.532,-0.0000,0.6998,-0.3082,0.0000,1.1867,0.0000,-0.0000
104.544,-0.0000,0.7005,-0.3065,0.0000,1.1844,0.0000,-0.0000
104.556,-0.0000,0.7010,-0.3049,0.0000,1.1824,0.0000,-0.0000
104.568,-0.0000,0.7015,-0.3036,0.0000,1.1806,0.0000,-0.0000
104.580,-0.0000,0.7019,-0.3024,0.0000,1.1791,0.0000,-0.0000
104.592,-0.0000,0.7023,-0.3013,0.0000,1.1777,0.0000,-0.0000
104.604,-0.0000,0.7026,-0.3004,0.0000,1.1765,0.0000,-0.0005
104.616,-0.0000,0.7029,-0.2996,0.0000,1.1754,0.0000,-0.0015
104.628,-0.0000,0.7031,-0.2989,0.0000,1.1745,0.0000,-0.0029
104.640,-0.0000,0.7034,-0.2982,0.0000,1.1736,0.0000,-0.0047
104.652,-0.0000,0.7036,-0.2977,0.0000,1.1729,0.0000,-0.0068
104.664,-0.0000,0.7037,-0.2972,0.0000,1.1723,0.0000,-0.0091
104.676,-0.0000,0.7039,-0.2968,0.0000,1.1717,0.0000,-0.0117
104.688,-0.0000,0.7040,-0.2964,0.0000,1.1712,0.0000,-0.0145
104.700,-0.0000,0.7041,-0.2960,0.0000,1.1708,0.0000,-0.0175
104.712,-0.0000,0.7042,-0.2957,0.0000,1.1704,0.0000,-0.0207
104.724,-0.0000,0.7043,-0.2955,0.0000,1.1701,0.0000,-0.0240
104.736,-0.0000,0.7044,-0.2953,0.0000,1.1698,0.0000,-0.0275
104.748,-0.0000,0.7045,-0.2951,0.0000,1.1695,0.0000,-0.0311
104.760,-0.0000,0.7045,-0.2949,0.0000,1.1693,0.0000,-0.0347
104.772,-0.0000,0.7046,-0.2947,0.0000,1.1691,0.0000,-0.0385
104.784,-0.0000,0.7046,-0.2946,0.0000,1.1689,0.0000,-0.0423
104.796,-0.0000,0.7047,-0.2945,0.0000,1.1687,0.0000,-0.0462
104.808,-0.0000,0.7047,-0.2944,0.0000,1.1686,0.0000,-0.0502
104.820,-0.0000,0.7047,-0.2943,0.0000,1.1685,0.0000,-0.0542
104.832,-0.0000,0.7048,-0.2942,0.0000,1.1684,0.0000,-0.0582
104.844,-0.0000,0.7048,-0.2941,0.0000,1.1683,0.0000,-0.0623
104.856,-0.0000,0.7048,-0.2941,0.0000,1.1682,0.0000,-0.0665
104.868,-0.0000,0.7048,-0.2940,0.0000,1.1681,0.0000,-0.0706
104.880,-0.0000,0.7049,-0.2940,0.0000,1.1681,0.0000,-0.0748
104.892,-0.0000,0.7049,-0.2939,0.0000,1.1680,0.0000,-0.0791
104.904,-0.0000,0.7049,-0.2939,0.0000,1.1680,0.0000,-0.0833
104.916,-0.0000,0.7049,-0.2938,0.0000,1.1679,0.0000,-0.0876
104.928,-0.0000,0.7049,-0.2938,0.0000,1.1679,0.0000,-0.0918
104.940,-0.0000,0.7049,-0.2938,0.0000,1.1678,0.0000,-0.0961
104.952,-0.0000,0.7049,-0.2938,0.0000,1.1678,0.0000,-0.1004
104.964,-0.0000,0.7049,-0.2937,0.0000,1.1678,0.0000,-0.1047
104.976,-0.0000,0.7049,-0.2937,0.0000,1.1678,0.0000,-0.1091
104.988,-0.0000,0.7049,-0.2937,0.0000,1.1677,0.0000,-0.1134
105.000,-0.0000,0.7050,-0.2937,0.0000,1.1677,0.0000,-0.1178
105.012,-0.0000,0.7050,-0.2937,0.0000,1.1677,0.0000,-0.1221
105.024,-0.0000,0.7050,-0.2937,0.0000,1.1677,0.0000,-0.1265
105.036,-0.0000,0.7050,-0.2937,0.0000,1.1677,0.0000,-0.1308
105.048,-0.0000,0.7050,-0.2937,0.0000,1.1677,0.0000,-0.1352
105.060,-0.0000,0.7050,-0.2936,0.0000,1.1677,0.0000,-0.1396
105.072,-0.0000,0.7050,-0.2936,0.0000,1.1676,0.0000,-0.1439
105.084,-0.0000,0.7050,-0.2936,0.0000,1.1676,0.0000,-0.1483
105.096,-0.0000,0.7050,-0.2936,0.0000,1.1676,0.0000,-0.1527
105.108,-0.0000,0.7050,-0.2936,0.0000,1.1676,0.0000,-0.1571
105.120,-0.0000,0.7050,-0.2936,0.0000,1.1676,0.0000,-0.1614
105.132,-0.0000,0.7050,-0.2936,0.0000,1.1676,0.0000,-0.1658
105.144,-0.0000,0.7050,-0.2936,0.0000,1.1676,0.0000,-0.1702
105.156,-0.0000,0.7050,-0.2936,0.0000,1.1676,0.0000,-0.1746
105.168,-0.0000,0.7050,-0.2936,0.0000,1.1676,0.0000,-0.1790
105.180,-0.0000,0.7048,-0.2936,0.0000,1.1677,0.0000,-0.1834
105.192,-0.0000,0.7043,-0.2936,0.0000,1.1681,0.0000,-0.1878
105.204,-0.0000,0.7037,-0.2936,0.0000,1.1686,0.0000,-0.1922
105.216,-0.0000,0.7031,-0.2936,0.0000,1.1690,0.0000,-0.1966
105.228,-0.0000,0.7025,-0.2936,0.0000,1.1694,0.0000,-0.2010
105.240,-0.0000,0.7020,-0.2936,0.0000,1.1699,0.0000,-0.2054
105.252,-0.0000,0.7014,-0.2936,0.0000,1.1703,0.0000,-0.2098
105.264,-0.0000,0.7008,-0.2936,0.0000,1.1708,0.0000,-0.2142
105.276,-0.0000,0.7002,-0.2936,0.0000,1.1712,0.0000,-0.2186
105.288,-0.0000,0.6996,-0.2936,0.0000,1.1717,0.0000,-0.2230
105.300,-0.0000,0.6990,-0.2936,0.0000,1.1721,0.0000,-0.2273
105.312,-0.0000,0.6985,-0.2936,0.0000,1.1725,0.0000,-0.2317
105.324,-0.0000,0.6979,-0.2936,0.0000,1.1730,0.0000,-0.2361
105.336,-0.0000,0.6973,-0.2936,0.0000,1.1734,0.0000,-0.2405
105.348,-0.0000,0.6967,-0.2936,0.0000,1.1739,0.0000,-0.2449
105.360,-0.0000,0.6962,-0.2936,0.0000,1.1743,0.0000,-0.2493
105.372,-0.0000,0.6956,-0.2936,0.0000,1.1747,0.0000,-0.2537
105.384,-0.0000,0.6950,-0.2936,0.0000,1.1752,0.0000,-0.2581
105.396,-0.0000,0.6945,-0.2936,0.0000,1.1756,0.0000,-0.2625
105.408,-0.0000,0.6939,-0.2936,0.0000,1.1760,0.0000,-0.2669
105.420,-0.0000,0.6933,-0.2936,0.0000,1.1764,0.0000,-0.2713
105.432,-0.0000,0.6928,-0.2936,0.0000,1.1769,0.0000,-0.2757
105.444,-0.0000,0.6922,-0.2936,0.0000,1.1773,0.0000,-0.2801
105.456,-0.0000,0.6916,-0.2936,0.0000,1.1777,0.0000,-0.2845
105.468,-0.0000,0.6911,-0.2936,0.0000,1.1781,0.0000,-0.2889
105.480,-0.0000,0.6905,-0.2936,0.0000,1.1786,0.0000,-0.2933
105.492,-0.0000,0.6900,-0.2936,0.0000,1.1790,0.0000,-0.2977
105.504,-0.0000,0.6894,-0.2936,0.0000,1.1794,0.0000,-0.3021
105.516,-0.0000,0.6889,-0.2936,0.0000,1.1798,0.0000,-0.3065
105.528,-0.0000,0.6883,-0.2936,0.0000,1.1802,0.0000,-0.3109
105.540,-0.0000,0.6878,-0.2936,0.0000,1.1806,0.0000,-0.3153
105.552,-0.0000,0.6872,-0.2936,0.0000,1.1810,0.0000,-0.3197
105.564,-0.0000,0.6867,-0.2936,0.0000,1.1815,0.0000,-0.3241
105.576,-0.0000,0.6861,-0.2936,0.0000,1.1819,0.0000,-0.3285
105.588,-0.0000,0.6856,-0.2936,0.0000,1.1823,0.0000,-0.3329
105.600,-0.0000,0.6851,-0.2936,0.0000,1.1827,0.0000,-0.3373
105.612,-0.0000,0.6845,-0.2936,0.0000,1.1831,0.0000,-0.3417
105.624,-0.0000,0.6840,-0.2936,0.0000,1.1835,0.0000,-0.3461
105.636,-0.0000,0.6834,-0.2936,0.0000,1.1839,0.0000,-0.3505
105.648,-0.0000,0.6829,-0.2936,0.0000,1.1843,0.0000,-0.3549
105.660,-0.0000,0.6824,-0.2936,0.0000,1.1847,0.0000,-0.3593
105.672,-0.0000,0.6819,-0.2936,0.0000,1.1851,0.0000,-0.3637
105.684,-0.0000,0.6813,-0.2936,0.0000,1.1855,0.0000,-0.3681
105.696,-0.0000,0.6808,-0.2936,0.0000,1.1858,0.0000,-0.3725
105.708,-0.0000,0.6803,-0.2936,0.0000,1.1862,0.0000,-0.3769
105.720,-0.0000,0.6798,-0.2936,0.0000,1.1866,0.0000,-0.3813
105.732,-0.0000,0.6793,-0.2936,0.0000,1.1870,0.0000,-0.3857
105.744,-0.0000,0.6788,-0.2936,0.0000,1.1874,0.0000,-0.3901
105.756,-0.0000,0.6783,-0.2936,0.0000,1.1878,0.0000,-0.3945
105.768,-0.0000,0.6778,-0.2936,0.0000,1.1881,0.0000,-0.3989
105.780,-0.0000,0.6772,-0.2936,0.0000,1.1885,0.0000,-0.4033
105.792,-0.0000,0.6767,-0.2936,0.0000,1.1889,0.0000,-0.4077
105.804,-0.0000,0.6763,-0.2936,0.0000,1.1892,0.0000,-0.4116
105.816,-0.0000,0.6759,-0.2936,0.0000,1.1895,0.0000,-0.4150
105.828,-0.0000,0.6755,-0.2936,0.0000,1.1898,0.0000,-0.4180
105.840,-0.0000,0.6754,-0.2940,0.0000,1.1903,0.0000,-0.4206
105.852,-0.0000,0.6753,-0.2946,0.0000,1.1911,0.0000,-0.4230
105.864,-0.0000,0.6751,-0.2956,0.0000,1.1923,0.0000,-0.4250
105.876,-0.0000,0.6749,-0.2968,0.0000,1.1937,0.0000,-0.4268
105.888,-0.0000,0.6746,-0.2982,0.0000,1.1955,0.0000,-0.4284
105.900,-0.0000,0.6742,-0.2998,0.0000,1.1974,0.0000,-0.4298
105.912,-0.0000,0.6739,-0.3015,0.0000,1.1996,0.0000,-0.4310
105.924,-0.0000,0.6734,-0.3034,0.0000,1.2020,0.0000,-0.4321
105.936,-0.0000,0.6730,-0.3055,0.0000,1.2045,0.0000,-0.4330
105.948,-0.0000,0.6725,-0.3076,0.0000,1.2072,0.0000,-0.4339
105.960,-0.0000,0.6720,-0.3099,0.0000,1.2100,0.0000,-0.4346
105.972,-0.0000,0.6715,-0.3122,0.0000,1.2129,0.0000,-0.4353
105.984,-0.0000,0.6709,-0.3146,0.0000,1.2160,0.0000,-0.4358
105.996,-0.0000,0.6704,-0.3171,0.0000,1.2191,0.0000,-0.4363
106.008,-0.0000,0.6698,-0.3196,0.0000,1.2222,0.0000,-0.4368
106.020,-0.0000,0.6692,-0.3222,0.0000,1.2255,0.0000,-0.4372
106.032,-0.0000,0.6686,-0.3249,0.0000,1.2288,0.0000,-0.4375
106.044,-0.0000,0.6680,-0.3275,0.0000,1.2321,0.0000,-0.4378
106.056,-0.0000,0.6674,-0.3302,0.0000,1.2355,0.0000,-0.4381
106.068,-0.0000,0.6667,-0.3330,0.0000,1.2390,0.0000,-0.4383
106.080,-0.0000,0.6661,-0.3358,0.0000,1.2424,0.0000,-0.4385
106.092,-0.0000,0.6654,-0.3386,0.0000,1.2459,0.0000,-0.4387
106.104,-0.0000,0.6648,-0.3414,0.0000,1.2495,0.0000,-0.4388
106.116,-0.0000,0.6641,-0.3442,0.0000,1.2530,0.0000,-0.4390
106.128,-0.0000,0.6635,-0.3471,0.0000,1.2566,0.0000,-0.4391
106.140,-0.0000,0.6628,-0.3499,0.0000,1.2602,0.0000,-0.4392
106.152,-0.0000,0.6622,-0.3528,0.0000,1.2638,0.0000,-0.4393
106.164,-0.0000,0.6615,-0.3557,0.0000,1.2674,0.0000,-0.4394
106.176,-0.0000,0.6608,-0.3586,0.0000,1.2711,0.0000,-0.4395
106.188,-0.0000,0.6601,-0.3615,0.0000,1.2747,0.0000,-0.4395
106.200,-0.0000,0.6595,-0.3645,0.0000,1.2784,0.0000,-0.4396
106.212,-0.0000,0.6588,-0.3674,0.0000,1.2821,0.0000,-0.4396
106.224,-0.0000,0.6581,-0.3703,0.0000,1.2857,0.0000,-0.4397
106.236,-0.0000,0.6574,-0.3733,0.0000,1.2894,0.0000,-0.4397
106.248,-0.0000,0.6568,-0.3762,0.0000,1.2931,0.0000,-0.4397
106.260,-0.0000,0.6561,-0.3791,0.0000,1.2968,0.0000,-0.4398
106.272,-0.0000,0.6554,-0.3821,0.0000,1.3005,0.0000,-0.4398
106.284,-0.0000,0.6547,-0.3851,0.0000,1.3042,0.0000,-0.4398
106.296,-0.0000,0.6540,-0.3880,0.0000,1.3079,0.0000,-0.4398
106.308,-0.0000,0.6534,-0.3910,0.0000,1.3116,0.0000,-0.4399
106.320,-0.0000,0.6527,-0.3939,0.0000,1.3153,0.0000,-0.4399
106.332,-0.0000,0.6520,-0.3969,0.0000,1.3190,0.0000,-0.4399
106.344,-0.0000,0.6513,-0.3999,0.0000,1.3228,0.0000,-0.4399
106.356,-0.0000,0.6506,-0.4028,0.0000,1.3265,0.0000,-0.4399
106.368,-0.0000,0.6499,-0.4058,0.0000,1.3302,0.0000,-0.4399
106.380,-0.0000,0.6492,-0.4088,0.0000,1.3339,0.0000,-0.4399
106.392,-0.0000,0.6486,-0.4117,0.0000,1.3376,0.0000,-0.4399
106.404,-0.0000,0.6479,-0.4147,0.0000,1.3414,0.0000,-0.4400
106.416,-0.0000,0.6472,-0.4177,0.0000,1.3451,0.0000,-0.4400
106.428,-0.0000,0.6465,-0.4206,0.0000,1.3488,0.0000,-0.4400
106.440,-0.0000,0.6458,-0.4236,0.0000,1.3525,0.0000,-0.4400
106.452,-0.0000,0.6451,-0.4266,0.0000,1.3563,0.0000,-0.4400
106.464,-0.0000,0.6444,-0.4296,0.0000,1.3600,0.0000,-0.4400
106.476,-0.0000,0.6437,-0.4325,0.0000,1.3637,0.0000,-0.4400
106.488,-0.0000,0.6431,-0.4355,0.0000,1.3675,0.0000,-0.4400
106.500,-0.0000,0.6424,-0.4385,0.0000,1.3712,0.0000,-0.4400
106.512,-0.0000,0.6417,-0.4415,0.0000,1.3749,0.0000,-0.4400
106.524,-0.0000,0.6410,-0.4444,0.0000,1.3786,0.0000,-0.4400
106.536,-0.0000,0.6403,-0.4474,0.0000,1.3824,0.0000,-0.4400
106.548,-0.0000,0.6396,-0.4504,0.0000,1.3861,0.0000,-0.4400
106.560,-0.0000,0.6389,-0.4534,0.0000,1.3898,0.0000,-0.4400
106.572,-0.0000,0.6382,-0.4563,0.0000,1.3936,0.0001,-0.4400
106.584,-0.0000,0.6376,-0.4593,0.0000,1.3973,0.0001,-0.4400
106.596,-0.0000,0.6369,-0.4623,0.0000,1.4010,0.0001,-0.4400
106.608,-0.0000,0.6362,-0.4653,0.0000,1.4048,0.0001,-0.4400
106.620,-0.0000,0.6355,-0.4682,0.0000,1.4085,0.0001,-0.4400
106.632,-0.0000,0.6348,-0.4712,0.0000,1.4122,0.0001,-0.4400
106.644,-0.0000,0.6341,-0.4742,0.0000,1.4159,0.0001,-0.4400
106.656,-0.0000,0.6334,-0.4772,0.0000,1.4197,0.0001,-0.4400
106.668,-0.0000,0.6327,-0.4801,0.0000,1.4234,0.0001,-0.4400
106.680,-0.0000,0.6321,-0.4831,0.0000,1.4271,0.0001,-0.4400
106.692,-0.0000,0.6314,-0.4861,0.0000,1.4309,0.0001,-0.4400
106.704,-0.0000,0.6307,-0.4891,0.0000,1.4346,0.0001,-0.4400
106.716,-0.0000,0.6300,-0.4920,0.0000,1.4383,0.0001,-0.4400
106.728,-0.0000,0.6293,-0.4950,0.0000,1.4421,0.0001,-0.4400
106.740,-0.0000,0.6286,-0.4980,0.0000,1.4458,0.0001,-0.4400
106.752,-0.0000,0.6279,-0.5010,0.0000,1.4495,0.0001,-0.4400
106.764,-0.0000,0.6272,-0.5040,0.0000,1.4533,0.0001,-0.4400
106.776,-0.0000,0.6265,-0.5069,0.0000,1.4570,0.0001,-0.4400
106.788,-0.0000,0.6259,-0.5099,0.0000,1.4607,0.0001,-0.4400
106.800,-0.0000,0.6252,-0.5129,0.0000,1.4645,0.0001,-0.4400
106.812,-0.0000,0.6245,-0.5159,0.0000,1.4682,0.0001,-0.4400
106.824,-0.0000,0.6238,-0.5188,0.0000,1.4719,0.0001,-0.4400
106.836,-0.0000,0.6231,-0.5218,0.0000,1.4756,0.0001,-0.4400
106.848,-0.0000,0.6224,-0.5248,0.0000,1.4794,0.0001,-0.4400
106.860,-0.0000,0.6217,-0.5278,0.0000,1.4831,0.0001,-0.4400
106.872,-0.0000,0.6210,-0.5307,0.0000,1.4868,0.0001,-0.4400
106.884,-0.0000,0.6204,-0.5337,0.0000,1.4906,0.0001,-0.4400
106.896,-0.0000,0.6197,-0.5367,0.0000,1.4943,0.0001,-0.4400
106.908,-0.0000,0.6190,-0.5397,0.0000,1.4980,0.0001,-0.4400
106.920,-0.0000,0.6183,-0.5427,0.0000,1.5018,0.0001,-0.4400
106.932,-0.0000,0.6176,-0.5456,0.0000,1.5055,0.0001,-0.4400
106.944,-0.0000,0.6169,-0.5486,0.0000,1.5092,0.0001,-0.4400
106.956,-0.0000,0.6162,-0.5516,0.0000,1.5130,0.0001,-0.4400
106.968,-0.0000,0.6155,-0.5546,0.0000,1.5167,0.0001,-0.4400
106.980,-0.0000,0.6149,-0.5575,0.0000,1.5204,0.0001,-0.4400
106.992,-0.0000,0.6142,-0.5605,0.0000,1.5242,0.0001,-0.4400
107.004,-0.0000,0.6135,-0.5635,0.0000,1.5279,0.0001,-0.4400
107.016,-0.0000,0.6128,-0.5665,0.0000,1.5316,0.0001,-0.4400
107.028,-0.0000,0.6121,-0.5694,0.0000,1.5354,0.0001,-0.4400
107.040,-0.0000,0.6115,-0.5721,0.0000,1.5386,0.0001,-0.4400
107.052,-0.0000,0.6110,-0.5744,0.0000,1.5415,0.0001,-0.4400
107.064,-0.0000,0.6105,-0.5764,0.0000,1.5441,0.0001,-0.4400
107.076,-0.0000,0.6101,-0.5782,0.0000,1.5463,0.0001,-0.4400
107.088,-0.0000,0.6097,-0.5798,0.0000,1.5483,0.0001,-0.4400
107.100,-0.0000,0.6097,-0.5798,0.0000,1.5483,0.0001,-0.4400
107.112,-0.0000,0.6098,-0.5804,0.0000,1.5488,0.0001,-0.4400
107.124,-0.0000,0.6101,-0.5815,0.0000,1.5497,0.0001,-0.4400
107.136,-0.0000,0.6104,-0.5831,0.0000,1.5510,0.0001,-0.4400
107.148,-0.0000,0.6107,-0.5851,0.0000,1.5526,0.0001,-0.4400
107.160,-0.0000,0.6112,-0.5875,0.0000,1.5546,0.0001,-0.4400
107.172,-0.0000,0.6117,-0.5902,0.0000,1.5568,0.0001,-0.4400
107.184,-0.0000,0.6123,-0.5932,0.0000,1.5592,0.0001,-0.4400
107.196,-0.0000,0.6129,-0.5965,0.0000,1.5618,0.0001,-0.4400
107.208,-0.0000,0.6136,-0.5999,0.0000,1.5646,0.0001,-0.4400
107.220,-0.0000,0.6143,-0.6036,0.0000,1.5676,0.0001,-0.4400
107.232,-0.0000,0.6150,-0.6074,0.0000,1.5707,0.0001,-0.4400
107.244,-0.0000,0.6158,-0.6114,0.0000,1.5739,0.0001,-0.4400
107.256,-0.0000,0.6166,-0.6155,0.0000,1.5772,0.0001,-0.4400
107.268,-0.0000,0.6174,-0.6197,0.0000,1.5806,0.0001,-0.4400
107.280,-0.0000,0.6182,-0.6240,0.0000,1.5841,0.0001,-0.4400
107.292,-0.0000,0.6190,-0.6284,0.0000,1.5877,0.0001,-0.4400
107.304,-0.0000,0.6199,-0.6329,0.0000,1.5913,0.0001,-0.4400
107.316,-0.0000,0.6208,-0.6375,0.0000,1.5950,0.0001,-0.4400
107.328,-0.0000,0.6216,-0.6421,0.0000,1.5987,0.0001,-0.4400
107.340,-0.0000,0.6225,-0.6468,0.0000,1.6025,0.0001,-0.4400
107.352,-0.0000,0.6234,-0.6515,0.0000,1.6063,0.0001,-0.4400
107.364,-0.0000,0.6244,-0.6562,0.0000,1.6102,0.0001,-0.4400
107.376,-0.0000,0.6253,-0.6610,0.0000,1.6141,0.0001,-0.4400
107.388,-0.0000,0.6262,-0.6659,0.0000,1.6180,0.0001,-0.4400
107.400,-0.0000,0.6271,-0.6707,0.0000,1.6219,0.0001,-0.4400
107.412,-0.0000,0.6281,-0.6756,0.0000,1.6258,0.0001,-0.4400
107.424,-0.0000,0.6290,-0.6805,0.0000,1.6298,0.0001,-0.4400
107.436,-0.0000,0.6299,-0.6854,0.0000,1.6338,0.0001,-0.4400
107.448,-0.0000,0.6309,-0.6903,0.0000,1.6378,0.0001,-0.4400
107.460,-0.0000,0.6318,-0.6953,0.0000,1.6418,0.0001,-0.4400
107.472,-0.0000,0.6328,-0.7003,0.0000,1.6458,0.0001,-0.4400
107.484,-0.0000,0.6337,-0.7052,0.0000,1.6498,0.0001,-0.4400
107.496,-0.0000,0.6347,-0.7102,0.0000,1.6539,0.0001,-0.4400
107.508,-0.0000,0.6356,-0.7152,0.0000,1.6579,0.0001,-0.4400
107.520,-0.0000,0.6366,-0.7202,0.0000,1.6620,0.0001,-0.4400
107.532,-0.0000,0.6376,-0.7252,0.0000,1.6660,0.0001,-0.4400
107.544,-0.0000,0.6385,-0.7303,0.0000,1.6701,0.0001,-0.4400
107.556,-0.0000,0.6395,-0.7353,0.0000,1.6742,0.0001,-0.4400
107.568,-0.0000,0.6404,-0.7403,0.0000,1.6782,0.0001,-0.4400
107.580,-0.0000,0.6414,-0.7453,0.0000,1.6823,0.0001,-0.4400
107.592,-0.0000,0.6424,-0.7504,0.0000,1.6864,0.0001,-0.4400
107.604,-0.0000,0.6433,-0.7554,0.0000,1.6904,0.0001,-0.4400
107.616,-0.0000,0.6443,-0.7605,0.0000,1.6945,0.0001,-0.4400
107.628,-0.0000,0.6453,-0.7655,0.0000,1.6986,0.0001,-0.4400
107.640,-0.0000,0.6462,-0.7706,0.0000,1.7027,0.0001,-0.4400
107.652,-0.0000,0.6472,-0.7756,0.0000,1.7068,0.0001,-0.4400
107.664,-0.0000,0.6482,-0.7806,0.0000,1.7109,0.0001,-0.4400
107.676,-0.0000,0.6491,-0.7857,0.0000,1.7149,0.0001,-0.4400
107.688,-0.0000,0.6501,-0.7908,0.0000,1.7190,0.0001,-0.4400
107.700,-0.0000,0.6511,-0.7958,0.0000,1.7231,0.0001,-0.4400
107.712,-0.0000,0.6520,-0.8009,0.0000,1.7272,0.0001,-0.4400
107.724,-0.0000,0.6530,-0.8059,0.0000,1.7313,0.0001,-0.4400
107.736,-0.0000,0.6540,-0.8110,0.0000,1.7354,0.0001,-0.4400
107.748,-0.0000,0.6549,-0.8160,0.0000,1.7395,0.0001,-0.4400
107.760,-0.0000,0.6559,-0.8211,0.0000,1.7436,0.0001,-0.4400
107.772,-0.0000,0.6569,-0.8261,0.0000,1.7477,0.0001,-0.4400
107.784,-0.0000,0.6578,-0.8312,0.0000,1.7518,0.0001,-0.4400
107.796,-0.0000,0.6588,-0.8363,0.0000,1.7559,0.0001,-0.4400
107.808,-0.0000,0.6598,-0.8413,0.0000,1.7600,0.0001,-0.4400
107.820,-0.0000,0.6607,-0.8464,0.0000,1.7641,0.0001,-0.4400
107.832,-0.0000,0.6617,-0.8514,0.0000,1.7682,0.0001,-0.4400
107.844,-0.0000,0.6627,-0.8565,0.0000,1.7723,0.0001,-0.4400
107.856,-0.0000,0.6636,-0.8616,0.0000,1.7763,0.0001,-0.4400
107.868,-0.0000,0.6646,-0.8666,0.0000,1.7804,0.0001,-0.4400
107.880,-0.0000,0.6656,-0.8717,0.0000,1.7845,0.0001,-0.4400
107.892,-0.0000,0.6666,-0.8768,0.0000,1.7886,0.0001,-0.4400
107.904,-0.0000,0.6675,-0.8818,0.0000,1.7927,0.0001,-0.4400
107.916,-0.0000,0.6685,-0.8869,0.0000,1.7968,0.0001,-0.4400
107.928,-0.0000,0.6695,-0.8919,0.0000,1.8009,0.0001,-0.4400
107.940,-0.0000,0.6704,-0.8970,0.0000,1.8050,0.0002,-0.4400
107.952,-0.0000,0.6714,-0.9021,0.0000,1.8091,0.0002,-0.4400
107.964,-0.0000,0.6724,-0.9071,0.0000,1.8132,0.0002,-0.4400
107.976,-0.0000,0.6733,-0.9122,0.0000,1.8173,0.0002,-0.4400
107.988,-0.0000,0.6743,-0.9172,0.0000,1.8214,0.0002,-0.4400
108.000,-0.0000,0.6753,-0.9223,0.0000,1.8255,0.0002,-0.4400
108.012,-0.0000,0.6762,-0.9274,0.0000,1.8296,0.0002,-0.4400
108.024,-0.0000,0.6772,-0.9324,0.0000,1.8337,0.0002,-0.4400
108.036,-0.0000,0.6782,-0.9375,0.0000,1.8378,0.0002,-0.4400
108.048,-0.0000,0.6791,-0.9426,0.0000,1.8419,0.0002,-0.4400
108.060,-0.0000,0.6801,-0.9476,0.0000,1.8460,0.0002,-0.4400
108.072,-0.0000,0.6811,-0.9527,0.0000,1.8501,0.0002,-0.4400
108.084,-0.0000,0.6821,-0.9577,0.0000,1.8542,0.0002,-0.4400
108.096,-0.0000,0.6830,-0.9628,0.0000,1.8583,0.0002,-0.4400
108.108,-0.0000,0.6839,-0.9675,0.0000,1.8620,0.0002,-0.4400
108.120,-0.0000,0.6847,-0.9716,0.0000,1.8654,0.0002,-0.4400
108.132,-0.0000,0.6854,-0.9752,0.0000,1.8683,0.0002,-0.4400
108.144,-0.0000,0.6860,-0.9783,0.0000,1.8708,0.0002,-0.4400
108.156,-0.0000,0.6865,-0.9811,0.0000,1.8731,0.0002,-0.4400
108.168,-0.0000,0.6870,-0.9836,0.0000,1.8751,0.0002,-0.4400
108.180,-0.0000,0.6874,-0.9858,0.0000,1.8768,0.0002,-0.4400
108.192,-0.0000,0.6878,-0.9877,0.0000,1.8784,0.0002,-0.4400
108.204,-0.0000,0.6881,-0.9893,0.0000,1.8797,0.0002,-0.4400
108.216,-0.0000,0.6881,-0.9893,0.0000,1.8797,0.0002,-0.4400
108.228,0.0006,0.6881,-0.9893,0.0000,1.8797,0.0002,-0.4400
108.240,0.0019,0.6881,-0.9894,0.0000,1.8798,0.0002,-0.4400
108.252,0.0036,0.6881,-0.9894,0.0000,1.8798,0.0002,-0.4400
108.264,0.0058,0.6881,-0.9894,0.0000,1.8798,0.0002,-0.4400
108.276,0.0084,0.6881,-0.9894,0.0000,1.8798,0.0002,-0.4400
108.288,0.0114,0.6881,-0.9895,0.0000,1.8799,0.0002,-0.4400
108.300,0.0146,0.6881,-0.9895,0.0000,1.8799,0.0002,-0.4400
108.312,0.0182,0.6881,-0.9896,0.0000,1.8799,0.0002,-0.4400
108.324,0.0219,0.6882,-0.9896,0.0000,1.8800,0.0002,-0.4400
108.336,0.0259,0.6882,-0.9897,0.0000,1.8800,0.0002,-0.4400
108.348,0.0301,0.6882,-0.9897,0.0000,1.8801,0.0002,-0.4400
108.360,0.0344,0.6882,-0.9898,0.0000,1.8801,0.0002,-0.4400
108.372,0.0388,0.6882,-0.9899,0.0000,1.8802,0.0002,-0.4400
108.384,0.0434,0.6882,-0.9899,0.0000,1.8802,0.0002,-0.4400
108.396,0.0481,0.6882,-0.9900,0.0000,1.8803,0.0002,-0.4400
108.408,0.0529,0.6882,-0.9900,0.0000,1.8803,0.0002,-0.4400
108.420,0.0578,0.6882,-0.9901,0.0000,1.8804,0.0002,-0.4400
108.432,0.0627,0.6883,-0.9902,0.0000,1.8804,0.0002,-0.4400
108.444,0.0678,0.6883,-0.9902,0.0000,1.8805,0.0002,-0.4400
108.456,0.0728,0.6883,-0.9903,0.0000,1.8805,0.0002,-0.4400
108.468,0.0780,0.6883,-0.9904,0.0000,1.8806,0.0002,-0.4400
108.480,0.0831,0.6883,-0.9904,0.0000,1.8806,0.0002,-0.4400
108.492,0.0884,0.6883,-0.9905,0.0000,1.8807,0.0002,-0.4400
108.504,0.0936,0.6883,-0.9906,0.0000,1.8808,0.0002,-0.4400
108.516,0.0989,0.6884,-0.9907,0.0000,1.8808,0.0002,-0.4400
108.528,0.1042,0.6884,-0.9907,0.0000,1.8809,0.0002,-0.4400
108.540,0.1095,0.6884,-0.9908,0.0000,1.8809,0.0002,-0.4400
108.552,0.1149,0.6884,-0.9909,0.0000,1.8810,0.0002,-0.4400
108.564,0.1202,0.6884,-0.9909,0.0000,1.8810,0.0002,-0.4400
108.576,0.1256,0.6884,-0.9910,0.0000,1.8811,0.0002,-0.4400
108.588,0.1310,0.6884,-0.9911,0.0000,1.8812,0.0002,-0.4400
108.600,0.1364,0.6885,-0.9912,0.0000,1.8812,0.0002,-0.4400
108.612,0.1419,0.6885,-0.9912,0.0000,1.8813,0.0002,-0.4400
108.624,0.1473,0.6885,-0.9913,0.0000,1.8813,0.0002,-0.4400
108.636,0.1527,0.6885,-0.9914,0.0000,1.8814,0.0002,-0.4400
108.648,0.1582,0.6885,-0.9914,0.0000,1.8815,0.0002,-0.4400
108.660,0.1636,0.6885,-0.9915,0.0000,1.8815,0.0002,-0.4400
108.672,0.1691,0.6885,-0.9916,0.0000,1.8816,0.0002,-0.4400
108.684,0.1746,0.6885,-0.9917,0.0000,1.8816,0.0002,-0.4400
108.696,0.1800,0.6886,-0.9917,0.0000,1.8817,0.0002,-0.4400
108.708,0.1855,0.6886,-0.9918,0.0000,1.8818,0.0002,-0.4400
108.720,0.1910,0.6886,-0.9919,0.0000,1.8818,0.0002,-0.4400
108.732,0.1965,0.6886,-0.9920,0.0000,1.8819,0.0002,-0.4400
108.744,0.2020,0.6886,-0.9920,0.0000,1.8819,0.0002,-0.4400
108.756,0.2074,0.6886,-0.9921,0.0000,1.8820,0.0002,-0.4400
108.768,0.2129,0.6886,-0.9922,0.0000,1.8820,0.0002,-0.4400
108.780,0.2184,0.6887,-0.9923,0.0000,1.8821,0.0002,-0.4400
108.792,0.2239,0.6887,-0.9923,0.0000,1.8822,0.0002,-0.4400
108.804,0.2294,0.6887,-0.9924,0.0000,1.8822,0.0002,-0.4400
108.816,0.2349,0.6887,-0.9925,0.0000,1.8823,0.0002,-0.4400
108.828,0.2404,0.6887,-0.9925,0.0000,1.8823,0.0002,-0.4400
108.840,0.2459,0.6887,-0.9926,0.0000,1.8824,0.0002,-0.4400
108.852,0.2514,0.6887,-0.9927,0.0000,1.8825,0.0002,-0.4400
108.864,0.2569,0.6888,-0.9928,0.0000,1.8825,0.0002,-0.4400
108.876,0.2624,0.6888,-0.9928,0.0000,1.8826,0.0002,-0.4400
108.888,0.2679,0.6888,-0.9929,0.0000,1.8826,0.0002,-0.4400
108.900,0.2734,0.6888,-0.9930,0.0000,1.8827,0.0002,-0.4400
108.912,0.2789,0.6888,-0.9931,0.0000,1.8828,0.0002,-0.4400
108.924,0.2844,0.6888,-0.9931,0.0000,1.8828,0.0002,-0.4400
108.936,0.2899,0.6888,-0.9932,0.0000,1.8829,0.0002,-0.4400
108.948,0.2954,0.6889,-0.9933,0.0000,1.8829,0.0002,-0.4400
108.960,0.3009,0.6889,-0.9934,0.0000,1.8830,0.0002,-0.4400
108.972,0.3064,0.6889,-0.9934,0.0000,1.8831,0.0002,-0.4400
108.984,0.3119,0.6889,-0.9935,0.0000,1.8831,0.0002,-0.4400
108.996,0.3174,0.6889,-0.9936,0.0000,1.8832,0.0002,-0.4400
109.008,0.3229,0.6889,-0.9937,0.0000,1.8832,0.0002,-0.4400
109.020,0.3284,0.6889,-0.9937,0.0000,1.8833,0.0002,-0.4400
109.032,0.3339,0.6890,-0.9938,0.0000,1.8834,0.0002,-0.4400
109.044,0.3394,0.6890,-0.9939,0.0000,1.8834,0.0002,-0.4400
109.056,0.3449,0.6890,-0.9939,0.0000,1.8835,0.0002,-0.4400
109.068,0.3504,0.6890,-0.9940,0.0000,1.8835,0.0002,-0.4400
109.080,0.3559,0.6890,-0.9941,0.0000,1.8836,0.0002,-0.4400
109.092,0.3614,0.6890,-0.9942,0.0000,1.8837,0.0002,-0.4400
109.104,0.3670,0.6890,-0.9942,0.0000,1.8837,0.0002,-0.4400
109.116,0.3725,0.6891,-0.9943,0.0000,1.8838,0.0002,-0.4400
109.128,0.3780,0.6891,-0.9944,0.0000,1.8838,0.0002,-0.4400
109.140,0.3835,0.6891,-0.9945,0.0000,1.8839,0.0002,-0.4400
109.152,0.3890,0.6891,-0.9945,0.0000,1.8840,0.0002,-0.4400
109.164,0.3945,0.6891,-0.9946,0.0000,1.8840,0.0002,-0.4400
109.176,0.4000,0.6891,-0.9947,0.0000,1.8841,0.0002,-0.4400
109.188,0.4055,0.6891,-0.9948,0.0000,1.8841,0.0002,-0.4400
109.200,0.4110,0.6892,-0.9948,0.0000,1.8842,0.0002,-0.4400
109.212,0.4165,0.6892,-0.9949,0.0000,1.8843,0.0002,-0.4400
109.224,0.4220,0.6892,-0.9950,0.0000,1.8843,0.0002,-0.4400
109.236,0.4275,0.6892,-0.9951,0.0000,1.8844,0.0002,-0.4400
109.248,0.4330,0.6892,-0.9951,0.0000,1.8844,0.0002,-0.4400
109.260,0.4385,0.6892,-0.9952,0.0000,1.8845,0.0002,-0.4400
109.272,0.4440,0.6892,-0.9953,0.0000,1.8846,0.0002,-0.4400
109.284,0.4495,0.6893,-0.9953,0.0000,1.8846,0.0002,-0.4400
109.296,0.4550,0.6893,-0.9954,0.0000,1.8847,0.0002,-0.4400
109.308,0.4605,0.6893,-0.9955,0.0000,1.8847,0.0002,-0.4400
109.320,0.4660,0.6893,-0.9956,0.0000,1.8848,0.0002,-0.4400
109.332,0.4715,0.6893,-0.9956,0.0000,1.8849,0.0002,-0.4400
109.344,0.4770,0.6893,-0.9957,0.0000,1.8849,0.0002,-0.4400
109.356,0.4825,0.6893,-0.9958,0.0000,1.8850,0.0002,-0.4400
109.368,0.4880,0.6894,-0.9959,0.0000,1.8850,0.0002,-0.4400
109.380,0.4936,0.6894,-0.9959,0.0000,1.8851,0.0002,-0.4400
109.392,0.4991,0.6894,-0.9960,0.0000,1.8851,0.0002,-0.4400
109.404,0.5046,0.6894,-0.9961,0.0000,1.8852,0.0002,-0.4400
109.416,0.5101,0.6894,-0.9962,0.0000,1.8853,0.0002,-0.4400
109.428,0.5156,0.6894,-0.9962,0.0000,1.8853,0.0002,-0.4400
109.440,0.5211,0.6894,-0.9963,0.0000,1.8854,0.0002,-0.4400
109.452,0.5266,0.6895,-0.9964,0.0000,1.8854,0.0002,-0.4400
109.464,0.5321,0.6895,-0.9965,0.0000,1.8855,0.0002,-0.4400
109.476,0.5376,0.6895,-0.9965,0.0000,1.8856,0.0002,-0.4400
109.488,0.5431,0.6895,-0.9966,0.0000,1.8856,0.0002,-0.4400
109.500,0.5486,0.6895,-0.9967,0.0000,1.8857,0.0002,-0.4400
109.512,0.5541,0.6895,-0.9967,0.0000,1.8857,0.0002,-0.4400
109.524,0.5596,0.6895,-0.9968,0.0000,1.8858,0.0002,-0.4400
109.536,0.5651,0.6895,-0.9969,0.0000,1.8859,0.0002,-0.4400
109.548,0.5706,0.6896,-0.9970,0.0000,1.8859,0.0002,-0.4400
109.560,0.5761,0.6896,-0.9970,0.0000,1.8860,0.0002,-0.4400
109.572,0.5816,0.6896,-0.9971,0.0000,1.8860,0.0002,-0.4400
109.584,0.5871,0.6896,-0.9972,0.0000,1.8861,0.0002,-0.4400
109.596,0.5926,0.6896,-0.9973,0.0000,1.8862,0.0002,-0.4400
109.608,0.5981,0.6896,-0.9973,0.0000,1.8862,0.0002,-0.4400
109.620,0.6036,0.6896,-0.9974,0.0000,1.8863,0.0002,-0.4400
109.632,0.6091,0.6897,-0.9975,0.0000,1.8863,0.0002,-0.4400
109.644,0.6146,0.6897,-0.9976,0.0000,1.8864,0.0002,-0.4400
109.656,0.6202,0.6897,-0.9976,0.0000,1.8865,0.0002,-0.4400
109.668,0.6257,0.6897,-0.9977,0.0000,1.8865,0.0002,-0.4400
109.680,0.6312,0.6897,-0.9978,0.0000,1.8866,0.0002,-0.4400
109.692,0.6367,0.6897,-0.9979,0.0000,1.8866,0.0002,-0.4400
109.704,0.6422,0.6897,-0.9979,0.0000,1.8867,0.0002,-0.4400
109.716,0.6477,0.6898,-0.9980,0.0000,1.8868,0.0002,-0.4400
109.728,0.6532,0.6898,-0.9981,0.0000,1.8868,0.0002,-0.4400
109.740,0.6587,0.6898,-0.9981,0.0000,1.8869,0.0002,-0.4400
109.752,0.6642,0.6898,-0.9982,0.0000,1.8869,0.0002,-0.4400
109.764,0.6697,0.6898,-0.9983,0.0000,1.8870,0.0002,-0.4400
109.776,0.6752,0.6898,-0.9984,0.0000,1.8871,0.0002,-0.4400
109.788,0.6807,0.6898,-0.9984,0.0000,1.8871,0.0002,-0.4400
109.800,0.6862,0.6899,-0.9985,0.0000,1.8872,0.0002,-0.4400
109.812,0.6917,0.6899,-0.9986,0.0000,1.8872,0.0002,-0.4400
109.824,0.6972,0.6899,-0.9987,0.0000,1.8873,0.0002,-0.4400
109.836,0.7027,0.6899,-0.9987,0.0000,1.8874,0.0002,-0.4400
109.848,0.7082,0.6899,-0.9988,0.0000,1.8874,0.0002,-0.4400
109.860,0.7137,0.6899,-0.9989,0.0000,1.8875,0.0002,-0.4400
109.872,0.7192,0.6899,-0.9990,0.0000,1.8875,0.0002,-0.4400
109.884,0.7247,0.6900,-0.9990,0.0000,1.8876,0.0002,-0.4400
109.896,0.7302,0.6900,-0.9991,0.0000,1.8877,0.0002,-0.4400
109.908,0.7357,0.6900,-0.9992,0.0000,1.8877,0.0002,-0.4400
109.920,0.7413,0.6900,-0.9993,0.0000,1.8878,0.0002,-0.4400
109.932,0.7468,0.6900,-0.9993,0.0000,1.8878,0.0002,-0.4400
109.944,0.7523,0.6900,-0.9994,0.0000,1.8879,0.0002,-0.4400
109.956,0.7578,0.6900,-0.9995,0.0000,1.8880,0.0002,-0.4400
109.968,0.7633,0.6901,-0.9995,0.0000,1.8880,0.0002,-0.4400
109.980,0.7688,0.6901,-0.9996,0.0000,1.8881,0.0002,-0.4400
109.992,0.7743,0.6901,-0.9997,0.0000,1.8881,0.0002,-0.4400
110.004,0.7798,0.6901,-0.9998,0.0000,1.8882,0.0002,-0.4400
110.016,0.7853,0.6901,-0.9998,0.0000,1.8883,0.0002,-0.4400
110.028,0.7908,0.6901,-0.9999,0.0000,1.8883,0.0002,-0.4400
110.040,0.7963,0.6901,-1.0000,0.0000,1.8884,0.0002,-0.4400
110.052,0.8018,0.6902,-1.0001,0.0000,1.8884,0.0002,-0.4400
110.064,0.8073,0.6902,-1.0001,0.0000,1.8885,0.0002,-0.4400
110.076,0.8128,0.6902,-1.0002,0.0000,1.8885,0.0002,-0.4400
110.088,0.8183,0.6902,-1.0003,0.0000,1.8886,0.0002,-0.4400
110.100,0.8238,0.6902,-1.0004,0.0000,1.8887,0.0002,-0.4400
110.112,0.8293,0.6902,-1.0004,0.0000,1.8887,0.0002,-0.4400
110.124,0.8348,0.6902,-1.0005,0.0000,1.8888,0.0002,-0.4400
110.136,0.8403,0.6903,-1.0006,0.0000,1.8888,0.0002,-0.4400
110.148,0.8458,0.6903,-1.0007,0.0000,1.8889,0.0002,-0.4400
110.160,0.8513,0.6903,-1.0007,0.0000,1.8890,0.0002,-0.4400
110.172,0.8568,0.6903,-1.0008,0.0000,1.8890,0.0002,-0.4400
110.184,0.8624,0.6903,-1.0009,0.0000,1.8891,0.0002,-0.4400
110.196,0.8679,0.6903,-1.0009,0.0000,1.8891,0.0002,-0.4400
110.208,0.8734,0.6903,-1.0010,0.0000,1.8892,0.0002,-0.4400
110.220,0.8786,0.6904,-1.0011,0.0000,1.8893,0.0002,-0.4400
110.232,0.8833,0.6904,-1.0012,0.0000,1.8893,0.0002,-0.4400
110.244,0.8874,0.6904,-1.0012,0.0000,1.8894,0.0002,-0.4400
110.256,0.8910,0.6904,-1.0013,0.0000,1.8894,0.0002,-0.4400
110.268,0.8942,0.6904,-1.0013,0.0000,1.8894,0.0002,-0.4400
110.280,0.8969,0.6904,-1.0013,0.0000,1.8895,0.0002,-0.4400
110.292,0.8994,0.6904,-1.0014,0.0000,1.8895,0.0002,-0.4400
110.304,0.9016,0.6904,-1.0014,0.0000,1.8895,0.0002,-0.4400
110.316,0.9035,0.6904,-1.0014,0.0000,1.8895,0.0002,-0.4400
110.328,0.9035,0.6904,-1.0014,0.0000,1.8895,0.0002,-0.4400
110.340,0.9035,0.6903,-1.0010,0.0000,1.8892,0.0010,-0.4400
110.352,0.9035,0.6902,-1.0003,0.0000,1.8886,0.0025,-0.4400
110.364,0.9035,0.6899,-0.9993,0.0000,1.8878,0.0047,-0.4400
110.376,0.9036,0.6897,-0.9980,0.0000,1.8867,0.0075,-0.4400
110.388,0.9036,0.6893,-0.9964,0.0000,1.8855,0.0107,-0.4400
110.400,0.9037,0.6889,-0.9947,0.0000,1.8841,0.0144,-0.4400
110.412,0.9037,0.6885,-0.9928,0.0000,1.8825,0.0185,-0.4400
110.424,0.9038,0.6881,-0.9907,0.0001,1.8808,0.0229,-0.4400
110.436,0.9039,0.6876,-0.9885,0.0001,1.8790,0.0276,-0.4400
110.448,0.9040,0.6871,-0.9861,0.0001,1.8771,0.0326,-0.4400
110.460,0.9040,0.6865,-0.9837,0.0001,1.8751,0.0378,-0.4400
110.472,0.9041,0.6860,-0.9811,0.0001,1.8731,0.0432,-0.4400
110.484,0.9042,0.6854,-0.9785,0.0001,1.8709,0.0487,-0.4400
110.496,0.9043,0.6848,-0.9758,0.0001,1.8687,0.0545,-0.4400
110.508,0.9044,0.6842,-0.9730,0.0001,1.8665,0.0603,-0.4400
110.520,0.9045,0.6836,-0.9702,0.0002,1.8642,0.0663,-0.4400
110.532,0.9046,0.6829,-0.9673,0.0002,1.8619,0.0724,-0.4400
110.544,0.9047,0.6823,-0.9644,0.0002,1.8595,0.0786,-0.4400
110.556,0.9047,0.6816,-0.9615,0.0002,1.8571,0.0849,-0.4400
110.568,0.9048,0.6810,-0.9585,0.0002,1.8547,0.0912,-0.4400
110.580,0.9049,0.6803,-0.9554,0.0002,1.8522,0.0976,-0.4400
110.592,0.9050,0.6797,-0.9524,0.0002,1.8497,0.1041,-0.4400
110.604,0.9051,0.6790,-0.9493,0.0002,1.8472,0.1106,-0.4400
110.616,0.9052,0.6783,-0.9462,0.0003,1.8447,0.1172,-0.4400
110.628,0.9053,0.6776,-0.9431,0.0003,1.8422,0.1238,-0.4400
110.640,0.9054,0.6769,-0.9400,0.0003,1.8397,0.1304,-0.4400
110.652,0.9055,0.6762,-0.9368,0.0003,1.8371,0.1371,-0.4400
110.664,0.9056,0.6756,-0.9337,0.0003,1.8345,0.1437,-0.4400
110.676,0.9057,0.6749,-0.9305,0.0003,1.8320,0.1504,-0.4400
110.688,0.9058,0.6742,-0.9273,0.0003,1.8294,0.1572,-0.4400
110.700,0.9059,0.6735,-0.9241,0.0004,1.8268,0.1639,-0.4400
110.712,0.9061,0.6728,-0.9209,0.0004,1.8242,0.1707,-0.4400
110.724,0.9062,0.6721,-0.9177,0.0004,1.8216,0.1775,-0.4400
110.736,0.9063,0.6714,-0.9145,0.0004,1.8190,0.1843,-0.4400
110.748,0.9064,0.6707,-0.9113,0.0004,1.8164,0.1911,-0.4400
110.760,0.9065,0.6699,-0.9081,0.0004,1.8138,0.1979,-0.4400
110.772,0.9066,0.6692,-0.9049,0.0004,1.8112,0.2047,-0.4400
110.784,0.9067,0.6685,-0.9017,0.0005,1.8086,0.2115,-0.4400
110.796,0.9068,0.6678,-0.8985,0.0005,1.8060,0.2183,-0.4400
110.808,0.9069,0.6671,-0.8952,0.0005,1.8034,0.2252,-0.4400
110.820,0.9070,0.6664,-0.8920,0.0005,1.8007,0.2320,-0.4400
110.832,0.9071,0.6657,-0.8888,0.0005,1.7981,0.2389,-0.4400
110.844,0.9072,0.6650,-0.8855,0.0005,1.7955,0.2457,-0.4400
110.856,0.9073,0.6643,-0.8823,0.0005,1.7929,0.2526,-0.4400
110.868,0.9074,0.6636,-0.8791,0.0006,1.7902,0.2594,-0.4400
110.880,0.9075,0.6629,-0.8758,0.0006,1.7876,0.2663,-0.4400
110.892,0.9076,0.6622,-0.8726,0.0006,1.7850,0.2732,-0.4400
110.904,0.9077,0.6614,-0.8693,0.0006,1.7824,0.2800,-0.4400
110.916,0.9078,0.6607,-0.8661,0.0006,1.7797,0.2869,-0.4400
110.928,0.9079,0.6600,-0.8629,0.0006,1.7771,0.2937,-0.4400
110.940,0.9080,0.6593,-0.8596,0.0006,1.7745,0.3006,-0.4400
110.952,0.9081,0.6586,-0.8564,0.0007,1.7718,0.3075,-0.4400
110.964,0.9082,0.6579,-0.8531,0.0007,1.7692,0.3144,-0.4400
110.976,0.9083,0.6572,-0.8499,0.0007,1.7666,0.3212,-0.4400
110.988,0.9084,0.6565,-0.8466,0.0007,1.7639,0.3281,-0.4400
111.000,0.9085,0.6557,-0.8434,0.0007,1.7613,0.3350,-0.4400
111.012,0.9087,0.6550,-0.8402,0.0007,1.7587,0.3418,-0.4400
111.024,0.9088,0.6543,-0.8369,0.0007,1.7560,0.3487,-0.4400
111.036,0.9089,0.6536,-0.8337,0.0008,1.7534,0.3556,-0.4400
111.048,0.9090,0.6529,-0.8304,0.0008,1.7508,0.3625,-0.4400
111.060,0.9091,0.6522,-0.8272,0.0008,1.7481,0.3694,-0.4400
111.072,0.9092,0.6515,-0.8239,0.0008,1.7455,0.3762,-0.4400
111.084,0.9093,0.6508,-0.8207,0.0008,1.7429,0.3831,-0.4400
111.096,0.9094,0.6501,-0.8174,0.0008,1.7402,0.3900,-0.4400
111.108,0.9095,0.6493,-0.8142,0.0008,1.7376,0.3969,-0.4400
111.120,0.9096,0.6486,-0.8110,0.0009,1.7350,0.4037,-0.4400
111.132,0.9097,0.6479,-0.8077,0.0009,1.7323,0.4106,-0.4400
111.144,0.9098,0.6472,-0.8045,0.0009,1.7297,0.4175,-0.4400
111.156,0.9099,0.6465,-0.8012,0.0009,1.7271,0.4244,-0.4400
111.168,0.9100,0.6458,-0.7980,0.0009,1.7244,0.4312,-0.4400
111.180,0.9101,0.6451,-0.7947,0.0009,1.7218,0.4381,-0.4400
111.192,0.9102,0.6444,-0.7915,0.0010,1.7192,0.4450,-0.4400
111.204,0.9103,0.6436,-0.7882,0.0010,1.7165,0.4519,-0.4400
111.216,0.9104,0.6429,-0.7850,0.0010,1.7139,0.4588,-0.4400
111.228,0.9105,0.6422,-0.7817,0.0010,1.7113,0.4656,-0.4400
111.240,0.9106,0.6415,-0.7785,0.0010,1.7086,0.4725,-0.4400
111.252,0.9107,0.6408,-0.7752,0.0010,1.7060,0.4794,-0.4400
111.264,0.9108,0.6401,-0.7720,0.0010,1.7034,0.4863,-0.4400
111.276,0.9110,0.6394,-0.7688,0.0011,1.7007,0.4931,-0.4400
111.288,0.9111,0.6387,-0.7655,0.0011,1.6981,0.5000,-0.4400
111.300,0.9112,0.6379,-0.7623,0.0011,1.6955,0.5069,-0.4400
111.312,0.9113,0.6372,-0.7590,0.0011,1.6928,0.5138,-0.4400
111.324,0.9114,0.6365,-0.7558,0.0011,1.6902,0.5207,-0.4400
111.336,0.9115,0.6358,-0.7525,0.0011,1.6876,0.5275,-0.4400
111.348,0.9116,0.6351,-0.7493,0.0011,1.6849,0.5344,-0.4400
111.360,0.9117,0.6344,-0.7460,0.0012,1.6823,0.5413,-0.4400
111.372,0.9118,0.6337,-0.7428,0.0012,1.6797,0.5482,-0.4400
111.384,0.9119,0.6330,-0.7395,0.0012,1.6770,0.5551,-0.4400
111.396,0.9120,0.6322,-0.7363,0.0012,1.6744,0.5619,-0.4400
111.408,0.9121,0.6315,-0.7330,0.0012,1.6718,0.5688,-0.4400
111.420,0.9122,0.6308,-0.7298,0.0012,1.6691,0.5757,-0.4400
111.432,0.9123,0.6301,-0.7265,0.0012,1.6665,0.5826,-0.4400
111.444,0.9124,0.6294,-0.7233,0.0013,1.6639,0.5895,-0.4400
111.456,0.9125,0.6287,-0.7201,0.0013,1.6612,0.5963,-0.4400
111.468,0.9126,0.6280,-0.7168,0.0013,1.6586,0.6032,-0.4400
111.480,0.9127,0.6273,-0.7136,0.0013,1.6560,0.6101,-0.4400
111.492,0.9128,0.6266,-0.7103,0.0013,1.6533,0.6170,-0.4400
111.504,0.9129,0.6258,-0.7071,0.0013,1.6507,0.6238,-0.4400
111.516,0.9130,0.6251,-0.7038,0.0013,1.6481,0.6307,-0.4400
111.528,0.9131,0.6244,-0.7006,0.0014,1.6454,0.6376,-0.4400
111.540,0.9133,0.6237,-0.6973,0.0014,1.6428,0.6445,-0.4400
111.552,0.9134,0.6230,-0.6941,0.0014,1.6401,0.6514,-0.4400
111.564,0.9135,0.6223,-0.6908,0.0014,1.6375,0.6582,-0.4400
111.576,0.9136,0.6216,-0.6876,0.0014,1.6349,0.6651,-0.4400
111.588,0.9137,0.6209,-0.6843,0.0014,1.6322,0.6720,-0.4400
111.600,0.9138,0.6201,-0.6811,0.0014,1.6296,0.6789,-0.4400
111.612,0.9139,0.6194,-0.6778,0.0015,1.6270,0.6858,-0.4400
111.624,0.9140,0.6187,-0.6746,0.0015,1.6243,0.6926,-0.4400
111.636,0.9141,0.6180,-0.6714,0.0015,1.6217,0.6995,-0.4400
111.648,0.9142,0.6173,-0.6681,0.0015,1.6191,0.7064,-0.4400
111.660,0.9143,0.6166,-0.6649,0.0015,1.6164,0.7133,-0.4400
111.672,0.9144,0.6159,-0.6616,0.0015,1.6138,0.7201,-0.4400
111.684,0.9145,0.6152,-0.6584,0.0015,1.6112,0.7270,-0.4400
111.696,0.9146,0.6144,-0.6551,0.0016,1.6085,0.7339,-0.4400
111.708,0.9147,0.6137,-0.6519,0.0016,1.6059,0.7408,-0.4400
111.720,0.9148,0.6130,-0.6486,0.0016,1.6033,0.7477,-0.4400
111.732,0.9149,0.6123,-0.6454,0.0016,1.6006,0.7545,-0.4400
111.744,0.9150,0.6116,-0.6421,0.0016,1.5980,0.7614,-0.4400
111.756,0.9151,0.6109,-0.6389,0.0016,1.5954,0.7683,-0.4400
111.768,0.9152,0.6102,-0.6356,0.0016,1.5927,0.7752,-0.4400
111.780,0.9153,0.6095,-0.6324,0.0017,1.5901,0.7821,-0.4400
111.792,0.9154,0.6087,-0.6291,0.0017,1.5875,0.7889,-0.4400
111.804,0.9155,0.6080,-0.6259,0.0017,1.5848,0.7958,-0.4400
111.816,0.9157,0.6073,-0.6227,0.0017,1.5822,0.8027,-0.4400
111.828,0.9158,0.6066,-0.6194,0.0017,1.5796,0.8096,-0.4400
111.840,0.9159,0.6059,-0.6162,0.0017,1.5769,0.8164,-0.4400
111.852,0.9160,0.6052,-0.6129,0.0017,1.5743,0.8233,-0.4400
111.864,0.9161,0.6045,-0.6097,0.0018,1.5717,0.8302,-0.4400
111.876,0.9162,0.6038,-0.6064,0.0018,1.5690,0.8371,-0.4400
111.888,0.9163,0.6030,-0.6032,0.0018,1.5664,0.8440,-0.4400
111.900,0.9164,0.6023,-0.5999,0.0018,1.5638,0.8508,-0.4400
111.912,0.9165,0.6016,-0.5967,0.0018,1.5611,0.8577,-0.4400
111.924,0.9166,0.6009,-0.5934,0.0018,1.5585,0.8646,-0.4400
111.936,0.9167,0.6003,-0.5904,0.0019,1.5561,0.8709,-0.4400
111.948,0.9168,0.5997,-0.5878,0.0019,1.5539,0.8765,-0.4400
111.960,0.9169,0.5992,-0.5855,0.0019,1.5521,0.8814,-0.4400
111.972,0.9169,0.5987,-0.5835,0.0019,1.5504,0.8857,-0.4400
111.984,0.9170,0.5983,-0.5817,0.0019,1.5489,0.8895,-0.4400
111.996,0.9170,0.5980,-0.5801,0.0019,1.5477,0.8928,-0.4400
112.008,0.9171,0.5977,-0.5787,0.0019,1.5465,0.8958,-0.4400
112.020,0.9171,0.5974,-0.5775,0.0019,1.5456,0.8984,-0.4400
112.032,0.9171,0.5972,-0.5764,0.0019,1.5447,0.9006,-0.4400
112.044,0.9171,0.5972,-0.5764,0.0019,1.5447,0.9006,-0.4400
112.056,0.9172,0.5974,-0.5763,0.0019,1.5444,0.9007,-0.4400
112.068,0.9172,0.5978,-0.5761,0.0019,1.5437,0.9007,-0.4400
112.080,0.9172,0.5984,-0.5758,0.0019,1.5429,0.9008,-0.4400
112.092,0.9172,0.5992,-0.5754,0.0020,1.5418,0.9009,-0.4400
112.104,0.9173,0.6001,-0.5750,0.0020,1.5405,0.9010,-0.4400
112.116,0.9173,0.6011,-0.5745,0.0020,1.5391,0.9011,-0.4400
112.128,0.9173,0.6022,-0.5739,0.0020,1.5374,0.9012,-0.4400
112.140,0.9174,0.6034,-0.5733,0.0021,1.5357,0.9014,-0.4400
112.152,0.9174,0.6046,-0.5727,0.0021,1.5339,0.9015,-0.4400
112.164,0.9175,0.6060,-0.5720,0.0021,1.5319,0.9017,-0.4400
112.176,0.9175,0.6074,-0.5713,0.0022,1.5298,0.9018,-0.4400
112.188,0.9176,0.6089,-0.5705,0.0022,1.5277,0.9020,-0.4400
112.200,0.9176,0.6104,-0.5698,0.0023,1.5255,0.9022,-0.4400
112.212,0.9177,0.6120,-0.5690,0.0023,1.5232,0.9023,-0.4400
112.224,0.9178,0.6136,-0.5682,0.0023,1.5209,0.9025,-0.4400
112.236,0.9178,0.6152,-0.5673,0.0024,1.5186,0.9027,-0.4400
112.248,0.9179,0.6168,-0.5665,0.0024,1.5162,0.9029,-0.4400
112.260,0.9179,0.6185,-0.5656,0.0025,1.5137,0.9031,-0.4400
112.272,0.9180,0.6202,-0.5648,0.0025,1.5112,0.9033,-0.4400
112.284,0.9181,0.6220,-0.5639,0.0026,1.5087,0.9035,-0.4400
112.296,0.9181,0.6237,-0.5630,0.0026,1.5062,0.9037,-0.4400
112.308,0.9182,0.6255,-0.5621,0.0026,1.5036,0.9039,-0.4400
112.320,0.9183,0.6272,-0.5612,0.0027,1.5011,0.9041,-0.4400
112.332,0.9183,0.6290,-0.5603,0.0027,1.4985,0.9043,-0.4400
112.344,0.9184,0.6308,-0.5594,0.0028,1.4959,0.9045,-0.4400
112.356,0.9185,0.6326,-0.5585,0.0028,1.4933,0.9047,-0.4400
112.368,0.9185,0.6345,-0.5576,0.0029,1.4906,0.9049,-0.4400
112.380,0.9186,0.6363,-0.5567,0.0029,1.4880,0.9051,-0.4400
112.392,0.9187,0.6381,-0.5558,0.0030,1.4853,0.9053,-0.4400
112.404,0.9187,0.6399,-0.5548,0.0030,1.4827,0.9056,-0.4400
112.416,0.9188,0.6418,-0.5539,0.0031,1.4800,0.9058,-0.4400
112.428,0.9189,0.6436,-0.5530,0.0031,1.4773,0.9060,-0.4400
112.440,0.9189,0.6455,-0.5521,0.0032,1.4747,0.9062,-0.4400
112.452,0.9190,0.6473,-0.5511,0.0032,1.4720,0.9064,-0.4400
112.464,0.9191,0.6492,-0.5502,0.0033,1.4693,0.9066,-0.4400
112.476,0.9192,0.6510,-0.5493,0.0033,1.4666,0.9068,-0.4400
112.488,0.9192,0.6529,-0.5483,0.0034,1.4639,0.9070,-0.4400
112.500,0.9193,0.6547,-0.5474,0.0034,1.4612,0.9072,-0.4400
112.512,0.9194,0.6566,-0.5464,0.0035,1.4585,0.9075,-0.4400
112.524,0.9194,0.6584,-0.5455,0.0035,1.4558,0.9077,-0.4400
112.536,0.9195,0.6603,-0.5446,0.0036,1.4531,0.9079,-0.4400
112.548,0.9196,0.6622,-0.5436,0.0036,1.4504,0.9081,-0.4400
112.560,0.9196,0.6640,-0.5427,0.0037,1.4477,0.9083,-0.4400
112.572,0.9197,0.6659,-0.5417,0.0037,1.4450,0.9085,-0.4400
112.584,0.9198,0.6678,-0.5408,0.0038,1.4423,0.9087,-0.4400
112.596,0.9199,0.6696,-0.5399,0.0038,1.4396,0.9090,-0.4400
112.608,0.9199,0.6715,-0.5389,0.0038,1.4369,0.9092,-0.4400
112.620,0.9200,0.6734,-0.5380,0.0039,1.4342,0.9094,-0.4400
112.632,0.9201,0.6752,-0.5370,0.0039,1.4315,0.9096,-0.4400
112.644,0.9201,0.6771,-0.5361,0.0040,1.4288,0.9098,-0.4400
112.656,0.9202,0.6790,-0.5351,0.0040,1.4260,0.9100,-0.4400
112.668,0.9203,0.6809,-0.5342,0.0041,1.4233,0.9102,-0.4400
112.680,0.9203,0.6827,-0.5333,0.0041,1.4206,0.9105,-0.4400
112.692,0.9204,0.6846,-0.5323,0.0042,1.4179,0.9107,-0.4400
112.704,0.9205,0.6865,-0.5314,0.0042,1.4152,0.9109,-0.4400
112.716,0.9205,0.6883,-0.5304,0.0043,1.4125,0.9111,-0.4400
112.728,0.9206,0.6902,-0.5295,0.0043,1.4098,0.9113,-0.4400
112.740,0.9207,0.6921,-0.5285,0.0044,1.4070,0.9115,-0.4400
112.752,0.9208,0.6940,-0.5276,0.0044,1.4043,0.9118,-0.4400
112.764,0.9208,0.6958,-0.5266,0.0045,1.4016,0.9120,-0.4400
112.776,0.9209,0.6977,-0.5257,0.0045,1.3989,0.9122,-0.4400
112.788,0.9210,0.6996,-0.5248,0.0046,1.3962,0.9124,-0.4400
112.800,0.9210,0.7015,-0.5238,0.0046,1.3935,0.9126,-0.4400
112.812,0.9211,0.7033,-0.5229,0.0047,1.3907,0.9128,-0.4400
112.824,0.9212,0.7052,-0.5219,0.0047,1.3880,0.9130,-0.4400
112.836,0.9212,0.7071,-0.5210,0.0048,1.3853,0.9133,-0.4400
112.848,0.9213,0.7089,-0.5200,0.0048,1.3826,0.9135,-0.4400
112.860,0.9214,0.7108,-0.5191,0.0049,1.3799,0.9137,-0.4400
112.872,0.9215,0.7127,-0.5181,0.0049,1.3772,0.9139,-0.4400
112.884,0.9215,0.7146,-0.5172,0.0050,1.3745,0.9141,-0.4400
112.896,0.9216,0.7164,-0.5163,0.0050,1.3717,0.9143,-0.4400
112.908,0.9217,0.7183,-0.5153,0.0051,1.3690,0.9145,-0.4400
112.920,0.9217,0.7202,-0.5144,0.0051,1.3663,0.9148,-0.4400
112.932,0.9218,0.7221,-0.5134,0.0052,1.3636,0.9150,-0.4400
112.944,0.9219,0.7239,-0.5125,0.0052,1.3609,0.9152,-0.4400
112.956,0.9219,0.7258,-0.5115,0.0053,1.3582,0.9154,-0.4400
112.968,0.9220,0.7277,-0.5106,0.0053,1.3554,0.9156,-0.4400
112.980,0.9221,0.7295,-0.5096,0.0054,1.3527,0.9158,-0.4400
112.992,0.9222,0.7314,-0.5087,0.0054,1.3500,0.9160,-0.4400
113.004,0.9222,0.7333,-0.5077,0.0055,1.3473,0.9163,-0.4400
113.016,0.9223,0.7352,-0.5068,0.0055,1.3446,0.9165,-0.4400
113.028,0.9224,0.7370,-0.5059,0.0056,1.3419,0.9167,-0.4400
113.040,0.9224,0.7389,-0.5049,0.0056,1.3391,0.9169,-0.4400
113.052,0.9225,0.7408,-0.5040,0.0056,1.3364,0.9171,-0.4400
113.064,0.9226,0.7427,-0.5030,0.0057,1.3337,0.9173,-0.4400
113.076,0.9226,0.7445,-0.5021,0.0057,1.3310,0.9176,-0.4400
113.088,0.9227,0.7464,-0.5011,0.0058,1.3283,0.9178,-0.4400
113.100,0.9228,0.7483,-0.5002,0.0058,1.3256,0.9180,-0.4400
113.112,0.9229,0.7501,-0.4992,0.0059,1.3228,0.9182,-0.4400
113.124,0.9229,0.7520,-0.4983,0.0059,1.3201,0.9184,-0.4400
113.136,0.9230,0.7539,-0.4974,0.0060,1.3174,0.9186,-0.4400
113.148,0.9231,0.7558,-0.4964,0.0060,1.3147,0.9188,-0.4400
113.160,0.9231,0.7576,-0.4955,0.0061,1.3120,0.9191,-0.4400
113.172,0.9232,0.7595,-0.4945,0.0061,1.3093,0.9193,-0.4400
113.184,0.9233,0.7614,-0.4936,0.0062,1.3065,0.9195,-0.4400
113.196,0.9233,0.7633,-0.4926,0.0062,1.3038,0.9197,-0.4400
113.208,0.9234,0.7651,-0.4917,0.0063,1.3011,0.9199,-0.4400
113.220,0.9235,0.7670,-0.4907,0.0063,1.2984,0.9201,-0.4400
113.232,0.9236,0.7689,-0.4898,0.0064,1.2957,0.9203,-0.4400
113.244,0.9236,0.7708,-0.4888,0.0064,1.2930,0.9206,-0.4400
113.256,0.9237,0.7724,-0.4880,0.0065,1.2906,0.9207,-0.4400
113.268,0.9237,0.7739,-0.4873,0.0065,1.2885,0.9209,-0.4400
113.280,0.9238,0.7751,-0.4866,0.0065,1.2866,0.9211,-0.4400
113.292,0.9238,0.7762,-0.4861,0.0066,1.2850,0.9212,-0.4395
113.304,0.9239,0.7772,-0.4856,0.0066,1.2836,0.9213,-0.4385
113.316,0.9239,0.7781,-0.4851,0.0066,1.2823,0.9214,-0.4371
113.328,0.9239,0.7789,-0.4847,0.0066,1.2812,0.9215,-0.4353
113.340,0.9240,0.7795,-0.4844,0.0067,1.2802,0.9216,-0.4332
113.352,0.9240,0.7801,-0.4841,0.0067,1.2794,0.9216,-0.4309
113.364,0.9240,0.7807,-0.4838,0.0067,1.2786,0.9217,-0.4283
113.376,0.9240,0.7811,-0.4836,0.0067,1.2779,0.9217,-0.4255
113.388,0.9240,0.7815,-0.4834,0.0067,1.2773,0.9218,-0.4225
113.400,0.9240,0.7819,-0.4832,0.0067,1.2768,0.9218,-0.4193
113.412,0.9241,0.7822,-0.4831,0.0067,1.2764,0.9219,-0.4160
113.424,0.9241,0.7825,-0.4829,0.0067,1.2760,0.9219,-0.4125
113.436,0.9241,0.7827,-0.4828,0.0067,1.2756,0.9219,-0.4089
113.448,0.9241,0.7829,-0.4827,0.0067,1.2753,0.9220,-0.4053
113.460,0.9241,0.7831,-0.4826,0.0068,1.2750,0.9220,-0.4015
113.472,0.9241,0.7833,-0.4825,0.0068,1.2748,0.9220,-0.3977
113.484,0.9241,0.7834,-0.4825,0.0068,1.2746,0.9220,-0.3938
113.496,0.9241,0.7835,-0.4824,0.0068,1.2744,0.9220,-0.3898
113.508,0.9241,0.7837,-0.4823,0.0068,1.2742,0.9220,-0.3858
113.520,0.9241,0.7838,-0.4823,0.0068,1.2741,0.9221,-0.3818
113.532,0.9241,0.7838,-0.4822,0.0068,1.2740,0.9221,-0.3777
113.544,0.9241,0.7839,-0.4822,0.0068,1.2739,0.9221,-0.3735
113.556,0.9241,0.7840,-0.4822,0.0068,1.2738,0.9221,-0.3694
113.568,0.9241,0.7841,-0.4821,0.0068,1.2737,0.9221,-0.3652
113.580,0.9241,0.7841,-0.4821,0.0068,1.2736,0.9221,-0.3609
113.592,0.9241,0.7842,-0.4821,0.0068,1.2735,0.9221,-0.3567
113.604,0.9241,0.7842,-0.4821,0.0068,1.2735,0.9221,-0.3524
113.616,0.9241,0.7842,-0.4820,0.0068,1.2734,0.9221,-0.3482
113.628,0.9241,0.7843,-0.4820,0.0068,1.2734,0.9221,-0.3439
113.640,0.9241,0.7843,-0.4820,0.0068,1.2733,0.9221,-0.3396
113.652,0.9241,0.7843,-0.4820,0.0068,1.2733,0.9221,-0.3353
113.664,0.9241,0.7843,-0.4820,0.0068,1.2733,0.9221,-0.3309
113.676,0.9241,0.7843,-0.4820,0.0068,1.2732,0.9221,-0.3266
113.688,0.9241,0.7844,-0.4820,0.0068,1.2732,0.9221,-0.3222
113.700,0.9241,0.7844,-0.4820,0.0068,1.2732,0.9221,-0.3179
113.712,0.9241,0.7844,-0.4820,0.0068,1.2732,0.9221,-0.3135
113.724,0.9241,0.7844,-0.4820,0.0068,1.2732,0.9221,-0.3092
113.736,0.9241,0.7844,-0.4820,0.0068,1.2732,0.9221,-0.3048
113.748,0.9241,0.7844,-0.4819,0.0068,1.2731,0.9221,-0.3004
113.760,0.9241,0.7844,-0.4819,0.0068,1.2731,0.9221,-0.2961
113.772,0.9241,0.7844,-0.4819,0.0068,1.2731,0.9221,-0.2917
113.784,0.9241,0.7844,-0.4819,0.0068,1.2731,0.9221,-0.2873
113.796,0.9241,0.7844,-0.4819,0.0068,1.2731,0.9221,-0.2829
113.808,0.9241,0.7845,-0.4819,0.0068,1.2731,0.9221,-0.2786
113.820,0.9241,0.7845,-0.4819,0.0068,1.2731,0.9221,-0.2742
113.832,0.9241,0.7845,-0.4819,0.0068,1.2731,0.9221,-0.2698
113.844,0.9241,0.7845,-0.4819,0.0068,1.2731,0.9221,-0.2654
113.856,0.9241,0.7845,-0.4819,0.0068,1.2731,0.9221,-0.2610
113.868,0.9241,0.7845,-0.4819,0.0068,1.2731,0.9221,-0.2566
113.880,0.9241,0.7845,-0.4819,0.0068,1.2731,0.9221,-0.2522
113.892,0.9241,0.7845,-0.4819,0.0068,1.2731,0.9221,-0.2478
113.904,0.9241,0.7845,-0.4819,0.0068,1.2731,0.9221,-0.2434
113.916,0.9241,0.7845,-0.4819,0.0068,1.2731,0.9221,-0.2390
113.928,0.9241,0.7845,-0.4819,0.0068,1.2731,0.9221,-0.2346
113.940,0.9241,0.7845,-0.4819,0.0068,1.2731,0.9221,-0.2302
113.952,0.9241,0.7845,-0.4819,0.0068,1.2731,0.9221,-0.2258
113.964,0.9241,0.7845,-0.4819,0.0068,1.2731,0.9221,-0.2214
113.976,0.9241,0.7845,-0.4819,0.0068,1.2731,0.9221,-0.2170
113.988,0.9241,0.7845,-0.4819,0.0068,1.2731,0.9221,-0.2126
114.000,0.9241,0.7845,-0.4819,0.0068,1.2731,0.9221,-0.2083
114.012,0.9241,0.7845,-0.4819,0.0068,1.2731,0.9221,-0.2039
114.024,0.9241,0.7845,-0.4819,0.0068,1.2731,0.9221,-0.1995
114.036,0.9241,0.7845,-0.4819,0.0068,1.2731,0.9221,-0.1951
114.048,0.9241,0.7845,-0.4819,0.0068,1.2730,0.9221,-0.1907
114.060,0.9241,0.7845,-0.4819,0.0068,1.2730,0.9221,-0.1863
114.072,0.9241,0.7845,-0.4819,0.0068,1.2730,0.9221,-0.1819
114.084,0.9241,0.7845,-0.4819,0.0068,1.2730,0.9221,-0.1775
114.096,0.9241,0.7845,-0.4819,0.0068,1.2730,0.9221,-0.1731
114.108,0.9241,0.7845,-0.4819,0.0068,1.2730,0.9221,-0.1687
114.120,0.9241,0.7845,-0.4819,0.0068,1.2730,0.9221,-0.1643
114.132,0.9241,0.7845,-0.4819,0.0068,1.2730,0.9221,-0.1599
114.144,0.9241,0.7845,-0.4819,0.0068,1.2730,0.9221,-0.1555
114.156,0.9241,0.7845,-0.4819,0.0068,1.2730,0.9221,-0.1511
114.168,0.9241,0.7845,-0.4819,0.0068,1.2730,0.9221,-0.1467
114.180,0.9241,0.7845,-0.4819,0.0068,1.2730,0.9221,-0.1423
114.192,0.9241,0.7845,-0.4819,0.0068,1.2730,0.9221,-0.1379
114.204,0.9241,0.7845,-0.4819,0.0068,1.2730,0.9221,-0.1335
114.216,0.9241,0.7845,-0.4819,0.0068,1.2730,0.9221,-0.1291
114.228,0.9241,0.7845,-0.4819,0.0068,1.2730,0.9221,-0.1247
114.240,0.9241,0.7845,-0.4819,0.0068,1.2730,0.9221,-0.1203
114.252,0.9241,0.7845,-0.4819,0.0068,1.2730,0.9221,-0.1159
114.264,0.9241,0.7845,-0.4819,0.0068,1.2730,0.9221,-0.1115
114.276,0.9241,0.7845,-0.4819,0.0068,1.2730,0.9221,-0.1071
114.288,0.9241,0.7845,-0.4819,0.0068,1.2730,0.9221,-0.1027
114.300,0.9241,0.7845,-0.4819,0.0068,1.2730,0.9221,-0.0983
114.312,0.9241,0.7845,-0.4819,0.0068,1.2730,0.9221,-0.0939
114.324,0.9241,0.7845,-0.4819,0.0068,1.2730,0.9221,-0.0895
114.336,0.9241,0.7845,-0.4819,0.0068,1.2730,0.9221,-0.0851
114.348,0.9241,0.7845,-0.4819,0.0068,1.2730,0.9221,-0.0807
114.360,0.9241,0.7845,-0.4819,0.0068,1.2730,0.9221,-0.0763
114.372,0.9241,0.7845,-0.4819,0.0068,1.2730,0.9221,-0.0719
114.384,0.9241,0.7845,-0.4819,0.0068,1.2730,0.9221,-0.0675
114.396,0.9241,0.7845,-0.4819,0.0068,1.2730,0.9221,-0.0631
114.408,0.9241,0.7845,-0.4819,0.0068,1.2730,0.9221,-0.0587
114.420,0.9241,0.7845,-0.4819,0.0068,1.2730,0.9221,-0.0543
114.432,0.9241,0.7845,-0.4819,0.0068,1.2730,0.9221,-0.0499
114.444,0.9241,0.7845,-0.4819,0.0068,1.2730,0.9221,-0.0455
114.456,0.9241,0.7845,-0.4819,0.0068,1.2730,0.9221,-0.0411
114.468,0.9241,0.7845,-0.4819,0.0068,1.2730,0.9221,-0.0367
114.480,0.9241,0.7845,-0.4819,0.0068,1.2730,0.9221,-0.0323
114.492,0.9241,0.7845,-0.4819,0.0068,1.2730,0.9221,-0.0284
114.504,0.9241,0.7845,-0.4819,0.0068,1.2730,0.9221,-0.0250
114.516,0.9241,0.7843,-0.4820,0.0068,1.2734,0.9221,-0.0220
114.528,0.9241,0.7838,-0.4822,0.0068,1.2740,0.9221,-0.0194
114.540,0.9241,0.7832,-0.4825,0.0068,1.2748,0.9221,-0.0170
114.552,0.9241,0.7825,-0.4828,0.0067,1.2759,0.9221,-0.0150
114.564,0.9240,0.7816,-0.4832,0.0067,1.2771,0.9221,-0.0132
114.576,0.9240,0.7806,-0.4837,0.0067,1.2785,0.9220,-0.0116
114.588,0.9240,0.7795,-0.4842,0.0067,1.2801,0.9220,-0.0102
114.600,0.9239,0.7782,-0.4848,0.0066,1.2818,0.9220,-0.0090
114.612,0.9239,0.7769,-0.4854,0.0066,1.2836,0.9219,-0.0079
114.624,0.9238,0.7756,-0.4860,0.0066,1.2855,0.9219,-0.0070
114.636,0.9238,0.7742,-0.4866,0.0065,1.2875,0.9219,-0.0061
114.648,0.9237,0.7727,-0.4873,0.0065,1.2896,0.9218,-0.0054
114.660,0.9237,0.7711,-0.4880,0.0064,1.2918,0.9218,-0.0047
114.672,0.9236,0.7696,-0.4888,0.0064,1.2940,0.9218,-0.0042
114.684,0.9236,0.7680,-0.4895,0.0064,1.2962,0.9217,-0.0037
114.696,0.9235,0.7663,-0.4902,0.0063,1.2985,0.9217,-0.0032
114.708,0.9234,0.7646,-0.4910,0.0063,1.3009,0.9216,-0.0028
114.720,0.9234,0.7629,-0.4918,0.0062,1.3033,0.9216,-0.0025
114.732,0.9233,0.7612,-0.4926,0.0062,1.3057,0.9215,-0.0022
114.744,0.9232,0.7595,-0.4934,0.0061,1.3082,0.9215,-0.0019
114.756,0.9232,0.7577,-0.4942,0.0061,1.3106,0.9215,-0.0017
114.768,0.9231,0.7559,-0.4950,0.0061,1.3131,0.9214,-0.0015
114.780,0.9231,0.7541,-0.4958,0.0060,1.3156,0.9214,-0.0013
114.792,0.9230,0.7523,-0.4966,0.0060,1.3182,0.9213,-0.0012
114.804,0.9229,0.7505,-0.4975,0.0059,1.3207,0.9213,-0.0010
114.816,0.9229,0.7487,-0.4983,0.0059,1.3233,0.9212,-0.0009
114.828,0.9228,0.7469,-0.4992,0.0058,1.3258,0.9212,-0.0008
114.840,0.9227,0.7450,-0.5000,0.0058,1.3284,0.9211,-0.0007
114.852,0.9227,0.7432,-0.5008,0.0057,1.3310,0.9211,-0.0006
114.864,0.9226,0.7413,-0.5017,0.0057,1.3336,0.9210,-0.0005
114.876,0.9225,0.7395,-0.5025,0.0056,1.3362,0.9210,-0.0005
114.888,0.9225,0.7376,-0.5034,0.0056,1.3388,0.9209,-0.0004
114.900,0.9224,0.7358,-0.5042,0.0055,1.3414,0.9209,-0.0004
114.912,0.9223,0.7339,-0.5051,0.0055,1.3440,0.9209,-0.0003
114.924,0.9223,0.7320,-0.5060,0.0054,1.3467,0.9208,-0.0003
114.936,0.9222,0.7302,-0.5068,0.0054,1.3493,0.9208,-0.0003
114.948,0.9221,0.7283,-0.5077,0.0053,1.3519,0.9207,-0.0002
114.960,0.9221,0.7264,-0.5085,0.0053,1.3545,0.9207,-0.0002
114.972,0.9220,0.7245,-0.5094,0.0053,1.3572,0.9206,-0.0002
114.984,0.9219,0.7227,-0.5103,0.0052,1.3598,0.9206,-0.0002
114.996,0.9219,0.7208,-0.5111,0.0052,1.3624,0.9205,-0.0001
115.008,0.9218,0.7189,-0.5120,0.0051,1.3651,0.9205,-0.0001
115.020,0.9217,0.7170,-0.5128,0.0051,1.3677,0.9204,-0.0001
115.032,0.9217,0.7151,-0.5137,0.0050,1.3704,0.9204,-0.0001
115.044,0.9216,0.7132,-0.5146,0.0050,1.3730,0.9203,-0.0001
115.056,0.9215,0.7114,-0.5154,0.0049,1.3757,0.9203,-0.0001
115.068,0.9215,0.7095,-0.5163,0.0049,1.3783,0.9202,-0.0001
115.080,0.9214,0.7076,-0.5172,0.0048,1.3810,0.9202,-0.0001
115.092,0.9213,0.7057,-0.5180,0.0048,1.3836,0.9201,-0.0000
115.104,0.9213,0.7038,-0.5189,0.0047,1.3862,0.9201,-0.0000
115.116,0.9212,0.7019,-0.5198,0.0047,1.3889,0.9200,-0.0000
115.128,0.9211,0.7000,-0.5206,0.0046,1.3915,0.9200,-0.0000
115.140,0.9211,0.6981,-0.5215,0.0046,1.3942,0.9199,-0.0000
115.152,0.9210,0.6963,-0.5223,0.0045,1.3968,0.9199,-0.0000
115.164,0.9209,0.6944,-0.5232,0.0045,1.3995,0.9198,-0.0000
115.176,0.9209,0.6925,-0.5241,0.0044,1.4021,0.9198,-0.0000
115.188,0.9208,0.6906,-0.5249,0.0044,1.4048,0.9198,-0.0000
115.200,0.9207,0.6887,-0.5258,0.0043,1.4074,0.9197,-0.0000
115.212,0.9207,0.6868,-0.5267,0.0043,1.4101,0.9197,-0.0000
115.224,0.9206,0.6849,-0.5275,0.0042,1.4128,0.9196,-0.0000
115.236,0.9205,0.6830,-0.5284,0.0042,1.4154,0.9196,-0.0000
115.248,0.9205,0.6811,-0.5293,0.0041,1.4181,0.9195,-0.0000
115.260,0.9204,0.6793,-0.5301,0.0041,1.4207,0.9195,-0.0000
115.272,0.9203,0.6774,-0.5310,0.0040,1.4234,0.9194,-0.0000
115.284,0.9203,0.6755,-0.5319,0.0040,1.4260,0.9194,-0.0000
115.296,0.9202,0.6736,-0.5327,0.0039,1.4287,0.9193,-0.0000
115.308,0.9201,0.6717,-0.5336,0.0039,1.4313,0.9193,-0.0000
115.320,0.9200,0.6698,-0.5345,0.0039,1.4340,0.9192,-0.0000
115.332,0.9200,0.6679,-0.5353,0.0038,1.4366,0.9192,-0.0000
115.344,0.9199,0.6660,-0.5362,0.0038,1.4393,0.9191,-0.0000
115.356,0.9198,0.6641,-0.5371,0.0037,1.4419,0.9191,-0.0000
115.368,0.9198,0.6622,-0.5379,0.0037,1.4446,0.9190,-0.0000
115.380,0.9197,0.6604,-0.5388,0.0036,1.4472,0.9190,-0.0000
115.392,0.9196,0.6585,-0.5397,0.0036,1.4499,0.9189,-0.0000
115.404,0.9196,0.6566,-0.5405,0.0035,1.4525,0.9189,-0.0000
115.416,0.9195,0.6547,-0.5414,0.0035,1.4552,0.9188,-0.0000
115.428,0.9194,0.6528,-0.5423,0.0034,1.4578,0.9188,-0.0000
115.440,0.9194,0.6509,-0.5431,0.0034,1.4605,0.9187,-0.0000
115.452,0.9193,0.6490,-0.5440,0.0033,1.4631,0.9187,-0.0000
115.464,0.9192,0.6471,-0.5449,0.0033,1.4658,0.9186,-0.0000
115.476,0.9192,0.6452,-0.5457,0.0032,1.4684,0.9186,-0.0000
115.488,0.9191,0.6433,-0.5466,0.0032,1.4711,0.9186,-0.0000
115.500,0.9190,0.6414,-0.5475,0.0031,1.4737,0.9185,-0.0000
115.512,0.9190,0.6396,-0.5483,0.0031,1.4764,0.9185,-0.0000
115.524,0.9189,0.6377,-0.5492,0.0030,1.4791,0.9184,-0.0000
115.536,0.9188,0.6358,-0.5501,0.0030,1.4817,0.9184,-0.0000
115.548,0.9188,0.6339,-0.5509,0.0029,1.4844,0.9183,-0.0000
115.560,0.9187,0.6320,-0.5518,0.0029,1.4870,0.9183,-0.0000
115.572,0.9186,0.6301,-0.5527,0.0028,1.4897,0.9182,-0.0000
115.584,0.9186,0.6282,-0.5535,0.0028,1.4923,0.9182,-0.0000
115.596,0.9185,0.6263,-0.5544,0.0027,1.4950,0.9181,-0.0000
115.608,0.9184,0.6244,-0.5553,0.0027,1.4976,0.9181,-0.0000
115.620,0.9184,0.6225,-0.5561,0.0026,1.5003,0.9180,-0.0000
115.632,0.9183,0.6207,-0.5570,0.0026,1.5029,0.9180,-0.0000
115.644,0.9182,0.6188,-0.5579,0.0025,1.5056,0.9179,-0.0000
115.656,0.9182,0.6169,-0.5587,0.0025,1.5082,0.9179,-0.0000
115.668,0.9181,0.6150,-0.5596,0.0024,1.5109,0.9178,-0.0000
115.680,0.9180,0.6131,-0.5605,0.0024,1.5135,0.9178,-0.0000
115.692,0.9180,0.6112,-0.5613,0.0024,1.5162,0.9177,-0.0000
115.704,0.9179,0.6093,-0.5622,0.0023,1.5188,0.9177,-0.0000
115.716,0.9178,0.6076,-0.5630,0.0023,1.5212,0.9176,-0.0000
115.728,0.9178,0.6062,-0.5636,0.0022,1.5232,0.9176,-0.0000
115.740,0.9177,0.6049,-0.5642,0.0022,1.5250,0.9176,-0.0000
115.752,0.9177,0.6038,-0.5647,0.0022,1.5266,0.9175,-0.0000
115.764,0.9177,0.6038,-0.5647,0.0022,1.5266,0.9175,-0.0000
115.776,0.9170,0.6038,-0.5647,0.0022,1.5266,0.9175,-0.0000
115.788,0.9158,0.6037,-0.5647,0.0022,1.5266,0.9175,-0.0000
115.800,0.9140,0.6037,-0.5647,0.0022,1.5267,0.9175,-0.0000
115.812,0.9118,0.6037,-0.5648,0.0022,1.5267,0.9175,-0.0000
115.824,0.9092,0.6037,-0.5648,0.0022,1.5267,0.9175,-0.0000
115.836,0.9063,0.6037,-0.5648,0.0022,1.5268,0.9175,-0.0000
115.848,0.9030,0.6036,-0.5648,0.0022,1.5268,0.9175,-0.0000
115.860,0.8995,0.6036,-0.5648,0.0022,1.5269,0.9175,-0.0000
115.872,0.8957,0.6036,-0.5648,0.0022,1.5269,0.9175,-0.0000
115.884,0.8918,0.6035,-0.5648,0.0022,1.5270,0.9175,-0.0000
115.896,0.8876,0.6035,-0.5649,0.0022,1.5270,0.9175,-0.0000
115.908,0.8833,0.6035,-0.5649,0.0022,1.5271,0.9175,-0.0000
115.920,0.8788,0.6034,-0.5649,0.0022,1.5271,0.9175,-0.0000
115.932,0.8742,0.6034,-0.5649,0.0022,1.5272,0.9175,-0.0000
115.944,0.8695,0.6033,-0.5649,0.0022,1.5272,0.9175,-0.0000
115.956,0.8648,0.6033,-0.5650,0.0021,1.5273,0.9175,-0.0000
115.968,0.8599,0.6032,-0.5650,0.0021,1.5274,0.9175,-0.0000
115.980,0.8549,0.6032,-0.5650,0.0021,1.5274,0.9175,-0.0000
115.992,0.8499,0.6031,-0.5650,0.0021,1.5275,0.9175,-0.0000
116.004,0.8448,0.6031,-0.5650,0.0021,1.5276,0.9175,-0.0000
116.016,0.8397,0.6031,-0.5651,0.0021,1.5276,0.9175,-0.0000
116.028,0.8345,0.6030,-0.5651,0.0021,1.5277,0.9175,-0.0000
116.040,0.8293,0.6030,-0.5651,0.0021,1.5277,0.9175,-0.0000
116.052,0.8240,0.6029,-0.5651,0.0021,1.5278,0.9175,-0.0000
116.064,0.8188,0.6029,-0.5651,0.0021,1.5279,0.9175,-0.0000
116.076,0.8135,0.6028,-0.5652,0.0021,1.5280,0.9175,-0.0000
116.088,0.8081,0.6028,-0.5652,0.0021,1.5280,0.9175,-0.0000
116.100,0.8028,0.6027,-0.5652,0.0021,1.5281,0.9175,-0.0000
116.112,0.7974,0.6027,-0.5652,0.0021,1.5282,0.9175,-0.0000
116.124,0.7920,0.6026,-0.5653,0.0021,1.5282,0.9175,-0.0000
116.136,0.7866,0.6026,-0.5653,0.0021,1.5283,0.9175,-0.0000
116.148,0.7812,0.6025,-0.5653,0.0021,1.5284,0.9175,-0.0000
116.160,0.7758,0.6025,-0.5653,0.0021,1.5284,0.9175,-0.0000
116.172,0.7703,0.6024,-0.5653,0.0021,1.5285,0.9175,-0.0000
116.184,0.7649,0.6024,-0.5654,0.0021,1.5286,0.9175,-0.0000
116.196,0.7594,0.6023,-0.5654,0.0021,1.5286,0.9175,-0.0000
116.208,0.7540,0.6023,-0.5654,0.0021,1.5287,0.9175,-0.0000
116.220,0.7485,0.6022,-0.5654,0.0021,1.5288,0.9175,-0.0000
116.232,0.7431,0.6022,-0.5655,0.0021,1.5288,0.9175,-0.0000
116.244,0.7376,0.6021,-0.5655,0.0021,1.5289,0.9175,-0.0000
116.256,0.7321,0.6021,-0.5655,0.0021,1.5290,0.9175,-0.0000
116.268,0.7266,0.6020,-0.5655,0.0021,1.5291,0.9175,-0.0000
116.280,0.7211,0.6020,-0.5655,0.0021,1.5291,0.9175,-0.0000
116.292,0.7157,0.6019,-0.5656,0.0021,1.5292,0.9175,-0.0000
116.304,0.7102,0.6019,-0.5656,0.0021,1.5293,0.9175,-0.0000
116.316,0.7047,0.6018,-0.5656,0.0021,1.5293,0.9175,-0.0000
116.328,0.6992,0.6018,-0.5656,0.0021,1.5294,0.9175,-0.0000
116.340,0.6937,0.6017,-0.5657,0.0021,1.5295,0.9175,-0.0000
116.352,0.6882,0.6017,-0.5657,0.0021,1.5295,0.9175,-0.0000
116.364,0.6827,0.6016,-0.5657,0.0021,1.5296,0.9175,-0.0000
116.376,0.6772,0.6016,-0.5657,0.0021,1.5297,0.9175,-0.0000
116.388,0.6717,0.6015,-0.5658,0.0021,1.5298,0.9175,-0.0000
116.400,0.6662,0.6015,-0.5658,0.0021,1.5298,0.9175,-0.0000
116.412,0.6607,0.6014,-0.5658,0.0021,1.5299,0.9175,-0.0000
116.424,0.6552,0.6014,-0.5658,0.0021,1.5300,0.9175,-0.0000
116.436,0.6497,0.6013,-0.5658,0.0021,1.5300,0.9175,-0.0000
116.448,0.6442,0.6013,-0.5659,0.0021,1.5301,0.9175,-0.0000
116.460,0.6387,0.6012,-0.5659,0.0021,1.5302,0.9175,-0.0000
116.472,0.6332,0.6012,-0.5659,0.0021,1.5302,0.9175,-0.0000
116.484,0.6277,0.6011,-0.5659,0.0021,1.5303,0.9175,-0.0000
116.496,0.6222,0.6011,-0.5660,0.0021,1.5304,0.9175,-0.0000
116.508,0.6167,0.6010,-0.5660,0.0021,1.5305,0.9175,-0.0000
116.520,0.6112,0.6010,-0.5660,0.0021,1.5305,0.9175,-0.0000
116.532,0.6057,0.6009,-0.5660,0.0021,1.5306,0.9175,-0.0000
116.544,0.6002,0.6009,-0.5661,0.0021,1.5307,0.9175,-0.0000
116.556,0.5947,0.6008,-0.5661,0.0021,1.5307,0.9175,-0.0000
116.568,0.5892,0.6008,-0.5661,0.0021,1.5308,0.9175,-0.0000
116.580,0.5836,0.6007,-0.5661,0.0021,1.5309,0.9175,-0.0000
116.592,0.5781,0.6007,-0.5661,0.0021,1.5309,0.9175,-0.0000
116.604,0.5726,0.6006,-0.5662,0.0021,1.5310,0.9175,-0.0000
116.616,0.5671,0.6006,-0.5662,0.0021,1.5311,0.9175,-0.0000
116.628,0.5616,0.6005,-0.5662,0.0021,1.5312,0.9175,-0.0000
116.640,0.5561,0.6005,-0.5662,0.0021,1.5312,0.9175,-0.0000
116.652,0.5506,0.6004,-0.5663,0.0021,1.5313,0.9175,-0.0000
116.664,0.5451,0.6004,-0.5663,0.0021,1.5314,0.9175,-0.0000
116.676,0.5396,0.6003,-0.5663,0.0021,1.5314,0.9175,-0.0000
116.688,0.5341,0.6003,-0.5663,0.0021,1.5315,0.9175,-0.0000
116.700,0.5286,0.6002,-0.5663,0.0021,1.5316,0.9175,-0.0000
116.712,0.5231,0.6002,-0.5664,0.0021,1.5316,0.9175,-0.0000
116.724,0.5176,0.6001,-0.5664,0.0021,1.5317,0.9175,-0.0000
116.736,0.5121,0.6001,-0.5664,0.0021,1.5318,0.9175,-0.0000
116.748,0.5066,0.6000,-0.5664,0.0021,1.5319,0.9175,-0.0000
116.760,0.5011,0.6000,-0.5665,0.0021,1.5319,0.9175,-0.0000
116.772,0.4956,0.5999,-0.5665,0.0021,1.5320,0.9175,-0.0000
116.784,0.4900,0.5999,-0.5665,0.0021,1.5321,0.9174,-0.0000
116.796,0.4845,0.5998,-0.5665,0.0021,1.5321,0.9174,-0.0000
116.808,0.4790,0.5998,-0.5666,0.0021,1.5322,0.9174,-0.0000
116.820,0.4735,0.5997,-0.5666,0.0021,1.5323,0.9174,-0.0000
116.832,0.4680,0.5997,-0.5666,0.0021,1.5323,0.9174,-0.0000
116.844,0.4625,0.5996,-0.5666,0.0021,1.5324,0.9174,-0.0000
116.856,0.4570,0.5996,-0.5666,0.0021,1.5325,0.9174,-0.0000
116.868,0.4515,0.5995,-0.5667,0.0021,1.5326,0.9174,-0.0000
116.880,0.4460,0.5995,-0.5667,0.0021,1.5326,0.9174,-0.0000
116.892,0.4405,0.5994,-0.5667,0.0021,1.5327,0.9174,-0.0000
116.904,0.4350,0.5994,-0.5667,0.0020,1.5328,0.9174,-0.0000
116.916,0.4295,0.5993,-0.5668,0.0020,1.5328,0.9174,-0.0000
116.928,0.4240,0.5993,-0.5668,0.0020,1.5329,0.9174,-0.0000
116.940,0.4185,0.5992,-0.5668,0.0020,1.5330,0.9174,-0.0000
116.952,0.4130,0.5992,-0.5668,0.0020,1.5330,0.9174,-0.0000
116.964,0.4075,0.5991,-0.5669,0.0020,1.5331,0.9174,-0.0000
116.976,0.4019,0.5991,-0.5669,0.0020,1.5332,0.9174,-0.0000
116.988,0.3964,0.5990,-0.5669,0.0020,1.5333,0.9174,-0.0000
117.000,0.3909,0.5990,-0.5669,0.0020,1.5333,0.9174,-0.0000
117.012,0.3854,0.5989,-0.5669,0.0020,1.5334,0.9174,-0.0000
117.024,0.3799,0.5989,-0.5670,0.0020,1.5335,0.9174,-0.0000
117.036,0.3744,0.5988,-0.5670,0.0020,1.5335,0.9174,-0.0000
117.048,0.3689,0.5988,-0.5670,0.0020,1.5336,0.9174,-0.0000
117.060,0.3634,0.5987,-0.5670,0.0020,1.5337,0.9174,-0.0000
117.072,0.3579,0.5987,-0.5671,0.0020,1.5337,0.9174,-0.0000
117.084,0.3524,0.5986,-0.5671,0.0020,1.5338,0.9174,-0.0000
117.096,0.3469,0.5986,-0.5671,0.0020,1.5339,0.9174,-0.0000
117.108,0.3414,0.5985,-0.5671,0.0020,1.5340,0.9174,-0.0000
117.120,0.3359,0.5985,-0.5671,0.0020,1.5340,0.9174,-0.0000
117.132,0.3304,0.5984,-0.5672,0.0020,1.5341,0.9174,-0.0000
117.144,0.3249,0.5984,-0.5672,0.0020,1.5342,0.9174,-0.0000
117.156,0.3194,0.5983,-0.5672,0.0020,1.5342,0.9174,-0.0000
117.168,0.3139,0.5983,-0.5672,0.0020,1.5343,0.9174,-0.0000
117.180,0.3083,0.5982,-0.5673,0.0020,1.5344,0.9174,-0.0000
117.192,0.3028,0.5982,-0.5673,0.0020,1.5344,0.9174,-0.0000
117.204,0.2973,0.5981,-0.5673,0.0020,1.5345,0.9174,-0.0000
117.216,0.2918,0.5981,-0.5673,0.0020,1.5346,0.9174,-0.0000
117.228,0.2863,0.5980,-0.5674,0.0020,1.5347,0.9174,-0.0000
117.240,0.2808,0.5980,-0.5674,0.0020,1.5347,0.9174,-0.0000
117.252,0.2753,0.5979,-0.5674,0.0020,1.5348,0.9174,-0.0000
117.264,0.2698,0.5979,-0.5674,0.0020,1.5349,0.9174,-0.0000
117.276,0.2643,0.5978,-0.5674,0.0020,1.5349,0.9174,-0.0000
117.288,0.2588,0.5978,-0.5675,0.0020,1.5350,0.9174,-0.0000
117.300,0.2533,0.5977,-0.5675,0.0020,1.5351,0.9174,-0.0000
117.312,0.2478,0.5977,-0.5675,0.0020,1.5351,0.9174,-0.0000
117.324,0.2423,0.5976,-0.5675,0.0020,1.5352,0.9174,-0.0000
117.336,0.2368,0.5976,-0.5676,0.0020,1.5353,0.9174,-0.0000
117.348,0.2313,0.5975,-0.5676,0.0020,1.5354,0.9174,-0.0000
117.360,0.2258,0.5975,-0.5676,0.0020,1.5354,0.9174,-0.0000
117.372,0.2202,0.5974,-0.5676,0.0020,1.5355,0.9174,-0.0000
117.384,0.2147,0.5974,-0.5677,0.0020,1.5356,0.9174,-0.0000
117.396,0.2092,0.5973,-0.5677,0.0020,1.5356,0.9174,-0.0000
117.408,0.2037,0.5973,-0.5677,0.0020,1.5357,0.9174,-0.0000
117.420,0.1982,0.5972,-0.5677,0.0020,1.5358,0.9174,-0.0000
117.432,0.1927,0.5972,-0.5677,0.0020,1.5358,0.9174,-0.0000
117.444,0.1872,0.5971,-0.5678,0.0020,1.5359,0.9174,-0.0000
117.456,0.1817,0.5971,-0.5678,0.0020,1.5360,0.9174,-0.0000
117.468,0.1762,0.5970,-0.5678,0.0020,1.5361,0.9174,-0.0000
117.480,0.1707,0.5970,-0.5678,0.0020,1.5361,0.9174,-0.0000
117.492,0.1652,0.5969,-0.5679,0.0020,1.5362,0.9174,-0.0000
117.504,0.1597,0.5969,-0.5679,0.0020,1.5363,0.9174,-0.0000
117.516,0.1542,0.5968,-0.5679,0.0020,1.5363,0.9174,-0.0000
117.528,0.1487,0.5968,-0.5679,0.0020,1.5364,0.9174,-0.0000
117.540,0.1432,0.5967,-0.5679,0.0020,1.5365,0.9174,-0.0000
117.552,0.1377,0.5967,-0.5680,0.0020,1.5365,0.9174,-0.0000
117.564,0.1321,0.5966,-0.5680,0.0020,1.5366,0.9174,-0.0000
117.576,0.1266,0.5966,-0.5680,0.0020,1.5367,0.9174,-0.0000
117.588,0.1211,0.5965,-0.5680,0.0020,1.5368,0.9174,-0.0000
117.600,0.1156,0.5965,-0.5681,0.0020,1.5368,0.9174,-0.0000
117.612,0.1101,0.5964,-0.5681,0.0020,1.5369,0.9174,-0.0000
117.624,0.1046,0.5964,-0.5681,0.0020,1.5370,0.9174,-0.0000
117.636,0.0991,0.5963,-0.5681,0.0020,1.5370,0.9174,-0.0000
117.648,0.0936,0.5963,-0.5682,0.0020,1.5371,0.9174,-0.0000
117.660,0.0881,0.5962,-0.5682,0.0020,1.5372,0.9174,-0.0000
117.672,0.0826,0.5962,-0.5682,0.0020,1.5372,0.9174,-0.0000
117.684,0.0771,0.5961,-0.5682,0.0020,1.5373,0.9174,-0.0000
117.696,0.0716,0.5961,-0.5682,0.0020,1.5374,0.9174,-0.0000
117.708,0.0661,0.5960,-0.5683,0.0020,1.5374,0.9174,-0.0000
117.720,0.0606,0.5960,-0.5683,0.0020,1.5375,0.9174,-0.0000
117.732,0.0551,0.5959,-0.5683,0.0020,1.5376,0.9173,-0.0000
117.744,0.0496,0.5959,-0.5683,0.0020,1.5377,0.9173,-0.0000
117.756,0.0440,0.5958,-0.5684,0.0020,1.5377,0.9173,-0.0000
117.768,0.0388,0.5958,-0.5684,0.0020,1.5378,0.9173,-0.0000
117.780,0.0341,0.5958,-0.5684,0.0020,1.5379,0.9173,-0.0000
117.792,0.0300,0.5957,-0.5684,0.0020,1.5379,0.9173,-0.0000
117.804,0.0264,0.5957,-0.5684,0.0020,1.5380,0.9173,-0.0000
117.816,0.0232,0.5957,-0.5684,0.0020,1.5380,0.9173,-0.0000
117.828,0.0205,0.5956,-0.5685,0.0020,1.5380,0.9173,-0.0000
117.840,0.0180,0.5956,-0.5685,0.0020,1.5381,0.9173,-0.0000
117.852,0.0158,0.5956,-0.5685,0.0020,1.5381,0.9173,-0.0000
117.864,0.0139,0.5956,-0.5685,0.0020,1.5381,0.9173,-0.0000
117.876,0.0123,0.5956,-0.5685,0.0020,1.5381,0.9173,-0.0000
117.888,0.0108,0.5955,-0.5685,0.0020,1.5382,0.9173,-0.0000
117.900,0.0095,0.5955,-0.5685,0.0020,1.5382,0.9173,-0.0000
117.912,0.0095,0.5955,-0.5685,0.0020,1.5382,0.9173,-0.0000
117.924,0.0095,0.5951,-0.5681,0.0019,1.5371,0.9167,-0.0000
117.936,0.0095,0.5943,-0.5673,0.0019,1.5350,0.9154,-0.0000
117.948,0.0095,0.5932,-0.5662,0.0019,1.5320,0.9137,-0.0000
117.960,0.0094,0.5917,-0.5649,0.0019,1.5283,0.9115,-0.0000
117.972,0.0094,0.5900,-0.5633,0.0019,1.5240,0.9089,-0.0000
117.984,0.0094,0.5881,-0.5614,0.0019,1.5190,0.9059,-0.0000
117.996,0.0093,0.5860,-0.5594,0.0019,1.5136,0.9027,-0.0000
118.008,0.0093,0.5837,-0.5572,0.0019,1.5077,0.8992,-0.0000
118.020,0.0093,0.5813,-0.5549,0.0019,1.5014,0.8954,-0.0000
118.032,0.0092,0.5787,-0.5524,0.0019,1.4947,0.8914,-0.0000
118.044,0.0092,0.5760,-0.5499,0.0019,1.4877,0.8873,-0.0000
118.056,0.0091,0.5732,-0.5472,0.0019,1.4805,0.8829,-0.0000
118.068,0.0091,0.5703,-0.5444,0.0019,1.4730,0.8785,-0.0000
118.080,0.0091,0.5673,-0.5416,0.0019,1.4653,0.8739,-0.0000
118.092,0.0090,0.5643,-0.5387,0.0018,1.4575,0.8692,-0.0000
118.104,0.0090,0.5612,-0.5357,0.0018,1.4494,0.8644,-0.0000
118.116,0.0089,0.5580,-0.5327,0.0018,1.4413,0.8595,-0.0000
118.128,0.0089,0.5548,-0.5296,0.0018,1.4329,0.8546,-0.0000
118.140,0.0088,0.5515,-0.5265,0.0018,1.4245,0.8496,-0.0000
118.152,0.0087,0.5482,-0.5234,0.0018,1.4160,0.8445,-0.0000
118.164,0.0087,0.5449,-0.5202,0.0018,1.4074,0.8394,-0.0000
118.176,0.0086,0.5416,-0.5170,0.0018,1.3987,0.8342,-0.0000
118.188,0.0086,0.5382,-0.5137,0.0018,1.3900,0.8290,-0.0000
118.200,0.0085,0.5348,-0.5105,0.0018,1.3812,0.8237,-0.0000
118.212,0.0085,0.5313,-0.5072,0.0017,1.3724,0.8184,-0.0000
118.224,0.0084,0.5279,-0.5039,0.0017,1.3635,0.8131,-0.0000
118.236,0.0084,0.5244,-0.5006,0.0017,1.3545,0.8078,-0.0000
118.248,0.0083,0.5210,-0.4973,0.0017,1.3455,0.8025,-0.0000
118.260,0.0083,0.5175,-0.4940,0.0017,1.3365,0.7971,-0.0000
118.272,0.0082,0.5140,-0.4906,0.0017,1.3275,0.7917,-0.0000
118.284,0.0081,0.5105,-0.4873,0.0017,1.3185,0.7863,-0.0000
118.296,0.0081,0.5070,-0.4839,0.0017,1.3094,0.7809,-0.0000
118.308,0.0080,0.5034,-0.4806,0.0016,1.3003,0.7755,-0.0000
118.320,0.0080,0.4999,-0.4772,0.0016,1.2912,0.7700,-0.0000
118.332,0.0079,0.4964,-0.4738,0.0016,1.2821,0.7646,-0.0000
118.344,0.0079,0.4928,-0.4705,0.0016,1.2729,0.7592,-0.0000
118.356,0.0078,0.4893,-0.4671,0.0016,1.2638,0.7537,-0.0000
118.368,0.0077,0.4858,-0.4637,0.0016,1.2546,0.7482,-0.0000
118.380,0.0077,0.4822,-0.4603,0.0016,1.2455,0.7428,-0.0000
118.392,0.0076,0.4787,-0.4569,0.0016,1.2363,0.7373,-0.0000
118.404,0.0076,0.4751,-0.4535,0.0016,1.2271,0.7318,-0.0000
118.416,0.0075,0.4715,-0.4501,0.0015,1.2179,0.7263,-0.0000
118.428,0.0075,0.4680,-0.4467,0.0015,1.2087,0.7209,-0.0000
118.440,0.0074,0.4644,-0.4433,0.0015,1.1995,0.7154,-0.0000
118.452,0.0074,0.4609,-0.4399,0.0015,1.1903,0.7099,-0.0000
118.464,0.0073,0.4573,-0.4365,0.0015,1.1811,0.7044,-0.0000
118.476,0.0072,0.4537,-0.4331,0.0015,1.1719,0.6989,-0.0000
118.488,0.0072,0.4502,-0.4297,0.0015,1.1627,0.6934,-0.0000
118.500,0.0071,0.4466,-0.4263,0.0015,1.1535,0.6879,-0.0000
118.512,0.0071,0.4430,-0.4229,0.0015,1.1443,0.6824,-0.0000
118.524,0.0070,0.4395,-0.4195,0.0014,1.1351,0.6769,-0.0000
118.536,0.0070,0.4359,-0.4161,0.0014,1.1259,0.6714,-0.0000
118.548,0.0069,0.4323,-0.4127,0.0014,1.1166,0.6659,-0.0000
118.560,0.0068,0.4288,-0.4093,0.0014,1.1074,0.6604,-0.0000
118.572,0.0068,0.4252,-0.4059,0.0014,1.0982,0.6549,-0.0000
118.584,0.0067,0.4216,-0.4025,0.0014,1.0890,0.6494,-0.0000
118.596,0.0067,0.4180,-0.3991,0.0014,1.0797,0.6439,-0.0000
118.608,0.0066,0.4145,-0.3957,0.0014,1.0705,0.6384,-0.0000
118.620,0.0066,0.4109,-0.3923,0.0013,1.0613,0.6329,-0.0000
118.632,0.0065,0.4073,-0.3888,0.0013,1.0521,0.6274,-0.0000
118.644,0.0064,0.4038,-0.3854,0.0013,1.0429,0.6219,-0.0000
118.656,0.0064,0.4002,-0.3820,0.0013,1.0336,0.6164,-0.0000
118.668,0.0063,0.3966,-0.3786,0.0013,1.0244,0.6109,-0.0000
118.680,0.0063,0.3930,-0.3752,0.0013,1.0152,0.6054,-0.0000
118.692,0.0062,0.3895,-0.3718,0.0013,1.0059,0.5999,-0.0000
118.704,0.0062,0.3859,-0.3684,0.0013,0.9967,0.5944,-0.0000
118.716,0.0061,0.3823,-0.3650,0.0013,0.9875,0.5889,-0.0000
118.728,0.0060,0.3788,-0.3616,0.0012,0.9783,0.5834,-0.0000
118.740,0.0060,0.3752,-0.3582,0.0012,0.9690,0.5779,-0.0000
118.752,0.0059,0.3716,-0.3547,0.0012,0.9598,0.5724,-0.0000
118.764,0.0059,0.3680,-0.3513,0.0012,0.9506,0.5669,-0.0000
118.776,0.0058,0.3645,-0.3479,0.0012,0.9414,0.5614,-0.0000
118.788,0.0058,0.3609,-0.3445,0.0012,0.9321,0.5559,-0.0000
118.800,0.0057,0.3573,-0.3411,0.0012,0.9229,0.5504,-0.0000
118.812,0.0056,0.3537,-0.3377,0.0012,0.9137,0.5449,-0.0000
118.824,0.0056,0.3502,-0.3343,0.0011,0.9044,0.5394,-0.0000
118.836,0.0055,0.3466,-0.3309,0.0011,0.8952,0.5339,-0.0000
118.848,0.0055,0.3430,-0.3275,0.0011,0.8860,0.5284,-0.0000
118.860,0.0054,0.3395,-0.3240,0.0011,0.8768,0.5229,-0.0000
118.872,0.0054,0.3359,-0.3206,0.0011,0.8675,0.5174,-0.0000
118.884,0.0053,0.3323,-0.3172,0.0011,0.8583,0.5119,-0.0000
118.896,0.0052,0.3287,-0.3138,0.0011,0.8491,0.5064,-0.0000
118.908,0.0052,0.3252,-0.3104,0.0011,0.8398,0.5009,-0.0000
118.920,0.0051,0.3216,-0.3070,0.0011,0.8306,0.4954,-0.0000
118.932,0.0051,0.3180,-0.3036,0.0010,0.8214,0.4899,-0.0000
118.944,0.0050,0.3144,-0.3002,0.0010,0.8122,0.4844,-0.0000
118.956,0.0050,0.3109,-0.2968,0.0010,0.8029,0.4789,-0.0000
118.968,0.0049,0.3073,-0.2933,0.0010,0.7937,0.4733,-0.0000
118.980,0.0048,0.3037,-0.2899,0.0010,0.7845,0.4678,-0.0000
118.992,0.0048,0.3001,-0.2865,0.0010,0.7752,0.4623,-0.0000
119.004,0.0047,0.2966,-0.2831,0.0010,0.7660,0.4568,-0.0000
119.016,0.0047,0.2930,-0.2797,0.0010,0.7568,0.4513,-0.0000
119.028,0.0046,0.2894,-0.2763,0.0009,0.7475,0.4458,-0.0000
119.040,0.0046,0.2859,-0.2729,0.0009,0.7383,0.4403,-0.0000
119.052,0.0045,0.2823,-0.2695,0.0009,0.7291,0.4348,-0.0000
119.064,0.0044,0.2787,-0.2661,0.0009,0.7199,0.4293,-0.0000
119.076,0.0044,0.2751,-0.2626,0.0009,0.7106,0.4238,-0.0000
119.088,0.0043,0.2716,-0.2592,0.0009,0.7014,0.4183,-0.0000
119.100,0.0043,0.2680,-0.2558,0.0009,0.6922,0.4128,-0.0000
119.112,0.0042,0.2644,-0.2524,0.0009,0.6829,0.4073,-0.0000
119.124,0.0042,0.2608,-0.2490,0.0009,0.6737,0.4018,-0.0000
119.136,0.0041,0.2573,-0.2456,0.0008,0.6645,0.3963,-0.0000
119.148,0.0040,0.2537,-0.2422,0.0008,0.6553,0.3908,-0.0000
119.160,0.0040,0.2501,-0.2388,0.0008,0.6460,0.3853,-0.0000
119.172,0.0039,0.2466,-0.2354,0.0008,0.6368,0.3798,-0.0000
119.184,0.0039,0.2430,-0.2319,0.0008,0.6276,0.3743,-0.0000
119.196,0.0038,0.2394,-0.2285,0.0008,0.6183,0.3688,-0.0000
119.208,0.0038,0.2358,-0.2251,0.0008,0.6091,0.3633,-0.0000
119.220,0.0037,0.2323,-0.2217,0.0008,0.5999,0.3578,-0.0000
119.232,0.0036,0.2287,-0.2183,0.0007,0.5907,0.3523,-0.0000
119.244,0.0036,0.2251,-0.2149,0.0007,0.5814,0.3468,-0.0000
119.256,0.0035,0.2215,-0.2115,0.0007,0.5722,0.3413,-0.0000
119.268,0.0035,0.2180,-0.2081,0.0007,0.5630,0.3357,-0.0000
119.280,0.0034,0.2144,-0.2047,0.0007,0.5537,0.3302,-0.0000
119.292,0.0034,0.2108,-0.2013,0.0007,0.5445,0.3247,-0.0000
119.304,0.0033,0.2072,-0.1978,0.0007,0.5353,0.3192,-0.0000
119.316,0.0032,0.2037,-0.1944,0.0007,0.5261,0.3137,-0.0000
119.328,0.0032,0.2001,-0.1910,0.0007,0.5168,0.3082,-0.0000
119.340,0.0031,0.1965,-0.1876,0.0006,0.5076,0.3027,-0.0000
119.352,0.0031,0.1930,-0.1842,0.0006,0.4984,0.2972,-0.0000
119.364,0.0030,0.1894,-0.1808,0.0006,0.4891,0.2917,-0.0000
119.376,0.0030,0.1858,-0.1774,0.0006,0.4799,0.2862,-0.0000
119.388,0.0029,0.1822,-0.1740,0.0006,0.4707,0.2807,-0.0000
119.400,0.0029,0.1787,-0.1706,0.0006,0.4615,0.2752,-0.0000
119.412,0.0028,0.1751,-0.1671,0.0006,0.4522,0.2697,-0.0000
119.424,0.0027,0.1715,-0.1637,0.0006,0.4430,0.2642,-0.0000
119.436,0.0027,0.1679,-0.1603,0.0006,0.4338,0.2587,-0.0000
119.448,0.0026,0.1644,-0.1569,0.0005,0.4245,0.2532,-0.0000
119.460,0.0026,0.1608,-0.1535,0.0005,0.4153,0.2477,-0.0000
119.472,0.0025,0.1572,-0.1501,0.0005,0.4061,0.2422,-0.0000
119.484,0.0025,0.1536,-0.1467,0.0005,0.3968,0.2367,-0.0000
119.496,0.0024,0.1501,-0.1433,0.0005,0.3876,0.2312,-0.0000
119.508,0.0023,0.1465,-0.1399,0.0005,0.3784,0.2257,-0.0000
119.520,0.0023,0.1429,-0.1364,0.0005,0.3692,0.2202,-0.0000
119.532,0.0022,0.1394,-0.1330,0.0005,0.3599,0.2147,-0.0000
119.544,0.0022,0.1358,-0.1296,0.0004,0.3507,0.2092,-0.0000
119.556,0.0021,0.1322,-0.1262,0.0004,0.3415,0.2036,-0.0000
119.568,0.0021,0.1286,-0.1228,0.0004,0.3322,0.1981,-0.0000
119.580,0.0020,0.1251,-0.1194,0.0004,0.3230,0.1926,-0.0000
119.592,0.0019,0.1215,-0.1160,0.0004,0.3138,0.1871,-0.0000
119.604,0.0019,0.1179,-0.1126,0.0004,0.3046,0.1816,-0.0000
119.616,0.0018,0.1143,-0.1092,0.0004,0.2953,0.1761,-0.0000
119.628,0.0018,0.1108,-0.1057,0.0004,0.2861,0.1706,-0.0000
119.640,0.0017,0.1072,-0.1023,0.0004,0.2769,0.1651,-0.0000
119.652,0.0017,0.1036,-0.0989,0.0003,0.2676,0.1596,-0.0000
119.664,0.0016,0.1000,-0.0955,0.0003,0.2584,0.1541,-0.0000
119.676,0.0015,0.0965,-0.0921,0.0003,0.2492,0.1486,-0.0000
119.688,0.0015,0.0929,-0.0887,0.0003,0.2400,0.1431,-0.0000
119.700,0.0014,0.0893,-0.0853,0.0003,0.2307,0.1376,-0.0000
119.712,0.0014,0.0858,-0.0819,0.0003,0.2215,0.1321,-0.0000
119.724,0.0013,0.0822,-0.0785,0.0003,0.2123,0.1266,-0.0000
119.736,0.0013,0.0786,-0.0750,0.0003,0.2030,0.1211,-0.0000
119.748,0.0012,0.0750,-0.0716,0.0002,0.1938,0.1156,-0.0000
119.760,0.0011,0.0715,-0.0682,0.0002,0.1846,0.1101,-0.0000
119.772,0.0011,0.0679,-0.0648,0.0002,0.1754,0.1046,-0.0000
119.784,0.0010,0.0643,-0.0614,0.0002,0.1661,0.0991,-0.0000
119.796,0.0010,0.0607,-0.0580,0.0002,0.1569,0.0936,-0.0000
119.808,0.0009,0.0572,-0.0546,0.0002,0.1477,0.0881,-0.0000
119.820,0.0009,0.0536,-0.0512,0.0002,0.1384,0.0826,-0.0000
119.832,0.0008,0.0500,-0.0478,0.0002,0.1292,0.0771,-0.0000
119.844,0.0007,0.0465,-0.0443,0.0002,0.1200,0.0716,-0.0000
119.856,0.0007,0.0429,-0.0409,0.0001,0.1107,0.0660,-0.0000
119.868,0.0006,0.0393,-0.0375,0.0001,0.1015,0.0605,-0.0000
119.880,0.0006,0.0357,-0.0341,0.0001,0.0923,0.0550,-0.0000
119.892,0.0005,0.0322,-0.0307,0.0001,0.0831,0.0495,-0.0000
119.904,0.0005,0.0286,-0.0273,0.0001,0.0738,0.0440,-0.0000
119.916,0.0004,0.0252,-0.0240,0.0001,0.0650,0.0387,-0.0000
119.928,0.0004,0.0221,-0.0211,0.0001,0.0572,0.0341,-0.0000
119.940,0.0003,0.0195,-0.0186,0.0001,0.0503,0.0300,-0.0000
119.952,0.0003,0.0171,-0.0164,0.0001,0.0443,0.0264,-0.0000
119.964,0.0002,0.0151,-0.0144,0.0000,0.0390,0.0232,-0.0000
119.976,0.0002,0.0133,-0.0127,0.0000,0.0343,0.0204,-0.0000
119.988,0.0002,0.0117,-0.0112,0.0000,0.0302,0.0180,-0.0000
120.000,0.0002,0.0103,-0.0098,0.0000,0.0266,0.0158,-0.0000
120.012,0.0001,0.0090,-0.0086,0.0000,0.0234,0.0139,-0.0000
120.024,0.0001,0.0080,-0.0076,0.0000,0.0206,0.0123,-0.0000
120.036,0.0001,0.0070,-0.0067,0.0000,0.0181,0.0108,-0.0000
120.048,0.0001,0.0062,-0.0059,0.0000,0.0159,0.0095,-0.0000
120.060,0.0001,0.0054,-0.0052,0.0000,0.0140,0.0084,-0.0000
120.072,0.0001,0.0048,-0.0046,0.0000,0.0123,0.0074,-0.0000
120.084,0.0001,0.0042,-0.0040,0.0000,0.0109,0.0065,-0.0000
120.096,0.0001,0.0037,-0.0035,0.0000,0.0095,0.0057,-0.0000
120.108,0.0001,0.0033,-0.0031,0.0000,0.0084,0.0050,-0.0000
120.120,0.0000,0.0029,-0.0027,0.0000,0.0074,0.0044,-0.0000
120.132,0.0000,0.0025,-0.0024,0.0000,0.0065,0.0039,-0.0000
120.144,0.0000,0.0022,-0.0021,0.0000,0.0057,0.0034,-0.0000
120.156,0.0000,0.0020,-0.0019,0.0000,0.0050,0.0030,-0.0000
120.168,0.0000,0.0017,-0.0016,0.0000,0.0044,0.0026,-0.0000
120.180,0.0000,0.0015,-0.0014,0.0000,0.0039,0.0023,-0.0000
120.192,0.0000,0.0013,-0.0013,0.0000,0.0034,0.0020,-0.0000
120.204,0.0000,0.0012,-0.0011,0.0000,0.0030,0.0018,-0.0000
120.216,0.0000,0.0010,-0.0010,0.0000,0.0027,0.0016,-0.0000
120.228,0.0000,0.0009,-0.0009,0.0000,0.0023,0.0014,-0.0000
120.240,0.0000,0.0008,-0.0008,0.0000,0.0021,0.0012,-0.0000
120.252,0.0000,0.0007,-0.0007,0.0000,0.0018,0.0011,-0.0000
120.264,0.0000,0.0006,-0.0006,0.0000,0.0016,0.0010,-0.0000
120.276,0.0000,0.0005,-0.0005,0.0000,0.0014,0.0008,-0.0000
120.288,0.0000,0.0005,-0.0005,0.0000,0.0012,0.0007,-0.0000
120.300,0.0000,0.0004,-0.0004,0.0000,0.0011,0.0006,0.0000
120.312,0.0000,0.0004,-0.0004,0.0000,0.0010,0.0006,0.0000
120.324,0.0000,0.0003,-0.0003,0.0000,0.0008,0.0005,0.0000
120.336,0.0000,0.0003,-0.0003,0.0000,0.0007,0.0004,0.0000
120.348,0.0000,0.0003,-0.0002,0.0000,0.0007,0.0004,0.0000
120.360,0.0000,0.0002,-0.0002,0.0000,0.0006,0.0003,0.0000
120.372,0.0000,0.0002,-0.0002,0.0000,0.0005,0.0003,0.0000
120.384,0.0000,0.0002,-0.0002,0.0000,0.0004,0.0003,0.0000
120.396,0.0000,0.0002,-0.0001,0.0000,0.0004,0.0002,0.0000
120.408,0.0000,0.0001,-0.0001,0.0000,0.0003,0.0002,0.0000
120.420,0.0000,0.0001,-0.0001,0.0000,0.0003,0.0002,0.0000
120.432,0.0000,0.0001,-0.0001,0.0000,0.0003,0.0002,0.0000
120.444,0.0000,0.0001,-0.0001,0.0000,0.0002,0.0001,0.0000
120.456,0.0000,0.0001,-0.0001,0.0000,0.0002,0.0001,0.0000
120.468,0.0000,0.0001,-0.0001,0.0000,0.0002,0.0001,0.0000
120.480,0.0000,0.0001,-0.0001,0.0000,0.0002,0.0001,0.0000
120.492,0.0000,0.0001,-0.0001,0.0000,0.0001,0.0001,0.0000
120.504,0.0000,0.0000,-0.0000,0.0000,0.0001,0.0001,0.0000
120.516,0.0000,0.0000,-0.0000,0.0000,0.0001,0.0001,0.0000
120.528,0.0000,0.0000,-0.0000,0.0000,0.0001,0.0001,0.0000
120.540,0.0000,0.0000,-0.0000,0.0000,0.0001,0.0001,0.0000
120.552,0.0000,0.0000,-0.0000,0.0000,0.0001,0.0000,0.0000
120.564,0.0000,0.0000,-0.0000,0.0000,0.0001,0.0000,0.0000
120.576,0.0000,0.0000,-0.0000,0.0000,0.0001,0.0000,0.0000
120.588,0.0000,0.0000,-0.0000,0.0000,0.0001,0.0000,0.0000
120.600,0.0000,0.0000,-0.0000,0.0000,0.0000,0.0000,0.0000
120.612,0.0000,0.0000,-0.0000,0.0000,0.0000,0.0000,0.0000
120.624,0.0000,0.0000,-0.0000,0.0000,0.0000,0.0000,0.0000
120.636,0.0000,0.0000,-0.0000,0.0000,0.0000,0.0000,0.0000
120.648,0.0000,0.0000,-0.0000,0.0000,0.0000,0.0000,0.0000
120.660,0.0000,0.0000,-0.0000,0.0000,0.0000,0.0000,0.0000
120.672,0.0000,0.0000,-0.0000,0.0000,0.0000,0.0000,0.0000
120.684,0.0000,0.0000,-0.0000,0.0000,0.0000,0.0000,0.0000
120.696,0.0000,0.0000,-0.0000,0.0000,0.0000,0.0000,0.0000
120.708,0.0000,0.0000,-0.0000,0.0000,0.0000,0.0000,0.0000
120.720,0.0000,0.0000,-0.0000,0.0000,0.0000,0.0000,0.0000
120.732,0.0000,0.0000,-0.0000,0.0000,0.0000,0.0000,0.0000
120.744,0.0000,0.0000,-0.0000,0.0000,0.0000,0.0000,0.0000
120.756,0.0000,0.0000,-0.0000,0.0000,0.0000,0.0000,0.0000
120.768,0.0000,0.0000,-0.0000,0.0000,0.0000,0.0000,0.0000
120.780,0.0000,0.0000,-0.0000,0.0000,0.0000,0.0000,0.0000
120.792,0.0000,0.0000,-0.0000,0.0000,0.0000,0.0000,0.0000
120.804,0.0000,0.0000,-0.0000,0.0000,0.0000,0.0000,0.0000
120.816,0.0000,0.0000,-0.0000,0.0000,0.0000,0.0000,0.0000
120.828,0.0000,0.0000,-0.0000,0.0000,0.0000,0.0000,0.0000
120.840,0.0000,0.0000,-0.0000,0.0000,0.0000,0.0000,0.0000
120.852,0.0000,0.0000,-0.0000,0.0000,0.0000,0.0000,0.0000
120.864,0.0000,0.0000,-0.0000,0.0000,0.0000,0.0000,0.0000
120.876,0.0000,0.0000,-0.0000,0.0000,0.0000,0.0000,0.0000
120.888,0.0000,0.0000,-0.0000,0.0000,0.0000,0.0000,0.0000
120.900,0.0000,0.0000,-0.0000,0.0000,0.0000,0.0000,0.0000
120.912,0.0000,0.0000,-0.0000,0.0000,0.0000,0.0000,0.0000
120.924,0.0000,0.0000,-0.0000,0.0000,0.0000,0.0000,0.0000
120.936,0.0000,0.0000,-0.0000,0.0000,0.0000,0.0000,0.0000
120.948,0.0000,0.0000,-0.0000,0.0000,0.0000,0.0000,0.0000
120.960,0.0000,0.0000,-0.0000,0.0000,0.0000,0.0000,0.0000
120.972,0.0000,0.0000,-0.0000,0.0000,0.0000,0.0000,0.0000
120.984,0.0000,0.0000,-0.0000,0.0000,0.0000,0.0000,0.0000
120.996,0.0000,0.0000,-0.0000,0.0000,0.0000,0.0000,0.0000
121.008,0.0000,0.0000,-0.0000,0.0000,0.0000,0.0000,0.0000
121.020,0.0000,0.0000,-0.0000,0.0000,0.0000,0.0000,0.0000
121.032,0.0000,0.0000,-0.0000,0.0000,0.0000,0.0000,0.0000
121.044,0.0000,0.0000,-0.0000,0.0000,0.0000,0.0000,0.0000
121.056,0.0000,0.0000,-0.0000,0.0000,0.0000,0.0000,0.0000
121.068,0.0000,0.0000,-0.0000,0.0000,0.0000,0.0000,0.0000
121.080,0.0000,0.0000,-0.0000,0.0000,0.0000,0.0000,0.0000
121.092,0.0000,0.0000,-0.0000,0.0000,0.0000,0.0000,0.0000
121.104,0.0000,0.0000,-0.0000,0.0000,0.0000,0.0000,0.0000
121.116,0.0000,0.0000,-0.0000,0.0000,0.0000,0.0000,0.0000
121.128,0.0000,0.0000,-0.0000,0.0000,0.0000,0.0000,0.0000
121.140,0.0000,0.0000,-0.0000,0.0000,0.0000,0.0000,0.0000
121.152,0.0000,0.0000,-0.0000,0.0000,0.0000,0.0000,0.0000
121.164,0.0000,0.0000,-0.0000,0.0000,0.0000,0.0000,0.0000
121.176,0.0000,0.0000,-0.0000,0.0000,0.0000,0.0000,0.0000
121.188,0.0000,0.0000,-0.0000,0.0000,0.0000,0.0000,0.0000
121.200,0.0000,0.0000,-0.0000,0.0000,0.0000,0.0000,0.0000
121.212,0.0000,0.0000,-0.0000,0.0000,0.0000,0.0000,0.0000
121.224,0.0000,0.0000,-0.0000,0.0000,0.0000,0.0000,0.0000
121.236,0.0000,0.0000,-0.0000,0.0000,0.0000,0.0000,0.0000
121.248,0.0000,0.0000,-0.0000,0.0000,0.0000,0.0000,0.0000
121.260,0.0000,0.0000,-0.0000,0.0000,0.0000,0.0000,0.0000
121.272,0.0000,0.0000,-0.0000,0.0000,0.0000,0.0000,0.0000
121.284,0.0000,0.0000,-0.0000,0.0000,0.0000,0.0000,0.0000
121.296,0.0000,0.0000,-0.0000,0.0000,0.0000,0.0000,0.0000
121.308,0.0000,0.0000,-0.0000,0.0000,0.0000,0.0000,0.0000
121.320,0.0000,0.0000,-0.0000,0.0000,0.0000,0.0000,0.0000
121.332,0.0000,0.0000,-0.0000,0.0000,0.0000,0.0000,0.0000
121.344,0.0000,0.0000,-0.0000,0.0000,0.0000,0.0000,0.0000
121.356,0.0000,0.0000,-0.0000,0.0000,0.0000,0.0000,0.0000
121.368,0.0000,0.0000,-0.0000,0.0000,0.0000,0.0000,0.0000
121.380,0.0000,0.0000,-0.0000,0.0000,0.0000,0.0000,0.0000
121.392,0.0000,0.0000,-0.0000,0.0000,0.0000,0.0000,0.0000
121.404,0.0000,0.0000,-0.0000,0.0000,0.0000,0.0000,0.0000
121.416,0.0000,0.0000,-0.0000,0.0000,0.0000,0.0000,0.0000
121.428,0.0000,0.0000,-0.0000,0.0000,0.0000,0.0000,0.0000
121.440,0.0000,0.0000,-0.0000,0.0000,0.0000,0.0000,0.0000
121.452,0.0000,0.0000,-0.0000,0.0000,0.0000,0.0000,0.0000
121.464,0.0000,0.0000,-0.0000,0.0000,0.0000,0.0000,0.0000
121.476,0.0000,0.0000,-0.0000,0.0000,0.0000,0.0000,0.0000
121.488,0.0000,0.0000,-0.0000,-0.0000,0.0000,0.0000,0.0000
121.500,0.0000,0.0000,-0.0000,-0.0000,0.0000,0.0000,0.0000
121.512,0.0000,0.0000,-0.0000,-0.0000,0.0000,0.0000,0.0000
121.524,0.0000,0.0000,-0.0000,-0.0000,0.0000,0.0000,0.0000
121.536,0.0000,0.0000,-0.0000,-0.0000,0.0000,0.0000,0.0000
121.548,0.0000,0.0000,-0.0000,-0.0000,0.0000,0.0000,0.0000
121.560,0.0000,0.0000,-0.0000,-0.0000,0.0000,0.0000,0.0000
121.572,0.0000,0.0000,-0.0000,-0.0000,0.0000,0.0000,0.0000
121.584,0.0000,0.0000,-0.0000,-0.0000,0.0000,0.0000,0.0000
121.596,0.0000,0.0000,-0.0000,-0.0000,0.0000,0.0000,0.0000
121.608,0.0000,0.0000,-0.0000,-0.0000,0.0000,0.0000,0.0000
121.620,0.0000,0.0000,-0.0000,-0.0000,0.0000,0.0000,0.0000
121.632,0.0000,0.0000,-0.0000,-0.0000,0.0000,0.0000,0.0000
121.644,0.0000,0.0000,-0.0000,-0.0000,0.0000,0.0000,0.0000
121.656,0.0000,0.0000,-0.0000,-0.0000,0.0000,0.0000,0.0000
121.668,0.0000,0.0000,-0.0000,-0.0000,0.0000,0.0000,0.0000
121.680,0.0000,0.0000,-0.0000,-0.0000,0.0000,0.0000,0.0000
121.692,0.0000,0.0000,-0.0000,-0.0000,0.0000,0.0000,0.0000
121.704,0.0000,0.0000,0.0000,-0.0000,0.0000,0.0000,0.0000
121.716,0.0000,0.0000,0.0000,-0.0000,0.0000,0.0000,0.0000
121.728,0.0000,0.0000,0.0000,-0.0000,0.0000,0.0000,0.0000
121.740,0.0000,0.0000,0.0000,-0.0000,0.0000,0.0000,0.0000
121.752,0.0000,0.0000,0.0000,-0.0000,0.0000,0.0000,0.0000
121.764,0.0000,0.0000,0.0000,-0.0000,0.0000,0.0000,0.0000
121.776,0.0000,0.0000,0.0000,-0.0000,0.0000,0.0000,0.0000
121.788,0.0000,0.0000,0.0000,-0.0000,0.0000,0.0000,0.0000
121.800,0.0000,0.0000,0.0000,-0.0000,0.0000,0.0000,0.0000
121.812,0.0000,0.0000,0.0000,-0.0000,0.0000,0.0000,0.0000
121.824,0.0000,0.0000,0.0000,-0.0000,0.0000,0.0000,0.0000
121.836,0.0000,0.0000,0.0000,-0.0000,0.0000,0.0000,0.0000
121.848,0.0000,0.0000,0.0000,-0.0000,0.0000,0.0000,0.0000
121.860,0.0000,0.0000,0.0000,-0.0000,0.0000,0.0000,0.0000
121.872,0.0000,0.0000,0.0000,-0.0000,0.0000,0.0000,0.0000
121.884,0.0000,0.0000,0.0000,-0.0000,0.0000,0.0000,0.0000
121.896,0.0000,0.0000,0.0000,-0.0000,0.0000,0.0000,0.0000
121.908,0.0000,0.0000,0.0000,-0.0000,0.0000,0.0000,0.0000
121.920,0.0000,0.0000,0.0000,-0.0000,0.0000,0.0000,0.0000
121.932,0.0000,0.0000,0.0000,-0.0000,0.0000,0.0000,0.0000
121.944,0.0000,0.0000,0.0000,-0.0000,0.0000,0.0000,0.0000
121.956,0.0000,0.0000,0.0000,-0.0000,0.0000,0.0000,0.0000
121.968,0.0000,0.0000,0.0000,-0.0000,0.0000,0.0000,0.0000
121.980,0.0000,0.0000,0.0000,-0.0000,0.0000,0.0000,0.0000
121.992,0.0000,0.0000,0.0000,-0.0000,0.0000,0.0000,0.0000
122.004,0.0000,0.0000,0.0000,-0.0000,0.0000,0.0000,0.0000
122.016,0.0000,0.0000,0.0000,-0.0000,0.0000,0.0000,0.0000
122.028,0.0000,0.0000,0.0000,-0.0000,0.0000,0.0000,0.0000
122.040,0.0000,0.0000,0.0000,-0.0000,0.0000,0.0000,0.0000
122.052,0.0000,0.0000,0.0000,-0.0000,0.0000,0.0000,0.0000
122.064,0.0000,0.0000,0.0000,-0.0000,0.0000,0.0000,0.0000
122.076,0.0000,0.0000,0.0000,-0.0000,0.0000,0.0000,0.0000
122.088,0.0000,0.0000,0.0000,-0.0000,0.0000,0.0000,0.0000
122.100,0.0000,0.0000,0.0000,-0.0000,0.0000,0.0000,0.0000
122.112,0.0000,0.0000,0.0000,-0.0000,0.0000,0.0000,0.0000
122.124,0.0000,0.0000,0.0000,-0.0000,0.0000,0.0000,0.0000
122.136,0.0000,0.0000,0.0000,-0.0000,0.0000,0.0000,0.0000
122.148,0.0000,0.0000,0.0000,-0.0000,0.0000,0.0000,0.0000
122.160,0.0000,0.0000,0.0000,-0.0000,0.0000,0.0000,0.0000
122.172,0.0000,0.0000,0.0000,-0.0000,0.0000,0.0000,0.0000
122.184,0.0000,0.0000,0.0000,-0.0000,0.0000,0.0000,0.0000
122.196,0.0000,0.0000,0.0000,-0.0000,0.0000,0.0000,0.0000
122.208,0.0000,0.0000,0.0000,-0.0000,0.0000,0.0000,0.0000
122.220,0.0000,0.0000,0.0000,-0.0000,0.0000,0.0000,0.0000
122.232,0.0000,0.0000,0.0000,-0.0000,0.0000,0.0000,0.0000
122.244,0.0000,0.0000,0.0000,-0.0000,0.0000,0.0000,0.0000
122.256,0.0000,0.0000,0.0000,-0.0000,0.0000,0.0000,0.0000
122.268,0.0000,0.0000,0.0000,-0.0000,0.0000,0.0000,0.0000
122.280,0.0000,0.0000,0.0000,-0.0000,0.0000,0.0000,0.0000
122.292,0.0000,0.0000,0.0000,-0.0000,0.0000,0.0000,0.0000
122.304,0.0000,0.0000,0.0000,-0.0000,0.0000,0.0000,0.0000
122.316,0.0000,0.0000,0.0000,-0.0000,0.0000,0.0000,0.0000
122.328,0.0000,0.0000,0.0000,-0.0000,0.0000,0.0000,0.0000
122.340,0.0000,0.0000,0.0000,-0.0000,0.0000,0.0000,0.0000
122.352,0.0000,0.0000,0.0000,-0.0000,0.0000,0.0000,0.0000
122.364,0.0000,0.0000,0.0000,-0.0000,0.0000,0.0000,0.0000
122.376,0.0000,0.0000,0.0000,-0.0000,0.0000,0.0000,0.0000
122.388,0.0000,0.0000,0.0000,-0.0000,0.0000,0.0000,0.0000
122.400,0.0000,0.0000,0.0000,-0.0000,0.0000,0.0000,0.0000
122.412,0.0000,0.0000,0.0000,-0.0000,0.0000,0.0000,0.0000
122.424,0.0000,0.0000,0.0000,-0.0000,0.0000,0.0000,0.0000
122.436,0.0000,0.0000,0.0000,-0.0000,0.0000,0.0000,0.0000
122.448,0.0000,0.0000,0.0000,-0.0000,0.0000,0.0000,0.0000
122.460,0.0000,0.0000,0.0000,-0.0000,0.0000,0.0000,0.0000
122.472,0.0000,0.0000,0.0000,-0.0000,0.0000,0.0000,0.0000
122.484,0.0000,0.0000,0.0000,-0.0000,0.0000,0.0000,0.0000
122.496,0.0000,0.0000,0.0000,-0.0000,0.0000,0.0000,0.0000
122.508,0.0000,0.0000,0.0000,-0.0000,0.0000,0.0000,0.0000
122.520,0.0000,0.0000,0.0000,-0.0000,0.0000,0.0000,0.0000
122.532,0.0000,0.0000,0.0000,-0.0000,0.0000,0.0000,0.0000
122.544,0.0000,0.0000,0.0000,-0.0000,0.0000,0.0000,0.0000
122.556,0.0000,0.0000,0.0000,-0.0000,0.0000,0.0000,0.0000
122.568,0.0000,0.0000,0.0000,-0.0000,0.0000,0.0000,0.0000
122.580,0.0000,0.0000,0.0000,-0.0000,0.0000,0.0000,0.0000
122.592,0.0000,0.0000,0.0000,-0.0000,0.0000,0.0000,0.0000
122.604,0.0000,0.0000,0.0000,-0.0000,0.0000,0.0000,0.0000
122.616,0.0000,0.0000,0.0000,-0.0000,0.0000,0.0000,0.0000
122.628,0.0000,0.0000,0.0000,-0.0000,0.0000,0.0000,0.0000
122.640,0.0000,0.0000,0.0000,-0.0000,0.0000,0.0000,0.0000
122.652,0.0000,0.0000,0.0000,-0.0000,0.0000,0.0000,0.0000
122.664,0.0000,0.0000,0.0000,-0.0000,0.0000,0.0000,0.0000
122.676,0.0000,0.0000,0.0000,-0.0000,0.0000,0.0000,0.0000
122.688,0.0000,0.0000,0.0000,-0.0000,0.0000,0.0000,0.0000
122.700,0.0000,0.0000,0.0000,-0.0000,0.0000,0.0000,0.0000
122.712,0.0000,0.0000,0.0000,-0.0000,0.0000,0.0000,0.0000
122.724,0.0000,0.0000,0.0000,-0.0000,0.0000,0.0000,0.0000
122.736,0.0000,0.0000,0.0000,-0.0000,0.0000,0.0000,0.0000
122.748,0.0000,0.0000,0.0000,-0.0000,0.0000,0.0000,0.0000
122.760,0.0000,0.0000,0.0000,-0.0000,0.0000,0.0000,0.0000
122.772,0.0000,0.0000,0.0000,-0.0000,0.0000,0.0000,0.0000
122.784,0.0000,0.0000,0.0000,-0.0000,0.0000,0.0000,0.0000
122.796,0.0000,0.0000,0.0000,-0.0000,0.0000,0.0000,0.0000
122.808,0.0000,0.0000,0.0000,-0.0000,0.0000,0.0000,0.0000
122.820,0.0000,0.0000,0.0000,-0.0000,0.0000,0.0000,0.0000
122.832,0.0000,0.0000,0.0000,-0.0000,0.0000,0.0000,0.0000
122.844,0.0000,0.0000,0.0000,-0.0000,0.0000,0.0000,0.0000
122.856,0.0000,0.0000,0.0000,-0.0000,0.0000,0.0000,0.0000
122.868,0.0000,0.0000,0.0000,-0.0000,0.0000,0.0000,0.0000
122.880,0.0000,0.0000,0.0000,-0.0000,0.0000,0.0000,0.0000
122.892,0.0000,0.0000,0.0000,-0.0000,0.0000,0.0000,0.0000
122.904,0.0000,0.0000,0.0000,-0.0000,0.0000,0.0000,0.0000
122.916,0.0000,0.0000,0.0000,-0.0000,0.0000,0.0000,0.0000
122.928,0.0000,0.0000,0.0000,-0.0000,0.0000,0.0000,0.0000
122.940,0.0000,0.0000,0.0000,-0.0000,0.0000,0.0000,0.0000
122.952,0.0000,0.0000,0.0000,-0.0000,0.0000,0.0000,0.0000
122.964,0.0000,0.0000,0.0000,-0.0000,0.0000,0.0000,0.0000
122.976,0.0000,0.0000,0.0000,-0.0000,0.0000,0.0000,0.0000
122.988,0.0000,0.0000,0.0000,-0.0000,0.0000,0.0000,0.0000
123.000,0.0000,0.0000,0.0000,-0.0000,0.0000,0.0000,0.0000
123.012,0.0000,0.0000,0.0000,-0.0000,0.0000,0.0000,0.0000
123.024,0.0000,0.0000,0.0000,-0.0000,0.0000,0.0000,0.0000
123.036,0.0000,0.0000,0.0000,-0.0000,0.0000,0.0000,0.0000
123.048,0.0000,0.0000,0.0000,-0.0000,0.0000,0.0000,0.0000
123.060,0.0000,0.0000,0.0000,-0.0000,0.0000,0.0000,0.0000
123.072,0.0000,0.0000,0.0000,-0.0000,0.0000,0.0000,0.0000
123.084,0.0000,0.0000,0.0000,-0.0000,0.0000,0.0000,0.0000
123.096,0.0000,0.0000,0.0000,-0.0000,0.0000,0.0000,0.0000
123.108,0.0000,0.0000,0.0000,-0.0000,0.0000,0.0000,0.0000
123.120,0.0000,0.0000,0.0000,-0.0000,0.0000,0.0000,0.0000
123.132,-0.0002,0.0005,-0.0006,-0.0000,0.0012,-0.0002,0.0000
123.144,-0.0007,0.0015,-0.0016,-0.0000,0.0034,-0.0007,0.0000
123.156,-0.0014,0.0029,-0.0032,-0.0000,0.0065,-0.0014,0.0000
123.168,-0.0022,0.0047,-0.0051,-0.0000,0.0104,-0.0022,0.0000
123.180,-0.0032,0.0068,-0.0073,-0.0000,0.0151,-0.0032,0.0000
123.192,-0.0043,0.0091,-0.0098,-0.0000,0.0203,-0.0043,0.0000
123.204,-0.0055,0.0117,-0.0126,-0.0001,0.0261,-0.0055,0.0000
123.216,-0.0068,0.0145,-0.0157,-0.0001,0.0324,-0.0068,0.0000
123.228,-0.0082,0.0175,-0.0189,-0.0001,0.0391,-0.0082,0.0000
123.240,-0.0097,0.0207,-0.0223,-0.0001,0.0462,-0.0097,0.0000
123.252,-0.0112,0.0240,-0.0259,-0.0001,0.0536,-0.0112,0.0000
123.264,-0.0128,0.0275,-0.0296,-0.0001,0.0613,-0.0128,0.0000
123.276,-0.0145,0.0311,-0.0335,-0.0001,0.0692,-0.0145,0.0000
123.288,-0.0162,0.0347,-0.0374,-0.0002,0.0774,-0.0162,-0.0000
123.300,-0.0179,0.0385,-0.0415,-0.0002,0.0858,-0.0180,-0.0000
123.312,-0.0197,0.0423,-0.0456,-0.0002,0.0943,-0.0197,-0.0000
123.324,-0.0216,0.0462,-0.0498,-0.0002,0.1030,-0.0216,-0.0000
123.336,-0.0234,0.0502,-0.0541,-0.0002,0.1118,-0.0234,-0.0000
123.348,-0.0253,0.0542,-0.0584,-0.0002,0.1208,-0.0253,-0.0000
123.360,-0.0272,0.0582,-0.0628,-0.0003,0.1298,-0.0272,-0.0000
123.372,-0.0291,0.0623,-0.0672,-0.0003,0.1390,-0.0291,-0.0000
123.384,-0.0310,0.0665,-0.0717,-0.0003,0.1482,-0.0310,-0.0000
123.396,-0.0330,0.0706,-0.0762,-0.0003,0.1575,-0.0330,-0.0000
123.408,-0.0349,0.0748,-0.0807,-0.0003,0.1668,-0.0349,-0.0000
123.420,-0.0369,0.0790,-0.0852,-0.0004,0.1762,-0.0369,-0.0000
123.432,-0.0389,0.0833,-0.0898,-0.0004,0.1857,-0.0389,-0.0000
123.444,-0.0408,0.0875,-0.0944,-0.0004,0.1952,-0.0409,-0.0000
123.456,-0.0428,0.0918,-0.0990,-0.0004,0.2047,-0.0429,-0.0000
123.468,-0.0448,0.0961,-0.1037,-0.0004,0.2143,-0.0449,-0.0000
123.480,-0.0468,0.1004,-0.1083,-0.0005,0.2239,-0.0469,-0.0000
123.492,-0.0489,0.1047,-0.1129,-0.0005,0.2335,-0.0489,-0.0000
123.504,-0.0509,0.1090,-0.1176,-0.0005,0.2432,-0.0509,-0.0000
123.516,-0.0529,0.1134,-0.1223,-0.0005,0.2528,-0.0529,-0.0000
123.528,-0.0549,0.1177,-0.1270,-0.0005,0.2625,-0.0550,-0.0000
123.540,-0.0570,0.1221,-0.1317,-0.0006,0.2722,-0.0570,-0.0000
123.552,-0.0590,0.1264,-0.1364,-0.0006,0.2819,-0.0590,-0.0000
123.564,-0.0610,0.1308,-0.1411,-0.0006,0.2916,-0.0611,-0.0000
123.576,-0.0631,0.1352,-0.1458,-0.0006,0.3014,-0.0631,-0.0000
123.588,-0.0651,0.1395,-0.1505,-0.0006,0.3111,-0.0651,-0.0000
123.600,-0.0671,0.1439,-0.1552,-0.0007,0.3209,-0.0672,-0.0000
123.612,-0.0692,0.1483,-0.1599,-0.0007,0.3306,-0.0692,-0.0000
123.624,-0.0712,0.1526,-0.1646,-0.0007,0.3404,-0.0713,-0.0000
123.636,-0.0733,0.1570,-0.1694,-0.0007,0.3502,-0.0733,-0.0000
123.648,-0.0753,0.1614,-0.1741,-0.0007,0.3599,-0.0754,-0.0000
123.660,-0.0774,0.1658,-0.1788,-0.0008,0.3697,-0.0774,-0.0000
123.672,-0.0794,0.1702,-0.1836,-0.0008,0.3795,-0.0795,-0.0000
123.684,-0.0815,0.1746,-0.1883,-0.0008,0.3893,-0.0815,-0.0000
123.696,-0.0835,0.1790,-0.1930,-0.0008,0.3991,-0.0836,-0.0000
123.708,-0.0856,0.1834,-0.1978,-0.0008,0.4089,-0.0856,-0.0000
123.720,-0.0876,0.1877,-0.2025,-0.0009,0.4186,-0.0877,-0.0000
123.732,-0.0896,0.1921,-0.2072,-0.0009,0.4284,-0.0897,-0.0000
123.744,-0.0917,0.1965,-0.2120,-0.0009,0.4382,-0.0918,-0.0000
123.756,-0.0938,0.2009,-0.2167,-0.0009,0.4480,-0.0938,-0.0000
123.768,-0.0958,0.2053,-0.2214,-0.0009,0.4578,-0.0959,-0.0000
123.780,-0.0979,0.2097,-0.2262,-0.0010,0.4676,-0.0979,-0.0000
123.792,-0.0999,0.2141,-0.2309,-0.0010,0.4774,-0.1000,-0.0000
123.804,-0.1020,0.2185,-0.2357,-0.0010,0.4872,-0.1020,-0.0000
123.816,-0.1040,0.2229,-0.2404,-0.0010,0.4970,-0.1041,-0.0000
123.828,-0.1061,0.2273,-0.2452,-0.0010,0.5069,-0.1061,-0.0000
123.840,-0.1081,0.2317,-0.2499,-0.0011,0.5167,-0.1082,-0.0000
123.852,-0.1102,0.2361,-0.2546,-0.0011,0.5265,-0.1102,-0.0000
123.864,-0.1122,0.2405,-0.2594,-0.0011,0.5363,-0.1123,-0.0000
123.876,-0.1143,0.2449,-0.2641,-0.0011,0.5461,-0.1143,-0.0000
123.888,-0.1163,0.2493,-0.2689,-0.0012,0.5559,-0.1164,-0.0000
123.900,-0.1184,0.2537,-0.2736,-0.0012,0.5657,-0.1184,-0.0000
123.912,-0.1204,0.2581,-0.2784,-0.0012,0.5755,-0.1205,-0.0000
123.924,-0.1225,0.2625,-0.2831,-0.0012,0.5853,-0.1225,-0.0000
123.936,-0.1245,0.2669,-0.2878,-0.0012,0.5951,-0.1246,-0.0000
123.948,-0.1266,0.2713,-0.2926,-0.0013,0.6049,-0.1267,-0.0000
123.960,-0.1286,0.2757,-0.2973,-0.0013,0.6147,-0.1287,-0.0000
123.972,-0.1307,0.2801,-0.3021,-0.0013,0.6245,-0.1308,-0.0000
123.984,-0.1327,0.2845,-0.3068,-0.0013,0.6343,-0.1328,-0.0000
123.996,-0.1348,0.2889,-0.3116,-0.0013,0.6441,-0.1349,-0.0000
124.008,-0.1368,0.2933,-0.3163,-0.0014,0.6540,-0.1369,-0.0000
124.020,-0.1389,0.2977,-0.3210,-0.0014,0.6638,-0.1390,-0.0000
124.032,-0.1409,0.3021,-0.3258,-0.0014,0.6736,-0.1410,-0.0000
124.044,-0.1430,0.3065,-0.3305,-0.0014,0.6834,-0.1431,-0.0000
124.056,-0.1450,0.3109,-0.3353,-0.0014,0.6932,-0.1451,-0.0000
124.068,-0.1471,0.3153,-0.3400,-0.0015,0.7030,-0.1472,-0.0000
124.080,-0.1492,0.3197,-0.3448,-0.0015,0.7128,-0.1492,-0.0000
124.092,-0.1512,0.3241,-0.3495,-0.0015,0.7226,-0.1513,-0.0000
124.104,-0.1533,0.3285,-0.3543,-0.0015,0.7324,-0.1533,-0.0000
124.116,-0.1553,0.3329,-0.3590,-0.0015,0.7422,-0.1554,-0.0000
124.128,-0.1574,0.3373,-0.3637,-0.0016,0.7520,-0.1575,-0.0000
124.140,-0.1594,0.3417,-0.3685,-0.0016,0.7619,-0.1595,-0.0000
124.152,-0.1615,0.3461,-0.3732,-0.0016,0.7717,-0.1616,-0.0000
124.164,-0.1635,0.3505,-0.3780,-0.0016,0.7815,-0.1636,-0.0000
124.176,-0.1656,0.3549,-0.3827,-0.0016,0.7913,-0.1657,-0.0000
124.188,-0.1676,0.3593,-0.3875,-0.0017,0.8011,-0.1677,-0.0000
124.200,-0.1697,0.3637,-0.3922,-0.0017,0.8109,-0.1698,-0.0000
124.212,-0.1717,0.3681,-0.3970,-0.0017,0.8207,-0.1718,-0.0000
124.224,-0.1738,0.3724,-0.4017,-0.0017,0.8305,-0.1739,-0.0000
124.236,-0.1758,0.3768,-0.4064,-0.0017,0.8403,-0.1759,-0.0000
124.248,-0.1779,0.3812,-0.4112,-0.0018,0.8501,-0.1780,-0.0000
124.260,-0.1799,0.3856,-0.4159,-0.0018,0.8599,-0.1800,-0.0000
124.272,-0.1820,0.3900,-0.4207,-0.0018,0.8698,-0.1821,-0.0000
124.284,-0.1840,0.3944,-0.4254,-0.0018,0.8796,-0.1842,-0.0000
124.296,-0.1861,0.3988,-0.4302,-0.0018,0.8894,-0.1862,-0.0000
124.308,-0.1881,0.4032,-0.4349,-0.0019,0.8992,-0.1883,-0.0000
124.320,-0.1902,0.4076,-0.4397,-0.0019,0.9090,-0.1903,-0.0000
124.332,-0.1923,0.4120,-0.4444,-0.0019,0.9188,-0.1924,-0.0000
124.344,-0.1943,0.4164,-0.4491,-0.0019,0.9286,-0.1944,-0.0000
124.356,-0.1964,0.4208,-0.4539,-0.0019,0.9384,-0.1965,-0.0000
124.368,-0.1984,0.4252,-0.4586,-0.0020,0.9482,-0.1985,-0.0000
124.380,-0.2005,0.4296,-0.4634,-0.0020,0.9580,-0.2006,-0.0000
124.392,-0.2025,0.4340,-0.4681,-0.0020,0.9678,-0.2026,-0.0000
124.404,-0.2046,0.4384,-0.4729,-0.0020,0.9777,-0.2047,-0.0000
124.416,-0.2066,0.4428,-0.4776,-0.0020,0.9875,-0.2067,-0.0000
124.428,-0.2087,0.4472,-0.4824,-0.0021,0.9973,-0.2088,-0.0000
124.440,-0.2107,0.4516,-0.4871,-0.0021,1.0071,-0.2109,-0.0000
124.452,-0.2128,0.4560,-0.4918,-0.0021,1.0169,-0.2129,-0.0000
124.464,-0.2148,0.4604,-0.4966,-0.0021,1.0267,-0.2150,-0.0000
124.476,-0.2169,0.4648,-0.5013,-0.0021,1.0365,-0.2170,-0.0000
124.488,-0.2189,0.4692,-0.5061,-0.0022,1.0463,-0.2191,-0.0000
124.500,-0.2210,0.4736,-0.5108,-0.0022,1.0561,-0.2211,-0.0000
124.512,-0.2230,0.4780,-0.5156,-0.0022,1.0659,-0.2232,-0.0000
124.524,-0.2251,0.4824,-0.5203,-0.0022,1.0758,-0.2252,-0.0000
124.536,-0.2271,0.4868,-0.5251,-0.0022,1.0856,-0.2273,-0.0000
124.548,-0.2292,0.4912,-0.5298,-0.0023,1.0954,-0.2293,-0.0000
124.560,-0.2313,0.4956,-0.5345,-0.0023,1.1052,-0.2314,-0.0000
124.572,-0.2333,0.5000,-0.5393,-0.0023,1.1150,-0.2334,-0.0000
124.584,-0.2354,0.5044,-0.5440,-0.0023,1.1248,-0.2355,-0.0000
124.596,-0.2374,0.5088,-0.5488,-0.0023,1.1346,-0.2376,-0.0000
124.608,-0.2395,0.5132,-0.5535,-0.0024,1.1444,-0.2396,-0.0000
124.620,-0.2415,0.5176,-0.5583,-0.0024,1.1542,-0.2417,-0.0000
124.632,-0.2436,0.5220,-0.5630,-0.0024,1.1640,-0.2437,-0.0000
124.644,-0.2456,0.5264,-0.5678,-0.0024,1.1738,-0.2458,-0.0000
124.656,-0.2477,0.5308,-0.5725,-0.0024,1.1837,-0.2478,-0.0000
124.668,-0.2497,0.5352,-0.5772,-0.0025,1.1935,-0.2499,-0.0000
124.680,-0.2518,0.5396,-0.5820,-0.0025,1.2033,-0.2519,-0.0000
124.692,-0.2538,0.5440,-0.5867,-0.0025,1.2131,-0.2540,-0.0000
124.704,-0.2559,0.5484,-0.5915,-0.0025,1.2229,-0.2560,-0.0000
124.716,-0.2579,0.5528,-0.5962,-0.0026,1.2327,-0.2581,-0.0000
124.728,-0.2600,0.5572,-0.6010,-0.0026,1.2425,-0.2601,-0.0000
124.740,-0.2620,0.5616,-0.6057,-0.0026,1.2523,-0.2622,-0.0000
124.752,-0.2641,0.5660,-0.6105,-0.0026,1.2621,-0.2642,-0.0000
124.764,-0.2661,0.5704,-0.6152,-0.0026,1.2719,-0.2663,-0.0000
124.776,-0.2682,0.5748,-0.6199,-0.0027,1.2817,-0.2684,-0.0000
124.788,-0.2703,0.5792,-0.6247,-0.0027,1.2916,-0.2704,-0.0000
124.800,-0.2723,0.5836,-0.6294,-0.0027,1.3014,-0.2725,-0.0000
124.812,-0.2744,0.5880,-0.6342,-0.0027,1.3112,-0.2745,-0.0000
124.824,-0.2764,0.5924,-0.6389,-0.0027,1.3210,-0.2766,-0.0000
124.836,-0.2785,0.5968,-0.6437,-0.0028,1.3308,-0.2786,-0.0000
124.848,-0.2805,0.6012,-0.6484,-0.0028,1.3406,-0.2807,-0.0000
124.860,-0.2826,0.6056,-0.6532,-0.0028,1.3504,-0.2827,-0.0000
124.872,-0.2846,0.6100,-0.6579,-0.0028,1.3602,-0.2848,-0.0000
124.884,-0.2867,0.6144,-0.6626,-0.0028,1.3700,-0.2868,-0.0000
124.896,-0.2887,0.6188,-0.6674,-0.0029,1.3798,-0.2889,-0.0000
124.908,-0.2908,0.6232,-0.6721,-0.0029,1.3896,-0.2909,-0.0000
124.920,-0.2928,0.6276,-0.6769,-0.0029,1.3995,-0.2930,-0.0000
124.932,-0.2949,0.6320,-0.6816,-0.0029,1.4093,-0.2951,-0.0000
124.944,-0.2969,0.6364,-0.6864,-0.0029,1.4191,-0.2971,-0.0000
124.956,-0.2990,0.6408,-0.6911,-0.0030,1.4289,-0.2992,-0.0000
124.968,-0.3010,0.6452,-0.6959,-0.0030,1.4387,-0.3012,-0.0000
124.980,-0.3031,0.6496,-0.7006,-0.0030,1.4485,-0.3033,-0.0000
124.992,-0.3051,0.6540,-0.7053,-0.0030,1.4583,-0.3053,-0.0000
125.004,-0.3072,0.6584,-0.7101,-0.0030,1.4681,-0.3074,-0.0000
125.016,-0.3092,0.6628,-0.7148,-0.0031,1.4779,-0.3094,-0.0000
125.028,-0.3113,0.6672,-0.7196,-0.0031,1.4877,-0.3115,-0.0000
125.040,-0.3134,0.6716,-0.7243,-0.0031,1.4975,-0.3135,-0.0000
125.052,-0.3154,0.6760,-0.7291,-0.0031,1.5074,-0.3156,-0.0000
125.064,-0.3175,0.6804,-0.7338,-0.0031,1.5172,-0.3176,-0.0000
125.076,-0.3195,0.6848,-0.7386,-0.0032,1.5270,-0.3197,-0.0000
125.088,-0.3216,0.6892,-0.7433,-0.0032,1.5368,-0.3218,-0.0000
125.100,-0.3236,0.6936,-0.7480,-0.0032,1.5466,-0.3238,-0.0000
125.112,-0.3257,0.6980,-0.7528,-0.0032,1.5564,-0.3259,-0.0000
125.124,-0.3276,0.7022,-0.7573,-0.0032,1.5658,-0.3278,-0.0000
125.136,-0.3294,0.7059,-0.7614,-0.0033,1.5741,-0.3296,-0.0000
125.148,-0.3309,0.7092,-0.7649,-0.0033,1.5814,-0.3311,-0.0000
125.160,-0.3322,0.7121,-0.7680,-0.0033,1.5878,-0.3324,-0.0000
125.172,-0.3334,0.7146,-0.7707,-0.0033,1.5935,-0.3336,-0.0000
125.184,-0.3345,0.7168,-0.7731,-0.0033,1.5984,-0.3347,-0.0000
125.196,-0.3354,0.7188,-0.7752,-0.0033,1.6028,-0.3356,-0.0000
125.208,-0.3362,0.7205,-0.7771,-0.0033,1.6067,-0.3364,-0.0000
125.220,-0.3369,0.7220,-0.7787,-0.0033,1.6100,-0.3371,-0.0000
125.232,-0.3375,0.7234,-0.7802,-0.0033,1.6130,-0.3377,-0.0000
125.244,-0.3381,0.7245,-0.7814,-0.0033,1.6156,-0.3383,-0.0000
125.256,-0.3385,0.7256,-0.7826,-0.0033,1.6180,-0.3387,-0.0000
125.268,-0.3385,0.7256,-0.7826,-0.0033,1.6180,-0.3387,-0.0000
125.280,-0.3386,0.7257,-0.7822,-0.0033,1.6175,-0.3388,-0.0000
125.292,-0.3386,0.7259,-0.7815,-0.0033,1.6166,-0.3388,-0.0000
125.304,-0.3386,0.7261,-0.7804,-0.0033,1.6154,-0.3388,-0.0000
125.316,-0.3387,0.7264,-0.7792,-0.0033,1.6139,-0.3389,-0.0000
125.328,-0.3387,0.7268,-0.7777,-0.0033,1.6121,-0.3389,-0.0000
125.340,-0.3388,0.7273,-0.7760,-0.0033,1.6100,-0.3390,-0.0000
125.352,-0.3389,0.7278,-0.7741,-0.0033,1.6078,-0.3391,-0.0000
125.364,-0.3390,0.7283,-0.7720,-0.0033,1.6053,-0.3391,-0.0000
125.376,-0.3391,0.7288,-0.7699,-0.0033,1.6027,-0.3392,-0.0000
125.388,-0.3391,0.7294,-0.7676,-0.0033,1.5999,-0.3393,-0.0000
125.400,-0.3392,0.7300,-0.7652,-0.0033,1.5971,-0.3394,-0.0000
125.412,-0.3393,0.7307,-0.7627,-0.0033,1.5941,-0.3395,-0.0000
125.424,-0.3394,0.7313,-0.7601,-0.0033,1.5910,-0.3396,-0.0000
125.436,-0.3396,0.7320,-0.7574,-0.0033,1.5878,-0.3397,-0.0000
125.448,-0.3397,0.7327,-0.7547,-0.0033,1.5845,-0.3398,-0.0000
125.460,-0.3398,0.7334,-0.7519,-0.0033,1.5812,-0.3399,-0.0000
125.472,-0.3399,0.7342,-0.7491,-0.0032,1.5778,-0.3400,-0.0000
125.484,-0.3400,0.7349,-0.7462,-0.0032,1.5743,-0.3401,-0.0000
125.496,-0.3401,0.7356,-0.7433,-0.0032,1.5709,-0.3402,-0.0000
125.508,-0.3402,0.7364,-0.7404,-0.0032,1.5673,-0.3403,-0.0000
125.520,-0.3403,0.7372,-0.7374,-0.0032,1.5638,-0.3404,-0.0000
125.532,-0.3405,0.7379,-0.7344,-0.0032,1.5602,-0.3405,-0.0000
125.544,-0.3406,0.7387,-0.7314,-0.0032,1.5566,-0.3406,-0.0000
125.556,-0.3407,0.7395,-0.7284,-0.0032,1.5529,-0.3407,-0.0000
125.568,-0.3408,0.7403,-0.7253,-0.0032,1.5492,-0.3408,-0.0000
125.580,-0.3409,0.7410,-0.7223,-0.0032,1.5455,-0.3410,-0.0000
125.592,-0.3411,0.7418,-0.7192,-0.0032,1.5418,-0.3411,-0.0000
125.604,-0.3412,0.7426,-0.7161,-0.0031,1.5381,-0.3412,-0.0000
125.616,-0.3413,0.7434,-0.7130,-0.0031,1.5344,-0.3413,-0.0000
125.628,-0.3414,0.7442,-0.7099,-0.0031,1.5307,-0.3414,-0.0000
125.640,-0.3416,0.7450,-0.7067,-0.0031,1.5269,-0.3415,-0.0000
125.652,-0.3417,0.7458,-0.7036,-0.0031,1.5231,-0.3416,-0.0000
125.664,-0.3418,0.7466,-0.7005,-0.0031,1.5194,-0.3418,-0.0000
125.676,-0.3419,0.7474,-0.6973,-0.0031,1.5156,-0.3419,-0.0000
125.688,-0.3421,0.7483,-0.6942,-0.0031,1.5118,-0.3420,-0.0000
125.700,-0.3422,0.7491,-0.6910,-0.0031,1.5080,-0.3421,-0.0000
125.712,-0.3423,0.7499,-0.6879,-0.0031,1.5042,-0.3422,-0.0000
125.724,-0.3424,0.7507,-0.6847,-0.0031,1.5004,-0.3423,-0.0000
125.736,-0.3426,0.7515,-0.6815,-0.0030,1.4966,-0.3425,-0.0000
125.748,-0.3427,0.7523,-0.6784,-0.0030,1.4928,-0.3426,-0.0000
125.760,-0.3428,0.7531,-0.6752,-0.0030,1.4890,-0.3427,-0.0000
125.772,-0.3429,0.7539,-0.6720,-0.0030,1.4852,-0.3428,-0.0000
125.784,-0.3431,0.7548,-0.6689,-0.0030,1.4814,-0.3429,-0.0000
125.796,-0.3432,0.7556,-0.6657,-0.0030,1.4776,-0.3430,-0.0000
125.808,-0.3433,0.7564,-0.6625,-0.0030,1.4738,-0.3432,-0.0000
125.820,-0.3435,0.7572,-0.6593,-0.0030,1.4700,-0.3433,-0.0000
125.832,-0.3436,0.7580,-0.6562,-0.0030,1.4662,-0.3434,-0.0000
125.844,-0.3437,0.7588,-0.6530,-0.0030,1.4624,-0.3435,-0.0000
125.856,-0.3438,0.7596,-0.6498,-0.0030,1.4585,-0.3436,-0.0000
125.868,-0.3440,0.7605,-0.6466,-0.0029,1.4547,-0.3437,-0.0000
125.880,-0.3441,0.7613,-0.6434,-0.0029,1.4509,-0.3439,-0.0000
125.892,-0.3442,0.7621,-0.6403,-0.0029,1.4471,-0.3440,-0.0000
125.904,-0.3443,0.7629,-0.6371,-0.0029,1.4433,-0.3441,-0.0000
125.916,-0.3445,0.7637,-0.6339,-0.0029,1.4394,-0.3442,-0.0000
125.928,-0.3446,0.7645,-0.6307,-0.0029,1.4356,-0.3443,-0.0000
125.940,-0.3447,0.7654,-0.6275,-0.0029,1.4318,-0.3444,-0.0000
125.952,-0.3448,0.7662,-0.6243,-0.0029,1.4280,-0.3446,-0.0000
125.964,-0.3450,0.7670,-0.6212,-0.0029,1.4241,-0.3447,-0.0000
125.976,-0.3451,0.7678,-0.6180,-0.0029,1.4203,-0.3448,-0.0000
125.988,-0.3452,0.7686,-0.6148,-0.0028,1.4165,-0.3449,-0.0000
126.000,-0.3454,0.7694,-0.6116,-0.0028,1.4127,-0.3450,-0.0000
126.012,-0.3455,0.7703,-0.6084,-0.0028,1.4089,-0.3451,-0.0000
126.024,-0.3456,0.7711,-0.6052,-0.0028,1.4050,-0.3453,-0.0000
126.036,-0.3457,0.7719,-0.6021,-0.0028,1.4012,-0.3454,-0.0000
126.048,-0.3459,0.7727,-0.5989,-0.0028,1.3974,-0.3455,-0.0000
126.060,-0.3460,0.7735,-0.5957,-0.0028,1.3936,-0.3456,-0.0000
126.072,-0.3461,0.7743,-0.5925,-0.0028,1.3897,-0.3457,-0.0000
126.084,-0.3462,0.7752,-0.5893,-0.0028,1.3859,-0.3458,-0.0000
126.096,-0.3464,0.7760,-0.5861,-0.0028,1.3821,-0.3460,-0.0000
126.108,-0.3465,0.7768,-0.5829,-0.0028,1.3783,-0.3461,-0.0000
126.120,-0.3466,0.7776,-0.5798,-0.0027,1.3744,-0.3462,-0.0000
126.132,-0.3467,0.7784,-0.5766,-0.0027,1.3706,-0.3463,-0.0000
126.144,-0.3469,0.7792,-0.5734,-0.0027,1.3668,-0.3464,-0.0000
126.156,-0.3470,0.7801,-0.5702,-0.0027,1.3630,-0.3465,-0.0000
126.168,-0.3471,0.7809,-0.5670,-0.0027,1.3591,-0.3467,-0.0000
126.180,-0.3473,0.7817,-0.5638,-0.0027,1.3553,-0.3468,-0.0000
126.192,-0.3474,0.7825,-0.5607,-0.0027,1.3515,-0.3469,-0.0000
126.204,-0.3475,0.7833,-0.5575,-0.0027,1.3477,-0.3470,-0.0000
126.216,-0.3476,0.7841,-0.5543,-0.0027,1.3438,-0.3471,-0.0000
126.228,-0.3478,0.7850,-0.5511,-0.0027,1.3400,-0.3472,-0.0000
126.240,-0.3479,0.7858,-0.5479,-0.0026,1.3362,-0.3474,-0.0000
126.252,-0.3480,0.7866,-0.5447,-0.0026,1.3324,-0.3475,-0.0000
126.264,-0.3481,0.7874,-0.5415,-0.0026,1.3285,-0.3476,-0.0000
126.276,-0.3483,0.7882,-0.5384,-0.0026,1.3247,-0.3477,-0.0000
126.288,-0.3484,0.7891,-0.5352,-0.0026,1.3209,-0.3478,-0.0000
126.300,-0.3485,0.7899,-0.5320,-0.0026,1.3171,-0.3479,-0.0000
126.312,-0.3487,0.7907,-0.5288,-0.0026,1.3132,-0.3481,-0.0000
126.324,-0.3488,0.7915,-0.5256,-0.0026,1.3094,-0.3482,-0.0000
126.336,-0.3489,0.7923,-0.5224,-0.0026,1.3056,-0.3483,-0.0000
126.348,-0.3490,0.7931,-0.5192,-0.0026,1.3018,-0.3484,-0.0000
126.360,-0.3492,0.7940,-0.5161,-0.0026,1.2979,-0.3485,-0.0000
126.372,-0.3493,0.7948,-0.5129,-0.0025,1.2941,-0.3486,-0.0000
126.384,-0.3494,0.7956,-0.5097,-0.0025,1.2903,-0.3488,-0.0000
126.396,-0.3495,0.7964,-0.5065,-0.0025,1.2865,-0.3489,-0.0000
126.408,-0.3497,0.7972,-0.5033,-0.0025,1.2827,-0.3490,-0.0000
126.420,-0.3498,0.7980,-0.5001,-0.0025,1.2788,-0.3491,-0.0000
126.432,-0.3499,0.7989,-0.4969,-0.0025,1.2750,-0.3492,-0.0000
126.444,-0.3500,0.7997,-0.4938,-0.0025,1.2712,-0.3493,-0.0000
126.456,-0.3502,0.8005,-0.4906,-0.0025,1.2674,-0.3495,-0.0000
126.468,-0.3503,0.8013,-0.4874,-0.0025,1.2635,-0.3496,-0.0000
126.480,-0.3504,0.8020,-0.4846,-0.0025,1.2602,-0.3497,-0.0000
126.492,-0.3505,0.8027,-0.4821,-0.0024,1.2572,-0.3498,-0.0000
126.504,-0.3506,0.8032,-0.4800,-0.0024,1.2546,-0.3499,-0.0000
126.516,-0.3507,0.8037,-0.4780,-0.0024,1.2523,-0.3499,-0.0000
126.528,-0.3507,0.8041,-0.4764,-0.0024,1.2503,-0.3500,-0.0000
126.540,-0.3508,0.8045,-0.4749,-0.0024,1.2485,-0.3500,-0.0000
126.552,-0.3509,0.8049,-0.4736,-0.0024,1.2469,-0.3501,-0.0000
126.564,-0.3509,0.8052,-0.4724,-0.0024,1.2456,-0.3501,-0.0005
126.576,-0.3509,0.8054,-0.4714,-0.0024,1.2444,-0.3502,-0.0015
126.588,-0.3510,0.8056,-0.4705,-0.0024,1.2433,-0.3502,-0.0029
126.600,-0.3510,0.8058,-0.4698,-0.0024,1.2424,-0.3502,-0.0047
126.612,-0.3510,0.8060,-0.4691,-0.0024,1.2415,-0.3503,-0.0068
126.624,-0.3511,0.8062,-0.4685,-0.0024,1.2408,-0.3503,-0.0091
126.636,-0.3511,0.8063,-0.4679,-0.0024,1.2402,-0.3503,-0.0117
126.648,-0.3511,0.8064,-0.4675,-0.0024,1.2396,-0.3503,-0.0145
126.660,-0.3511,0.8065,-0.4671,-0.0024,1.2391,-0.3503,-0.0175
126.672,-0.3511,0.8066,-0.4667,-0.0024,1.2387,-0.3503,-0.0207
126.684,-0.3511,0.8067,-0.4664,-0.0024,1.2383,-0.3503,-0.0240
126.696,-0.3511,0.8068,-0.4661,-0.0024,1.2380,-0.3504,-0.0275
126.708,-0.3512,0.8068,-0.4658,-0.0024,1.2377,-0.3504,-0.0311
126.720,-0.3512,0.8069,-0.4656,-0.0024,1.2374,-0.3504,-0.0347
126.732,-0.3512,0.8069,-0.4654,-0.0024,1.2372,-0.3504,-0.0385
126.744,-0.3512,0.8070,-0.4653,-0.0024,1.2370,-0.3504,-0.0423
126.756,-0.3512,0.8070,-0.4651,-0.0024,1.2368,-0.3504,-0.0462
126.768,-0.3512,0.8071,-0.4650,-0.0024,1.2366,-0.3504,-0.0502
126.780,-0.3512,0.8071,-0.4649,-0.0024,1.2365,-0.3504,-0.0542
126.792,-0.3512,0.8071,-0.4648,-0.0024,1.2364,-0.3504,-0.0582
126.804,-0.3512,0.8071,-0.4647,-0.0024,1.2363,-0.3504,-0.0623
126.816,-0.3512,0.8072,-0.4646,-0.0024,1.2362,-0.3504,-0.0665
126.828,-0.3512,0.8072,-0.4645,-0.0024,1.2361,-0.3504,-0.0706
126.840,-0.3512,0.8072,-0.4645,-0.0024,1.2360,-0.3504,-0.0748
126.852,-0.3512,0.8072,-0.4644,-0.0024,1.2359,-0.3504,-0.0791
126.864,-0.3512,0.8072,-0.4644,-0.0024,1.2359,-0.3504,-0.0833
126.876,-0.3512,0.8072,-0.4643,-0.0024,1.2358,-0.3504,-0.0876
126.888,-0.3512,0.8072,-0.4643,-0.0024,1.2358,-0.3504,-0.0918
126.900,-0.3512,0.8072,-0.4643,-0.0024,1.2358,-0.3504,-0.0961
126.912,-0.3512,0.8073,-0.4642,-0.0024,1.2357,-0.3504,-0.1004
126.924,-0.3512,0.8073,-0.4642,-0.0024,1.2357,-0.3504,-0.1047
126.936,-0.3512,0.8073,-0.4642,-0.0024,1.2357,-0.3504,-0.1091
126.948,-0.3512,0.8073,-0.4642,-0.0024,1.2356,-0.3504,-0.1134
126.960,-0.3512,0.8073,-0.4642,-0.0024,1.2356,-0.3504,-0.1178
126.972,-0.3512,0.8073,-0.4641,-0.0024,1.2356,-0.3504,-0.1221
126.984,-0.3512,0.8073,-0.4641,-0.0024,1.2356,-0.3504,-0.1265
126.996,-0.3512,0.8073,-0.4641,-0.0024,1.2356,-0.3504,-0.1308
127.008,-0.3512,0.8073,-0.4641,-0.0024,1.2356,-0.3504,-0.1352
127.020,-0.3512,0.8073,-0.4641,-0.0024,1.2356,-0.3504,-0.1396
127.032,-0.3512,0.8073,-0.4641,-0.0024,1.2355,-0.3504,-0.1439
127.044,-0.3512,0.8073,-0.4641,-0.0024,1.2355,-0.3504,-0.1483
127.056,-0.3512,0.8073,-0.4641,-0.0024,1.2355,-0.3504,-0.1527
127.068,-0.3512,0.8073,-0.4641,-0.0024,1.2355,-0.3504,-0.1571
127.080,-0.3512,0.8073,-0.4641,-0.0024,1.2355,-0.3504,-0.1614
127.092,-0.3512,0.8073,-0.4641,-0.0024,1.2355,-0.3504,-0.1658
127.104,-0.3512,0.8073,-0.4641,-0.0024,1.2355,-0.3504,-0.1702
127.116,-0.3512,0.8073,-0.4641,-0.0024,1.2355,-0.3504,-0.1746
127.128,-0.3512,0.8073,-0.4641,-0.0024,1.2355,-0.3504,-0.1790
127.140,-0.3512,0.8068,-0.4641,-0.0024,1.2359,-0.3504,-0.1834
127.152,-0.3512,0.8063,-0.4640,-0.0024,1.2363,-0.3504,-0.1878
127.164,-0.3512,0.8057,-0.4640,-0.0024,1.2367,-0.3504,-0.1922
127.176,-0.3512,0.8052,-0.4640,-0.0024,1.2371,-0.3504,-0.1966
127.188,-0.3512,0.8046,-0.4640,-0.0024,1.2375,-0.3504,-0.2010
127.200,-0.3512,0.8041,-0.4640,-0.0024,1.2379,-0.3504,-0.2054
127.212,-0.3512,0.8035,-0.4640,-0.0024,1.2383,-0.3504,-0.2098
127.224,-0.3512,0.8030,-0.4640,-0.0024,1.2388,-0.3504,-0.2142
127.236,-0.3512,0.8024,-0.4640,-0.0024,1.2392,-0.3504,-0.2186
127.248,-0.3512,0.8019,-0.4640,-0.0024,1.2396,-0.3504,-0.2230
127.260,-0.3512,0.8013,-0.4640,-0.0024,1.2400,-0.3504,-0.2273
127.272,-0.3512,0.8008,-0.4640,-0.0024,1.2404,-0.3504,-0.2317
127.284,-0.3512,0.8002,-0.4640,-0.0024,1.2408,-0.3504,-0.2361
127.296,-0.3512,0.7997,-0.4640,-0.0024,1.2412,-0.3504,-0.2405
127.308,-0.3512,0.7992,-0.4640,-0.0024,1.2416,-0.3504,-0.2449
127.320,-0.3512,0.7986,-0.4640,-0.0024,1.2420,-0.3504,-0.2493
127.332,-0.3512,0.7981,-0.4640,-0.0024,1.2424,-0.3504,-0.2537
127.344,-0.3512,0.7975,-0.4640,-0.0024,1.2428,-0.3504,-0.2581
127.356,-0.3512,0.7970,-0.4640,-0.0024,1.2432,-0.3504,-0.2625
127.368,-0.3512,0.7965,-0.4640,-0.0024,1.2436,-0.3504,-0.2669
127.380,-0.3512,0.7959,-0.4640,-0.0024,1.2440,-0.3504,-0.2713
127.392,-0.3512,0.7954,-0.4640,-0.0024,1.2444,-0.3504,-0.2757
127.404,-0.3512,0.7949,-0.4640,-0.0024,1.2447,-0.3504,-0.2801
127.416,-0.3512,0.7943,-0.4640,-0.0024,1.2451,-0.3504,-0.2845
127.428,-0.3512,0.7938,-0.4640,-0.0024,1.2455,-0.3504,-0.2889
127.440,-0.3512,0.7933,-0.4640,-0.0024,1.2459,-0.3504,-0.2933
127.452,-0.3512,0.7928,-0.4640,-0.0024,1.2463,-0.3504,-0.2977
127.464,-0.3512,0.7922,-0.4640,-0.0024,1.2467,-0.3504,-0.3021
127.476,-0.3512,0.7917,-0.4640,-0.0024,1.2470,-0.3504,-0.3065
127.488,-0.3512,0.7912,-0.4640,-0.0024,1.2474,-0.3504,-0.3109
127.500,-0.3512,0.7907,-0.4640,-0.0024,1.2478,-0.3504,-0.3153
127.512,-0.3512,0.7902,-0.4640,-0.0024,1.2481,-0.3504,-0.3197
127.524,-0.3512,0.7896,-0.4640,-0.0024,1.2485,-0.3504,-0.3241
127.536,-0.3512,0.7891,-0.4640,-0.0024,1.2489,-0.3504,-0.3285
127.548,-0.3512,0.7886,-0.4640,-0.0024,1.2493,-0.3504,-0.3329
127.560,-0.3512,0.7881,-0.4640,-0.0024,1.2496,-0.3504,-0.3373
127.572,-0.3512,0.7876,-0.4640,-0.0024,1.2500,-0.3504,-0.3417
127.584,-0.3512,0.7871,-0.4640,-0.0024,1.2503,-0.3504,-0.3461
127.596,-0.3512,0.7866,-0.4640,-0.0024,1.2507,-0.3504,-0.3505
127.608,-0.3512,0.7861,-0.4640,-0.0024,1.2511,-0.3504,-0.3549
127.620,-0.3512,0.7856,-0.4640,-0.0024,1.2514,-0.3504,-0.3593
127.632,-0.3512,0.7851,-0.4640,-0.0024,1.2518,-0.3504,-0.3637
127.644,-0.3512,0.7846,-0.4640,-0.0024,1.2521,-0.3504,-0.3681
127.656,-0.3512,0.7841,-0.4640,-0.0024,1.2525,-0.3504,-0.3725
127.668,-0.3512,0.7836,-0.4640,-0.0024,1.2528,-0.3504,-0.3769
127.680,-0.3512,0.7832,-0.4640,-0.0024,1.2532,-0.3504,-0.3813
127.692,-0.3512,0.7827,-0.4640,-0.0024,1.2535,-0.3504,-0.3857
127.704,-0.3512,0.7822,-0.4640,-0.0024,1.2539,-0.3504,-0.3901
127.716,-0.3512,0.7817,-0.4640,-0.0024,1.2542,-0.3504,-0.3945
127.728,-0.3512,0.7812,-0.4640,-0.0024,1.2545,-0.3504,-0.3989
127.740,-0.3512,0.7808,-0.4640,-0.0024,1.2549,-0.3504,-0.4033
127.752,-0.3512,0.7803,-0.4640,-0.0024,1.2552,-0.3504,-0.4077
127.764,-0.3512,0.7798,-0.4640,-0.0024,1.2555,-0.3504,-0.4116
127.776,-0.3512,0.7794,-0.4640,-0.0024,1.2558,-0.3504,-0.4150
127.788,-0.3512,0.7791,-0.4640,-0.0024,1.2560,-0.3504,-0.4180
127.800,-0.3512,0.7788,-0.4640,-0.0024,1.2562,-0.3504,-0.4206
127.812,-0.3512,0.7788,-0.4644,-0.0024,1.2567,-0.3504,-0.4230
127.824,-0.3512,0.7787,-0.4652,-0.0024,1.2575,-0.3504,-0.4250
127.836,-0.3512,0.7786,-0.4662,-0.0024,1.2587,-0.3504,-0.4268
127.848,-0.3511,0.7784,-0.4675,-0.0024,1.2602,-0.3503,-0.4284
127.860,-0.3511,0.7782,-0.4691,-0.0024,1.2620,-0.3503,-0.4298
127.872,-0.3510,0.7780,-0.4708,-0.0024,1.2640,-0.3503,-0.4310
127.884,-0.3510,0.7778,-0.4727,-0.0024,1.2662,-0.3502,-0.4321
127.896,-0.3509,0.7775,-0.4748,-0.0024,1.2686,-0.3502,-0.4330
127.908,-0.3509,0.7772,-0.4771,-0.0024,1.2712,-0.3501,-0.4339
127.920,-0.3508,0.7769,-0.4794,-0.0024,1.2739,-0.3501,-0.4346
127.932,-0.3507,0.7765,-0.4819,-0.0024,1.2768,-0.3500,-0.4353
127.944,-0.3507,0.7762,-0.4844,-0.0025,1.2797,-0.3499,-0.4358
127.956,-0.3506,0.7758,-0.4871,-0.0025,1.2828,-0.3499,-0.4363
127.968,-0.3505,0.7754,-0.4898,-0.0025,1.2860,-0.3498,-0.4368
127.980,-0.3504,0.7750,-0.4926,-0.0025,1.2892,-0.3497,-0.4372
127.992,-0.3504,0.7746,-0.4954,-0.0025,1.2925,-0.3497,-0.4375
128.004,-0.3503,0.7742,-0.4983,-0.0025,1.2958,-0.3496,-0.4378
128.016,-0.3502,0.7738,-0.5013,-0.0025,1.2992,-0.3495,-0.4381
128.028,-0.3501,0.7734,-0.5043,-0.0025,1.3027,-0.3494,-0.4383
128.040,-0.3500,0.7730,-0.5073,-0.0025,1.3062,-0.3494,-0.4385
128.052,-0.3499,0.7726,-0.5103,-0.0025,1.3097,-0.3493,-0.4387
128.064,-0.3498,0.7721,-0.5134,-0.0025,1.3133,-0.3492,-0.4388
128.076,-0.3498,0.7717,-0.5165,-0.0026,1.3169,-0.3491,-0.4390
128.088,-0.3497,0.7713,-0.5196,-0.0026,1.3205,-0.3491,-0.4391
128.100,-0.3496,0.7708,-0.5227,-0.0026,1.3241,-0.3490,-0.4392
128.112,-0.3495,0.7704,-0.5259,-0.0026,1.3277,-0.3489,-0.4393
128.124,-0.3494,0.7700,-0.5290,-0.0026,1.3314,-0.3488,-0.4394
128.136,-0.3493,0.7695,-0.5322,-0.0026,1.3351,-0.3487,-0.4395
128.148,-0.3492,0.7691,-0.5354,-0.0026,1.3388,-0.3487,-0.4395
128.160,-0.3491,0.7686,-0.5386,-0.0026,1.3425,-0.3486,-0.4396
128.172,-0.3491,0.7682,-0.5418,-0.0026,1.3462,-0.3485,-0.4396
128.184,-0.3490,0.7677,-0.5450,-0.0026,1.3499,-0.3484,-0.4397
128.196,-0.3489,0.7673,-0.5482,-0.0026,1.3537,-0.3483,-0.4397
128.208,-0.3488,0.7668,-0.5515,-0.0027,1.3574,-0.3483,-0.4397
128.220,-0.3487,0.7664,-0.5547,-0.0027,1.3612,-0.3482,-0.4398
128.232,-0.3486,0.7659,-0.5579,-0.0027,1.3649,-0.3481,-0.4398
128.244,-0.3485,0.7654,-0.5612,-0.0027,1.3687,-0.3480,-0.4398
128.256,-0.3484,0.7650,-0.5644,-0.0027,1.3724,-0.3479,-0.4398
128.268,-0.3483,0.7645,-0.5677,-0.0027,1.3762,-0.3479,-0.4399
128.280,-0.3482,0.7641,-0.5709,-0.0027,1.3799,-0.3478,-0.4399
128.292,-0.3481,0.7636,-0.5742,-0.0027,1.3837,-0.3477,-0.4399
128.304,-0.3481,0.7632,-0.5774,-0.0027,1.3875,-0.3476,-0.4399
128.316,-0.3480,0.7627,-0.5807,-0.0027,1.3913,-0.3475,-0.4399
128.328,-0.3479,0.7622,-0.5839,-0.0028,1.3950,-0.3474,-0.4399
128.340,-0.3478,0.7618,-0.5872,-0.0028,1.3988,-0.3474,-0.4399
128.352,-0.3477,0.7613,-0.5904,-0.0028,1.4026,-0.3473,-0.4399
128.364,-0.3476,0.7609,-0.5937,-0.0028,1.4064,-0.3472,-0.4400
128.376,-0.3475,0.7604,-0.5969,-0.0028,1.4101,-0.3471,-0.4400
128.388,-0.3474,0.7600,-0.6002,-0.0028,1.4139,-0.3470,-0.4400
128.400,-0.3473,0.7595,-0.6035,-0.0028,1.4177,-0.3470,-0.4400
128.412,-0.3472,0.7590,-0.6067,-0.0028,1.4215,-0.3469,-0.4400
128.424,-0.3471,0.7586,-0.6100,-0.0028,1.4253,-0.3468,-0.4400
128.436,-0.3471,0.7581,-0.6133,-0.0028,1.4291,-0.3467,-0.4400
128.448,-0.3470,0.7577,-0.6165,-0.0029,1.4328,-0.3466,-0.4400
128.460,-0.3469,0.7572,-0.6198,-0.0029,1.4366,-0.3466,-0.4400
128.472,-0.3468,0.7567,-0.6231,-0.0029,1.4404,-0.3465,-0.4400
128.484,-0.3467,0.7563,-0.6263,-0.0029,1.4442,-0.3464,-0.4400
128.496,-0.3466,0.7558,-0.6296,-0.0029,1.4480,-0.3463,-0.4400
128.508,-0.3465,0.7554,-0.6328,-0.0029,1.4518,-0.3462,-0.4400
128.520,-0.3464,0.7549,-0.6361,-0.0029,1.4556,-0.3461,-0.4400
128.532,-0.3463,0.7544,-0.6394,-0.0029,1.4594,-0.3461,-0.4400
128.544,-0.3462,0.7540,-0.6426,-0.0029,1.4631,-0.3460,-0.4400
128.556,-0.3461,0.7535,-0.6459,-0.0029,1.4669,-0.3459,-0.4400
128.568,-0.3461,0.7531,-0.6492,-0.0030,1.4707,-0.3458,-0.4400
128.580,-0.3460,0.7526,-0.6524,-0.0030,1.4745,-0.3457,-0.4400
128.592,-0.3459,0.7522,-0.6557,-0.0030,1.4783,-0.3457,-0.4400
128.604,-0.3458,0.7517,-0.6590,-0.0030,1.4821,-0.3456,-0.4400
128.616,-0.3457,0.7512,-0.6622,-0.0030,1.4859,-0.3455,-0.4400
128.628,-0.3456,0.7508,-0.6655,-0.0030,1.4897,-0.3454,-0.4400
128.640,-0.3455,0.7503,-0.6688,-0.0030,1.4934,-0.3453,-0.4400
128.652,-0.3454,0.7499,-0.6720,-0.0030,1.4972,-0.3453,-0.4400
128.664,-0.3453,0.7494,-0.6753,-0.0030,1.5010,-0.3452,-0.4400
128.676,-0.3452,0.7489,-0.6786,-0.0030,1.5048,-0.3451,-0.4400
128.688,-0.3451,0.7485,-0.6818,-0.0031,1.5086,-0.3450,-0.4400
128.700,-0.3450,0.7480,-0.6851,-0.0031,1.5124,-0.3449,-0.4400
128.712,-0.3450,0.7476,-0.6884,-0.0031,1.5162,-0.3448,-0.4400
128.724,-0.3449,0.7471,-0.6916,-0.0031,1.5200,-0.3448,-0.4400
128.736,-0.3448,0.7466,-0.6949,-0.0031,1.5237,-0.3447,-0.4400
128.748,-0.3447,0.7462,-0.6982,-0.0031,1.5275,-0.3446,-0.4400
128.760,-0.3446,0.7457,-0.7014,-0.0031,1.5313,-0.3445,-0.4400
128.772,-0.3445,0.7453,-0.7047,-0.0031,1.5351,-0.3444,-0.4400
128.784,-0.3444,0.7448,-0.7080,-0.0031,1.5389,-0.3444,-0.4400
128.796,-0.3443,0.7443,-0.7112,-0.0031,1.5427,-0.3443,-0.4400
128.808,-0.3442,0.7439,-0.7145,-0.0032,1.5465,-0.3442,-0.4400
128.820,-0.3441,0.7434,-0.7178,-0.0032,1.5503,-0.3441,-0.4400
128.832,-0.3440,0.7430,-0.7211,-0.0032,1.5541,-0.3440,-0.4400
128.844,-0.3439,0.7425,-0.7243,-0.0032,1.5578,-0.3439,-0.4400
128.856,-0.3439,0.7420,-0.7276,-0.0032,1.5616,-0.3439,-0.4400
128.868,-0.3438,0.7416,-0.7309,-0.0032,1.5654,-0.3438,-0.4400
128.880,-0.3437,0.7411,-0.7341,-0.0032,1.5692,-0.3437,-0.4400
128.892,-0.3436,0.7407,-0.7374,-0.0032,1.5730,-0.3436,-0.4400
128.904,-0.3435,0.7402,-0.7407,-0.0032,1.5768,-0.3435,-0.4400
128.916,-0.3434,0.7398,-0.7439,-0.0032,1.5806,-0.3435,-0.4400
128.928,-0.3433,0.7393,-0.7472,-0.0033,1.5844,-0.3434,-0.4400
128.940,-0.3432,0.7388,-0.7505,-0.0033,1.5882,-0.3433,-0.4400
128.952,-0.3431,0.7384,-0.7537,-0.0033,1.5919,-0.3432,-0.4400
128.964,-0.3430,0.7379,-0.7570,-0.0033,1.5957,-0.3431,-0.4400
128.976,-0.3429,0.7375,-0.7603,-0.0033,1.5995,-0.3431,-0.4400
128.988,-0.3429,0.7370,-0.7635,-0.0033,1.6033,-0.3430,-0.4400
129.000,-0.3428,0.7365,-0.7668,-0.0033,1.6071,-0.3429,-0.4400
129.012,-0.3427,0.7361,-0.7697,-0.0033,1.6104,-0.3428,-0.4400
129.024,-0.3426,0.7358,-0.7722,-0.0033,1.6134,-0.3428,-0.4400
129.036,-0.3425,0.7355,-0.7744,-0.0033,1.6159,-0.3427,-0.4400
129.048,-0.3425,0.7352,-0.7764,-0.0033,1.6182,-0.3427,-0.4400
129.060,-0.3424,0.7349,-0.7781,-0.0033,1.6202,-0.3426,-0.4400
129.072,-0.3424,0.7347,-0.7796,-0.0033,1.6220,-0.3426,-0.4400
129.084,-0.3424,0.7345,-0.7810,-0.0034,1.6235,-0.3425,-0.4400
129.096,-0.3424,0.7345,-0.7810,-0.0034,1.6235,-0.3425,-0.4400
129.108,-0.3423,0.7344,-0.7812,-0.0034,1.6239,-0.3425,-0.4400
129.120,-0.3422,0.7342,-0.7816,-0.0034,1.6245,-0.3424,-0.4400
129.132,-0.3421,0.7338,-0.7822,-0.0034,1.6254,-0.3423,-0.4400
129.144,-0.3419,0.7334,-0.7829,-0.0034,1.6265,-0.3421,-0.4400
129.156,-0.3417,0.7329,-0.7838,-0.0034,1.6278,-0.3419,-0.4400
129.168,-0.3415,0.7324,-0.7848,-0.0035,1.6293,-0.3417,-0.4400
129.180,-0.3412,0.7318,-0.7859,-0.0035,1.6309,-0.3414,-0.4400
129.192,-0.3409,0.7311,-0.7870,-0.0035,1.6327,-0.3412,-0.4400
129.204,-0.3406,0.7304,-0.7883,-0.0036,1.6346,-0.3409,-0.4400
129.216,-0.3403,0.7296,-0.7896,-0.0036,1.6366,-0.3406,-0.4400
129.228,-0.3400,0.7288,-0.7910,-0.0037,1.6387,-0.3403,-0.4400
129.240,-0.3396,0.7280,-0.7925,-0.0037,1.6409,-0.3400,-0.4400
129.252,-0.3393,0.7272,-0.7940,-0.0038,1.6431,-0.3396,-0.4400
129.264,-0.3389,0.7263,-0.7955,-0.0038,1.6455,-0.3393,-0.4400
129.276,-0.3385,0.7254,-0.7971,-0.0039,1.6478,-0.3389,-0.4400
129.288,-0.3382,0.7245,-0.7987,-0.0039,1.6502,-0.3386,-0.4400
129.300,-0.3378,0.7236,-0.8003,-0.0040,1.6527,-0.3382,-0.4400
129.312,-0.3374,0.7226,-0.8020,-0.0040,1.6552,-0.3378,-0.4400
129.324,-0.3370,0.7217,-0.8036,-0.0041,1.6577,-0.3375,-0.4400
129.336,-0.3366,0.7207,-0.8053,-0.0041,1.6603,-0.3371,-0.4400
129.348,-0.3362,0.7197,-0.8070,-0.0042,1.6629,-0.3367,-0.4400
129.360,-0.3358,0.7188,-0.8088,-0.0042,1.6655,-0.3363,-0.4400
129.372,-0.3354,0.7178,-0.8105,-0.0043,1.6681,-0.3359,-0.4400
129.384,-0.3349,0.7168,-0.8123,-0.0043,1.6708,-0.3355,-0.4400
129.396,-0.3345,0.7158,-0.8140,-0.0044,1.6734,-0.3351,-0.4400
129.408,-0.3341,0.7148,-0.8158,-0.0045,1.6761,-0.3347,-0.4400
129.420,-0.3337,0.7137,-0.8176,-0.0045,1.6788,-0.3344,-0.4400
129.432,-0.3333,0.7127,-0.8194,-0.0046,1.6815,-0.3340,-0.4400
129.444,-0.3328,0.7117,-0.8212,-0.0046,1.6842,-0.3335,-0.4400
129.456,-0.3324,0.7107,-0.8230,-0.0047,1.6869,-0.3331,-0.4400
129.468,-0.3320,0.7097,-0.8248,-0.0047,1.6897,-0.3327,-0.4400
129.480,-0.3315,0.7086,-0.8266,-0.0048,1.6924,-0.3323,-0.4400
129.492,-0.3311,0.7076,-0.8284,-0.0048,1.6951,-0.3319,-0.4400
129.504,-0.3307,0.7066,-0.8302,-0.0049,1.6979,-0.3315,-0.4400
129.516,-0.3303,0.7055,-0.8321,-0.0050,1.7006,-0.3311,-0.4400
129.528,-0.3298,0.7045,-0.8339,-0.0050,1.7034,-0.3307,-0.4400
129.540,-0.3294,0.7035,-0.8357,-0.0051,1.7061,-0.3303,-0.4400
129.552,-0.3290,0.7024,-0.8375,-0.0051,1.7089,-0.3299,-0.4400
129.564,-0.3285,0.7014,-0.8394,-0.0052,1.7117,-0.3295,-0.4400
129.576,-0.3281,0.7003,-0.8412,-0.0053,1.7144,-0.3291,-0.4400
129.588,-0.3277,0.6993,-0.8430,-0.0053,1.7172,-0.3287,-0.4400
129.600,-0.3272,0.6983,-0.8449,-0.0054,1.7199,-0.3283,-0.4400
129.612,-0.3268,0.6972,-0.8467,-0.0054,1.7227,-0.3279,-0.4400
129.624,-0.3264,0.6962,-0.8485,-0.0055,1.7255,-0.3274,-0.4400
129.636,-0.3259,0.6951,-0.8504,-0.0055,1.7283,-0.3270,-0.4400
129.648,-0.3255,0.6941,-0.8522,-0.0056,1.7310,-0.3266,-0.4400
129.660,-0.3250,0.6931,-0.8540,-0.0057,1.7338,-0.3262,-0.4400
129.672,-0.3246,0.6920,-0.8559,-0.0057,1.7366,-0.3258,-0.4400
129.684,-0.3242,0.6910,-0.8577,-0.0058,1.7393,-0.3254,-0.4400
129.696,-0.3237,0.6899,-0.8596,-0.0058,1.7421,-0.3250,-0.4400
129.708,-0.3233,0.6889,-0.8614,-0.0059,1.7449,-0.3246,-0.4400
129.720,-0.3229,0.6878,-0.8632,-0.0059,1.7477,-0.3242,-0.4400
129.732,-0.3224,0.6868,-0.8651,-0.0060,1.7504,-0.3237,-0.4400
129.744,-0.3220,0.6858,-0.8669,-0.0061,1.7532,-0.3233,-0.4400
129.756,-0.3216,0.6847,-0.8688,-0.0061,1.7560,-0.3229,-0.4400
129.768,-0.3211,0.6837,-0.8706,-0.0062,1.7588,-0.3225,-0.4400
129.780,-0.3207,0.6826,-0.8724,-0.0062,1.7615,-0.3221,-0.4400
129.792,-0.3203,0.6816,-0.8743,-0.0063,1.7643,-0.3217,-0.4400
129.804,-0.3198,0.6805,-0.8761,-0.0064,1.7671,-0.3213,-0.4400
129.816,-0.3194,0.6795,-0.8780,-0.0064,1.7699,-0.3209,-0.4400
129.828,-0.3189,0.6784,-0.8798,-0.0065,1.7727,-0.3205,-0.4400
129.840,-0.3185,0.6774,-0.8816,-0.0065,1.7754,-0.3200,-0.4400
129.852,-0.3181,0.6763,-0.8835,-0.0066,1.7782,-0.3196,-0.4400
129.864,-0.3176,0.6753,-0.8853,-0.0066,1.7810,-0.3192,-0.4400
129.876,-0.3172,0.6743,-0.8872,-0.0067,1.7838,-0.3188,-0.4400
129.888,-0.3168,0.6732,-0.8890,-0.0068,1.7865,-0.3184,-0.4400
129.900,-0.3163,0.6722,-0.8908,-0.0068,1.7893,-0.3180,-0.4400
129.912,-0.3159,0.6711,-0.8927,-0.0069,1.7921,-0.3176,-0.4400
129.924,-0.3155,0.6701,-0.8945,-0.0069,1.7949,-0.3172,-0.4400
129.936,-0.3150,0.6690,-0.8964,-0.0070,1.7977,-0.3168,-0.4400
129.948,-0.3146,0.6680,-0.8982,-0.0070,1.8004,-0.3163,-0.4400
129.960,-0.3141,0.6669,-0.9000,-0.0071,1.8032,-0.3159,-0.4400
129.972,-0.3137,0.6659,-0.9019,-0.0072,1.8060,-0.3155,-0.4400
129.984,-0.3133,0.6648,-0.9037,-0.0072,1.8088,-0.3151,-0.4400
129.996,-0.3128,0.6638,-0.9056,-0.0073,1.8116,-0.3147,-0.4400
130.008,-0.3124,0.6628,-0.9074,-0.0073,1.8143,-0.3143,-0.4400
130.020,-0.3120,0.6617,-0.9093,-0.0074,1.8171,-0.3139,-0.4400
130.032,-0.3115,0.6607,-0.9111,-0.0075,1.8199,-0.3135,-0.4400
130.044,-0.3111,0.6596,-0.9129,-0.0075,1.8227,-0.3131,-0.4400
130.056,-0.3107,0.6586,-0.9148,-0.0076,1.8254,-0.3126,-0.4400
130.068,-0.3102,0.6575,-0.9166,-0.0076,1.8282,-0.3122,-0.4400
130.080,-0.3098,0.6565,-0.9185,-0.0077,1.8310,-0.3118,-0.4400
130.092,-0.3093,0.6554,-0.9203,-0.0077,1.8338,-0.3114,-0.4400
130.104,-0.3089,0.6545,-0.9220,-0.0078,1.8363,-0.3110,-0.4400
130.116,-0.3086,0.6536,-0.9235,-0.0078,1.8386,-0.3107,-0.4400
130.128,-0.3083,0.6529,-0.9248,-0.0079,1.8406,-0.3104,-0.4400
130.140,-0.3083,0.6529,-0.9248,-0.0079,1.8406,-0.3104,-0.4400
130.152,-0.3080,0.6529,-0.9248,-0.0079,1.8406,-0.3104,-0.4400
130.164,-0.3074,0.6529,-0.9248,-0.0079,1.8406,-0.3104,-0.4400
130.176,-0.3065,0.6529,-0.9248,-0.0079,1.8406,-0.3104,-0.4400
130.188,-0.3055,0.6529,-0.9249,-0.0079,1.8407,-0.3104,-0.4400
130.200,-0.3042,0.6528,-0.9249,-0.0079,1.8407,-0.3104,-0.4400
130.212,-0.3028,0.6528,-0.9249,-0.0079,1.8407,-0.3104,-0.4400
130.224,-0.3013,0.6528,-0.9250,-0.0079,1.8408,-0.3104,-0.4400
130.236,-0.2996,0.6528,-0.9250,-0.0079,1.8409,-0.3104,-0.4400
130.248,-0.2978,0.6528,-0.9250,-0.0079,1.8409,-0.3104,-0.4400
130.260,-0.2959,0.6527,-0.9251,-0.0079,1.8410,-0.3103,-0.4400
130.272,-0.2939,0.6527,-0.9251,-0.0079,1.8410,-0.3103,-0.4400
130.284,-0.2919,0.6527,-0.9252,-0.0079,1.8411,-0.3103,-0.4400
130.296,-0.2897,0.6527,-0.9252,-0.0079,1.8412,-0.3103,-0.4400
130.308,-0.2875,0.6526,-0.9253,-0.0079,1.8413,-0.3103,-0.4400
130.320,-0.2853,0.6526,-0.9253,-0.0079,1.8413,-0.3103,-0.4400
130.332,-0.2830,0.6526,-0.9254,-0.0079,1.8414,-0.3103,-0.4400
130.344,-0.2807,0.6525,-0.9254,-0.0079,1.8415,-0.3103,-0.4400
130.356,-0.2783,0.6525,-0.9255,-0.0079,1.8416,-0.3103,-0.4400
130.368,-0.2759,0.6525,-0.9255,-0.0079,1.8416,-0.3102,-0.4400
130.380,-0.2735,0.6525,-0.9256,-0.0079,1.8417,-0.3102,-0.4400
130.392,-0.2710,0.6524,-0.9256,-0.0079,1.8418,-0.3102,-0.4400
130.404,-0.2686,0.6524,-0.9257,-0.0079,1.8419,-0.3102,-0.4400
130.416,-0.2661,0.6524,-0.9257,-0.0079,1.8420,-0.3102,-0.4400
130.428,-0.2636,0.6523,-0.9258,-0.0079,1.8420,-0.3102,-0.4400
130.440,-0.2610,0.6523,-0.9258,-0.0079,1.8421,-0.3102,-0.4400
130.452,-0.2585,0.6523,-0.9259,-0.0079,1.8422,-0.3102,-0.4400
130.464,-0.2560,0.6522,-0.9260,-0.0079,1.8423,-0.3101,-0.4400
130.476,-0.2534,0.6522,-0.9260,-0.0079,1.8424,-0.3101,-0.4400
130.488,-0.2508,0.6522,-0.9261,-0.0079,1.8425,-0.3101,-0.4400
130.500,-0.2483,0.6521,-0.9261,-0.0079,1.8426,-0.3101,-0.4400
130.512,-0.2457,0.6521,-0.9262,-0.0079,1.8426,-0.3101,-0.4400
130.524,-0.2431,0.6521,-0.9262,-0.0079,1.8427,-0.3101,-0.4400
130.536,-0.2405,0.6520,-0.9263,-0.0079,1.8428,-0.3101,-0.4400
130.548,-0.2379,0.6520,-0.9263,-0.0079,1.8429,-0.3101,-0.4400
130.560,-0.2353,0.6520,-0.9264,-0.0079,1.8430,-0.3100,-0.4400
130.572,-0.2327,0.6519,-0.9265,-0.0079,1.8431,-0.3100,-0.4400
130.584,-0.2301,0.6519,-0.9265,-0.0079,1.8432,-0.3100,-0.4400
130.596,-0.2275,0.6519,-0.9266,-0.0079,1.8432,-0.3100,-0.4400
130.608,-0.2249,0.6518,-0.9266,-0.0079,1.8433,-0.3100,-0.4400
130.620,-0.2223,0.6518,-0.9267,-0.0079,1.8434,-0.3100,-0.4400
130.632,-0.2197,0.6518,-0.9267,-0.0079,1.8435,-0.3100,-0.4400
130.644,-0.2170,0.6518,-0.9268,-0.0080,1.8436,-0.3100,-0.4400
130.656,-0.2144,0.6517,-0.9269,-0.0080,1.8437,-0.3099,-0.4400
130.668,-0.2118,0.6517,-0.9269,-0.0080,1.8438,-0.3099,-0.4400
130.680,-0.2092,0.6517,-0.9270,-0.0080,1.8439,-0.3099,-0.4400
130.692,-0.2066,0.6516,-0.9270,-0.0080,1.8439,-0.3099,-0.4400
130.704,-0.2039,0.6516,-0.9271,-0.0080,1.8440,-0.3099,-0.4400
130.716,-0.2013,0.6516,-0.9271,-0.0080,1.8441,-0.3099,-0.4400
130.728,-0.1987,0.6515,-0.9272,-0.0080,1.8442,-0.3099,-0.4400
130.740,-0.1961,0.6515,-0.9273,-0.0080,1.8443,-0.3099,-0.4400
130.752,-0.1934,0.6515,-0.9273,-0.0080,1.8444,-0.3098,-0.4400
130.764,-0.1908,0.6514,-0.9274,-0.0080,1.8445,-0.3098,-0.4400
130.776,-0.1856,0.6514,-0.9275,-0.0080,1.8446,-0.3098,-0.4400
130.788,-0.1856,0.6514,-0.9275,-0.0080,1.8446,-0.3098,-0.4400
130.800,-0.1829,0.6513,-0.9276,-0.0080,1.8447,-0.3098,-0.4400
130.812,-0.1803,0.6513,-0.9276,-0.0080,1.8448,-0.3098,-0.4400
130.824,-0.1777,0.6513,-0.9277,-0.0080,1.8449,-0.3098,-0.4400
130.836,-0.1751,0.6512,-0.9277,-0.0080,1.8450,-0.3098,-0.4400
130.848,-0.1724,0.6512,-0.9278,-0.0080,1.8451,-0.3097,-0.4400
130.860,-0.1698,0.6512,-0.9278,-0.0080,1.8452,-0.3097,-0.4400
130.872,-0.1672,0.6511,-0.9279,-0.0080,1.8452,-0.3097,-0.4400
130.884,-0.1645,0.6511,-0.9280,-0.0080,1.8453,-0.3097,-0.4400
130.896,-0.1619,0.6511,-0.9280,-0.0080,1.8454,-0.3097,-0.4400
130.908,-0.1593,0.6510,-0.9281,-0.0080,1.8455,-0.3097,-0.4400
130.920,-0.1567,0.6510,-0.9281,-0.0080,1.8456,-0.3097,-0.4400
130.932,-0.1540,0.6510,-0.9282,-0.0080,1.8457,-0.3096,-0.4400
130.944,-0.1514,0.6509,-0.9282,-0.0080,1.8458,-0.3096,-0.4400
130.956,-0.1488,0.6509,-0.9283,-0.0080,1.8459,-0.3096,-0.4400
130.968,-0.1461,0.6509,-0.9284,-0.0080,1.8459,-0.3096,-0.4400
130.980,-0.1435,0.6508,-0.9284,-0.0080,1.8460,-0.3096,-0.4400
130.992,-0.1409,0.6508,-0.9285,-0.0080,1.8461,-0.3096,-0.4400
131.004,-0.1383,0.6508,-0.9285,-0.0080,1.8462,-0.3096,-0.4400
131.016,-0.1356,0.6507,-0.9286,-0.0080,1.8463,-0.3096,-0.4400
131.028,-0.1330,0.6507,-0.9287,-0.0080,1.8464,-0.3095,-0.4400
131.040,-0.1304,0.6507,-0.9287,-0.0080,1.8465,-0.3095,-0.4400
131.052,-0.1277,0.6506,-0.9288,-0.0080,1.8465,-0.3095,-0.4400
131.064,-0.1251,0.6506,-0.9288,-0.0080,1.8466,-0.3095,-0.4400
131.076,-0.1225,0.6506,-0.9289,-0.0080,1.8467,-0.3095,-0.4400
131.088,-0.1199,0.6505,-0.9289,-0.0080,1.8468,-0.3095,-0.4400
131.100,-0.1172,0.6505,-0.9290,-0.0080,1.8469,-0.3095,-0.4400
131.112,-0.1146,0.6505,-0.9291,-0.0080,1.8470,-0.3095,-0.4400
131.124,-0.1120,0.6504,-0.9291,-0.0080,1.8471,-0.3094,-0.4400
131.136,-0.1093,0.6504,-0.9292,-0.0080,1.8472,-0.3094,-0.4400
131.148,-0.1067,0.6504,-0.9292,-0.0080,1.8472,-0.3094,-0.4400
131.160,-0.1041,0.6503,-0.9293,-0.0080,1.8473,-0.3094,-0.4400
131.172,-0.1015,0.6503,-0.9293,-0.0080,1.8474,-0.3094,-0.4400
131.184,-0.0988,0.6503,-0.9294,-0.0080,1.8475,-0.3094,-0.4400
131.196,-0.0962,0.6502,-0.9295,-0.0080,1.8476,-0.3094,-0.4400
131.208,-0.0936,0.6502,-0.9295,-0.0080,1.8477,-0.3094,-0.4400
131.220,-0.0909,0.6502,-0.9296,-0.0080,1.8478,-0.3093,-0.4400
131.232,-0.0883,0.6501,-0.9296,-0.0080,1.8479,-0.3093,-0.4400
131.244,-0.0857,0.6501,-0.9297,-0.0080,1.8479,-0.3093,-0.4400
131.256,-0.0831,0.6501,-0.9297,-0.0080,1.8480,-0.3093,-0.4400
131.268,-0.0804,0.6500,-0.9298,-0.0080,1.8481,-0.3093,-0.4400
131.280,-0.0778,0.6500,-0.9299,-0.0080,1.8482,-0.3093,-0.4400
131.292,-0.0752,0.6500,-0.9299,-0.0080,1.8483,-0.3093,-0.4400
131.304,-0.0725,0.6500,-0.9300,-0.0081,1.8484,-0.3092,-0.4400
131.316,-0.0699,0.6499,-0.9300,-0.0081,1.8485,-0.3092,-0.4400
131.328,-0.0673,0.6499,-0.9301,-0.0081,1.8486,-0.3092,-0.4400
131.340,-0.0646,0.6499,-0.9302,-0.0081,1.8486,-0.3092,-0.4400
131.352,-0.0620,0.6498,-0.9302,-0.0081,1.8487,-0.3092,-0.4400
131.364,-0.0594,0.6498,-0.9303,-0.0081,1.8488,-0.3092,-0.4400
131.376,-0.0568,0.6498,-0.9303,-0.0081,1.8489,-0.3092,-0.4400
131.388,-0.0541,0.6497,-0.9304,-0.0081,1.8490,-0.3092,-0.4400
131.400,-0.0515,0.6497,-0.9304,-0.0081,1.8491,-0.3091,-0.4400
131.412,-0.0489,0.6497,-0.9305,-0.0081,1.8492,-0.3091,-0.4400
131.424,-0.0462,0.6496,-0.9306,-0.0081,1.8492,-0.3091,-0.4400
131.436,-0.0436,0.6496,-0.9306,-0.0081,1.8493,-0.3091,-0.4400
131.448,-0.0410,0.6496,-0.9307,-0.0081,1.8494,-0.3091,-0.4400
131.460,-0.0384,0.6495,-0.9307,-0.0081,1.8495,-0.3091,-0.4400
131.472,-0.0357,0.6495,-0.9308,-0.0081,1.8496,-0.3091,-0.4400
131.484,-0.0331,0.6495,-0.9308,-0.0081,1.8497,-0.3091,-0.4400
131.496,-0.0305,0.6494,-0.9309,-0.0081,1.8498,-0.3090,-0.4400
131.508,-0.0278,0.6494,-0.9310,-0.0081,1.8499,-0.3090,-0.4400
131.520,-0.0252,0.6494,-0.9310,-0.0081,1.8499,-0.3090,-0.4400
131.532,-0.0226,0.6493,-0.9311,-0.0081,1.8500,-0.3090,-0.4400
131.544,-0.0200,0.6493,-0.9311,-0.0081,1.8501,-0.3090,-0.4400
131.556,-0.0173,0.6493,-0.9312,-0.0081,1.8502,-0.3090,-0.4400
131.568,-0.0147,0.6492,-0.9312,-0.0081,1.8503,-0.3090,-0.4400
131.580,-0.0121,0.6492,-0.9313,-0.0081,1.8504,-0.3090,-0.4400
131.592,-0.0094,0.6492,-0.9314,-0.0081,1.8505,-0.3089,-0.4400
131.604,-0.0068,0.6491,-0.9314,-0.0081,1.8506,-0.3089,-0.4400
131.616,-0.0042,0.6491,-0.9315,-0.0081,1.8506,-0.3089,-0.4400
131.628,-0.0016,0.6491,-0.9315,-0.0081,1.8507,-0.3089,-0.4400
131.640,0.0011,0.6490,-0.9316,-0.0081,1.8508,-0.3089,-0.4400
131.652,0.0037,0.6490,-0.9317,-0.0081,1.8509,-0.3089,-0.4400
131.664,0.0063,0.6490,-0.9317,-0.0081,1.8510,-0.3089,-0.4400
131.676,0.0090,0.6489,-0.9318,-0.0081,1.8511,-0.3088,-0.4400
131.688,0.0116,0.6489,-0.9318,-0.0081,1.8512,-0.3088,-0.4400
131.700,0.0142,0.6489,-0.9319,-0.0081,1.8513,-0.3088,-0.4400
131.712,0.0169,0.6488,-0.9319,-0.0081,1.8513,-0.3088,-0.4400
131.724,0.0195,0.6488,-0.9320,-0.0081,1.8514,-0.3088,-0.4400
131.736,0.0221,0.6488,-0.9321,-0.0081,1.8515,-0.3088,-0.4400
131.748,0.0247,0.6487,-0.9321,-0.0081,1.8516,-0.3088,-0.4400
131.760,0.0274,0.6487,-0.9322,-0.0081,1.8517,-0.3088,-0.4400
131.772,0.0300,0.6487,-0.9322,-0.0081,1.8518,-0.3087,-0.4400
131.784,0.0326,0.6486,-0.9323,-0.0081,1.8519,-0.3087,-0.4400
131.796,0.0353,0.6486,-0.9323,-0.0081,1.8519,-0.3087,-0.4400
131.808,0.0379,0.6486,-0.9324,-0.0081,1.8520,-0.3087,-0.4400
131.820,0.0405,0.6485,-0.9325,-0.0081,1.8521,-0.3087,-0.4400
131.832,0.0431,0.6485,-0.9325,-0.0081,1.8522,-0.3087,-0.4400
131.844,0.0458,0.6485,-0.9326,-0.0081,1.8523,-0.3087,-0.4400
131.856,0.0484,0.6484,-0.9326,-0.0081,1.8524,-0.3087,-0.4400
131.868,0.0510,0.6484,-0.9327,-0.0081,1.8525,-0.3086,-0.4400
131.880,0.0537,0.6484,-0.9327,-0.0081,1.8526,-0.3086,-0.4400
131.892,0.0563,0.6483,-0.9328,-0.0081,1.8526,-0.3086,-0.4400
131.904,0.0589,0.6483,-0.9329,-0.0081,1.8527,-0.3086,-0.4400
131.916,0.0615,0.6483,-0.9329,-0.0081,1.8528,-0.3086,-0.4400
131.928,0.0642,0.6482,-0.9330,-0.0081,1.8529,-0.3086,-0.4400
131.940,0.0668,0.6482,-0.9330,-0.0081,1.8530,-0.3086,-0.4400
131.952,0.0694,0.6482,-0.9331,-0.0081,1.8531,-0.3086,-0.4400
131.964,0.0721,0.6481,-0.9332,-0.0082,1.8532,-0.3085,-0.4400
131.976,0.0747,0.6481,-0.9332,-0.0082,1.8533,-0.3085,-0.4400
131.988,0.0773,0.6481,-0.9333,-0.0082,1.8533,-0.3085,-0.4400
132.000,0.0800,0.6480,-0.9333,-0.0082,1.8534,-0.3085,-0.4400
132.012,0.0826,0.6480,-0.9334,-0.0082,1.8535,-0.3085,-0.4400
132.024,0.0852,0.6480,-0.9334,-0.0082,1.8536,-0.3085,-0.4400
132.036,0.0878,0.6480,-0.9335,-0.0082,1.8537,-0.3085,-0.4400
132.048,0.0905,0.6479,-0.9336,-0.0082,1.8538,-0.3084,-0.4400
132.060,0.0931,0.6479,-0.9336,-0.0082,1.8539,-0.3084,-0.4400
132.072,0.0957,0.6479,-0.9337,-0.0082,1.8540,-0.3084,-0.4400
132.084,0.0984,0.6478,-0.9337,-0.0082,1.8540,-0.3084,-0.4400
132.096,0.1010,0.6478,-0.9338,-0.0082,1.8541,-0.3084,-0.4400
132.108,0.1036,0.6478,-0.9338,-0.0082,1.8542,-0.3084,-0.4400
132.120,0.1062,0.6477,-0.9339,-0.0082,1.8543,-0.3084,-0.4400
132.132,0.1089,0.6477,-0.9340,-0.0082,1.8544,-0.3084,-0.4400
132.144,0.1114,0.6477,-0.9340,-0.0082,1.8545,-0.3083,-0.4400
132.156,0.1136,0.6476,-0.9341,-0.0082,1.8545,-0.3083,-0.4400
132.168,0.1156,0.6476,-0.9341,-0.0082,1.8546,-0.3083,-0.4400
132.180,0.1173,0.6476,-0.9341,-0.0082,1.8547,-0.3083,-0.4400
132.192,0.1173,0.6476,-0.9341,-0.0082,1.8547,-0.3083,-0.4400
132.204,0.1173,0.6480,-0.9347,-0.0082,1.8547,-0.3093,-0.4400
132.216,0.1173,0.6489,-0.9357,-0.0082,1.8549,-0.3113,-0.4400
132.228,0.1174,0.6501,-0.9371,-0.0082,1.8551,-0.3140,-0.4400
132.240,0.1174,0.6516,-0.9389,-0.0082,1.8553,-0.3174,-0.4400
132.252,0.1174,0.6534,-0.9409,-0.0081,1.8556,-0.3214,-0.4400
132.264,0.1175,0.6554,-0.9433,-0.0081,1.8559,-0.3259,-0.4400
132.276,0.1175,0.6576,-0.9459,-0.0081,1.8563,-0.3310,-0.4400
132.288,0.1176,0.6601,-0.9488,-0.0081,1.8567,-0.3364,-0.4400
132.300,0.1177,0.6626,-0.9518,-0.0081,1.8571,-0.3422,-0.4400
132.312,0.1177,0.6654,-0.9550,-0.0081,1.8575,-0.3484,-0.4400
132.324,0.1178,0.6682,-0.9583,-0.0080,1.8580,-0.3548,-0.4400
132.336,0.1179,0.6712,-0.9618,-0.0080,1.8585,-0.3615,-0.4400
132.348,0.1180,0.6742,-0.9654,-0.0080,1.8589,-0.3684,-0.4400
132.360,0.1180,0.6774,-0.9691,-0.0080,1.8595,-0.3755,-0.4400
132.372,0.1181,0.6806,-0.9728,-0.0080,1.8600,-0.3827,-0.4400
132.384,0.1182,0.6839,-0.9767,-0.0079,1.8605,-0.3901,-0.4400
132.396,0.1183,0.6872,-0.9806,-0.0079,1.8610,-0.3977,-0.4400
132.408,0.1184,0.6906,-0.9846,-0.0079,1.8616,-0.4053,-0.4400
132.420,0.1185,0.6941,-0.9886,-0.0079,1.8621,-0.4131,-0.4400
132.432,0.1185,0.6976,-0.9927,-0.0079,1.8627,-0.4209,-0.4400
132.444,0.1186,0.7011,-0.9968,-0.0078,1.8633,-0.4288,-0.4400
132.456,0.1187,0.7046,-1.0010,-0.0078,1.8638,-0.4368,-0.4400
132.468,0.1188,0.7082,-1.0052,-0.0078,1.8644,-0.4449,-0.4400
132.480,0.1189,0.7118,-1.0094,-0.0078,1.8650,-0.4530,-0.4400
132.492,0.1190,0.7154,-1.0137,-0.0077,1.8656,-0.4612,-0.4400
132.504,0.1191,0.7191,-1.0179,-0.0077,1.8662,-0.4694,-0.4400
132.516,0.1192,0.7227,-1.0222,-0.0077,1.8667,-0.4776,-0.4400
132.528,0.1193,0.7264,-1.0265,-0.0077,1.8673,-0.4859,-0.4400
132.540,0.1194,0.7301,-1.0308,-0.0077,1.8679,-0.4942,-0.4400
132.552,0.1195,0.7338,-1.0352,-0.0076,1.8685,-0.5025,-0.4400
132.564,0.1195,0.7375,-1.0395,-0.0076,1.8691,-0.5108,-0.4400
132.576,0.1196,0.7412,-1.0439,-0.0076,1.8697,-0.5192,-0.4400
132.588,0.1197,0.7449,-1.0482,-0.0076,1.8703,-0.5276,-0.4400
132.600,0.1198,0.7486,-1.0526,-0.0075,1.8709,-0.5360,-0.4400
132.612,0.1199,0.7524,-1.0570,-0.0075,1.8715,-0.5444,-0.4400
132.624,0.1200,0.7561,-1.0613,-0.0075,1.8721,-0.5528,-0.4400
132.636,0.1201,0.7598,-1.0657,-0.0075,1.8727,-0.5612,-0.4400
132.648,0.1202,0.7636,-1.0701,-0.0074,1.8733,-0.5697,-0.4400
132.660,0.1203,0.7673,-1.0745,-0.0074,1.8739,-0.5781,-0.4400
132.672,0.1204,0.7711,-1.0789,-0.0074,1.8745,-0.5866,-0.4400
132.684,0.1205,0.7748,-1.0833,-0.0074,1.8751,-0.5951,-0.4400
132.696,0.1206,0.7786,-1.0877,-0.0073,1.8757,-0.6035,-0.4400
132.708,0.1207,0.7824,-1.0921,-0.0073,1.8763,-0.6120,-0.4400
132.720,0.1208,0.7861,-1.0965,-0.0073,1.8769,-0.6205,-0.4400
132.732,0.1209,0.7899,-1.1009,-0.0073,1.8775,-0.6290,-0.4400
132.744,0.1210,0.7937,-1.1054,-0.0072,1.8781,-0.6374,-0.4400
132.756,0.1210,0.7974,-1.1098,-0.0072,1.8787,-0.6459,-0.4400
132.768,0.1211,0.8012,-1.1142,-0.0072,1.8794,-0.6544,-0.4400
132.780,0.1212,0.8050,-1.1186,-0.0072,1.8800,-0.6629,-0.4400
132.792,0.1213,0.8087,-1.1230,-0.0071,1.8806,-0.6714,-0.4400
132.804,0.1214,0.8125,-1.1274,-0.0071,1.8812,-0.6799,-0.4400
132.816,0.1215,0.8163,-1.1319,-0.0071,1.8818,-0.6884,-0.4400
132.828,0.1216,0.8200,-1.1363,-0.0071,1.8824,-0.6969,-0.4400
132.840,0.1217,0.8238,-1.1407,-0.0070,1.8830,-0.7054,-0.4400
132.852,0.1218,0.8276,-1.1451,-0.0070,1.8836,-0.7139,-0.4400
132.864,0.1219,0.8314,-1.1496,-0.0070,1.8842,-0.7224,-0.4400
132.876,0.1220,0.8351,-1.1540,-0.0070,1.8848,-0.7309,-0.4400
132.888,0.1221,0.8389,-1.1584,-0.0070,1.8854,-0.7394,-0.4400
132.900,0.1222,0.8427,-1.1628,-0.0069,1.8860,-0.7479,-0.4400
132.912,0.1223,0.8464,-1.1672,-0.0069,1.8866,-0.7564,-0.4400
132.924,0.1224,0.8502,-1.1717,-0.0069,1.8872,-0.7649,-0.4400
132.936,0.1225,0.8540,-1.1761,-0.0069,1.8878,-0.7734,-0.4400
132.948,0.1226,0.8578,-1.1805,-0.0068,1.8884,-0.7819,-0.4400
132.960,0.1227,0.8615,-1.1849,-0.0068,1.8891,-0.7904,-0.4400
132.972,0.1227,0.8653,-1.1894,-0.0068,1.8897,-0.7989,-0.4400
132.984,0.1228,0.8691,-1.1938,-0.0068,1.8903,-0.8074,-0.4400
132.996,0.1229,0.8729,-1.1982,-0.0067,1.8909,-0.8159,-0.4400
133.008,0.1230,0.8766,-1.2026,-0.0067,1.8915,-0.8244,-0.4400
133.020,0.1231,0.8804,-1.2071,-0.0067,1.8921,-0.8329,-0.4400
133.032,0.1232,0.8842,-1.2115,-0.0067,1.8927,-0.8414,-0.4400
133.044,0.1233,0.8880,-1.2159,-0.0066,1.8933,-0.8500,-0.4400
133.056,0.1234,0.8917,-1.2203,-0.0066,1.8939,-0.8585,-0.4400
133.068,0.1235,0.8955,-1.2248,-0.0066,1.8945,-0.8670,-0.4400
133.080,0.1236,0.8993,-1.2292,-0.0066,1.8951,-0.8755,-0.4400
133.092,0.1237,0.9031,-1.2336,-0.0065,1.8957,-0.8840,-0.4400
133.104,0.1238,0.9068,-1.2380,-0.0065,1.8963,-0.8925,-0.4400
133.116,0.1239,0.9106,-1.2425,-0.0065,1.8969,-0.9010,-0.4400
133.128,0.1240,0.9144,-1.2469,-0.0065,1.8975,-0.9095,-0.4400
133.140,0.1241,0.9182,-1.2513,-0.0064,1.8982,-0.9180,-0.4400
133.152,0.1242,0.9219,-1.2557,-0.0064,1.8988,-0.9265,-0.4400
133.164,0.1243,0.9257,-1.2602,-0.0064,1.8994,-0.9350,-0.4400
133.176,0.1244,0.9295,-1.2646,-0.0064,1.9000,-0.9435,-0.4400
133.188,0.1244,0.9333,-1.2690,-0.0063,1.9006,-0.9520,-0.4400
133.200,0.1245,0.9370,-1.2734,-0.0063,1.9012,-0.9605,-0.4400
133.212,0.1246,0.9408,-1.2779,-0.0063,1.9018,-0.9690,-0.4400
133.224,0.1247,0.9446,-1.2823,-0.0063,1.9024,-0.9776,-0.4400
133.236,0.1248,0.9484,-1.2867,-0.0062,1.9030,-0.9861,-0.4400
133.248,0.1249,0.9521,-1.2912,-0.0062,1.9036,-0.9946,-0.4400
133.260,0.1250,0.9559,-1.2956,-0.0062,1.9042,-1.0031,-0.4400
133.272,0.1251,0.9597,-1.3000,-0.0062,1.9048,-1.0116,-0.4400
133.284,0.1252,0.9635,-1.3044,-0.0061,1.9054,-1.0201,-0.4400
133.296,0.1253,0.9673,-1.3089,-0.0061,1.9060,-1.0286,-0.4400
133.308,0.1254,0.9710,-1.3133,-0.0061,1.9066,-1.0371,-0.4400
133.320,0.1255,0.9748,-1.3177,-0.0061,1.9073,-1.0456,-0.4400
133.332,0.1256,0.9786,-1.3221,-0.0061,1.9079,-1.0541,-0.4400
133.344,0.1257,0.9824,-1.3266,-0.0060,1.9085,-1.0626,-0.4400
133.356,0.1258,0.9861,-1.3310,-0.0060,1.9091,-1.0711,-0.4400
133.368,0.1259,0.9899,-1.3354,-0.0060,1.9097,-1.0796,-0.4400
133.380,0.1260,0.9937,-1.3398,-0.0060,1.9103,-1.0882,-0.4400
133.392,0.1261,0.9975,-1.3443,-0.0059,1.9109,-1.0967,-0.4400
133.404,0.1262,1.0012,-1.3487,-0.0059,1.9115,-1.1052,-0.4400
133.416,0.1262,1.0050,-1.3531,-0.0059,1.9121,-1.1137,-0.4400
133.428,0.1263,1.0088,-1.3575,-0.0059,1.9127,-1.1222,-0.4400
133.440,0.1264,1.0126,-1.3620,-0.0058,1.9133,-1.1307,-0.4400
133.452,0.1265,1.0163,-1.3664,-0.0058,1.9139,-1.1392,-0.4400
133.464,0.1266,1.0201,-1.3708,-0.0058,1.9145,-1.1477,-0.4400
133.476,0.1267,1.0239,-1.3752,-0.0058,1.9151,-1.1562,-0.4400
133.488,0.1268,1.0277,-1.3797,-0.0057,1.9157,-1.1647,-0.4400
133.500,0.1269,1.0314,-1.3841,-0.0057,1.9164,-1.1732,-0.4400
133.512,0.1270,1.0352,-1.3885,-0.0057,1.9170,-1.1817,-0.4400
133.524,0.1271,1.0390,-1.3929,-0.0057,1.9176,-1.1902,-0.4400
133.536,0.1272,1.0428,-1.3974,-0.0056,1.9182,-1.1987,-0.4400
133.548,0.1273,1.0465,-1.4018,-0.0056,1.9188,-1.2073,-0.4400
133.560,0.1274,1.0503,-1.4062,-0.0056,1.9194,-1.2158,-0.4400
133.572,0.1275,1.0541,-1.4106,-0.0056,1.9200,-1.2243,-0.4400
133.584,0.1276,1.0579,-1.4151,-0.0055,1.9206,-1.2328,-0.4400
133.596,0.1277,1.0616,-1.4195,-0.0055,1.9212,-1.2413,-0.4400
133.608,0.1278,1.0654,-1.4239,-0.0055,1.9218,-1.2498,-0.4400
133.620,0.1279,1.0692,-1.4283,-0.0055,1.9224,-1.2583,-0.4400
133.632,0.1279,1.0730,-1.4328,-0.0054,1.9230,-1.2668,-0.4400
133.644,0.1280,1.0767,-1.4372,-0.0054,1.9236,-1.2753,-0.4400
133.656,0.1281,1.0805,-1.4416,-0.0054,1.9242,-1.2838,-0.4400
133.668,0.1282,1.0843,-1.4461,-0.0054,1.9249,-1.2923,-0.4400
133.680,0.1283,1.0881,-1.4505,-0.0053,1.9255,-1.3008,-0.4400
133.692,0.1284,1.0918,-1.4549,-0.0053,1.9261,-1.3093,-0.4400
133.704,0.1285,1.0956,-1.4593,-0.0053,1.9267,-1.3178,-0.4400
133.716,0.1286,1.0994,-1.4638,-0.0053,1.9273,-1.3264,-0.4400
133.728,0.1287,1.1032,-1.4682,-0.0053,1.9279,-1.3349,-0.4400
133.740,0.1288,1.1069,-1.4726,-0.0052,1.9285,-1.3434,-0.4400
133.752,0.1289,1.1107,-1.4770,-0.0052,1.9291,-1.3519,-0.4400
133.764,0.1290,1.1145,-1.4815,-0.0052,1.9297,-1.3604,-0.4400
133.776,0.1291,1.1183,-1.4859,-0.0052,1.9303,-1.3689,-0.4400
133.788,0.1292,1.1220,-1.4903,-0.0051,1.9309,-1.3774,-0.4400
133.800,0.1293,1.1255,-1.4944,-0.0051,1.9315,-1.3852,-0.4400
133.812,0.1293,1.1286,-1.4980,-0.0051,1.9320,-1.3921,-0.4400
133.824,0.1294,1.1313,-1.5011,-0.0051,1.9324,-1.3982,-0.4400
133.836,0.1295,1.1336,-1.5039,-0.0051,1.9328,-1.4035,-0.4400
133.848,0.1295,1.1357,-1.5063,-0.0050,1.9331,-1.4082,-0.4400
133.860,0.1296,1.1376,-1.5085,-0.0050,1.9334,-1.4123,-0.4400
133.872,0.1296,1.1392,-1.5104,-0.0050,1.9337,-1.4160,-0.4400
133.884,0.1296,1.1406,-1.5120,-0.0050,1.9339,-1.4192,-0.4400
133.896,0.1297,1.1418,-1.5135,-0.0050,1.9341,-1.4220,-0.4400
133.908,0.1297,1.1429,-1.5148,-0.0050,1.9343,-1.4245,-0.4400
133.920,0.1297,1.1439,-1.5159,-0.0050,1.9344,-1.4266,-0.4400
133.932,0.1297,1.1448,-1.5169,-0.0050,1.9346,-1.4286,-0.4400
133.944,0.1298,1.1455,-1.5178,-0.0050,1.9347,-1.4302,-0.4400
133.956,0.1298,1.1455,-1.5178,-0.0050,1.9347,-1.4302,-0.4400
133.968,0.1298,1.1458,-1.5178,-0.0050,1.9344,-1.4302,-0.4400
133.980,0.1298,1.1462,-1.5178,-0.0050,1.9340,-1.4302,-0.4400
133.992,0.1299,1.1469,-1.5178,-0.0050,1.9334,-1.4302,-0.4400
134.004,0.1300,1.1477,-1.5178,-0.0050,1.9326,-1.4301,-0.4400
134.016,0.1301,1.1487,-1.5177,-0.0050,1.9316,-1.4301,-0.4400
134.028,0.1302,1.1499,-1.5177,-0.0050,1.9305,-1.4300,-0.4400
134.040,0.1303,1.1511,-1.5177,-0.0051,1.9294,-1.4300,-0.4400
134.052,0.1305,1.1525,-1.5177,-0.0051,1.9281,-1.4299,-0.4400
134.064,0.1306,1.1539,-1.5177,-0.0051,1.9267,-1.4299,-0.4400
134.076,0.1308,1.1554,-1.5176,-0.0051,1.9253,-1.4298,-0.4400
134.088,0.1310,1.1570,-1.5176,-0.0051,1.9238,-1.4297,-0.4400
134.100,0.1311,1.1587,-1.5176,-0.0052,1.9222,-1.4296,-0.4400
134.112,0.1313,1.1604,-1.5176,-0.0052,1.9206,-1.4296,-0.4400
134.124,0.1315,1.1621,-1.5175,-0.0052,1.9189,-1.4295,-0.4400
134.136,0.1317,1.1639,-1.5175,-0.0052,1.9172,-1.4294,-0.4400
134.148,0.1319,1.1657,-1.5175,-0.0053,1.9155,-1.4293,-0.4400
134.160,0.1321,1.1676,-1.5174,-0.0053,1.9137,-1.4292,-0.4400
134.172,0.1322,1.1695,-1.5174,-0.0053,1.9119,-1.4291,-0.4400
134.184,0.1324,1.1714,-1.5174,-0.0054,1.9101,-1.4291,-0.4400
134.196,0.1326,1.1734,-1.5173,-0.0054,1.9083,-1.4290,-0.4400
134.208,0.1328,1.1753,-1.5173,-0.0054,1.9064,-1.4289,-0.4400
134.220,0.1331,1.1773,-1.5173,-0.0054,1.9045,-1.4288,-0.4400
134.232,0.1333,1.1793,-1.5172,-0.0055,1.9026,-1.4287,-0.4400
134.244,0.1335,1.1813,-1.5172,-0.0055,1.9007,-1.4286,-0.4400
134.256,0.1337,1.1833,-1.5172,-0.0055,1.8988,-1.4285,-0.4400
134.268,0.1339,1.1853,-1.5171,-0.0056,1.8969,-1.4284,-0.4400
134.280,0.1341,1.1874,-1.5171,-0.0056,1.8949,-1.4283,-0.4400
134.292,0.1343,1.1894,-1.5171,-0.0056,1.8930,-1.4282,-0.4400
134.304,0.1345,1.1915,-1.5170,-0.0056,1.8911,-1.4281,-0.4400
134.316,0.1347,1.1935,-1.5170,-0.0057,1.8891,-1.4280,-0.4400
134.328,0.1349,1.1956,-1.5170,-0.0057,1.8871,-1.4279,-0.4400
134.340,0.1352,1.1977,-1.5169,-0.0057,1.8852,-1.4279,-0.4400
134.352,0.1354,1.1997,-1.5169,-0.0058,1.8832,-1.4278,-0.4400
134.364,0.1356,1.2018,-1.5169,-0.0058,1.8812,-1.4277,-0.4400
134.376,0.1358,1.2039,-1.5168,-0.0058,1.8793,-1.4276,-0.4400
134.388,0.1360,1.2060,-1.5168,-0.0059,1.8773,-1.4275,-0.4400
134.400,0.1362,1.2081,-1.5168,-0.0059,1.8753,-1.4274,-0.4400
134.412,0.1364,1.2102,-1.5167,-0.0059,1.8733,-1.4273,-0.4400
134.424,0.1367,1.2123,-1.5167,-0.0060,1.8713,-1.4272,-0.4400
134.436,0.1369,1.2143,-1.5167,-0.0060,1.8694,-1.4271,-0.4400
134.448,0.1371,1.2164,-1.5166,-0.0060,1.8674,-1.4270,-0.4400
134.460,0.1373,1.2185,-1.5166,-0.0060,1.8654,-1.4269,-0.4400
134.472,0.1375,1.2206,-1.5166,-0.0061,1.8634,-1.4268,-0.4400
134.484,0.1377,1.2227,-1.5165,-0.0061,1.8614,-1.4267,-0.4400
134.496,0.1380,1.2248,-1.5165,-0.0061,1.8594,-1.4266,-0.4400
134.508,0.1382,1.2269,-1.5165,-0.0062,1.8574,-1.4265,-0.4400
134.520,0.1384,1.2290,-1.5164,-0.0062,1.8554,-1.4264,-0.4400
134.532,0.1386,1.2311,-1.5164,-0.0062,1.8534,-1.4263,-0.4400
134.544,0.1388,1.2332,-1.5164,-0.0063,1.8514,-1.4262,-0.4400
134.556,0.1390,1.2353,-1.5163,-0.0063,1.8494,-1.4261,-0.4400
134.568,0.1393,1.2374,-1.5163,-0.0063,1.8475,-1.4260,-0.4400
134.580,0.1395,1.2395,-1.5163,-0.0063,1.8455,-1.4259,-0.4400
134.592,0.1397,1.2416,-1.5162,-0.0064,1.8435,-1.4258,-0.4400
134.604,0.1399,1.2437,-1.5162,-0.0064,1.8415,-1.4257,-0.4400
134.616,0.1401,1.2458,-1.5161,-0.0064,1.8395,-1.4256,-0.4400
134.628,0.1404,1.2479,-1.5161,-0.0065,1.8375,-1.4255,-0.4400
134.640,0.1406,1.2500,-1.5161,-0.0065,1.8355,-1.4255,-0.4400
134.652,0.1408,1.2521,-1.5160,-0.0065,1.8335,-1.4254,-0.4400
134.664,0.1410,1.2543,-1.5160,-0.0066,1.8315,-1.4253,-0.4400
134.676,0.1412,1.2564,-1.5160,-0.0066,1.8295,-1.4252,-0.4400
134.688,0.1414,1.2585,-1.5159,-0.0066,1.8275,-1.4251,-0.4400
134.700,0.1417,1.2606,-1.5159,-0.0067,1.8255,-1.4250,-0.4400
134.712,0.1419,1.2627,-1.5159,-0.0067,1.8235,-1.4249,-0.4400
134.724,0.1421,1.2648,-1.5158,-0.0067,1.8215,-1.4248,-0.4400
134.736,0.1423,1.2669,-1.5158,-0.0067,1.8195,-1.4247,-0.4400
134.748,0.1425,1.2690,-1.5158,-0.0068,1.8175,-1.4246,-0.4400
134.760,0.1427,1.2711,-1.5157,-0.0068,1.8155,-1.4245,-0.4400
134.772,0.1430,1.2732,-1.5157,-0.0068,1.8135,-1.4244,-0.4400
134.784,0.1432,1.2753,-1.5157,-0.0069,1.8115,-1.4243,-0.4400
134.796,0.1434,1.2774,-1.5156,-0.0069,1.8095,-1.4242,-0.4400
134.808,0.1436,1.2795,-1.5156,-0.0069,1.8075,-1.4241,-0.4400
134.820,0.1438,1.2816,-1.5156,-0.0070,1.8055,-1.4240,-0.4400
134.832,0.1440,1.2837,-1.5155,-0.0070,1.8035,-1.4239,-0.4400
134.844,0.1443,1.2858,-1.5155,-0.0070,1.8015,-1.4238,-0.4400
134.856,0.1445,1.2879,-1.5155,-0.0071,1.7995,-1.4237,-0.4400
134.868,0.1447,1.2900,-1.5154,-0.0071,1.7975,-1.4236,-0.4400
134.880,0.1449,1.2921,-1.5154,-0.0071,1.7955,-1.4235,-0.4400
134.892,0.1451,1.2942,-1.5154,-0.0071,1.7936,-1.4234,-0.4400
134.904,0.1454,1.2963,-1.5153,-0.0072,1.7916,-1.4233,-0.4400
134.916,0.1456,1.2984,-1.5153,-0.0072,1.7896,-1.4232,-0.4400
134.928,0.1458,1.3005,-1.5152,-0.0072,1.7876,-1.4231,-0.4400
134.940,0.1460,1.3027,-1.5152,-0.0073,1.7856,-1.4230,-0.4400
134.952,0.1462,1.3048,-1.5152,-0.0073,1.7836,-1.4229,-0.4400
134.964,0.1464,1.3069,-1.5151,-0.0073,1.7816,-1.4228,-0.4400
134.976,0.1467,1.3090,-1.5151,-0.0074,1.7796,-1.4228,-0.4400
134.988,0.1469,1.3111,-1.5151,-0.0074,1.7776,-1.4227,-0.4400
135.000,0.1471,1.3132,-1.5150,-0.0074,1.7756,-1.4226,-0.4400
135.012,0.1473,1.3153,-1.5150,-0.0075,1.7736,-1.4225,-0.4400
135.024,0.1475,1.3174,-1.5150,-0.0075,1.7716,-1.4224,-0.4400
135.036,0.1477,1.3195,-1.5149,-0.0075,1.7696,-1.4223,-0.4400
135.048,0.1480,1.3216,-1.5149,-0.0075,1.7676,-1.4222,-0.4400
135.060,0.1482,1.3237,-1.5149,-0.0076,1.7656,-1.4221,-0.4400
135.072,0.1484,1.3258,-1.5148,-0.0076,1.7636,-1.4220,-0.4400
135.084,0.1486,1.3279,-1.5148,-0.0076,1.7616,-1.4219,-0.4400
135.096,0.1488,1.3300,-1.5148,-0.0077,1.7596,-1.4218,-0.4400
135.108,0.1490,1.3321,-1.5147,-0.0077,1.7576,-1.4217,-0.4400
135.120,0.1493,1.3342,-1.5147,-0.0077,1.7556,-1.4216,-0.4400
135.132,0.1495,1.3363,-1.5147,-0.0078,1.7536,-1.4215,-0.4400
135.144,0.1497,1.3384,-1.5146,-0.0078,1.7516,-1.4214,-0.4400
135.156,0.1499,1.3405,-1.5146,-0.0078,1.7496,-1.4213,-0.4400
135.168,0.1501,1.3424,-1.5146,-0.0079,1.7479,-1.4212,-0.4400
135.180,0.1503,1.3440,-1.5145,-0.0079,1.7463,-1.4211,-0.4400
135.192,0.1504,1.3455,-1.5145,-0.0079,1.7449,-1.4211,-0.4400
135.204,0.1506,1.3467,-1.5145,-0.0079,1.7438,-1.4210,-0.4400
135.216,0.1507,1.3478,-1.5145,-0.0079,1.7427,-1.4210,-0.4395
135.228,0.1508,1.3488,-1.5145,-0.0079,1.7418,-1.4209,-0.4385
135.240,0.1509,1.3497,-1.5144,-0.0080,1.7410,-1.4209,-0.4371
135.252,0.1509,1.3504,-1.5144,-0.0080,1.7402,-1.4209,-0.4353
135.264,0.1510,1.3511,-1.5144,-0.0080,1.7396,-1.4208,-0.4332
135.276,0.1511,1.3517,-1.5144,-0.0080,1.7390,-1.4208,-0.4309
135.288,0.1511,1.3522,-1.5144,-0.0080,1.7386,-1.4208,-0.4283
135.300,0.1512,1.3526,-1.5144,-0.0080,1.7381,-1.4207,-0.4255
135.312,0.1512,1.3530,-1.5144,-0.0080,1.7377,-1.4207,-0.4225
135.324,0.1512,1.3534,-1.5144,-0.0080,1.7374,-1.4207,-0.4193
135.336,0.1513,1.3537,-1.5144,-0.0080,1.7371,-1.4207,-0.4160
135.348,0.1513,1.3540,-1.5144,-0.0080,1.7369,-1.4207,-0.4125
135.360,0.1513,1.3542,-1.5144,-0.0080,1.7366,-1.4207,-0.4089
135.372,0.1514,1.3544,-1.5144,-0.0080,1.7364,-1.4207,-0.4053
135.384,0.1514,1.3546,-1.5144,-0.0080,1.7363,-1.4207,-0.4015
135.396,0.1514,1.3548,-1.5144,-0.0080,1.7361,-1.4207,-0.3977
135.408,0.1514,1.3549,-1.5144,-0.0080,1.7360,-1.4206,-0.3938
135.420,0.1514,1.3550,-1.5144,-0.0080,1.7358,-1.4206,-0.3898
135.432,0.1514,1.3552,-1.5143,-0.0080,1.7357,-1.4206,-0.3858
135.444,0.1514,1.3553,-1.5143,-0.0080,1.7356,-1.4206,-0.3818
135.456,0.1514,1.3553,-1.5143,-0.0080,1.7356,-1.4206,-0.3777
135.468,0.1515,1.3554,-1.5143,-0.0080,1.7355,-1.4206,-0.3735
135.480,0.1515,1.3555,-1.5143,-0.0080,1.7354,-1.4206,-0.3694
135.492,0.1515,1.3555,-1.5143,-0.0080,1.7354,-1.4206,-0.3652
135.504,0.1515,1.3556,-1.5143,-0.0080,1.7353,-1.4206,-0.3609
135.516,0.1515,1.3556,-1.5143,-0.0080,1.7353,-1.4206,-0.3567
135.528,0.1515,1.3557,-1.5143,-0.0080,1.7352,-1.4206,-0.3524
135.540,0.1515,1.3557,-1.5143,-0.0080,1.7352,-1.4206,-0.3482
135.552,0.1515,1.3557,-1.5143,-0.0080,1.7352,-1.4206,-0.3439
135.564,0.1515,1.3558,-1.5143,-0.0080,1.7352,-1.4206,-0.3396
135.576,0.1515,1.3558,-1.5143,-0.0080,1.7351,-1.4206,-0.3353
135.588,0.1515,1.3558,-1.5143,-0.0080,1.7351,-1.4206,-0.3309
135.600,0.1515,1.3558,-1.5143,-0.0080,1.7351,-1.4206,-0.3266
135.612,0.1515,1.3559,-1.5143,-0.0080,1.7351,-1.4206,-0.3222
135.624,0.1515,1.3559,-1.5143,-0.0080,1.7351,-1.4206,-0.3179
135.636,0.1515,1.3559,-1.5143,-0.0080,1.7351,-1.4206,-0.3135
135.648,0.1515,1.3559,-1.5143,-0.0080,1.7350,-1.4206,-0.3092
135.660,0.1515,1.3559,-1.5143,-0.0080,1.7350,-1.4206,-0.3048
135.672,0.1515,1.3559,-1.5143,-0.0080,1.7350,-1.4206,-0.3004
135.684,0.1515,1.3559,-1.5143,-0.0080,1.7350,-1.4206,-0.2961
135.696,0.1515,1.3559,-1.5143,-0.0080,1.7350,-1.4206,-0.2917
135.708,0.1515,1.3559,-1.5143,-0.0080,1.7350,-1.4206,-0.2873
135.720,0.1515,1.3559,-1.5143,-0.0080,1.7350,-1.4206,-0.2829
135.732,0.1515,1.3559,-1.5143,-0.0080,1.7350,-1.4206,-0.2786
135.744,0.1515,1.3559,-1.5143,-0.0080,1.7350,-1.4206,-0.2742
135.756,0.1515,1.3559,-1.5143,-0.0080,1.7350,-1.4206,-0.2698
135.768,0.1515,1.3559,-1.5143,-0.0080,1.7350,-1.4206,-0.2654
135.780,0.1515,1.3560,-1.5143,-0.0080,1.7350,-1.4206,-0.2610
135.792,0.1515,1.3560,-1.5143,-0.0080,1.7350,-1.4206,-0.2566
135.804,0.1515,1.3560,-1.5143,-0.0080,1.7350,-1.4206,-0.2522
135.816,0.1515,1.3560,-1.5143,-0.0080,1.7350,-1.4206,-0.2478
135.828,0.1515,1.3560,-1.5143,-0.0080,1.7350,-1.4206,-0.2434
135.840,0.1515,1.3560,-1.5143,-0.0080,1.7350,-1.4206,-0.2390
135.852,0.1515,1.3560,-1.5143,-0.0080,1.7350,-1.4206,-0.2346
135.864,0.1515,1.3560,-1.5143,-0.0080,1.7350,-1.4206,-0.2302
135.876,0.1515,1.3560,-1.5143,-0.0080,1.7350,-1.4206,-0.2258
135.888,0.1515,1.3560,-1.5143,-0.0080,1.7350,-1.4206,-0.2214
135.900,0.1515,1.3560,-1.5143,-0.0080,1.7350,-1.4206,-0.2170
135.912,0.1515,1.3560,-1.5143,-0.0080,1.7350,-1.4206,-0.2126
135.924,0.1515,1.3560,-1.5143,-0.0080,1.7350,-1.4206,-0.2083
135.936,0.1515,1.3560,-1.5143,-0.0080,1.7350,-1.4206,-0.2039
135.948,0.1515,1.3560,-1.5143,-0.0080,1.7350,-1.4206,-0.1995
135.960,0.1515,1.3560,-1.5143,-0.0080,1.7350,-1.4206,-0.1951
135.972,0.1515,1.3560,-1.5143,-0.0080,1.7350,-1.4206,-0.1907
135.984,0.1515,1.3560,-1.5143,-0.0080,1.7350,-1.4206,-0.1863
135.996,0.1515,1.3560,-1.5143,-0.0080,1.7350,-1.4206,-0.1819
136.008,0.1515,1.3560,-1.5143,-0.0080,1.7350,-1.4206,-0.1775
136.020,0.1515,1.3560,-1.5143,-0.0080,1.7350,-1.4206,-0.1731
136.032,0.1515,1.3560,-1.5143,-0.0080,1.7350,-1.4206,-0.1687
136.044,0.1515,1.3560,-1.5143,-0.0080,1.7350,-1.4206,-0.1643
136.056,0.1515,1.3560,-1.5143,-0.0080,1.7350,-1.4206,-0.1599
136.068,0.1515,1.3560,-1.5143,-0.0080,1.7350,-1.4206,-0.1555
136.080,0.1515,1.3560,-1.5143,-0.0080,1.7350,-1.4206,-0.1511
136.092,0.1515,1.3560,-1.5143,-0.0080,1.7350,-1.4206,-0.1467
136.104,0.1515,1.3560,-1.5143,-0.0080,1.7350,-1.4206,-0.1423
136.116,0.1515,1.3560,-1.5143,-0.0080,1.7350,-1.4206,-0.1379
136.128,0.1515,1.3560,-1.5143,-0.0080,1.7350,-1.4206,-0.1335
136.140,0.1515,1.3560,-1.5143,-0.0080,1.7350,-1.4206,-0.1291
136.152,0.1515,1.3560,-1.5143,-0.0080,1.7350,-1.4206,-0.1247
136.164,0.1515,1.3560,-1.5143,-0.0080,1.7350,-1.4206,-0.1203
136.176,0.1515,1.3560,-1.5143,-0.0080,1.7350,-1.4206,-0.1159
136.188,0.1515,1.3560,-1.5143,-0.0080,1.7350,-1.4206,-0.1115
136.200,0.1515,1.3560,-1.5143,-0.0080,1.7350,-1.4206,-0.1071
136.212,0.1515,1.3560,-1.5143,-0.0080,1.7350,-1.4206,-0.1027
136.224,0.1515,1.3560,-1.5143,-0.0080,1.7350,-1.4206,-0.0983
136.236,0.1515,1.3560,-1.5143,-0.0080,1.7350,-1.4206,-0.0939
136.248,0.1515,1.3560,-1.5143,-0.0080,1.7350,-1.4206,-0.0895
136.260,0.1515,1.3560,-1.5143,-0.0080,1.7350,-1.4206,-0.0851
136.272,0.1515,1.3560,-1.5143,-0.0080,1.7350,-1.4206,-0.0807
136.284,0.1515,1.3560,-1.5143,-0.0080,1.7350,-1.4206,-0.0763
136.296,0.1515,1.3560,-1.5143,-0.0080,1.7350,-1.4206,-0.0719
136.308,0.1515,1.3560,-1.5143,-0.0080,1.7350,-1.4206,-0.0675
136.320,0.1515,1.3560,-1.5143,-0.0080,1.7350,-1.4206,-0.0631
136.332,0.1515,1.3560,-1.5143,-0.0080,1.7350,-1.4206,-0.0587
136.344,0.1515,1.3560,-1.5143,-0.0080,1.7350,-1.4206,-0.0543
136.356,0.1515,1.3560,-1.5143,-0.0080,1.7350,-1.4206,-0.0499
136.368,0.1515,1.3560,-1.5143,-0.0080,1.7350,-1.4206,-0.0455
136.380,0.1515,1.3560,-1.5143,-0.0080,1.7350,-1.4206,-0.0411
136.392,0.1515,1.3560,-1.5143,-0.0080,1.7350,-1.4206,-0.0367
136.404,0.1515,1.3560,-1.5143,-0.0080,1.7350,-1.4206,-0.0323
136.416,0.1515,1.3560,-1.5143,-0.0080,1.7350,-1.4206,-0.0284
136.428,0.1515,1.3560,-1.5143,-0.0080,1.7350,-1.4206,-0.0250
136.440,0.1515,1.3560,-1.5143,-0.0080,1.7350,-1.4206,-0.0220
136.452,0.1515,1.3557,-1.5143,-0.0080,1.7352,-1.4206,-0.0194
136.464,0.1514,1.3553,-1.5144,-0.0080,1.7357,-1.4207,-0.0170
136.476,0.1514,1.3546,-1.5144,-0.0080,1.7363,-1.4207,-0.0150
136.488,0.1513,1.3538,-1.5144,-0.0080,1.7371,-1.4208,-0.0132
136.500,0.1512,1.3528,-1.5145,-0.0080,1.7380,-1.4209,-0.0116
136.512,0.1511,1.3517,-1.5145,-0.0080,1.7391,-1.4211,-0.0102
136.524,0.1509,1.3505,-1.5146,-0.0080,1.7403,-1.4212,-0.0090
136.536,0.1508,1.3492,-1.5147,-0.0079,1.7416,-1.4213,-0.0079
136.548,0.1507,1.3478,-1.5147,-0.0079,1.7430,-1.4215,-0.0070
136.560,0.1505,1.3463,-1.5148,-0.0079,1.7444,-1.4216,-0.0061
136.572,0.1503,1.3448,-1.5149,-0.0079,1.7459,-1.4218,-0.0054
136.584,0.1502,1.3432,-1.5150,-0.0079,1.7475,-1.4220,-0.0047
136.596,0.1500,1.3415,-1.5150,-0.0078,1.7491,-1.4222,-0.0042
136.608,0.1498,1.3398,-1.5151,-0.0078,1.7508,-1.4223,-0.0037
136.620,0.1496,1.3380,-1.5152,-0.0078,1.7525,-1.4225,-0.0032
136.632,0.1494,1.3363,-1.5153,-0.0078,1.7543,-1.4227,-0.0028
136.644,0.1492,1.3344,-1.5154,-0.0077,1.7560,-1.4229,-0.0025
136.656,0.1490,1.3326,-1.5155,-0.0077,1.7578,-1.4231,-0.0022
136.668,0.1489,1.3307,-1.5156,-0.0077,1.7597,-1.4233,-0.0019
136.680,0.1487,1.3288,-1.5156,-0.0076,1.7615,-1.4235,-0.0017
136.692,0.1485,1.3269,-1.5157,-0.0076,1.7634,-1.4237,-0.0015
136.704,0.1482,1.3250,-1.5158,-0.0076,1.7653,-1.4239,-0.0013
136.716,0.1480,1.3231,-1.5159,-0.0076,1.7672,-1.4241,-0.0012
136.728,0.1478,1.3211,-1.5160,-0.0075,1.7691,-1.4243,-0.0010
136.740,0.1476,1.3191,-1.5161,-0.0075,1.7710,-1.4246,-0.0009
136.752,0.1474,1.3172,-1.5162,-0.0075,1.7729,-1.4248,-0.0008
136.764,0.1472,1.3152,-1.5163,-0.0074,1.7749,-1.4250,-0.0007
136.776,0.1470,1.3132,-1.5164,-0.0074,1.7768,-1.4252,-0.0006
136.788,0.1468,1.3112,-1.5165,-0.0074,1.7788,-1.4254,-0.0005
136.800,0.1466,1.3092,-1.5166,-0.0073,1.7808,-1.4256,-0.0005
136.812,0.1464,1.3072,-1.5167,-0.0073,1.7827,-1.4258,-0.0004
136.824,0.1462,1.3052,-1.5168,-0.0073,1.7847,-1.4261,-0.0004
136.836,0.1459,1.3031,-1.5169,-0.0072,1.7867,-1.4263,-0.0003
136.848,0.1457,1.3011,-1.5170,-0.0072,1.7887,-1.4265,-0.0003
136.860,0.1455,1.2991,-1.5171,-0.0072,1.7906,-1.4267,-0.0003
136.872,0.1453,1.2971,-1.5172,-0.0072,1.7926,-1.4269,-0.0002
136.884,0.1451,1.2950,-1.5173,-0.0071,1.7946,-1.4271,-0.0002
136.896,0.1449,1.2930,-1.5174,-0.0071,1.7966,-1.4274,-0.0002
136.908,0.1447,1.2910,-1.5175,-0.0071,1.7986,-1.4276,-0.0002
136.920,0.1444,1.2889,-1.5176,-0.0070,1.8006,-1.4278,-0.0001
136.932,0.1442,1.2869,-1.5177,-0.0070,1.8026,-1.4280,-0.0001
136.944,0.1440,1.2848,-1.5178,-0.0070,1.8046,-1.4282,-0.0001
136.956,0.1438,1.2828,-1.5179,-0.0069,1.8066,-1.4285,-0.0001
136.968,0.1436,1.2808,-1.5180,-0.0069,1.8086,-1.4287,-0.0001
136.980,0.1434,1.2787,-1.5181,-0.0069,1.8106,-1.4289,-0.0001
136.992,0.1432,1.2767,-1.5182,-0.0068,1.8126,-1.4291,-0.0001
137.004,0.1429,1.2746,-1.5183,-0.0068,1.8146,-1.4293,-0.0001
137.016,0.1427,1.2726,-1.5184,-0.0068,1.8166,-1.4296,-0.0000
137.028,0.1425,1.2705,-1.5185,-0.0068,1.8186,-1.4298,-0.0000
137.040,0.1423,1.2685,-1.5186,-0.0067,1.8206,-1.4300,-0.0000
137.052,0.1421,1.2664,-1.5187,-0.0067,1.8226,-1.4302,-0.0000
137.064,0.1419,1.2644,-1.5188,-0.0067,1.8246,-1.4304,-0.0000
137.076,0.1416,1.2623,-1.5189,-0.0066,1.8266,-1.4307,-0.0000
137.088,0.1414,1.2603,-1.5190,-0.0066,1.8286,-1.4309,-0.0000
137.100,0.1412,1.2583,-1.5191,-0.0066,1.8306,-1.4311,-0.0000
137.112,0.1410,1.2562,-1.5192,-0.0065,1.8326,-1.4313,-0.0000
137.124,0.1408,1.2542,-1.5193,-0.0065,1.8346,-1.4315,-0.0000
137.136,0.1406,1.2521,-1.5194,-0.0065,1.8366,-1.4318,-0.0000
137.148,0.1403,1.2501,-1.5195,-0.0064,1.8386,-1.4320,-0.0000
137.160,0.1401,1.2480,-1.5196,-0.0064,1.8406,-1.4322,-0.0000
137.172,0.1399,1.2460,-1.5197,-0.0064,1.8426,-1.4324,-0.0000
137.184,0.1397,1.2439,-1.5197,-0.0064,1.8446,-1.4326,-0.0000
137.196,0.1395,1.2419,-1.5198,-0.0063,1.8466,-1.4329,-0.0000
137.208,0.1393,1.2398,-1.5199,-0.0063,1.8486,-1.4331,-0.0000
137.220,0.1391,1.2378,-1.5200,-0.0063,1.8507,-1.4333,-0.0000
137.232,0.1388,1.2357,-1.5201,-0.0062,1.8527,-1.4335,-0.0000
137.244,0.1386,1.2337,-1.5202,-0.0062,1.8547,-1.4337,-0.0000
137.256,0.1384,1.2316,-1.5203,-0.0062,1.8567,-1.4340,-0.0000
137.268,0.1382,1.2296,-1.5204,-0.0061,1.8587,-1.4342,-0.0000
137.280,0.1380,1.2275,-1.5205,-0.0061,1.8607,-1.4344,-0.0000
137.292,0.1378,1.2255,-1.5206,-0.0061,1.8627,-1.4346,-0.0000
137.304,0.1375,1.2234,-1.5207,-0.0060,1.8647,-1.4348,-0.0000
137.316,0.1373,1.2214,-1.5208,-0.0060,1.8667,-1.4351,-0.0000
137.328,0.1371,1.2193,-1.5209,-0.0060,1.8687,-1.4353,-0.0000
137.340,0.1369,1.2173,-1.5210,-0.0059,1.8707,-1.4355,-0.0000
137.352,0.1367,1.2152,-1.5211,-0.0059,1.8727,-1.4357,-0.0000
137.364,0.1365,1.2132,-1.5212,-0.0059,1.8747,-1.4359,-0.0000
137.376,0.1362,1.2111,-1.5213,-0.0059,1.8767,-1.4362,-0.0000
137.388,0.1360,1.2091,-1.5214,-0.0058,1.8787,-1.4364,-0.0000
137.400,0.1358,1.2070,-1.5215,-0.0058,1.8807,-1.4366,-0.0000
137.412,0.1356,1.2050,-1.5216,-0.0058,1.8827,-1.4368,-0.0000
137.424,0.1354,1.2029,-1.5217,-0.0057,1.8848,-1.4370,-0.0000
137.436,0.1352,1.2009,-1.5218,-0.0057,1.8868,-1.4373,-0.0000
137.448,0.1349,1.1988,-1.5219,-0.0057,1.8888,-1.4375,-0.0000
137.460,0.1347,1.1968,-1.5220,-0.0056,1.8908,-1.4377,-0.0000
137.472,0.1345,1.1947,-1.5221,-0.0056,1.8928,-1.4379,-0.0000
137.484,0.1343,1.1927,-1.5222,-0.0056,1.8948,-1.4381,-0.0000
137.496,0.1341,1.1906,-1.5223,-0.0055,1.8968,-1.4384,-0.0000
137.508,0.1339,1.1886,-1.5224,-0.0055,1.8988,-1.4386,-0.0000
137.520,0.1336,1.1865,-1.5225,-0.0055,1.9008,-1.4388,-0.0000
137.532,0.1334,1.1845,-1.5226,-0.0054,1.9028,-1.4390,-0.0000
137.544,0.1332,1.1824,-1.5227,-0.0054,1.9048,-1.4392,-0.0000
137.556,0.1330,1.1804,-1.5228,-0.0054,1.9068,-1.4395,-0.0000
137.568,0.1328,1.1783,-1.5229,-0.0054,1.9088,-1.4397,-0.0000
137.580,0.1326,1.1763,-1.5230,-0.0053,1.9108,-1.4399,-0.0000
137.592,0.1324,1.1742,-1.5231,-0.0053,1.9128,-1.4401,-0.0000
137.604,0.1321,1.1722,-1.5232,-0.0053,1.9148,-1.4403,-0.0000
137.616,0.1319,1.1701,-1.5233,-0.0052,1.9168,-1.4406,-0.0000
137.628,0.1317,1.1681,-1.5234,-0.0052,1.9189,-1.4408,-0.0000
137.640,0.1315,1.1660,-1.5235,-0.0052,1.9209,-1.4410,-0.0000
137.652,0.1313,1.1642,-1.5236,-0.0051,1.9226,-1.4412,-0.0000
137.664,0.1311,1.1626,-1.5237,-0.0051,1.9242,-1.4414,-0.0000
137.676,0.1310,1.1612,-1.5237,-0.0051,1.9255,-1.4415,-0.0000
137.688,0.1310,1.1612,-1.5237,-0.0051,1.9255,-1.4415,-0.0000
137.700,0.1309,1.1612,-1.5237,-0.0051,1.9256,-1.4415,-0.0000
137.712,0.1307,1.1612,-1.5237,-0.0051,1.9256,-1.4415,-0.0000
137.724,0.1305,1.1612,-1.5237,-0.0051,1.9256,-1.4415,-0.0000
137.736,0.1301,1.1612,-1.5237,-0.0051,1.9256,-1.4415,-0.0000
137.748,0.1298,1.1611,-1.5237,-0.0051,1.9256,-1.4415,-0.0000
137.760,0.1294,1.1611,-1.5237,-0.0051,1.9257,-1.4415,-0.0000
137.772,0.1289,1.1611,-1.5238,-0.0051,1.9257,-1.4415,-0.0000
137.784,0.1284,1.1610,-1.5238,-0.0051,1.9257,-1.4415,-0.0000
137.796,0.1279,1.1610,-1.5238,-0.0051,1.9258,-1.4415,-0.0000
137.808,0.1273,1.1609,-1.5238,-0.0051,1.9258,-1.4416,-0.0000
137.820,0.1267,1.1609,-1.5238,-0.0051,1.9259,-1.4416,-0.0000
137.832,0.1261,1.1609,-1.5238,-0.0051,1.9259,-1.4416,-0.0000
137.844,0.1254,1.1608,-1.5238,-0.0051,1.9260,-1.4416,-0.0000
137.856,0.1248,1.1608,-1.5238,-0.0051,1.9260,-1.4416,-0.0000
137.868,0.1241,1.1607,-1.5238,-0.0051,1.9261,-1.4416,-0.0000
137.880,0.1234,1.1606,-1.5238,-0.0051,1.9261,-1.4416,-0.0000
137.892,0.1227,1.1606,-1.5238,-0.0051,1.9262,-1.4416,-0.0000
137.904,0.1220,1.1605,-1.5238,-0.0051,1.9262,-1.4416,-0.0000
137.916,0.1213,1.1605,-1.5238,-0.0051,1.9263,-1.4416,-0.0000
137.928,0.1206,1.1604,-1.5238,-0.0051,1.9263,-1.4416,-0.0000
137.940,0.1198,1.1604,-1.5238,-0.0051,1.9264,-1.4416,-0.0000
137.952,0.1191,1.1603,-1.5238,-0.0051,1.9265,-1.4416,-0.0000
137.964,0.1184,1.1603,-1.5238,-0.0051,1.9265,-1.4416,-0.0000
137.976,0.1176,1.1602,-1.5238,-0.0051,1.9266,-1.4416,-0.0000
137.988,0.1169,1.1601,-1.5238,-0.0051,1.9266,-1.4416,-0.0000
138.000,0.1161,1.1601,-1.5238,-0.0051,1.9267,-1.4416,-0.0000
138.012,0.1153,1.1600,-1.5238,-0.0051,1.9267,-1.4417,-0.0000
138.024,0.1146,1.1600,-1.5238,-0.0051,1.9268,-1.4417,-0.0000
138.036,0.1138,1.1599,-1.5238,-0.0051,1.9269,-1.4417,-0.0000
138.048,0.1130,1.1598,-1.5238,-0.0051,1.9269,-1.4417,-0.0000
138.060,0.1123,1.1598,-1.5238,-0.0051,1.9270,-1.4417,-0.0000
138.072,0.1115,1.1597,-1.5238,-0.0051,1.9270,-1.4417,-0.0000
138.084,0.1107,1.1597,-1.5238,-0.0051,1.9271,-1.4417,-0.0000
138.096,0.1100,1.1596,-1.5238,-0.0051,1.9272,-1.4417,-0.0000
138.108,0.1092,1.1595,-1.5238,-0.0051,1.9272,-1.4417,-0.0000
138.120,0.1084,1.1595,-1.5238,-0.0051,1.9273,-1.4417,-0.0000
138.132,0.1076,1.1594,-1.5238,-0.0051,1.9273,-1.4417,-0.0000
138.144,0.1068,1.1594,-1.5238,-0.0051,1.9274,-1.4417,-0.0000
138.156,0.1061,1.1593,-1.5238,-0.0051,1.9275,-1.4417,-0.0000
138.168,0.1053,1.1592,-1.5238,-0.0051,1.9275,-1.4417,-0.0000
138.180,0.1045,1.1592,-1.5238,-0.0051,1.9276,-1.4417,-0.0000
138.192,0.1037,1.1591,-1.5238,-0.0051,1.9276,-1.4417,-0.0000
138.204,0.1029,1.1590,-1.5238,-0.0051,1.9277,-1.4418,-0.0000
138.216,0.1021,1.1590,-1.5239,-0.0051,1.9278,-1.4418,-0.0000
138.228,0.1014,1.1589,-1.5239,-0.0051,1.9278,-1.4418,-0.0000
138.240,0.1006,1.1589,-1.5239,-0.0051,1.9279,-1.4418,-0.0000
138.252,0.0998,1.1588,-1.5239,-0.0051,1.9279,-1.4418,-0.0000
138.264,0.0990,1.1587,-1.5239,-0.0051,1.9280,-1.4418,-0.0000
138.276,0.0982,1.1587,-1.5239,-0.0051,1.9281,-1.4418,-0.0000
138.288,0.0974,1.1586,-1.5239,-0.0051,1.9281,-1.4418,-0.0000
138.300,0.0967,1.1586,-1.5239,-0.0051,1.9282,-1.4418,-0.0000
138.312,0.0959,1.1585,-1.5239,-0.0051,1.9282,-1.4418,-0.0000
138.324,0.0951,1.1584,-1.5239,-0.0051,1.9283,-1.4418,-0.0000
138.336,0.0943,1.1584,-1.5239,-0.0051,1.9284,-1.4418,-0.0000
138.348,0.0935,1.1583,-1.5239,-0.0051,1.9284,-1.4418,-0.0000
138.360,0.0927,1.1582,-1.5239,-0.0051,1.9285,-1.4418,-0.0000
138.372,0.0919,1.1582,-1.5239,-0.0051,1.9285,-1.4418,-0.0000
138.384,0.0912,1.1581,-1.5239,-0.0051,1.9286,-1.4419,-0.0000
138.396,0.0904,1.1581,-1.5239,-0.0050,1.9287,-1.4419,-0.0000
138.408,0.0896,1.1580,-1.5239,-0.0050,1.9287,-1.4419,-0.0000
138.420,0.0888,1.1579,-1.5239,-0.0050,1.9288,-1.4419,-0.0000
138.432,0.0880,1.1579,-1.5239,-0.0050,1.9288,-1.4419,-0.0000
138.444,0.0872,1.1578,-1.5239,-0.0050,1.9289,-1.4419,-0.0000
138.456,0.0864,1.1578,-1.5239,-0.0050,1.9290,-1.4419,-0.0000
138.468,0.0857,1.1577,-1.5239,-0.0050,1.9290,-1.4419,-0.0000
138.480,0.0849,1.1576,-1.5239,-0.0050,1.9291,-1.4419,-0.0000
138.492,0.0841,1.1576,-1.5239,-0.0050,1.9291,-1.4419,-0.0000
138.504,0.0833,1.1575,-1.5239,-0.0050,1.9292,-1.4419,-0.0000
138.516,0.0825,1.1574,-1.5239,-0.0050,1.9293,-1.4419,-0.0000
138.528,0.0817,1.1574,-1.5239,-0.0050,1.9293,-1.4419,-0.0000
138.540,0.0809,1.1573,-1.5239,-0.0050,1.9294,-1.4419,-0.0000
138.552,0.0802,1.1573,-1.5239,-0.0050,1.9294,-1.4419,-0.0000
138.564,0.0794,1.1572,-1.5239,-0.0050,1.9295,-1.4420,-0.0000
138.576,0.0786,1.1571,-1.5239,-0.0050,1.9296,-1.4420,-0.0000
138.588,0.0778,1.1571,-1.5239,-0.0050,1.9296,-1.4420,-0.0000
138.600,0.0770,1.1570,-1.5239,-0.0050,1.9297,-1.4420,-0.0000
138.612,0.0762,1.1570,-1.5239,-0.0050,1.9297,-1.4420,-0.0000
138.624,0.0754,1.1569,-1.5240,-0.0050,1.9298,-1.4420,-0.0000
138.636,0.0747,1.1568,-1.5240,-0.0050,1.9299,-1.4420,-0.0000
138.648,0.0739,1.1568,-1.5240,-0.0050,1.9299,-1.4420,-0.0000
138.660,0.0731,1.1567,-1.5240,-0.0050,1.9300,-1.4420,-0.0000
138.672,0.0723,1.1567,-1.5240,-0.0050,1.9300,-1.4420,-0.0000
138.684,0.0715,1.1566,-1.5240,-0.0050,1.9301,-1.4420,-0.0000
138.696,0.0707,1.1565,-1.5240,-0.0050,1.9302,-1.4420,-0.0000
138.708,0.0699,1.1565,-1.5240,-0.0050,1.9302,-1.4420,-0.0000
138.720,0.0692,1.1564,-1.5240,-0.0050,1.9303,-1.4420,-0.0000
138.732,0.0684,1.1563,-1.5240,-0.0050,1.9303,-1.4420,-0.0000
138.744,0.0676,1.1563,-1.5240,-0.0050,1.9304,-1.4421,-0.0000
138.756,0.0668,1.1562,-1.5240,-0.0050,1.9305,-1.4421,-0.0000
138.768,0.0660,1.1562,-1.5240,-0.0050,1.9305,-1.4421,-0.0000
138.780,0.0652,1.1561,-1.5240,-0.0050,1.9306,-1.4421,-0.0000
138.792,0.0644,1.1560,-1.5240,-0.0050,1.9306,-1.4421,-0.0000
138.804,0.0637,1.1560,-1.5240,-0.0050,1.9307,-1.4421,-0.0000
138.816,0.0629,1.1559,-1.5240,-0.0050,1.9308,-1.4421,-0.0000
138.828,0.0621,1.1559,-1.5240,-0.0050,1.9308,-1.4421,-0.0000
138.840,0.0613,1.1558,-1.5240,-0.0050,1.9309,-1.4421,-0.0000
138.852,0.0605,1.1557,-1.5240,-0.0050,1.9309,-1.4421,-0.0000
138.864,0.0597,1.1557,-1.5240,-0.0050,1.9310,-1.4421,-0.0000
138.876,0.0589,1.1556,-1.5240,-0.0050,1.9311,-1.4421,-0.0000
138.888,0.0582,1.1555,-1.5240,-0.0050,1.9311,-1.4421,-0.0000
138.900,0.0574,1.1555,-1.5240,-0.0050,1.9312,-1.4421,-0.0000
138.912,0.0566,1.1554,-1.5240,-0.0050,1.9312,-1.4421,-0.0000
138.924,0.0558,1.1554,-1.5240,-0.0050,1.9313,-1.4422,-0.0000
138.936,0.0550,1.1553,-1.5240,-0.0050,1.9314,-1.4422,-0.0000
138.948,0.0542,1.1552,-1.5240,-0.0050,1.9314,-1.4422,-0.0000
138.960,0.0534,1.1552,-1.5240,-0.0050,1.9315,-1.4422,-0.0000
138.972,0.0527,1.1551,-1.5240,-0.0050,1.9315,-1.4422,-0.0000
138.984,0.0519,1.1551,-1.5240,-0.0050,1.9316,-1.4422,-0.0000
138.996,0.0511,1.1550,-1.5240,-0.0050,1.9317,-1.4422,-0.0000
139.008,0.0503,1.1549,-1.5240,-0.0050,1.9317,-1.4422,-0.0000
139.020,0.0495,1.1549,-1.5241,-0.0050,1.9318,-1.4422,-0.0000
139.032,0.0487,1.1548,-1.5241,-0.0050,1.9318,-1.4422,-0.0000
139.044,0.0479,1.1547,-1.5241,-0.0050,1.9319,-1.4422,-0.0000
139.056,0.0472,1.1547,-1.5241,-0.0050,1.9320,-1.4422,-0.0000
139.068,0.0464,1.1546,-1.5241,-0.0050,1.9320,-1.4422,-0.0000
139.080,0.0456,1.1546,-1.5241,-0.0050,1.9321,-1.4422,-0.0000
139.092,0.0448,1.1545,-1.5241,-0.0050,1.9321,-1.4422,-0.0000
139.104,0.0440,1.1544,-1.5241,-0.0050,1.9322,-1.4423,-0.0000
139.116,0.0432,1.1544,-1.5241,-0.0050,1.9323,-1.4423,-0.0000
139.128,0.0424,1.1543,-1.5241,-0.0050,1.9323,-1.4423,-0.0000
139.140,0.0417,1.1543,-1.5241,-0.0050,1.9324,-1.4423,-0.0000
139.152,0.0409,1.1542,-1.5241,-0.0050,1.9324,-1.4423,-0.0000
139.164,0.0401,1.1541,-1.5241,-0.0050,1.9325,-1.4423,-0.0000
139.176,0.0393,1.1541,-1.5241,-0.0050,1.9326,-1.4423,-0.0000
139.188,0.0385,1.1540,-1.5241,-0.0050,1.9326,-1.4423,-0.0000
139.200,0.0377,1.1539,-1.5241,-0.0050,1.9327,-1.4423,-0.0000
139.212,0.0369,1.1539,-1.5241,-0.0050,1.9327,-1.4423,-0.0000
139.224,0.0362,1.1538,-1.5241,-0.0050,1.9328,-1.4423,-0.0000
139.236,0.0354,1.1538,-1.5241,-0.0050,1.9329,-1.4423,-0.0000
139.248,0.0346,1.1537,-1.5241,-0.0050,1.9329,-1.4423,-0.0000
139.260,0.0338,1.1536,-1.5241,-0.0050,1.9330,-1.4423,-0.0000
139.272,0.0330,1.1536,-1.5241,-0.0050,1.9330,-1.4423,-0.0000
139.284,0.0322,1.1535,-1.5241,-0.0050,1.9331,-1.4423,-0.0000
139.296,0.0314,1.1535,-1.5241,-0.0050,1.9332,-1.4424,-0.0000
139.308,0.0307,1.1534,-1.5241,-0.0050,1.9332,-1.4424,-0.0000
139.320,0.0299,1.1533,-1.5241,-0.0050,1.9333,-1.4424,-0.0000
139.332,0.0291,1.1533,-1.5241,-0.0050,1.9333,-1.4424,-0.0000
139.344,0.0283,1.1532,-1.5241,-0.0050,1.9334,-1.4424,-0.0000
139.356,0.0275,1.1531,-1.5241,-0.0050,1.9335,-1.4424,-0.0000
139.368,0.0267,1.1531,-1.5241,-0.0050,1.9335,-1.4424,-0.0000
139.380,0.0259,1.1530,-1.5241,-0.0050,1.9336,-1.4424,-0.0000
139.392,0.0251,1.1530,-1.5241,-0.0050,1.9336,-1.4424,-0.0000
139.404,0.0244,1.1529,-1.5241,-0.0050,1.9337,-1.4424,-0.0000
139.416,0.0236,1.1528,-1.5241,-0.0050,1.9338,-1.4424,-0.0000
139.428,0.0228,1.1528,-1.5242,-0.0050,1.9338,-1.4424,-0.0000
139.440,0.0220,1.1527,-1.5242,-0.0050,1.9339,-1.4424,-0.0000
139.452,0.0212,1.1527,-1.5242,-0.0050,1.9339,-1.4424,-0.0000
139.464,0.0204,1.1526,-1.5242,-0.0050,1.9340,-1.4424,-0.0000
139.476,0.0196,1.1525,-1.5242,-0.0050,1.9341,-1.4425,-0.0000
139.488,0.0189,1.1525,-1.5242,-0.0050,1.9341,-1.4425,-0.0000
139.500,0.0181,1.1524,-1.5242,-0.0050,1.9342,-1.4425,-0.0000
139.512,0.0173,1.1523,-1.5242,-0.0050,1.9342,-1.4425,-0.0000
139.524,0.0165,1.1523,-1.5242,-0.0050,1.9343,-1.4425,-0.0000
139.536,0.0157,1.1522,-1.5242,-0.0050,1.9344,-1.4425,-0.0000
139.548,0.0149,1.1522,-1.5242,-0.0050,1.9344,-1.4425,-0.0000
139.560,0.0141,1.1521,-1.5242,-0.0050,1.9345,-1.4425,-0.0000
139.572,0.0134,1.1520,-1.5242,-0.0050,1.9345,-1.4425,-0.0000
139.584,0.0126,1.1520,-1.5242,-0.0050,1.9346,-1.4425,-0.0000
139.596,0.0118,1.1519,-1.5242,-0.0050,1.9347,-1.4425,-0.0000
139.608,0.0110,1.1519,-1.5242,-0.0050,1.9347,-1.4425,-0.0000
139.620,0.0102,1.1518,-1.5242,-0.0050,1.9348,-1.4425,-0.0000
139.632,0.0094,1.1517,-1.5242,-0.0050,1.9348,-1.4425,-0.0000
139.644,0.0086,1.1517,-1.5242,-0.0050,1.9349,-1.4425,-0.0000
139.656,0.0079,1.1516,-1.5242,-0.0050,1.9350,-1.4426,-0.0000
139.668,0.0071,1.1515,-1.5242,-0.0050,1.9350,-1.4426,-0.0000
139.680,0.0063,1.1515,-1.5242,-0.0049,1.9351,-1.4426,-0.0000
139.692,0.0055,1.1514,-1.5242,-0.0049,1.9351,-1.4426,-0.0000
139.704,0.0049,1.1514,-1.5242,-0.0049,1.9352,-1.4426,-0.0000
139.716,0.0043,1.1513,-1.5242,-0.0049,1.9352,-1.4426,-0.0000
139.728,0.0043,1.1513,-1.5242,-0.0049,1.9352,-1.4426,-0.0000
139.740,0.0043,1.1505,-1.5231,-0.0049,1.9339,-1.4415,-0.0000
139.752,0.0043,1.1489,-1.5211,-0.0049,1.9312,-1.4396,-0.0000
139.764,0.0043,1.1467,-1.5181,-0.0049,1.9275,-1.4368,-0.0000
139.776,0.0043,1.1440,-1.5145,-0.0049,1.9229,-1.4334,-0.0000
139.788,0.0042,1.1407,-1.5102,-0.0049,1.9174,-1.4293,-0.0000
139.800,0.0042,1.1370,-1.5053,-0.0049,1.9112,-1.4246,-0.0000
139.812,0.0042,1.1329,-1.4999,-0.0049,1.9043,-1.4195,-0.0000
139.824,0.0042,1.1285,-1.4940,-0.0048,1.8969,-1.4140,-0.0000
139.836,0.0042,1.1238,-1.4878,-0.0048,1.8889,-1.4081,-0.0000
139.848,0.0042,1.1188,-1.4812,-0.0048,1.8806,-1.4018,-0.0000
139.860,0.0041,1.1136,-1.4743,-0.0048,1.8718,-1.3953,-0.0000
139.872,0.0041,1.1082,-1.4671,-0.0048,1.8627,-1.3885,-0.0000
139.884,0.0041,1.1026,-1.4597,-0.0047,1.8533,-1.3815,-0.0000
139.896,0.0041,1.0968,-1.4521,-0.0047,1.8436,-1.3743,-0.0000
139.908,0.0041,1.0909,-1.4443,-0.0047,1.8337,-1.3669,-0.0000
139.920,0.0040,1.0849,-1.4363,-0.0047,1.8236,-1.3594,-0.0000
139.932,0.0040,1.0788,-1.4282,-0.0046,1.8133,-1.3517,-0.0000
139.944,0.0040,1.0726,-1.4200,-0.0046,1.8029,-1.3439,-0.0000
139.956,0.0040,1.0663,-1.4116,-0.0046,1.7923,-1.3360,-0.0000
139.968,0.0039,1.0599,-1.4032,-0.0046,1.7816,-1.3280,-0.0000
139.980,0.0039,1.0535,-1.3947,-0.0045,1.7707,-1.3200,-0.0000
139.992,0.0039,1.0470,-1.3861,-0.0045,1.7598,-1.3118,-0.0000
140.004,0.0039,1.0404,-1.3774,-0.0045,1.7488,-1.3036,-0.0000
140.016,0.0038,1.0338,-1.3687,-0.0044,1.7378,-1.2954,-0.0000
140.028,0.0038,1.0272,-1.3599,-0.0044,1.7266,-1.2871,-0.0000
140.040,0.0038,1.0206,-1.3511,-0.0044,1.7154,-1.2787,-0.0000
140.052,0.0038,1.0139,-1.3422,-0.0044,1.7042,-1.2703,-0.0000
140.064,0.0037,1.0072,-1.3333,-0.0043,1.6929,-1.2619,-0.0000
140.076,0.0037,1.0004,-1.3244,-0.0043,1.6816,-1.2535,-0.0000
140.088,0.0037,0.9937,-1.3155,-0.0043,1.6702,-1.2450,-0.0000
140.100,0.0037,0.9869,-1.3065,-0.0042,1.6588,-1.2365,-0.0000
140.112,0.0036,0.9801,-1.2975,-0.0042,1.6474,-1.2280,-0.0000
140.124,0.0036,0.9733,-1.2885,-0.0042,1.6360,-1.2195,-0.0000
140.136,0.0036,0.9665,-1.2795,-0.0042,1.6245,-1.2109,-0.0000
140.148,0.0036,0.9596,-1.2704,-0.0041,1.6130,-1.2024,-0.0000
140.160,0.0035,0.9528,-1.2614,-0.0041,1.6015,-1.1938,-0.0000
140.172,0.0035,0.9459,-1.2523,-0.0041,1.5900,-1.1852,-0.0000
140.184,0.0035,0.9391,-1.2432,-0.0040,1.5785,-1.1767,-0.0000
140.196,0.0035,0.9322,-1.2342,-0.0040,1.5670,-1.1681,-0.0000
140.208,0.0034,0.9254,-1.2251,-0.0040,1.5554,-1.1595,-0.0000
140.220,0.0034,0.9185,-1.2160,-0.0039,1.5439,-1.1508,-0.0000
140.232,0.0034,0.9116,-1.2069,-0.0039,1.5323,-1.1422,-0.0000
140.244,0.0034,0.9047,-1.1978,-0.0039,1.5208,-1.1336,-0.0000
140.256,0.0033,0.8979,-1.1887,-0.0039,1.5092,-1.1250,-0.0000
140.268,0.0033,0.8910,-1.1795,-0.0038,1.4976,-1.1164,-0.0000
140.280,0.0033,0.8841,-1.1704,-0.0038,1.4860,-1.1077,-0.0000
140.292,0.0033,0.8772,-1.1613,-0.0038,1.4744,-1.0991,-0.0000
140.304,0.0032,0.8703,-1.1522,-0.0037,1.4629,-1.0905,-0.0000
140.316,0.0032,0.8634,-1.1430,-0.0037,1.4513,-1.0818,-0.0000
140.328,0.0032,0.8565,-1.1339,-0.0037,1.4397,-1.0732,-0.0000
140.340,0.0032,0.8496,-1.1248,-0.0037,1.4281,-1.0645,-0.0000
140.352,0.0031,0.8427,-1.1156,-0.0036,1.4165,-1.0559,-0.0000
140.364,0.0031,0.8358,-1.1065,-0.0036,1.4049,-1.0472,-0.0000
140.376,0.0031,0.8289,-1.0974,-0.0036,1.3933,-1.0386,-0.0000
140.388,0.0031,0.8220,-1.0882,-0.0035,1.3817,-1.0299,-0.0000
140.400,0.0030,0.8151,-1.0791,-0.0035,1.3701,-1.0213,-0.0000
140.412,0.0030,0.8082,-1.0700,-0.0035,1.3585,-1.0127,-0.0000
140.424,0.0030,0.8013,-1.0608,-0.0034,1.3469,-1.0040,-0.0000
140.436,0.0030,0.7944,-1.0517,-0.0034,1.3353,-0.9953,-0.0000
140.448,0.0029,0.7875,-1.0425,-0.0034,1.3237,-0.9867,-0.0000
140.460,0.0029,0.7806,-1.0334,-0.0034,1.3121,-0.9780,-0.0000
140.472,0.0029,0.7737,-1.0243,-0.0033,1.3005,-0.9694,-0.0000
140.484,0.0029,0.7668,-1.0151,-0.0033,1.2888,-0.9607,-0.0000
140.496,0.0028,0.7599,-1.0060,-0.0033,1.2772,-0.9521,-0.0000
140.508,0.0028,0.7530,-0.9968,-0.0032,1.2656,-0.9434,-0.0000
140.520,0.0028,0.7461,-0.9877,-0.0032,1.2540,-0.9348,-0.0000
140.532,0.0028,0.7391,-0.9785,-0.0032,1.2424,-0.9261,-0.0000
140.544,0.0027,0.7322,-0.9694,-0.0031,1.2308,-0.9175,-0.0000
140.556,0.0027,0.7253,-0.9602,-0.0031,1.2192,-0.9088,-0.0000
140.568,0.0027,0.7184,-0.9511,-0.0031,1.2076,-0.9002,-0.0000
140.580,0.0026,0.7115,-0.9420,-0.0031,1.1960,-0.8915,-0.0000
140.592,0.0026,0.7046,-0.9328,-0.0030,1.1844,-0.8829,-0.0000
140.604,0.0026,0.6977,-0.9237,-0.0030,1.1727,-0.8742,-0.0000
140.616,0.0026,0.6908,-0.9145,-0.0030,1.1611,-0.8655,-0.0000
140.628,0.0025,0.6839,-0.9054,-0.0029,1.1495,-0.8569,-0.0000
140.640,0.0025,0.6770,-0.8962,-0.0029,1.1379,-0.8482,-0.0000
140.652,0.0025,0.6701,-0.8871,-0.0029,1.1263,-0.8396,-0.0000
140.664,0.0025,0.6632,-0.8779,-0.0028,1.1147,-0.8309,-0.0000
140.676,0.0024,0.6563,-0.8688,-0.0028,1.1031,-0.8223,-0.0000
140.688,0.0024,0.6493,-0.8597,-0.0028,1.0915,-0.8136,-0.0000
140.700,0.0024,0.6424,-0.8505,-0.0028,1.0799,-0.8050,-0.0000
140.712,0.0024,0.6355,-0.8414,-0.0027,1.0683,-0.7963,-0.0000
140.724,0.0023,0.6286,-0.8322,-0.0027,1.0566,-0.7876,-0.0000
140.736,0.0023,0.6217,-0.8231,-0.0027,1.0450,-0.7790,-0.0000
140.748,0.0023,0.6148,-0.8139,-0.0026,1.0334,-0.7703,-0.0000
140.760,0.0023,0.6079,-0.8048,-0.0026,1.0218,-0.7617,-0.0000
140.772,0.0022,0.6010,-0.7956,-0.0026,1.0102,-0.7530,-0.0000
140.784,0.0022,0.5941,-0.7865,-0.0026,0.9986,-0.7444,-0.0000
140.796,0.0022,0.5872,-0.7774,-0.0025,0.9870,-0.7357,-0.0000
140.808,0.0022,0.5803,-0.7682,-0.0025,0.9754,-0.7271,-0.0000
140.820,0.0021,0.5734,-0.7591,-0.0025,0.9638,-0.7184,-0.0000
140.832,0.0021,0.5665,-0.7499,-0.0024,0.9521,-0.7098,-0.0000
140.844,0.0021,0.5595,-0.7408,-0.0024,0.9405,-0.7011,-0.0000
140.856,0.0021,0.5526,-0.7316,-0.0024,0.9289,-0.6924,-0.0000
140.868,0.0020,0.5457,-0.7225,-0.0023,0.9173,-0.6838,-0.0000
140.880,0.0020,0.5388,-0.7133,-0.0023,0.9057,-0.6751,-0.0000
140.892,0.0020,0.5319,-0.7042,-0.0023,0.8941,-0.6665,-0.0000
140.904,0.0020,0.5250,-0.6950,-0.0023,0.8825,-0.6578,-0.0000
140.916,0.0019,0.5181,-0.6859,-0.0022,0.8709,-0.6492,-0.0000
140.928,0.0019,0.5112,-0.6768,-0.0022,0.8592,-0.6405,-0.0000
140.940,0.0019,0.5043,-0.6676,-0.0022,0.8476,-0.6319,-0.0000
140.952,0.0019,0.4974,-0.6585,-0.0021,0.8360,-0.6232,-0.0000
140.964,0.0018,0.4905,-0.6493,-0.0021,0.8244,-0.6145,-0.0000
140.976,0.0018,0.4836,-0.6402,-0.0021,0.8128,-0.6059,-0.0000
140.988,0.0018,0.4767,-0.6310,-0.0020,0.8012,-0.5972,-0.0000
141.000,0.0017,0.4697,-0.6219,-0.0020,0.7896,-0.5886,-0.0000
141.012,0.0017,0.4628,-0.6127,-0.0020,0.7780,-0.5799,-0.0000
141.024,0.0017,0.4559,-0.6036,-0.0020,0.7664,-0.5713,-0.0000
141.036,0.0017,0.4490,-0.5944,-0.0019,0.7547,-0.5626,-0.0000
141.048,0.0016,0.4421,-0.5853,-0.0019,0.7431,-0.5540,-0.0000
141.060,0.0016,0.4352,-0.5762,-0.0019,0.7315,-0.5453,-0.0000
141.072,0.0016,0.4283,-0.5670,-0.0018,0.7199,-0.5366,-0.0000
141.084,0.0016,0.4214,-0.5579,-0.0018,0.7083,-0.5280,-0.0000
141.096,0.0015,0.4145,-0.5487,-0.0018,0.6967,-0.5193,-0.0000
141.108,0.0015,0.4076,-0.5396,-0.0018,0.6851,-0.5107,-0.0000
141.120,0.0015,0.4007,-0.5304,-0.0017,0.6735,-0.5020,-0.0000
141.132,0.0015,0.3938,-0.5213,-0.0017,0.6619,-0.4934,-0.0000
141.144,0.0014,0.3868,-0.5121,-0.0017,0.6502,-0.4847,-0.0000
141.156,0.0014,0.3799,-0.5030,-0.0016,0.6386,-0.4761,-0.0000
141.168,0.0014,0.3730,-0.4938,-0.0016,0.6270,-0.4674,-0.0000
141.180,0.0014,0.3661,-0.4847,-0.0016,0.6154,-0.4587,-0.0000
141.192,0.0013,0.3592,-0.4756,-0.0015,0.6038,-0.4501,-0.0000
141.204,0.0013,0.3523,-0.4664,-0.0015,0.5922,-0.4414,-0.0000
141.216,0.0013,0.3454,-0.4573,-0.0015,0.5806,-0.4328,-0.0000
141.228,0.0013,0.3385,-0.4481,-0.0015,0.5690,-0.4241,-0.0000
141.240,0.0012,0.3316,-0.4390,-0.0014,0.5574,-0.4155,-0.0000
141.252,0.0012,0.3247,-0.4298,-0.0014,0.5457,-0.4068,-0.0000
141.264,0.0012,0.3178,-0.4207,-0.0014,0.5341,-0.3982,-0.0000
141.276,0.0012,0.3109,-0.4115,-0.0013,0.5225,-0.3895,-0.0000
141.288,0.0011,0.3040,-0.4024,-0.0013,0.5109,-0.3808,-0.0000
141.300,0.0011,0.2970,-0.3932,-0.0013,0.4993,-0.3722,-0.0000
141.312,0.0011,0.2901,-0.3841,-0.0012,0.4877,-0.3635,-0.0000
141.324,0.0011,0.2832,-0.3750,-0.0012,0.4761,-0.3549,-0.0000
141.336,0.0010,0.2763,-0.3658,-0.0012,0.4645,-0.3462,-0.0000
141.348,0.0010,0.2694,-0.3567,-0.0012,0.4528,-0.3376,-0.0000
141.360,0.0010,0.2625,-0.3475,-0.0011,0.4412,-0.3289,-0.0000
141.372,0.0010,0.2556,-0.3384,-0.0011,0.4296,-0.3203,-0.0000
141.384,0.0009,0.2487,-0.3292,-0.0011,0.4180,-0.3116,-0.0000
141.396,0.0009,0.2418,-0.3201,-0.0010,0.4064,-0.3029,-0.0000
141.408,0.0009,0.2349,-0.3109,-0.0010,0.3948,-0.2943,-0.0000
141.420,0.0008,0.2280,-0.3018,-0.0010,0.3832,-0.2856,-0.0000
141.432,0.0008,0.2211,-0.2927,-0.0009,0.3716,-0.2770,-0.0000
141.444,0.0008,0.2141,-0.2835,-0.0009,0.3600,-0.2683,-0.0000
141.456,0.0008,0.2072,-0.2744,-0.0009,0.3483,-0.2597,-0.0000
141.468,0.0007,0.2003,-0.2652,-0.0009,0.3367,-0.2510,-0.0000
141.480,0.0007,0.1934,-0.2561,-0.0008,0.3251,-0.2424,-0.0000
141.492,0.0007,0.1865,-0.2469,-0.0008,0.3135,-0.2337,-0.0000
141.504,0.0007,0.1796,-0.2378,-0.0008,0.3019,-0.2250,-0.0000
141.516,0.0006,0.1727,-0.2286,-0.0007,0.2903,-0.2164,-0.0000
141.528,0.0006,0.1658,-0.2195,-0.0007,0.2787,-0.2077,-0.0000
141.540,0.0006,0.1589,-0.2103,-0.0007,0.2671,-0.1991,-0.0000
141.552,0.0006,0.1520,-0.2012,-0.0007,0.2555,-0.1904,-0.0000
141.564,0.0005,0.1451,-0.1921,-0.0006,0.2438,-0.1818,-0.0000
141.576,0.0005,0.1382,-0.1829,-0.0006,0.2322,-0.1731,-0.0000
141.588,0.0005,0.1313,-0.1738,-0.0006,0.2206,-0.1645,-0.0000
141.600,0.0005,0.1243,-0.1646,-0.0005,0.2090,-0.1558,-0.0000
141.612,0.0004,0.1174,-0.1555,-0.0005,0.1974,-0.1471,-0.0000
141.624,0.0004,0.1105,-0.1463,-0.0005,0.1858,-0.1385,-0.0000
141.636,0.0004,0.1036,-0.1372,-0.0004,0.1742,-0.1298,-0.0000
141.648,0.0004,0.0967,-0.1280,-0.0004,0.1626,-0.1212,-0.0000
141.660,0.0003,0.0898,-0.1189,-0.0004,0.1509,-0.1125,-0.0000
141.672,0.0003,0.0829,-0.1097,-0.0004,0.1393,-0.1039,-0.0000
141.684,0.0003,0.0760,-0.1006,-0.0003,0.1277,-0.0952,-0.0000
141.696,0.0003,0.0691,-0.0915,-0.0003,0.1161,-0.0866,-0.0000
141.708,0.0002,0.0622,-0.0823,-0.0003,0.1045,-0.0779,-0.0000
141.720,0.0002,0.0553,-0.0732,-0.0002,0.0929,-0.0692,-0.0000
141.732,0.0002,0.0486,-0.0644,-0.0002,0.0817,-0.0609,-0.0000
141.744,0.0002,0.0428,-0.0567,-0.0002,0.0719,-0.0536,-0.0000
141.756,0.0001,0.0377,-0.0499,-0.0002,0.0633,-0.0472,-0.0000
141.768,0.0001,0.0331,-0.0439,-0.0001,0.0557,-0.0415,-0.0000
141.780,0.0001,0.0292,-0.0386,-0.0001,0.0490,-0.0365,-0.0000
141.792,0.0001,0.0257,-0.0340,-0.0001,0.0431,-0.0322,-0.0000
141.804,0.0001,0.0226,-0.0299,-0.0001,0.0380,-0.0283,-0.0000
141.816,0.0001,0.0199,-0.0263,-0.0001,0.0334,-0.0249,-0.0000
141.828,0.0001,0.0175,-0.0232,-0.0001,0.0294,-0.0219,-0.0000
141.840,0.0001,0.0154,-0.0204,-0.0001,0.0259,-0.0193,-0.0000
141.852,0.0001,0.0135,-0.0179,-0.0001,0.0228,-0.0170,-0.0000
141.864,0.0000,0.0119,-0.0158,-0.0001,0.0200,-0.0149,-0.0000
141.876,0.0000,0.0105,-0.0139,-0.0000,0.0176,-0.0131,-0.0000
141.888,0.0000,0.0092,-0.0122,-0.0000,0.0155,-0.0116,-0.0000
141.900,0.0000,0.0081,-0.0108,-0.0000,0.0137,-0.0102,0.0000
141.912,0.0000,0.0071,-0.0095,-0.0000,0.0120,-0.0090,0.0000
141.924,0.0000,0.0063,-0.0083,-0.0000,0.0106,-0.0079,0.0000
141.936,0.0000,0.0055,-0.0073,-0.0000,0.0093,-0.0069,0.0000
141.948,0.0000,0.0049,-0.0064,-0.0000,0.0082,-0.0061,0.0000
141.960,0.0000,0.0043,-0.0057,-0.0000,0.0072,-0.0054,0.0000
141.972,0.0000,0.0038,-0.0050,-0.0000,0.0063,-0.0047,0.0000
141.984,0.0000,0.0033,-0.0044,-0.0000,0.0056,-0.0042,0.0000
141.996,0.0000,0.0029,-0.0039,-0.0000,0.0049,-0.0037,0.0000
142.008,0.0000,0.0026,-0.0034,-0.0000,0.0043,-0.0032,0.0000
142.020,0.0000,0.0023,-0.0030,-0.0000,0.0038,-0.0028,0.0000
142.032,0.0000,0.0020,-0.0026,-0.0000,0.0033,-0.0025,0.0000
142.044,0.0000,0.0018,-0.0023,-0.0000,0.0029,-0.0022,0.0000
142.056,0.0000,0.0015,-0.0020,-0.0000,0.0026,-0.0019,0.0000
142.068,0.0000,0.0014,-0.0018,-0.0000,0.0023,-0.0017,0.0000
142.080,0.0000,0.0012,-0.0016,-0.0000,0.0020,-0.0015,0.0000
142.092,0.0000,0.0011,-0.0014,-0.0000,0.0018,-0.0013,0.0000
142.104,0.0000,0.0009,-0.0012,-0.0000,0.0016,-0.0012,0.0000
142.116,0.0000,0.0008,-0.0011,-0.0000,0.0014,-0.0010,0.0000
142.128,0.0000,0.0007,-0.0009,-0.0000,0.0012,-0.0009,0.0000
142.140,0.0000,0.0006,-0.0008,-0.0000,0.0011,-0.0008,0.0000
142.152,0.0000,0.0006,-0.0007,-0.0000,0.0009,-0.0007,0.0000
142.164,0.0000,0.0005,-0.0006,-0.0000,0.0008,-0.0006,0.0000
142.176,0.0000,0.0004,-0.0006,-0.0000,0.0007,-0.0005,0.0000
142.188,0.0000,0.0004,-0.0005,-0.0000,0.0006,-0.0005,0.0000
142.200,0.0000,0.0003,-0.0004,-0.0000,0.0006,-0.0004,0.0000
142.212,0.0000,0.0003,-0.0004,-0.0000,0.0005,-0.0004,0.0000
142.224,0.0000,0.0003,-0.0003,-0.0000,0.0004,-0.0003,0.0000
142.236,0.0000,0.0002,-0.0003,-0.0000,0.0004,-0.0003,0.0000
142.248,0.0000,0.0002,-0.0003,-0.0000,0.0003,-0.0002,0.0000
142.260,0.0000,0.0002,-0.0002,-0.0000,0.0003,-0.0002,0.0000
142.272,0.0000,0.0002,-0.0002,-0.0000,0.0003,-0.0002,0.0000
142.284,0.0000,0.0001,-0.0002,-0.0000,0.0002,-0.0002,0.0000
142.296,0.0000,0.0001,-0.0002,-0.0000,0.0002,-0.0001,0.0000
142.308,0.0000,0.0001,-0.0001,-0.0000,0.0002,-0.0001,0.0000
142.320,0.0000,0.0001,-0.0001,-0.0000,0.0002,-0.0001,0.0000
142.332,0.0000,0.0001,-0.0001,-0.0000,0.0001,-0.0001,0.0000
142.344,0.0000,0.0001,-0.0001,-0.0000,0.0001,-0.0001,0.0000
142.356,0.0000,0.0001,-0.0001,-0.0000,0.0001,-0.0001,0.0000
142.368,0.0000,0.0001,-0.0001,-0.0000,0.0001,-0.0001,0.0000
142.380,0.0000,0.0000,-0.0001,-0.0000,0.0001,-0.0001,0.0000
142.392,0.0000,0.0000,-0.0001,-0.0000,0.0001,-0.0001,0.0000
142.404,0.0000,0.0000,-0.0001,-0.0000,0.0001,-0.0000,0.0000
142.416,0.0000,0.0000,-0.0000,-0.0000,0.0001,-0.0000,0.0000
142.428,0.0000,0.0000,-0.0000,-0.0000,0.0000,-0.0000,0.0000
142.440,0.0000,0.0000,-0.0000,-0.0000,0.0000,-0.0000,0.0000
142.452,0.0000,0.0000,-0.0000,-0.0000,0.0000,-0.0000,0.0000
142.464,0.0000,0.0000,-0.0000,-0.0000,0.0000,-0.0000,0.0000
142.476,0.0000,0.0000,-0.0000,-0.0000,0.0000,-0.0000,0.0000
142.488,0.0000,0.0000,-0.0000,-0.0000,0.0000,-0.0000,0.0000
142.500,0.0000,0.0000,-0.0000,-0.0000,0.0000,-0.0000,0.0000
142.512,0.0000,0.0000,-0.0000,-0.0000,0.0000,-0.0000,0.0000
142.524,0.0000,0.0000,-0.0000,-0.0000,0.0000,-0.0000,0.0000
142.536,0.0000,0.0000,-0.0000,-0.0000,0.0000,-0.0000,0.0000
142.548,0.0000,0.0000,-0.0000,-0.0000,0.0000,-0.0000,0.0000
142.560,0.0000,0.0000,-0.0000,-0.0000,0.0000,-0.0000,0.0000
142.572,0.0000,0.0000,-0.0000,-0.0000,0.0000,-0.0000,0.0000
142.584,0.0000,0.0000,-0.0000,-0.0000,0.0000,-0.0000,0.0000
142.596,0.0000,0.0000,-0.0000,-0.0000,0.0000,-0.0000,0.0000
142.608,0.0000,0.0000,-0.0000,-0.0000,0.0000,-0.0000,0.0000
142.620,0.0000,0.0000,-0.0000,-0.0000,0.0000,-0.0000,0.0000
142.632,0.0000,0.0000,-0.0000,-0.0000,0.0000,-0.0000,0.0000
142.644,0.0000,0.0000,-0.0000,-0.0000,0.0000,-0.0000,0.0000
142.656,0.0000,0.0000,-0.0000,-0.0000,0.0000,-0.0000,0.0000
142.668,0.0000,0.0000,-0.0000,-0.0000,0.0000,-0.0000,0.0000
142.680,0.0000,0.0000,-0.0000,-0.0000,0.0000,-0.0000,0.0000
142.692,0.0000,0.0000,-0.0000,-0.0000,0.0000,-0.0000,0.0000
142.704,0.0000,0.0000,-0.0000,-0.0000,0.0000,-0.0000,0.0000
142.716,0.0000,0.0000,-0.0000,-0.0000,0.0000,-0.0000,0.0000
142.728,0.0000,0.0000,-0.0000,-0.0000,0.0000,-0.0000,0.0000
142.740,0.0000,0.0000,-0.0000,-0.0000,0.0000,-0.0000,0.0000
142.752,0.0000,0.0000,-0.0000,-0.0000,0.0000,-0.0000,0.0000
142.764,0.0000,0.0000,-0.0000,-0.0000,0.0000,-0.0000,0.0000
142.776,0.0000,0.0000,-0.0000,-0.0000,0.0000,-0.0000,0.0000
142.788,0.0000,0.0000,-0.0000,-0.0000,0.0000,-0.0000,0.0000
142.800,0.0000,0.0000,-0.0000,-0.0000,0.0000,-0.0000,0.0000
142.812,0.0000,0.0000,-0.0000,-0.0000,0.0000,-0.0000,0.0000
142.824,0.0000,0.0000,-0.0000,-0.0000,0.0000,-0.0000,0.0000
142.836,0.0000,0.0000,-0.0000,-0.0000,0.0000,-0.0000,0.0000
142.848,0.0000,0.0000,-0.0000,-0.0000,0.0000,-0.0000,0.0000
142.860,0.0000,0.0000,-0.0000,-0.0000,0.0000,-0.0000,0.0000
142.872,0.0000,0.0000,-0.0000,-0.0000,0.0000,-0.0000,0.0000
142.884,0.0000,0.0000,-0.0000,-0.0000,0.0000,-0.0000,0.0000
142.896,0.0000,0.0000,-0.0000,-0.0000,0.0000,-0.0000,0.0000
142.908,0.0000,0.0000,-0.0000,-0.0000,0.0000,-0.0000,0.0000
142.920,0.0000,0.0000,-0.0000,-0.0000,0.0000,-0.0000,0.0000
142.932,0.0000,0.0000,-0.0000,-0.0000,0.0000,-0.0000,0.0000
142.944,0.0000,0.0000,-0.0000,-0.0000,0.0000,-0.0000,0.0000
142.956,0.0000,0.0000,-0.0000,-0.0000,0.0000,-0.0000,0.0000
142.968,0.0000,0.0000,-0.0000,-0.0000,0.0000,-0.0000,0.0000
142.980,0.0000,0.0000,-0.0000,-0.0000,0.0000,-0.0000,0.0000
142.992,0.0000,0.0000,-0.0000,-0.0000,0.0000,-0.0000,0.0000
143.004,0.0000,0.0000,-0.0000,-0.0000,0.0000,-0.0000,0.0000
143.016,0.0000,0.0000,-0.0000,-0.0000,0.0000,-0.0000,0.0000
143.028,0.0000,0.0000,-0.0000,-0.0000,0.0000,-0.0000,0.0000
143.040,0.0000,0.0000,-0.0000,-0.0000,0.0000,-0.0000,0.0000
143.052,0.0000,0.0000,-0.0000,-0.0000,0.0000,-0.0000,0.0000
143.064,0.0000,0.0000,-0.0000,-0.0000,0.0000,-0.0000,0.0000
143.076,0.0000,0.0000,-0.0000,-0.0000,0.0000,-0.0000,0.0000
143.088,0.0000,0.0000,-0.0000,-0.0000,0.0000,-0.0000,0.0000
143.100,0.0000,0.0000,-0.0000,-0.0000,0.0000,-0.0000,0.0000
143.112,0.0000,0.0000,-0.0000,-0.0000,0.0000,-0.0000,0.0000
143.124,0.0000,0.0000,-0.0000,-0.0000,0.0000,-0.0000,0.0000
143.136,0.0000,0.0000,-0.0000,-0.0000,0.0000,-0.0000,0.0000
143.148,0.0000,0.0000,-0.0000,-0.0000,0.0000,-0.0000,0.0000
143.160,0.0000,0.0000,-0.0000,-0.0000,0.0000,-0.0000,0.0000
143.172,0.0000,0.0000,-0.0000,-0.0000,0.0000,-0.0000,0.0000
143.184,0.0000,0.0000,-0.0000,-0.0000,0.0000,-0.0000,0.0000
143.196,0.0000,0.0000,-0.0000,-0.0000,0.0000,-0.0000,0.0000
143.208,0.0000,0.0000,-0.0000,-0.0000,0.0000,-0.0000,0.0000
143.220,0.0000,0.0000,-0.0000,-0.0000,0.0000,-0.0000,0.0000
143.232,0.0000,0.0000,-0.0000,-0.0000,0.0000,-0.0000,0.0000
143.244,0.0000,0.0000,-0.0000,-0.0000,0.0000,-0.0000,0.0000
143.256,0.0000,0.0000,-0.0000,-0.0000,0.0000,-0.0000,0.0000
143.268,0.0000,0.0000,-0.0000,-0.0000,0.0000,-0.0000,0.0000
143.280,0.0000,0.0000,-0.0000,-0.0000,0.0000,-0.0000,0.0000
143.292,0.0000,0.0000,-0.0000,-0.0000,0.0000,-0.0000,0.0000
143.304,0.0000,0.0000,-0.0000,-0.0000,0.0000,-0.0000,0.0000
143.316,0.0000,0.0000,-0.0000,-0.0000,0.0000,-0.0000,0.0000
143.328,0.0000,0.0000,-0.0000,-0.0000,0.0000,-0.0000,0.0000
143.340,0.0000,0.0000,-0.0000,-0.0000,0.0000,-0.0000,0.0000
143.352,0.0000,0.0000,-0.0000,-0.0000,0.0000,-0.0000,0.0000
143.364,0.0000,0.0000,-0.0000,-0.0000,0.0000,-0.0000,0.0000
143.376,0.0000,0.0000,-0.0000,-0.0000,0.0000,-0.0000,0.0000
143.388,0.0000,0.0000,-0.0000,-0.0000,0.0000,-0.0000,0.0000
143.400,0.0000,0.0000,-0.0000,-0.0000,0.0000,-0.0000,0.0000
143.412,0.0000,0.0000,-0.0000,-0.0000,0.0000,-0.0000,0.0000
143.424,0.0000,0.0000,-0.0000,-0.0000,0.0000,-0.0000,0.0000
143.436,0.0000,0.0000,-0.0000,-0.0000,0.0000,-0.0000,0.0000
143.448,0.0000,0.0000,-0.0000,-0.0000,0.0000,-0.0000,0.0000
143.460,0.0000,0.0000,-0.0000,-0.0000,0.0000,-0.0000,0.0000
143.472,0.0000,0.0000,-0.0000,-0.0000,0.0000,-0.0000,0.0000
143.484,0.0000,0.0000,-0.0000,-0.0000,0.0000,-0.0000,0.0000
143.496,0.0000,0.0000,-0.0000,-0.0000,0.0000,-0.0000,0.0000
143.508,0.0000,0.0000,-0.0000,-0.0000,0.0000,-0.0000,0.0000
143.520,0.0000,0.0000,-0.0000,-0.0000,0.0000,-0.0000,0.0000
143.532,0.0000,0.0000,-0.0000,-0.0000,0.0000,-0.0000,0.0000
143.544,0.0000,0.0000,-0.0000,-0.0000,0.0000,-0.0000,0.0000
143.556,0.0000,0.0000,-0.0000,-0.0000,0.0000,-0.0000,0.0000
143.568,0.0000,0.0000,-0.0000,-0.0000,0.0000,-0.0000,0.0000
143.580,0.0000,0.0000,-0.0000,-0.0000,0.0000,-0.0000,0.0000
143.592,0.0000,0.0000,-0.0000,-0.0000,0.0000,-0.0000,0.0000
143.604,0.0000,0.0000,-0.0000,-0.0000,0.0000,-0.0000,0.0000
143.616,0.0000,0.0000,0.0000,-0.0000,0.0000,-0.0000,0.0000
143.628,0.0000,0.0000,0.0000,-0.0000,0.0000,-0.0000,0.0000
143.640,0.0000,0.0000,0.0000,-0.0000,0.0000,-0.0000,0.0000
143.652,0.0000,0.0000,0.0000,-0.0000,0.0000,-0.0000,0.0000
143.664,0.0000,0.0000,0.0000,-0.0000,0.0000,-0.0000,0.0000
143.676,0.0000,0.0000,0.0000,-0.0000,0.0000,-0.0000,0.0000
143.688,0.0000,0.0000,0.0000,-0.0000,0.0000,-0.0000,0.0000
143.700,0.0000,0.0000,0.0000,-0.0000,0.0000,-0.0000,0.0000
143.712,0.0000,0.0000,0.0000,-0.0000,0.0000,-0.0000,0.0000
143.724,0.0000,0.0000,0.0000,-0.0000,0.0000,-0.0000,0.0000
143.736,0.0000,0.0000,0.0000,-0.0000,0.0000,-0.0000,0.0000
143.748,0.0000,0.0000,0.0000,-0.0000,0.0000,-0.0000,0.0000
143.760,0.0000,0.0000,0.0000,-0.0000,0.0000,-0.0000,0.0000
143.772,0.0000,0.0000,0.0000,-0.0000,0.0000,-0.0000,0.0000
143.784,0.0000,0.0000,0.0000,-0.0000,0.0000,-0.0000,0.0000
143.796,0.0000,0.0000,0.0000,-0.0000,0.0000,-0.0000,0.0000
143.808,0.0000,0.0000,0.0000,-0.0000,0.0000,-0.0000,0.0000
143.820,0.0000,0.0000,0.0000,-0.0000,0.0000,-0.0000,0.0000
143.832,0.0000,0.0000,0.0000,-0.0000,0.0000,-0.0000,0.0000
143.844,0.0000,0.0000,0.0000,-0.0000,0.0000,-0.0000,0.0000
143.856,0.0000,0.0000,0.0000,-0.0000,0.0000,-0.0000,0.0000
143.868,0.0000,0.0000,0.0000,-0.0000,0.0000,-0.0000,0.0000
143.880,0.0000,0.0000,0.0000,-0.0000,0.0000,-0.0000,0.0000
143.892,0.0000,0.0000,0.0000,-0.0000,0.0000,-0.0000,0.0000
143.904,0.0000,0.0000,0.0000,-0.0000,0.0000,-0.0000,0.0000
143.916,0.0000,0.0000,0.0000,-0.0000,0.0000,-0.0000,0.0000
143.928,0.0000,0.0000,0.0000,-0.0000,0.0000,-0.0000,0.0000
143.940,0.0000,0.0000,0.0000,-0.0000,0.0000,-0.0000,0.0000
