stamp,joint1_to_base,joint2_to_joint1,joint3_to_joint2,joint4_to_joint3,joint5_to_joint4,joint6_to_joint5,gripper_controller
8.220,-0.0000,-0.0000,0.0013,-0.0000,-0.0011,0.0000,0.0000
8.232,-0.0000,-0.0000,0.0013,-0.0000,-0.0011,0.0000,0.0000
8.244,-0.0000,-0.0000,0.0013,-0.0000,-0.0011,0.0000,0.0000
8.256,-0.0000,-0.0000,0.0013,-0.0000,-0.0011,0.0000,0.0000
8.268,-0.0000,-0.0000,0.0013,-0.0000,-0.0011,0.0000,0.0000
8.280,-0.0000,-0.0000,0.0013,-0.0000,-0.0011,0.0000,0.0000
8.292,-0.0000,-0.0000,0.0013,-0.0000,-0.0011,0.0000,0.0000
8.304,-0.0000,-0.0000,0.0013,-0.0000,-0.0011,0.0000,0.0000
8.316,-0.0000,-0.0000,0.0013,-0.0000,-0.0011,0.0000,0.0000
8.328,-0.0000,-0.0000,0.0013,-0.0000,-0.0011,0.0000,0.0000
8.340,-0.0000,-0.0000,0.0013,-0.0000,-0.0011,0.0000,0.0000
8.352,-0.0000,-0.0000,0.0013,-0.0000,-0.0011,0.0000,0.0000
8.364,-0.0000,-0.0000,0.0013,-0.0000,-0.0011,0.0000,0.0000
8.376,-0.0000,-0.0000,0.0013,-0.0000,-0.0011,0.0000,0.0000
8.388,-0.0000,-0.0000,0.0013,-0.0000,-0.0011,0.0000,0.0000
8.400,-0.0000,-0.0000,0.0013,-0.0000,-0.0011,0.0000,0.0000
8.412,-0.0000,-0.0000,0.0013,-0.0000,-0.0011,0.0000,0.0000
8.424,-0.0000,-0.0000,0.0013,-0.0000,-0.0011,0.0000,0.0000
8.436,-0.0000,-0.0000,0.0013,-0.0000,-0.0011,0.0000,0.0000
8.448,-0.0000,-0.0000,0.0013,-0.0000,-0.0011,0.0000,0.0000
8.460,-0.0000,-0.0000,0.0013,-0.0000,-0.0011,0.0000,0.0000
8.472,-0.0000,-0.0000,0.0013,-0.0000,-0.0011,0.0000,0.0000
8.484,-0.0000,-0.0000,0.0013,-0.0000,-0.0011,0.0000,0.0000
8.496,-0.0000,-0.0000,0.0013,-0.0000,-0.0011,0.0000,0.0000
8.508,-0.0000,-0.0000,0.0013,-0.0000,-0.0011,0.0000,0.0000
8.520,-0.0000,-0.0000,0.0013,-0.0000,-0.0011,0.0000,0.0000
8.532,-0.0000,-0.0000,0.0013,-0.0000,-0.0011,0.0000,0.0000
8.544,-0.0000,-0.0000,0.0013,-0.0000,-0.0011,0.0000,0.0000
8.556,-0.0000,-0.0000,0.0013,-0.0000,-0.0011,0.0000,0.0000
8.568,-0.0000,-0.0000,0.0013,-0.0000,-0.0011,0.0000,0.0000
8.580,-0.0000,-0.0000,0.0013,-0.0000,-0.0011,0.0000,0.0000
8.592,-0.0000,-0.0000,0.0013,-0.0000,-0.0011,0.0000,0.0000
8.604,-0.0000,-0.0000,0.0013,-0.0000,-0.0011,0.0000,0.0000
8.616,-0.0000,-0.0000,0.0013,-0.0000,-0.0011,0.0000,0.0000
8.628,-0.0000,-0.0000,0.0013,-0.0000,-0.0011,0.0000,0.0000
8.640,-0.0000,-0.0000,0.0013,-0.0000,-0.0011,0.0000,0.0000
8.652,-0.0000,-0.0000,0.0013,-0.0000,-0.0011,0.0000,0.0000
8.664,-0.0000,-0.0000,0.0013,-0.0000,-0.0011,0.0000,0.0000
8.676,-0.0000,-0.0000,0.0013,-0.0000,-0.0011,0.0000,0.0000
8.688,-0.0000,-0.0000,0.0013,-0.0000,-0.0011,0.0000,0.0000
8.700,-0.0000,-0.0000,0.0013,-0.0000,-0.0011,0.0000,0.0000
8.712,-0.0000,-0.0000,0.0013,-0.0000,-0.0011,0.0000,0.0000
8.724,-0.0000,-0.0000,0.0013,-0.0000,-0.0011,0.0000,0.0000
8.736,-0.0000,-0.0000,0.0013,-0.0000,-0.0011,0.0000,0.0000
8.748,-0.0000,-0.0000,0.0013,-0.0000,-0.0011,0.0000,0.0000
8.760,-0.0000,-0.0000,0.0013,-0.0000,-0.0011,0.0000,0.0000
8.772,-0.0000,-0.0000,0.0013,-0.0000,-0.0011,0.0000,0.0000
8.784,-0.0000,-0.0000,0.0013,-0.0000,-0.0011,0.0000,0.0000
8.796,-0.0000,-0.0000,0.0013,-0.0000,-0.0011,0.0000,0.0000
8.808,-0.0000,-0.0000,0.0013,-0.0000,-0.0011,0.0000,0.0000
8.820,-0.0000,-0.0000,0.0013,-0.0000,-0.0011,0.0000,0.0000
8.832,-0.0000,-0.0000,0.0013,-0.0000,-0.0011,0.0000,0.0000
8.844,-0.0000,-0.0000,0.0013,-0.0000,-0.0011,0.0000,0.0000
8.856,-0.0000,-0.0000,0.0013,-0.0000,-0.0011,0.0000,0.0000
8.868,-0.0000,-0.0000,0.0013,-0.0000,-0.0011,0.0000,0.0000
8.880,-0.0000,-0.0000,0.0013,-0.0000,-0.0011,0.0000,0.0000
8.892,-0.0000,-0.0000,0.0013,-0.0000,-0.0011,0.0000,0.0000
8.904,-0.0000,-0.0000,0.0013,-0.0000,-0.0011,0.0000,0.0000
8.916,-0.0000,-0.0000,0.0013,-0.0000,-0.0011,0.0000,0.0000
8.928,-0.0000,-0.0000,0.0013,-0.0000,-0.0011,0.0000,0.0000
8.940,-0.0000,-0.0000,0.0013,-0.0000,-0.0011,0.0000,0.0000
8.952,-0.0000,-0.0000,0.0013,-0.0000,-0.0011,0.0000,0.0000
8.964,-0.0000,-0.0000,0.0013,-0.0000,-0.0011,0.0000,0.0000
8.976,-0.0000,-0.0000,0.0013,-0.0000,-0.0011,0.0000,0.0000
8.988,-0.0000,-0.0000,0.0013,-0.0000,-0.0011,0.0000,0.0000
9.000,-0.0000,-0.0000,0.0013,-0.0000,-0.0011,0.0000,0.0000
9.012,-0.0000,-0.0000,0.0013,-0.0000,-0.0011,0.0000,0.0000
9.024,-0.0000,-0.0000,0.0013,-0.0000,-0.0011,0.0000,0.0000
9.036,-0.0000,-0.0000,0.0013,-0.0000,-0.0011,0.0000,0.0000
9.048,-0.0000,-0.0000,0.0013,-0.0000,-0.0011,0.0000,0.0000
9.060,-0.0000,-0.0000,0.0013,-0.0000,-0.0011,0.0000,0.0000
9.072,-0.0000,-0.0000,0.0013,-0.0000,-0.0011,0.0000,0.0000
9.084,-0.0000,-0.0000,0.0013,-0.0000,-0.0011,0.0000,0.0000
9.096,-0.0000,-0.0000,0.0013,-0.0000,-0.0011,0.0000,0.0000
9.108,-0.0000,-0.0000,0.0013,-0.0000,-0.0011,0.0000,0.0000
9.120,-0.0000,-0.0000,0.0013,-0.0000,-0.0011,0.0000,0.0000
9.132,-0.0000,-0.0000,0.0013,-0.0000,-0.0011,0.0000,0.0000
9.144,-0.0000,-0.0000,0.0013,-0.0000,-0.0011,0.0000,0.0000
9.156,-0.0000,-0.0000,0.0013,-0.0000,-0.0011,0.0000,0.0000
9.168,-0.0000,-0.0000,0.0013,-0.0000,-0.0011,0.0000,0.0000
9.180,-0.0000,-0.0000,0.0013,-0.0000,-0.0011,0.0000,0.0000
9.192,-0.0000,-0.0000,0.0013,-0.0000,-0.0011,0.0000,0.0000
9.204,-0.0000,-0.0000,0.0013,-0.0000,-0.0011,0.0000,0.0000
9.216,-0.0000,-0.0000,0.0013,-0.0000,-0.0011,0.0000,0.0000
9.228,-0.0000,-0.0000,0.0013,-0.0000,-0.0011,0.0000,0.0000
9.240,-0.0000,-0.0000,0.0013,-0.0000,-0.0011,0.0000,0.0000
9.252,-0.0000,-0.0000,0.0013,-0.0000,-0.0011,0.0000,0.0000
9.264,-0.0000,-0.0000,0.0013,-0.0000,-0.0011,0.0000,0.0000
9.276,-0.0000,-0.0000,0.0013,-0.0000,-0.0011,0.0000,0.0000
9.288,-0.0000,-0.0000,0.0013,-0.0000,-0.0011,0.0000,0.0000
9.300,-0.0000,-0.0000,0.0013,-0.0000,-0.0011,0.0000,0.0000
9.312,-0.0000,-0.0000,0.0013,-0.0000,-0.0011,0.0000,0.0000
9.324,-0.0000,-0.0000,0.0013,-0.0000,-0.0011,0.0000,0.0000
9.336,-0.0000,-0.0000,0.0013,-0.0000,-0.0011,0.0000,0.0000
9.348,-0.0000,-0.0000,0.0013,-0.0000,-0.0011,0.0000,0.0000
9.360,-0.0000,-0.0000,0.0013,-0.0000,-0.0011,0.0000,0.0000
9.372,-0.0000,-0.0000,0.0013,-0.0000,-0.0011,0.0000,0.0000
9.384,-0.0000,-0.0000,0.0013,-0.0000,-0.0011,0.0000,0.0000
9.396,-0.0000,-0.0000,0.0013,-0.0000,-0.0011,0.0000,0.0000
9.408,-0.0000,-0.0000,0.0013,-0.0000,-0.0011,0.0000,0.0000
9.420,-0.0000,-0.0000,0.0013,-0.0000,-0.0011,0.0000,0.0000
9.432,-0.0000,-0.0000,0.0013,-0.0000,-0.0011,0.0000,0.0000
9.444,-0.0000,-0.0000,0.0013,-0.0000,-0.0011,0.0000,0.0000
9.456,-0.0000,-0.0000,0.0013,-0.0000,-0.0011,0.0000,0.0000
9.468,-0.0000,-0.0000,0.0013,-0.0000,-0.0011,0.0000,0.0000
9.480,-0.0000,-0.0000,0.0013,-0.0000,-0.0011,0.0000,0.0000
9.492,-0.0000,-0.0000,0.0013,-0.0000,-0.0011,0.0000,0.0000
9.504,-0.0000,-0.0000,0.0013,-0.0000,-0.0011,0.0000,0.0000
9.516,-0.0000,-0.0000,0.0013,-0.0000,-0.0011,0.0000,0.0000
9.528,-0.0000,-0.0000,0.0013,-0.0000,-0.0011,0.0000,0.0000
9.540,-0.0000,-0.0000,0.0013,-0.0000,-0.0011,0.0000,0.0000
9.552,-0.0000,-0.0000,0.0013,-0.0000,-0.0011,0.0000,0.0000
9.564,-0.0000,-0.0000,0.0013,-0.0000,-0.0011,0.0000,0.0000
9.576,-0.0000,-0.0000,0.0013,-0.0000,-0.0011,0.0000,0.0000
9.588,-0.0000,-0.0000,0.0013,-0.0000,-0.0011,0.0000,0.0000
9.600,-0.0000,-0.0000,0.0013,-0.0000,-0.0011,0.0000,0.0000
9.612,-0.0000,-0.0000,0.0013,-0.0000,-0.0011,0.0000,0.0000
9.624,-0.0000,-0.0000,0.0013,-0.0000,-0.0011,0.0000,0.0000
9.636,-0.0000,-0.0000,0.0013,-0.0000,-0.0011,0.0000,0.0000
9.648,-0.0000,-0.0000,0.0013,-0.0000,-0.0011,0.0000,0.0000
9.660,-0.0000,-0.0000,0.0013,-0.0000,-0.0011,0.0000,0.0000
9.672,-0.0000,-0.0000,0.0013,-0.0000,-0.0011,0.0000,0.0000
9.684,-0.0000,-0.0000,0.0013,-0.0000,-0.0011,0.0000,0.0000
9.696,-0.0000,-0.0000,0.0013,-0.0000,-0.0011,0.0000,0.0000
9.708,-0.0000,-0.0000,0.0013,-0.0000,-0.0011,0.0000,0.0000
9.720,-0.0000,-0.0000,0.0013,-0.0000,-0.0011,0.0000,0.0000
9.732,-0.0000,-0.0000,0.0013,-0.0000,-0.0011,0.0000,0.0000
9.744,-0.0000,-0.0000,0.0013,-0.0000,-0.0011,0.0000,0.0000
9.756,-0.0000,-0.0000,0.0013,-0.0000,-0.0011,0.0000,0.0000
9.768,-0.0000,-0.0000,0.0013,-0.0000,-0.0011,0.0000,0.0000
9.780,-0.0000,-0.0000,0.0013,-0.0000,-0.0011,0.0000,0.0000
9.792,-0.0000,-0.0000,0.0013,-0.0000,-0.0011,0.0000,0.0000
9.804,-0.0000,-0.0000,0.0013,-0.0000,-0.0011,0.0000,0.0000
9.816,-0.0000,-0.0000,0.0013,-0.0000,-0.0011,0.0000,0.0000
9.828,-0.0000,-0.0000,0.0012,-0.0000,-0.0011,0.0000,0.0000
9.840,-0.0000,-0.0000,0.0012,-0.0000,-0.0011,0.0000,0.0000
9.852,-0.0000,-0.0000,0.0012,-0.0000,-0.0010,0.0000,0.0000
9.864,-0.0000,-0.0000,0.0012,-0.0000,-0.0010,0.0000,0.0000
9.876,-0.0000,-0.0000,0.0012,-0.0000,-0.0010,0.0000,0.0000
9.888,-0.0000,-0.0000,0.0012,-0.0000,-0.0010,0.0000,0.0000
9.900,-0.0000,-0.0000,0.0012,-0.0000,-0.0010,0.0000,0.0000
9.912,-0.0000,-0.0000,0.0012,-0.0000,-0.0010,0.0000,0.0000
9.924,-0.0000,-0.0000,0.0012,-0.0000,-0.0010,0.0000,0.0000
9.936,-0.0000,-0.0000,0.0012,-0.0000,-0.0010,0.0000,0.0000
9.948,-0.0000,-0.0000,0.0012,-0.0000,-0.0010,0.0000,0.0000
9.960,-0.0000,-0.0000,0.0012,-0.0000,-0.0010,0.0000,0.0000
9.972,-0.0000,-0.0000,0.0012,-0.0000,-0.0010,0.0000,0.0000
9.984,-0.0000,-0.0000,0.0011,-0.0000,-0.0010,0.0000,0.0000
9.996,-0.0000,-0.0000,0.0011,-0.0000,-0.0010,0.0000,0.0000
10.008,-0.0000,-0.0000,0.0011,-0.0000,-0.0010,0.0000,0.0000
10.020,-0.0000,-0.0000,0.0011,-0.0000,-0.0010,0.0000,0.0000
10.032,-0.0000,-0.0000,0.0011,-0.0000,-0.0009,0.0000,0.0000
10.044,-0.0000,-0.0000,0.0011,-0.0000,-0.0009,0.0000,0.0000
10.056,-0.0000,-0.0000,0.0011,-0.0000,-0.0009,0.0000,0.0000
10.068,-0.0000,-0.0000,0.0011,-0.0000,-0.0009,0.0000,0.0000
10.080,-0.0000,-0.0000,0.0011,-0.0000,-0.0009,0.0000,0.0000
10.092,-0.0000,-0.0000,0.0011,-0.0000,-0.0009,0.0000,0.0000
10.104,-0.0000,-0.0000,0.0011,-0.0000,-0.0009,0.0000,0.0000
10.116,-0.0000,-0.0000,0.0011,-0.0000,-0.0009,0.0000,0.0000
10.128,-0.0000,-0.0000,0.0010,-0.0000,-0.0009,0.0000,0.0000
10.140,-0.0000,-0.0000,0.0010,-0.0000,-0.0009,0.0000,0.0000
10.152,-0.0000,-0.0000,0.0010,-0.0000,-0.0009,0.0000,0.0000
10.164,-0.0000,-0.0000,0.0010,-0.0000,-0.0009,0.0000,0.0000
10.176,-0.0000,-0.0000,0.0010,-0.0000,-0.0009,0.0000,0.0000
10.188,-0.0000,-0.0000,0.0010,-0.0000,-0.0009,0.0000,0.0000
10.200,-0.0000,-0.0000,0.0010,-0.0000,-0.0009,0.0000,0.0000
10.212,-0.0000,-0.0000,0.0010,-0.0000,-0.0008,0.0000,0.0000
10.224,-0.0000,-0.0000,0.0010,-0.0000,-0.0008,0.0000,0.0000
10.236,-0.0000,-0.0000,0.0010,-0.0000,-0.0008,0.0000,0.0000
10.248,-0.0000,-0.0000,0.0010,-0.0000,-0.0008,0.0000,0.0000
10.260,-0.0000,-0.0000,0.0010,-0.0000,-0.0008,0.0000,0.0000
10.272,-0.0000,-0.0000,0.0010,-0.0000,-0.0008,0.0000,0.0000
10.284,-0.0000,-0.0000,0.0009,-0.0000,-0.0008,0.0000,0.0000
10.296,-0.0000,-0.0000,0.0009,-0.0000,-0.0008,0.0000,0.0000
10.308,-0.0000,-0.0000,0.0009,-0.0000,-0.0008,0.0000,0.0000
10.320,-0.0000,-0.0000,0.0009,-0.0000,-0.0008,0.0000,0.0000
10.332,-0.0000,-0.0000,0.0009,-0.0000,-0.0008,0.0000,0.0000
10.344,-0.0000,-0.0000,0.0009,-0.0000,-0.0008,0.0000,0.0000
10.356,-0.0000,-0.0000,0.0009,-0.0000,-0.0008,0.0000,0.0000
10.368,-0.0000,-0.0000,0.0009,-0.0000,-0.0008,0.0000,0.0000
10.380,-0.0000,-0.0000,0.0009,-0.0000,-0.0008,0.0000,0.0000
10.392,-0.0000,-0.0000,0.0009,-0.0000,-0.0007,0.0000,0.0000
10.404,-0.0000,-0.0000,0.0009,-0.0000,-0.0007,0.0000,0.0000
10.416,-0.0000,-0.0000,0.0009,-0.0000,-0.0007,0.0000,0.0000
10.428,-0.0000,-0.0000,0.0008,-0.0000,-0.0007,0.0000,0.0000
10.440,-0.0000,-0.0000,0.0008,-0.0000,-0.0007,0.0000,0.0000
10.452,-0.0000,-0.0000,0.0008,-0.0000,-0.0007,0.0000,0.0000
10.464,-0.0000,-0.0000,0.0008,-0.0000,-0.0007,0.0000,0.0000
10.476,-0.0000,-0.0000,0.0008,-0.0000,-0.0007,0.0000,0.0000
10.488,-0.0000,-0.0000,0.0008,-0.0000,-0.0007,0.0000,0.0000
10.500,-0.0000,-0.0000,0.0008,-0.0000,-0.0007,0.0000,0.0000
10.512,-0.0000,-0.0000,0.0008,-0.0000,-0.0007,0.0000,0.0000
10.524,-0.0000,-0.0000,0.0008,-0.0000,-0.0007,0.0000,0.0000
10.536,-0.0000,-0.0000,0.0008,-0.0000,-0.0007,0.0000,0.0000
10.548,-0.0000,-0.0000,0.0008,-0.0000,-0.0007,0.0000,0.0000
10.560,-0.0000,-0.0000,0.0008,-0.0000,-0.0006,0.0000,0.0000
10.572,-0.0000,-0.0000,0.0008,-0.0000,-0.0006,0.0000,0.0000
10.584,-0.0000,-0.0000,0.0007,-0.0000,-0.0006,0.0000,0.0000
10.596,-0.0000,-0.0000,0.0007,-0.0000,-0.0006,0.0000,0.0000
10.608,-0.0000,-0.0000,0.0007,-0.0000,-0.0006,0.0000,0.0000
10.620,-0.0000,-0.0000,0.0007,-0.0000,-0.0006,0.0000,0.0000
10.632,-0.0000,-0.0000,0.0007,-0.0000,-0.0006,0.0000,0.0000
10.644,-0.0000,-0.0000,0.0007,-0.0000,-0.0006,0.0000,0.0000
10.656,-0.0000,-0.0000,0.0007,-0.0000,-0.0006,0.0000,0.0000
10.668,-0.0000,-0.0000,0.0007,-0.0000,-0.0006,0.0000,0.0000
10.680,-0.0000,-0.0000,0.0007,-0.0000,-0.0006,0.0000,0.0000
10.692,-0.0000,-0.0000,0.0007,-0.0000,-0.0006,0.0000,0.0000
10.704,-0.0000,-0.0000,0.0007,-0.0000,-0.0006,0.0000,0.0000
10.716,-0.0000,-0.0000,0.0007,-0.0000,-0.0006,0.0000,0.0000
10.728,-0.0000,-0.0000,0.0006,-0.0000,-0.0006,0.0000,0.0000
10.740,-0.0000,-0.0000,0.0006,-0.0000,-0.0005,0.0000,0.0000
10.752,-0.0000,-0.0000,0.0006,-0.0000,-0.0005,0.0000,0.0000
10.764,-0.0000,-0.0000,0.0006,-0.0000,-0.0005,0.0000,0.0000
10.776,-0.0000,-0.0000,0.0006,-0.0000,-0.0005,0.0000,0.0000
10.788,-0.0000,-0.0000,0.0006,-0.0000,-0.0005,0.0000,0.0000
10.800,-0.0000,-0.0000,0.0006,-0.0000,-0.0005,0.0000,0.0000
10.812,-0.0000,-0.0000,0.0006,-0.0000,-0.0005,0.0000,0.0000
10.824,-0.0000,-0.0000,0.0006,-0.0000,-0.0005,0.0000,0.0000
10.836,-0.0000,-0.0000,0.0006,-0.0000,-0.0005,0.0000,0.0000
10.848,-0.0000,-0.0000,0.0006,-0.0000,-0.0005,0.0000,0.0000
10.860,-0.0000,-0.0000,0.0006,-0.0000,-0.0005,0.0000,0.0000
10.872,-0.0000,-0.0000,0.0005,-0.0000,-0.0005,0.0000,0.0000
10.884,-0.0000,-0.0000,0.0005,-0.0000,-0.0005,0.0000,0.0000
10.896,-0.0000,-0.0000,0.0005,-0.0000,-0.0005,0.0000,0.0000
10.908,-0.0000,-0.0000,0.0005,-0.0000,-0.0004,0.0000,0.0000
10.920,-0.0000,-0.0000,0.0005,-0.0000,-0.0004,0.0000,0.0000
10.932,-0.0000,-0.0000,0.0005,-0.0000,-0.0004,0.0000,0.0000
10.944,-0.0000,-0.0000,0.0005,-0.0000,-0.0004,0.0000,0.0000
10.956,-0.0000,-0.0000,0.0005,-0.0000,-0.0004,0.0000,0.0000
10.968,-0.0000,-0.0000,0.0005,-0.0000,-0.0004,0.0000,0.0000
10.980,-0.0000,-0.0000,0.0005,-0.0000,-0.0004,0.0000,0.0000
10.992,-0.0000,-0.0000,0.0005,-0.0000,-0.0004,0.0000,0.0000
11.004,-0.0000,-0.0000,0.0005,-0.0000,-0.0004,0.0000,0.0000
11.016,-0.0000,-0.0000,0.0005,-0.0000,-0.0004,0.0000,0.0000
11.028,-0.0000,-0.0000,0.0004,-0.0000,-0.0004,0.0000,0.0000
11.040,-0.0000,-0.0000,0.0004,-0.0000,-0.0004,0.0000,0.0000
11.052,-0.0000,-0.0000,0.0004,-0.0000,-0.0004,0.0000,0.0000
11.064,-0.0000,-0.0000,0.0004,-0.0000,-0.0004,0.0000,0.0000
11.076,-0.0000,-0.0000,0.0004,-0.0000,-0.0004,0.0000,0.0000
11.088,-0.0000,-0.0000,0.0004,-0.0000,-0.0003,0.0000,0.0000
11.100,-0.0000,-0.0000,0.0004,-0.0000,-0.0003,0.0000,0.0000
11.112,-0.0000,-0.0000,0.0004,-0.0000,-0.0003,0.0000,0.0000
11.124,-0.0000,-0.0000,0.0004,-0.0000,-0.0003,0.0000,0.0000
11.136,-0.0000,-0.0000,0.0004,-0.0000,-0.0003,0.0000,0.0000
11.148,-0.0000,-0.0000,0.0004,-0.0000,-0.0003,0.0000,0.0000
11.160,-0.0000,-0.0000,0.0004,-0.0000,-0.0003,0.0000,0.0000
11.172,-0.0000,-0.0000,0.0003,-0.0000,-0.0003,0.0000,0.0000
11.184,-0.0000,-0.0000,0.0003,-0.0000,-0.0003,0.0000,0.0000
11.196,-0.0000,-0.0000,0.0003,-0.0000,-0.0003,0.0000,0.0000
11.208,-0.0000,-0.0000,0.0003,-0.0000,-0.0003,0.0000,0.0000
11.220,-0.0000,-0.0000,0.0003,-0.0000,-0.0003,0.0000,0.0000
11.232,-0.0000,-0.0000,0.0003,-0.0000,-0.0003,0.0000,0.0000
11.244,-0.0000,-0.0000,0.0003,-0.0000,-0.0003,0.0000,0.0000
11.256,-0.0000,-0.0000,0.0003,-0.0000,-0.0002,0.0000,0.0000
11.268,-0.0000,-0.0000,0.0003,-0.0000,-0.0002,0.0000,0.0000
11.280,-0.0000,-0.0000,0.0003,-0.0000,-0.0002,0.0000,0.0000
11.292,-0.0000,-0.0000,0.0003,-0.0000,-0.0002,0.0000,0.0000
11.304,-0.0000,-0.0000,0.0003,-0.0000,-0.0002,0.0000,0.0000
11.316,-0.0000,-0.0000,0.0003,-0.0000,-0.0002,0.0000,0.0000
11.328,-0.0000,-0.0000,0.0002,-0.0000,-0.0002,0.0000,0.0000
11.340,-0.0000,-0.0000,0.0002,-0.0000,-0.0002,0.0000,0.0000
11.352,-0.0000,-0.0000,0.0002,-0.0000,-0.0002,0.0000,0.0000
11.364,-0.0000,-0.0000,0.0002,-0.0000,-0.0002,0.0000,0.0000
11.376,-0.0000,-0.0000,0.0002,-0.0000,-0.0002,0.0000,0.0000
11.388,-0.0000,-0.0000,0.0002,-0.0000,-0.0002,0.0000,0.0000
11.400,-0.0000,-0.0000,0.0002,-0.0000,-0.0002,0.0000,0.0000
11.412,-0.0000,-0.0000,0.0002,-0.0000,-0.0002,0.0000,0.0000
11.424,-0.0000,-0.0000,0.0002,-0.0000,-0.0002,0.0000,0.0000
11.436,-0.0000,-0.0000,0.0002,-0.0000,-0.0001,0.0000,0.0000
11.448,-0.0000,-0.0000,0.0002,-0.0000,-0.0001,0.0000,0.0000
11.460,-0.0000,-0.0000,0.0002,-0.0000,-0.0001,0.0000,0.0000
11.472,-0.0000,-0.0000,0.0001,-0.0000,-0.0001,0.0000,0.0000
11.484,-0.0000,-0.0000,0.0001,-0.0000,-0.0001,0.0000,0.0000
11.496,-0.0000,-0.0000,0.0001,-0.0000,-0.0001,0.0000,0.0000
11.508,-0.0000,-0.0000,0.0001,-0.0000,-0.0001,0.0000,0.0000
11.520,-0.0000,-0.0000,0.0001,-0.0000,-0.0001,0.0000,0.0000
11.532,-0.0000,-0.0000,0.0001,-0.0000,-0.0001,0.0000,0.0000
11.544,-0.0000,-0.0000,0.0001,-0.0000,-0.0001,0.0000,0.0000
11.556,-0.0000,-0.0000,0.0001,-0.0000,-0.0001,0.0000,0.0000
11.568,-0.0000,-0.0000,0.0001,-0.0000,-0.0001,0.0000,0.0000
11.580,-0.0000,-0.0000,0.0001,-0.0000,-0.0001,0.0000,0.0000
11.592,-0.0000,-0.0000,0.0001,-0.0000,-0.0001,0.0000,0.0000
11.604,-0.0000,-0.0000,0.0001,-0.0000,-0.0000,0.0000,0.0000
11.616,-0.0000,-0.0000,0.0001,-0.0000,-0.0000,0.0000,0.0000
11.628,-0.0000,-0.0000,0.0000,-0.0000,-0.0000,0.0000,0.0000
11.640,-0.0000,-0.0000,0.0000,-0.0000,-0.0000,0.0000,0.0000
11.652,-0.0000,-0.0000,0.0000,-0.0000,-0.0000,0.0000,0.0000
11.664,-0.0000,-0.0000,0.0000,-0.0000,-0.0000,0.0000,0.0000
11.676,-0.0000,-0.0000,0.0000,-0.0000,-0.0000,0.0000,0.0000
11.688,-0.0000,-0.0000,0.0000,-0.0000,-0.0000,0.0000,0.0000
11.700,-0.0000,-0.0000,0.0000,-0.0000,-0.0000,0.0000,0.0000
11.712,-0.0000,-0.0000,0.0000,-0.0000,-0.0000,0.0000,0.0000
11.724,-0.0000,-0.0000,0.0000,-0.0000,-0.0000,0.0000,0.0000
11.736,-0.0000,-0.0000,0.0000,-0.0000,-0.0000,0.0000,0.0000
11.748,-0.0000,-0.0000,0.0000,-0.0000,-0.0000,0.0000,0.0000
11.760,-0.0000,-0.0000,0.0000,-0.0000,-0.0000,0.0000,0.0000
11.772,-0.0000,-0.0000,0.0000,-0.0000,-0.0000,0.0000,0.0000
11.784,-0.0000,-0.0000,0.0000,-0.0000,-0.0000,0.0000,0.0000
11.796,-0.0000,-0.0000,0.0000,-0.0000,-0.0000,0.0000,0.0000
11.808,-0.0000,-0.0000,0.0000,-0.0000,-0.0000,0.0000,0.0000
11.820,-0.0000,-0.0000,0.0000,-0.0000,-0.0000,0.0000,0.0000
11.832,-0.0000,-0.0000,0.0000,-0.0000,-0.0000,0.0000,0.0000
11.844,-0.0000,-0.0000,0.0000,-0.0000,-0.0000,0.0000,0.0000
11.856,-0.0000,-0.0000,0.0000,-0.0000,-0.0000,0.0000,0.0000
11.868,-0.0000,-0.0000,0.0000,-0.0000,-0.0000,0.0000,0.0000
11.880,-0.0000,-0.0000,0.0000,-0.0000,-0.0000,0.0000,0.0000
11.892,-0.0000,-0.0000,0.0000,-0.0000,-0.0000,0.0000,0.0000
11.904,-0.0000,-0.0000,0.0000,-0.0000,-0.0000,0.0000,0.0000
11.916,-0.0000,-0.0000,0.0000,-0.0000,-0.0000,0.0000,0.0000
11.928,-0.0000,-0.0000,0.0000,-0.0000,-0.0000,0.0000,0.0000
11.940,-0.0000,-0.0000,0.0000,-0.0000,-0.0000,0.0000,0.0000
11.952,-0.0000,-0.0000,0.0000,-0.0000,-0.0000,0.0000,0.0000
11.964,-0.0000,-0.0000,0.0000,-0.0000,-0.0000,0.0000,0.0000
11.976,-0.0000,-0.0000,0.0000,-0.0000,-0.0000,0.0000,0.0000
11.988,-0.0000,-0.0000,0.0000,-0.0000,-0.0000,0.0000,0.0000
12.000,-0.0000,-0.0000,0.0000,-0.0000,-0.0000,0.0000,0.0000
12.012,-0.0000,-0.0000,0.0000,-0.0000,-0.0000,0.0000,0.0000
12.024,-0.0000,-0.0000,0.0000,-0.0000,-0.0000,0.0000,0.0000
12.036,-0.0000,-0.0000,0.0000,-0.0000,-0.0000,0.0000,0.0000
12.048,-0.0000,-0.0000,0.0000,-0.0000,-0.0000,0.0000,0.0000
12.060,-0.0000,-0.0000,0.0000,-0.0000,-0.0000,0.0000,0.0000
12.072,-0.0000,-0.0000,0.0000,-0.0000,-0.0000,0.0000,0.0000
12.084,-0.0000,-0.0000,0.0000,-0.0000,-0.0000,0.0000,0.0000
12.096,-0.0000,-0.0000,0.0000,-0.0000,-0.0000,0.0000,0.0000
12.108,-0.0000,-0.0000,0.0000,-0.0000,-0.0000,0.0000,0.0000
12.120,-0.0000,-0.0000,0.0000,-0.0000,-0.0000,0.0000,0.0000
12.132,-0.0000,-0.0000,0.0000,-0.0000,-0.0000,0.0000,0.0000
12.144,-0.0000,-0.0000,0.0000,-0.0000,-0.0000,0.0000,0.0000
12.156,-0.0000,-0.0000,0.0000,-0.0000,-0.0000,0.0000,0.0000
12.168,-0.0000,-0.0000,0.0000,-0.0000,-0.0000,0.0000,0.0000
12.180,-0.0000,-0.0000,0.0000,-0.0000,-0.0000,0.0000,0.0000
12.192,-0.0000,-0.0000,0.0000,-0.0000,-0.0000,0.0000,0.0000
12.204,-0.0000,-0.0000,0.0000,-0.0000,-0.0000,0.0000,0.0000
12.216,-0.0000,-0.0000,0.0000,-0.0000,-0.0000,0.0000,0.0000
12.228,-0.0000,-0.0000,0.0000,-0.0000,-0.0000,0.0000,0.0000
12.240,-0.0000,-0.0000,0.0000,-0.0000,-0.0000,0.0000,0.0000
12.252,-0.0000,-0.0000,0.0000,-0.0000,-0.0000,0.0000,0.0000
12.264,-0.0000,-0.0000,0.0000,-0.0000,-0.0000,0.0000,0.0000
12.276,-0.0000,-0.0000,0.0000,-0.0000,-0.0000,0.0000,0.0000
12.288,-0.0000,-0.0000,0.0000,-0.0000,-0.0000,0.0000,0.0000
12.300,-0.0000,-0.0000,0.0000,-0.0000,-0.0000,0.0000,0.0000
12.312,-0.0000,-0.0000,0.0000,-0.0000,-0.0000,0.0000,0.0000
12.324,-0.0000,-0.0000,0.0000,-0.0000,-0.0000,0.0000,0.0000
12.336,-0.0000,-0.0000,0.0000,-0.0000,-0.0000,0.0000,0.0000
12.348,-0.0000,-0.0000,0.0000,-0.0000,-0.0000,0.0000,0.0000
12.360,-0.0000,-0.0000,0.0000,-0.0000,-0.0000,0.0000,0.0000
12.372,-0.0000,-0.0000,0.0000,-0.0000,-0.0000,0.0000,0.0000
12.384,-0.0000,-0.0000,0.0000,-0.0000,-0.0000,0.0000,0.0000
12.396,-0.0000,-0.0000,0.0000,-0.0000,-0.0000,0.0000,0.0000
12.408,-0.0000,-0.0000,0.0000,-0.0000,-0.0000,0.0000,0.0000
12.420,-0.0000,-0.0000,0.0000,-0.0000,-0.0000,0.0000,0.0000
12.432,-0.0000,-0.0000,0.0000,-0.0000,-0.0000,0.0000,0.0000
12.444,-0.0000,-0.0000,0.0000,-0.0000,-0.0000,0.0000,0.0000
12.456,-0.0000,-0.0000,0.0000,-0.0000,-0.0000,0.0000,0.0000
12.468,-0.0000,-0.0000,0.0000,-0.0000,-0.0000,0.0000,0.0000
12.480,-0.0000,-0.0000,0.0000,-0.0000,-0.0000,0.0000,0.0000
12.492,-0.0000,-0.0000,0.0000,-0.0000,-0.0000,0.0000,0.0000
12.504,-0.0000,-0.0000,0.0000,-0.0000,-0.0000,0.0000,0.0000
12.516,-0.0000,-0.0000,0.0000,-0.0000,-0.0000,0.0000,0.0000
12.528,-0.0000,-0.0000,0.0000,-0.0000,-0.0000,0.0000,0.0000
12.540,-0.0000,-0.0000,0.0000,-0.0000,-0.0000,0.0000,0.0000
12.552,-0.0000,-0.0000,0.0000,-0.0000,-0.0000,0.0000,0.0000
12.564,-0.0000,-0.0000,0.0000,-0.0000,-0.0000,0.0000,0.0000
12.576,-0.0000,-0.0000,0.0000,-0.0000,-0.0000,0.0000,0.0000
12.588,-0.0000,-0.0000,0.0000,-0.0000,-0.0000,0.0000,0.0000
12.600,-0.0000,-0.0000,0.0000,-0.0000,-0.0000,0.0000,0.0000
12.612,-0.0000,0.0000,0.0000,-0.0000,-0.0000,0.0000,0.0000
12.624,-0.0000,0.0000,0.0000,-0.0000,-0.0000,0.0000,0.0000
12.636,-0.0000,0.0000,0.0000,-0.0000,-0.0000,0.0000,0.0000
12.648,-0.0000,0.0000,0.0000,-0.0000,-0.0000,0.0000,0.0000
12.660,-0.0000,0.0000,0.0000,-0.0000,-0.0000,0.0000,0.0000
12.672,-0.0000,0.0000,0.0000,-0.0000,-0.0000,0.0000,0.0000
12.684,-0.0000,0.0000,0.0000,-0.0000,-0.0000,0.0000,0.0000
12.696,-0.0000,0.0000,0.0000,-0.0000,-0.0000,0.0000,0.0000
12.708,-0.0000,0.0000,0.0000,-0.0000,-0.0000,0.0000,0.0000
12.720,-0.0000,0.0000,0.0000,-0.0000,-0.0000,0.0000,0.0000
12.732,-0.0000,0.0000,0.0000,-0.0000,-0.0000,0.0000,0.0000
12.744,-0.0000,0.0000,0.0000,-0.0000,-0.0000,0.0000,0.0000
12.756,-0.0000,0.0000,0.0000,-0.0000,-0.0000,0.0000,0.0000
12.768,-0.0000,0.0000,0.0000,-0.0000,-0.0000,0.0000,0.0000
12.780,-0.0000,0.0000,0.0000,-0.0000,-0.0000,0.0000,0.0000
12.792,-0.0000,0.0000,0.0000,-0.0000,-0.0000,0.0000,0.0000
12.804,-0.0000,0.0000,0.0000,-0.0000,-0.0000,0.0000,0.0000
12.816,-0.0000,0.0000,0.0000,-0.0000,0.0000,0.0000,0.0000
12.828,-0.0000,0.0000,0.0000,-0.0000,0.0000,0.0000,0.0000
12.840,-0.0000,0.0000,0.0000,-0.0000,0.0000,0.0000,0.0000
12.852,-0.0000,0.0000,0.0000,-0.0000,0.0000,0.0000,0.0000
12.864,-0.0000,0.0000,0.0000,-0.0000,0.0000,0.0000,0.0000
12.876,-0.0000,0.0000,0.0000,-0.0000,0.0000,0.0000,0.0000
12.888,-0.0000,0.0000,0.0000,-0.0000,0.0000,0.0000,0.0000
12.900,-0.0000,0.0000,0.0000,-0.0000,0.0000,0.0000,0.0000
12.912,-0.0000,0.0000,0.0000,-0.0000,0.0000,0.0000,0.0000
12.924,-0.0000,0.0000,0.0000,-0.0000,0.0000,0.0000,0.0000
12.936,-0.0000,0.0000,0.0000,-0.0000,0.0000,0.0000,0.0000
12.948,-0.0000,0.0000,0.0000,-0.0000,0.0000,0.0000,0.0000
12.960,-0.0000,0.0000,0.0000,-0.0000,0.0000,0.0000,0.0000
12.972,-0.0000,0.0000,0.0000,-0.0000,0.0000,0.0000,0.0000
12.984,-0.0000,0.0000,0.0000,-0.0000,0.0000,0.0000,0.0000
12.996,-0.0000,0.0000,0.0000,-0.0000,0.0000,0.0000,0.0000
13.008,-0.0000,0.0000,0.0000,-0.0000,0.0000,0.0000,0.0000
13.020,-0.0000,0.0000,0.0000,-0.0000,0.0000,0.0000,0.0000
13.032,-0.0000,0.0000,0.0000,-0.0000,0.0000,0.0000,0.0000
13.044,-0.0000,0.0000,0.0000,-0.0000,0.0000,0.0000,0.0000
13.056,-0.0000,0.0000,0.0000,-0.0000,0.0000,0.0000,0.0000
13.068,-0.0000,0.0000,0.0000,-0.0000,0.0000,0.0000,0.0000
13.080,-0.0000,0.0000,0.0000,-0.0000,0.0000,0.0000,0.0000
13.092,-0.0000,0.0000,0.0000,-0.0000,0.0000,0.0000,0.0000
13.104,-0.0000,0.0000,0.0000,-0.0000,0.0000,0.0000,0.0000
13.116,-0.0000,0.0000,0.0000,-0.0000,0.0000,0.0000,0.0000
13.128,-0.0000,0.0000,0.0000,-0.0000,0.0000,0.0000,0.0000
13.140,-0.0000,0.0000,0.0000,-0.0000,0.0000,0.0000,0.0000
13.152,-0.0000,0.0000,0.0000,-0.0000,0.0000,0.0000,0.0000
13.164,-0.0000,0.0000,0.0000,-0.0000,0.0000,0.0000,0.0000
13.176,-0.0000,0.0000,0.0000,-0.0000,0.0000,0.0000,0.0000
13.188,-0.0000,0.0000,0.0000,-0.0000,0.0000,0.0000,0.0000
13.200,-0.0000,0.0000,0.0000,-0.0000,0.0000,0.0000,0.0000
13.212,-0.0000,0.0000,0.0000,-0.0000,0.0000,0.0000,0.0000
13.224,-0.0000,0.0000,0.0000,-0.0000,0.0000,0.0000,0.0000
13.236,-0.0000,0.0000,0.0000,-0.0000,0.0000,0.0000,0.0000
13.248,-0.0000,0.0000,0.0000,-0.0000,0.0000,0.0000,0.0000
13.260,-0.0000,0.0000,0.0000,-0.0000,0.0000,0.0000,0.0000
13.272,-0.0000,0.0000,0.0000,-0.0000,0.0000,0.0000,0.0000
13.284,-0.0000,0.0000,0.0000,-0.0000,0.0000,0.0000,0.0000
13.296,-0.0000,0.0000,0.0000,-0.0000,0.0000,0.0000,0.0000
13.308,-0.0000,0.0000,0.0000,-0.0000,0.0000,0.0000,0.0000
13.320,-0.0000,0.0000,0.0000,-0.0000,0.0000,0.0000,0.0000
13.332,-0.0000,0.0000,0.0000,-0.0000,0.0000,0.0000,0.0000
13.344,-0.0000,0.0000,0.0000,-0.0000,0.0000,0.0000,0.0000
13.356,-0.0000,0.0000,0.0000,-0.0000,0.0000,0.0000,0.0000
13.368,-0.0000,0.0000,0.0000,-0.0000,0.0000,0.0000,0.0000
13.380,-0.0000,0.0000,0.0000,-0.0000,0.0000,0.0000,0.0000
13.392,-0.0000,0.0000,0.0000,-0.0000,0.0000,0.0000,0.0000
13.404,-0.0000,0.0000,0.0000,-0.0000,0.0000,0.0000,0.0000
13.416,-0.0000,0.0000,0.0000,-0.0000,0.0000,0.0000,0.0000
13.428,-0.0000,0.0000,0.0000,-0.0000,0.0000,0.0000,0.0000
13.440,-0.0000,0.0000,0.0000,-0.0000,0.0000,0.0000,0.0000
13.452,-0.0000,0.0000,0.0000,-0.0000,0.0000,0.0000,0.0000
13.464,-0.0000,0.0000,0.0000,-0.0000,0.0000,0.0000,0.0000
13.476,-0.0000,0.0000,0.0000,-0.0000,0.0000,0.0000,0.0000
13.488,-0.0000,0.0000,0.0000,-0.0000,0.0000,0.0000,0.0000
13.500,-0.0000,0.0000,0.0000,-0.0000,0.0000,0.0000,0.0000
13.512,-0.0000,0.0000,0.0000,-0.0000,0.0000,0.0000,0.0000
13.524,-0.0000,0.0000,0.0000,-0.0000,0.0000,0.0000,0.0000
13.536,-0.0000,0.0000,0.0000,-0.0000,0.0000,0.0000,0.0000
13.548,-0.0000,0.0000,0.0000,-0.0000,0.0000,0.0000,0.0000
13.560,-0.0000,0.0000,0.0000,-0.0000,0.0000,0.0000,0.0000
13.572,-0.0000,0.0000,0.0000,-0.0000,0.0000,0.0000,0.0000
13.584,-0.0000,0.0000,0.0000,-0.0000,0.0000,0.0000,0.0000
13.596,-0.0000,0.0000,0.0000,-0.0000,0.0000,0.0000,0.0000
13.608,-0.0000,0.0000,0.0000,-0.0000,0.0000,0.0000,0.0000
13.620,-0.0000,0.0000,0.0000,-0.0000,0.0000,0.0000,0.0000
13.632,-0.0000,0.0000,0.0000,-0.0000,0.0000,0.0000,0.0000
13.644,-0.0000,0.0000,0.0000,-0.0000,0.0000,0.0000,0.0000
13.656,-0.0000,0.0000,0.0000,-0.0000,0.0000,0.0000,0.0000
13.668,-0.0000,0.0000,0.0000,-0.0000,0.0000,0.0000,0.0000
13.680,-0.0000,0.0000,0.0000,-0.0000,0.0000,0.0000,0.0000
13.692,-0.0000,0.0000,0.0000,-0.0000,0.0000,0.0000,0.0000
13.704,-0.0000,0.0000,0.0000,-0.0000,0.0000,0.0000,0.0000
13.716,-0.0000,0.0000,0.0000,-0.0000,0.0000,0.0000,0.0000
13.728,-0.0000,0.0000,0.0000,-0.0000,0.0000,0.0000,0.0000
13.740,-0.0000,0.0000,0.0000,-0.0000,0.0000,0.0000,0.0000
13.752,-0.0000,0.0000,0.0000,-0.0000,0.0000,0.0000,0.0000
13.764,-0.0000,0.0000,0.0000,-0.0000,0.0000,0.0000,0.0000
13.776,-0.0000,0.0000,0.0000,-0.0000,0.0000,0.0000,0.0000
13.788,-0.0000,0.0000,0.0000,-0.0000,0.0000,0.0000,0.0000
13.800,-0.0000,0.0000,0.0000,-0.0000,0.0000,0.0000,0.0000
13.812,-0.0000,0.0000,0.0000,-0.0000,0.0000,0.0000,0.0000
13.824,-0.0000,0.0000,0.0000,-0.0000,0.0000,0.0000,0.0000
13.836,-0.0000,0.0000,0.0000,-0.0000,0.0000,0.0000,0.0000
13.848,-0.0000,0.0000,0.0000,-0.0000,0.0000,0.0000,0.0000
13.860,-0.0000,0.0000,0.0000,-0.0000,0.0000,0.0000,0.0000
13.872,-0.0000,0.0000,0.0000,-0.0000,0.0000,0.0000,0.0000
13.884,-0.0000,0.0000,0.0000,-0.0000,0.0000,0.0000,0.0000
13.896,-0.0000,0.0000,0.0000,-0.0000,0.0000,0.0000,0.0000
13.908,-0.0000,0.0000,0.0000,-0.0000,0.0000,0.0000,0.0000
13.920,-0.0000,0.0000,0.0000,-0.0000,0.0000,0.0000,0.0000
13.932,-0.0000,0.0000,0.0000,-0.0000,0.0000,0.0000,0.0000
13.944,-0.0000,0.0000,0.0000,-0.0000,0.0000,0.0000,0.0000
13.956,-0.0000,0.0000,0.0000,-0.0000,0.0000,0.0000,0.0000
13.968,-0.0000,0.0000,0.0000,-0.0000,0.0000,0.0000,0.0000
13.980,-0.0000,0.0000,0.0000,-0.0000,0.0000,0.0000,0.0000
13.992,-0.0000,0.0000,0.0000,-0.0000,0.0000,0.0000,0.0000
14.004,-0.0000,0.0000,0.0000,-0.0000,0.0000,0.0000,0.0000
14.016,-0.0000,0.0000,0.0000,-0.0000,0.0000,-0.0000,0.0000
14.028,-0.0000,0.0000,0.0000,-0.0000,0.0000,-0.0000,0.0000
14.040,-0.0000,0.0000,0.0000,-0.0000,0.0000,-0.0000,0.0000
14.052,-0.0000,0.0000,0.0000,-0.0000,0.0000,-0.0000,0.0000
14.064,-0.0000,0.0000,0.0000,-0.0000,0.0000,-0.0000,0.0000
14.076,-0.0000,0.0000,0.0000,-0.0000,0.0000,-0.0000,0.0000
14.088,-0.0000,0.0000,0.0000,-0.0000,0.0000,-0.0000,0.0000
14.100,-0.0000,0.0000,0.0000,-0.0000,0.0000,-0.0000,0.0000
14.112,-0.0000,0.0000,0.0000,-0.0000,0.0000,-0.0000,0.0000
14.124,0.0000,0.0000,0.0000,-0.0000,0.0000,-0.0000,0.0000
14.136,0.0000,0.0000,0.0000,-0.0000,0.0000,-0.0000,0.0000
14.148,0.0000,0.0000,0.0000,-0.0000,0.0000,-0.0000,0.0000
14.160,0.0000,0.0000,0.0000,-0.0000,0.0000,-0.0000,0.0000
14.172,0.0000,0.0000,0.0000,-0.0000,0.0000,-0.0000,0.0000
14.184,0.0000,0.0000,0.0000,-0.0000,0.0000,-0.0000,0.0000
14.196,0.0000,0.0000,0.0000,-0.0000,0.0000,-0.0000,0.0000
14.208,0.0000,0.0000,0.0000,-0.0000,0.0000,-0.0000,0.0000
14.220,0.0000,0.0000,0.0000,-0.0000,0.0000,-0.0000,0.0000
14.232,0.0000,0.0000,0.0000,-0.0000,0.0000,-0.0000,0.0000
14.244,0.0000,0.0000,0.0000,-0.0000,0.0000,-0.0000,0.0000
14.256,0.0000,0.0000,0.0000,-0.0000,0.0000,-0.0000,0.0000
14.268,0.0000,0.0000,0.0000,-0.0000,0.0000,-0.0000,0.0000
14.280,0.0000,0.0000,0.0000,-0.0000,0.0000,-0.0000,0.0000
14.292,0.0000,0.0000,0.0000,-0.0000,0.0000,-0.0000,0.0000
14.304,0.0000,0.0000,0.0000,-0.0000,0.0000,-0.0000,0.0000
14.316,0.0000,0.0000,0.0000,-0.0000,0.0000,-0.0000,0.0000
14.328,0.0000,0.0000,0.0000,-0.0000,0.0000,-0.0000,0.0000
14.340,0.0000,0.0000,0.0000,-0.0000,0.0000,-0.0000,0.0000
14.352,0.0000,0.0000,0.0000,-0.0000,0.0000,-0.0000,0.0000
14.364,0.0000,0.0000,0.0000,-0.0000,0.0000,-0.0000,0.0000
14.376,0.0000,0.0000,0.0000,-0.0000,0.0000,-0.0000,0.0000
14.388,0.0000,0.0000,0.0000,-0.0000,0.0000,-0.0000,0.0000
14.400,0.0000,0.0000,0.0000,-0.0000,0.0000,-0.0000,0.0000
14.412,0.0000,0.0000,0.0000,-0.0000,0.0000,-0.0000,0.0000
14.424,0.0000,0.0000,0.0000,-0.0000,0.0000,-0.0000,0.0000
14.436,0.0000,0.0000,0.0000,-0.0000,0.0000,-0.0000,0.0000
14.448,0.0000,0.0000,0.0000,-0.0000,0.0000,-0.0000,0.0000
14.460,0.0000,0.0000,0.0000,-0.0000,0.0000,-0.0000,0.0000
14.472,0.0003,0.0002,-0.0001,0.0000,0.0010,0.0003,0.0000
14.484,0.0010,0.0005,-0.0002,0.0000,0.0029,0.0010,0.0000
14.496,0.0019,0.0009,-0.0003,0.0000,0.0057,0.0019,-0.0000
14.508,0.0031,0.0015,-0.0005,0.0000,0.0091,0.0031,-0.0000
14.520,0.0044,0.0021,-0.0007,0.0000,0.0131,0.0044,-0.0000
14.532,0.0060,0.0029,-0.0009,0.0000,0.0177,0.0060,-0.0000
14.544,0.0077,0.0037,-0.0012,0.0001,0.0227,0.0077,-0.0000
14.556,0.0095,0.0046,-0.0015,0.0001,0.0282,0.0095,-0.0000
14.568,0.0115,0.0055,-0.0018,0.0001,0.0340,0.0115,-0.0000
14.580,0.0136,0.0066,-0.0021,0.0001,0.0402,0.0135,-0.0000
14.592,0.0157,0.0076,-0.0025,0.0001,0.0466,0.0157,-0.0000
14.604,0.0180,0.0087,-0.0028,0.0001,0.0533,0.0180,-0.0000
14.616,0.0203,0.0098,-0.0032,0.0002,0.0602,0.0203,-0.0000
14.628,0.0227,0.0110,-0.0036,0.0002,0.0673,0.0227,-0.0000
14.640,0.0252,0.0122,-0.0039,0.0002,0.0746,0.0251,-0.0000
14.652,0.0277,0.0134,-0.0043,0.0002,0.0820,0.0276,-0.0000
14.664,0.0302,0.0146,-0.0047,0.0002,0.0896,0.0302,-0.0000
14.676,0.0328,0.0159,-0.0051,0.0003,0.0972,0.0328,-0.0000
14.688,0.0354,0.0171,-0.0056,0.0003,0.1050,0.0354,-0.0000
14.700,0.0381,0.0184,-0.0060,0.0003,0.1129,0.0380,-0.0000
14.712,0.0408,0.0197,-0.0064,0.0003,0.1208,0.0407,-0.0000
14.724,0.0435,0.0210,-0.0068,0.0003,0.1288,0.0434,-0.0000
14.736,0.0462,0.0223,-0.0072,0.0004,0.1369,0.0461,-0.0000
14.748,0.0489,0.0237,-0.0077,0.0004,0.1451,0.0489,-0.0000
14.760,0.0517,0.0250,-0.0081,0.0004,0.1532,0.0516,-0.0000
14.772,0.0545,0.0263,-0.0085,0.0004,0.1615,0.0544,-0.0000
14.784,0.0573,0.0277,-0.0090,0.0004,0.1697,0.0572,-0.0000
14.796,0.0601,0.0290,-0.0094,0.0005,0.1780,0.0600,-0.0000
14.808,0.0629,0.0304,-0.0099,0.0005,0.1863,0.0628,-0.0000
14.820,0.0657,0.0318,-0.0103,0.0005,0.1947,0.0656,-0.0000
14.832,0.0685,0.0331,-0.0107,0.0005,0.2030,0.0684,-0.0000
14.844,0.0713,0.0345,-0.0112,0.0005,0.2114,0.0713,-0.0000
14.856,0.0742,0.0359,-0.0116,0.0006,0.2198,0.0741,-0.0000
14.868,0.0770,0.0372,-0.0121,0.0006,0.2282,0.0769,-0.0000
14.880,0.0799,0.0386,-0.0125,0.0006,0.2367,0.0798,-0.0000
14.892,0.0827,0.0400,-0.0130,0.0006,0.2451,0.0826,-0.0000
14.904,0.0856,0.0414,-0.0134,0.0007,0.2536,0.0855,-0.0000
14.916,0.0884,0.0427,-0.0139,0.0007,0.2620,0.0883,-0.0000
14.928,0.0913,0.0441,-0.0143,0.0007,0.2705,0.0912,-0.0000
14.940,0.0941,0.0455,-0.0148,0.0007,0.2790,0.0940,-0.0000
14.952,0.0970,0.0469,-0.0152,0.0007,0.2875,0.0969,-0.0000
14.964,0.0999,0.0483,-0.0157,0.0008,0.2960,0.0997,-0.0000
14.976,0.1027,0.0497,-0.0161,0.0008,0.3044,0.1026,-0.0000
14.988,0.1056,0.0510,-0.0166,0.0008,0.3129,0.1055,-0.0000
15.000,0.1085,0.0524,-0.0170,0.0008,0.3214,0.1083,-0.0000
15.012,0.1113,0.0538,-0.0175,0.0009,0.3300,0.1112,-0.0000
15.024,0.1142,0.0552,-0.0179,0.0009,0.3385,0.1141,-0.0000
15.036,0.1171,0.0566,-0.0184,0.0009,0.3470,0.1169,-0.0000
15.048,0.1199,0.0580,-0.0188,0.0009,0.3555,0.1198,-0.0000
15.060,0.1228,0.0594,-0.0193,0.0009,0.3640,0.1227,-0.0000
15.072,0.1257,0.0608,-0.0197,0.0010,0.3725,0.1255,-0.0000
15.084,0.1286,0.0621,-0.0202,0.0010,0.3810,0.1284,-0.0000
15.096,0.1314,0.0635,-0.0206,0.0010,0.3896,0.1313,-0.0000
15.108,0.1343,0.0649,-0.0211,0.0010,0.3981,0.1342,-0.0000
15.120,0.1372,0.0663,-0.0215,0.0011,0.4066,0.1370,-0.0000
15.132,0.1401,0.0677,-0.0220,0.0011,0.4151,0.1399,-0.0000
15.144,0.1429,0.0691,-0.0224,0.0011,0.4236,0.1428,-0.0000
15.156,0.1458,0.0705,-0.0229,0.0011,0.4322,0.1456,-0.0000
15.168,0.1487,0.0719,-0.0233,0.0011,0.4407,0.1485,-0.0000
15.180,0.1516,0.0733,-0.0238,0.0012,0.4492,0.1514,-0.0000
15.192,0.1544,0.0747,-0.0242,0.0012,0.4577,0.1543,-0.0000
15.204,0.1573,0.0760,-0.0247,0.0012,0.4663,0.1571,-0.0000
15.216,0.1602,0.0774,-0.0251,0.0012,0.4748,0.1600,-0.0000
15.228,0.1631,0.0788,-0.0256,0.0012,0.4833,0.1629,-0.0000
15.240,0.1660,0.0802,-0.0260,0.0013,0.4918,0.1658,-0.0000
15.252,0.1688,0.0816,-0.0265,0.0013,0.5004,0.1686,-0.0000
15.264,0.1717,0.0830,-0.0269,0.0013,0.5089,0.1715,-0.0000
15.276,0.1746,0.0844,-0.0274,0.0013,0.5174,0.1744,-0.0000
15.288,0.1775,0.0858,-0.0278,0.0014,0.5260,0.1773,-0.0000
15.300,0.1803,0.0872,-0.0283,0.0014,0.5345,0.1801,-0.0000
15.312,0.1832,0.0886,-0.0287,0.0014,0.5430,0.1830,-0.0000
15.324,0.1861,0.0900,-0.0292,0.0014,0.5515,0.1859,-0.0000
15.336,0.1890,0.0913,-0.0296,0.0014,0.5601,0.1888,-0.0000
15.348,0.1919,0.0927,-0.0301,0.0015,0.5686,0.1916,-0.0000
15.360,0.1947,0.0941,-0.0305,0.0015,0.5771,0.1945,-0.0000
15.372,0.1976,0.0955,-0.0310,0.0015,0.5856,0.1974,-0.0000
15.384,0.2005,0.0969,-0.0314,0.0015,0.5942,0.2003,-0.0000
15.396,0.2034,0.0983,-0.0319,0.0016,0.6027,0.2031,-0.0000
15.408,0.2062,0.0997,-0.0323,0.0016,0.6112,0.2060,-0.0000
15.420,0.2091,0.1011,-0.0328,0.0016,0.6198,0.2089,-0.0000
15.432,0.2120,0.1025,-0.0332,0.0016,0.6283,0.2117,-0.0000
15.444,0.2149,0.1039,-0.0337,0.0016,0.6368,0.2146,-0.0000
15.456,0.2178,0.1053,-0.0342,0.0017,0.6453,0.2175,-0.0000
15.468,0.2206,0.1066,-0.0346,0.0017,0.6539,0.2204,-0.0000
15.480,0.2235,0.1080,-0.0351,0.0017,0.6624,0.2232,-0.0000
15.492,0.2264,0.1094,-0.0355,0.0017,0.6709,0.2261,-0.0000
15.504,0.2293,0.1108,-0.0360,0.0018,0.6795,0.2290,-0.0000
15.516,0.2321,0.1122,-0.0364,0.0018,0.6880,0.2319,-0.0000
15.528,0.2350,0.1136,-0.0369,0.0018,0.6965,0.2347,-0.0000
15.540,0.2379,0.1150,-0.0373,0.0018,0.7050,0.2376,-0.0000
15.552,0.2408,0.1164,-0.0378,0.0018,0.7136,0.2405,-0.0000
15.564,0.2437,0.1178,-0.0382,0.0019,0.7221,0.2434,-0.0000
15.576,0.2465,0.1192,-0.0387,0.0019,0.7306,0.2462,-0.0000
15.588,0.2494,0.1206,-0.0391,0.0019,0.7392,0.2491,-0.0000
15.600,0.2523,0.1219,-0.0396,0.0019,0.7477,0.2520,-0.0000
15.612,0.2552,0.1233,-0.0400,0.0020,0.7562,0.2549,-0.0000
15.624,0.2580,0.1247,-0.0405,0.0020,0.7647,0.2577,-0.0000
15.636,0.2609,0.1261,-0.0409,0.0020,0.7733,0.2606,-0.0000
15.648,0.2638,0.1275,-0.0414,0.0020,0.7818,0.2635,-0.0000
15.660,0.2667,0.1289,-0.0418,0.0020,0.7903,0.2664,-0.0000
15.672,0.2696,0.1303,-0.0423,0.0021,0.7989,0.2692,-0.0000
15.684,0.2724,0.1317,-0.0427,0.0021,0.8074,0.2721,-0.0000
15.696,0.2753,0.1331,-0.0432,0.0021,0.8159,0.2750,-0.0000
15.708,0.2782,0.1345,-0.0436,0.0021,0.8244,0.2779,-0.0000
15.720,0.2811,0.1359,-0.0441,0.0022,0.8330,0.2807,-0.0000
15.732,0.2839,0.1372,-0.0445,0.0022,0.8415,0.2836,-0.0000
15.744,0.2868,0.1386,-0.0450,0.0022,0.8500,0.2865,-0.0000
15.756,0.2897,0.1400,-0.0454,0.0022,0.8586,0.2894,-0.0000
15.768,0.2926,0.1414,-0.0459,0.0022,0.8671,0.2922,-0.0000
15.780,0.2955,0.1428,-0.0463,0.0023,0.8756,0.2951,-0.0000
15.792,0.2983,0.1442,-0.0468,0.0023,0.8841,0.2980,-0.0000
15.804,0.3012,0.1456,-0.0472,0.0023,0.8927,0.3009,-0.0000
15.816,0.3041,0.1470,-0.0477,0.0023,0.9012,0.3037,-0.0000
15.828,0.3070,0.1484,-0.0481,0.0024,0.9097,0.3066,-0.0000
15.840,0.3098,0.1498,-0.0486,0.0024,0.9183,0.3095,-0.0000
15.852,0.3127,0.1512,-0.0490,0.0024,0.9268,0.3124,-0.0000
15.864,0.3156,0.1526,-0.0495,0.0024,0.9353,0.3152,-0.0000
15.876,0.3185,0.1539,-0.0499,0.0024,0.9439,0.3181,-0.0000
15.888,0.3214,0.1553,-0.0504,0.0025,0.9524,0.3210,-0.0000
15.900,0.3242,0.1567,-0.0508,0.0025,0.9609,0.3239,-0.0000
15.912,0.3271,0.1581,-0.0513,0.0025,0.9694,0.3267,-0.0000
15.924,0.3300,0.1595,-0.0518,0.0025,0.9780,0.3296,-0.0000
15.936,0.3329,0.1609,-0.0522,0.0025,0.9865,0.3325,-0.0000
15.948,0.3357,0.1623,-0.0527,0.0026,0.9950,0.3353,-0.0000
15.960,0.3386,0.1637,-0.0531,0.0026,1.0036,0.3382,-0.0000
15.972,0.3415,0.1651,-0.0536,0.0026,1.0121,0.3411,-0.0000
15.984,0.3444,0.1665,-0.0540,0.0026,1.0206,0.3440,-0.0000
15.996,0.3473,0.1679,-0.0545,0.0027,1.0291,0.3468,-0.0000
16.008,0.3501,0.1692,-0.0549,0.0027,1.0377,0.3497,-0.0000
16.020,0.3530,0.1706,-0.0554,0.0027,1.0462,0.3526,-0.0000
16.032,0.3559,0.1720,-0.0558,0.0027,1.0547,0.3555,-0.0000
16.044,0.3588,0.1734,-0.0563,0.0027,1.0633,0.3583,-0.0000
16.056,0.3616,0.1748,-0.0567,0.0028,1.0718,0.3612,-0.0000
16.068,0.3645,0.1762,-0.0572,0.0028,1.0803,0.3641,-0.0000
16.080,0.3674,0.1776,-0.0576,0.0028,1.0888,0.3670,-0.0000
16.092,0.3703,0.1790,-0.0581,0.0028,1.0974,0.3698,-0.0000
16.104,0.3732,0.1804,-0.0585,0.0029,1.1059,0.3727,-0.0000
16.116,0.3760,0.1818,-0.0590,0.0029,1.1144,0.3756,-0.0000
16.128,0.3789,0.1832,-0.0594,0.0029,1.1230,0.3785,-0.0000
16.140,0.3818,0.1845,-0.0599,0.0029,1.1315,0.3813,-0.0000
16.152,0.3847,0.1859,-0.0603,0.0029,1.1400,0.3842,-0.0000
16.164,0.3875,0.1873,-0.0608,0.0030,1.1485,0.3871,-0.0000
16.176,0.3904,0.1887,-0.0612,0.0030,1.1571,0.3900,-0.0000
16.188,0.3933,0.1901,-0.0617,0.0030,1.1656,0.3928,-0.0000
16.200,0.3962,0.1915,-0.0621,0.0030,1.1741,0.3957,-0.0000
16.212,0.3991,0.1929,-0.0626,0.0031,1.1827,0.3986,-0.0000
16.224,0.4019,0.1943,-0.0630,0.0031,1.1912,0.4015,-0.0000
16.236,0.4048,0.1957,-0.0635,0.0031,1.1997,0.4043,-0.0000
16.248,0.4077,0.1971,-0.0639,0.0031,1.2082,0.4072,-0.0000
16.260,0.4106,0.1985,-0.0644,0.0031,1.2168,0.4101,-0.0000
16.272,0.4134,0.1998,-0.0648,0.0032,1.2253,0.4130,-0.0000
16.284,0.4163,0.2012,-0.0653,0.0032,1.2338,0.4158,-0.0000
16.296,0.4192,0.2026,-0.0657,0.0032,1.2424,0.4187,-0.0000
16.308,0.4221,0.2040,-0.0662,0.0032,1.2509,0.4216,-0.0000
16.320,0.4250,0.2054,-0.0666,0.0033,1.2594,0.4245,-0.0000
16.332,0.4278,0.2068,-0.0671,0.0033,1.2679,0.4273,-0.0000
16.344,0.4307,0.2082,-0.0675,0.0033,1.2765,0.4302,-0.0000
16.356,0.4336,0.2096,-0.0680,0.0033,1.2850,0.4331,-0.0000
16.368,0.4365,0.2110,-0.0685,0.0033,1.2935,0.4360,-0.0000
16.380,0.4393,0.2124,-0.0689,0.0034,1.3021,0.4388,-0.0000
16.392,0.4422,0.2138,-0.0694,0.0034,1.3106,0.4417,-0.0000
16.404,0.4451,0.2151,-0.0698,0.0034,1.3191,0.4446,-0.0000
16.416,0.4480,0.2165,-0.0703,0.0034,1.3276,0.4475,-0.0000
16.428,0.4509,0.2179,-0.0707,0.0035,1.3362,0.4503,-0.0000
16.440,0.4537,0.2193,-0.0712,0.0035,1.3447,0.4532,-0.0000
16.452,0.4566,0.2207,-0.0716,0.0035,1.3532,0.4561,-0.0000
16.464,0.4594,0.2220,-0.0720,0.0035,1.3614,0.4588,-0.0000
16.476,0.4618,0.2232,-0.0724,0.0035,1.3686,0.4613,-0.0000
16.488,0.4639,0.2243,-0.0728,0.0036,1.3750,0.4634,-0.0000
16.500,0.4658,0.2252,-0.0731,0.0036,1.3805,0.4653,-0.0000
16.512,0.4675,0.2260,-0.0733,0.0036,1.3855,0.4669,-0.0000
16.524,0.4689,0.2267,-0.0735,0.0036,1.3898,0.4684,-0.0000
16.536,0.4702,0.2273,-0.0737,0.0036,1.3936,0.4697,-0.0000
16.548,0.4713,0.2278,-0.0739,0.0036,1.3969,0.4708,-0.0000
16.560,0.4723,0.2283,-0.0741,0.0036,1.3999,0.4718,-0.0000
16.572,0.4732,0.2287,-0.0742,0.0036,1.4025,0.4727,-0.0000
16.584,0.4740,0.2291,-0.0743,0.0036,1.4047,0.4734,-0.0000
16.596,0.4747,0.2294,-0.0744,0.0036,1.4067,0.4741,-0.0000
16.608,0.4747,0.2294,-0.0744,0.0036,1.4067,0.4741,-0.0000
16.620,0.4747,0.2296,-0.0741,0.0036,1.4063,0.4741,-0.0000
16.632,0.4747,0.2300,-0.0735,0.0036,1.4053,0.4741,-0.0000
16.644,0.4747,0.2305,-0.0726,0.0036,1.4040,0.4741,-0.0000
16.656,0.4747,0.2311,-0.0716,0.0036,1.4024,0.4742,-0.0000
16.668,0.4748,0.2318,-0.0703,0.0036,1.4004,0.4742,-0.0000
16.680,0.4748,0.2327,-0.0688,0.0036,1.3982,0.4742,-0.0000
16.692,0.4749,0.2336,-0.0672,0.0036,1.3958,0.4743,-0.0000
16.704,0.4749,0.2346,-0.0655,0.0037,1.3932,0.4743,-0.0000
16.716,0.4750,0.2357,-0.0637,0.0037,1.3904,0.4743,-0.0000
16.728,0.4750,0.2368,-0.0617,0.0037,1.3874,0.4744,-0.0000
16.740,0.4751,0.2380,-0.0597,0.0037,1.3843,0.4744,-0.0000
16.752,0.4751,0.2392,-0.0575,0.0037,1.3811,0.4745,-0.0000
16.764,0.4752,0.2405,-0.0553,0.0037,1.3778,0.4745,-0.0000
16.776,0.4752,0.2417,-0.0531,0.0037,1.3744,0.4746,-0.0000
16.788,0.4753,0.2431,-0.0508,0.0037,1.3709,0.4746,-0.0000
16.800,0.4754,0.2444,-0.0484,0.0037,1.3673,0.4747,-0.0000
16.812,0.4754,0.2458,-0.0460,0.0037,1.3637,0.4747,-0.0000
16.824,0.4755,0.2472,-0.0436,0.0037,1.3600,0.4748,-0.0000
16.836,0.4756,0.2486,-0.0411,0.0037,1.3563,0.4748,-0.0000
16.848,0.4756,0.2501,-0.0386,0.0037,1.3525,0.4749,-0.0000
16.860,0.4757,0.2515,-0.0361,0.0037,1.3487,0.4749,-0.0000
16.872,0.4758,0.2530,-0.0336,0.0037,1.3448,0.4750,-0.0000
16.884,0.4759,0.2545,-0.0310,0.0037,1.3409,0.4750,-0.0000
16.896,0.4759,0.2560,-0.0284,0.0037,1.3370,0.4751,-0.0000
16.908,0.4760,0.2575,-0.0258,0.0037,1.3331,0.4751,-0.0000
16.920,0.4761,0.2590,-0.0232,0.0037,1.3291,0.4752,-0.0000
16.932,0.4761,0.2605,-0.0206,0.0037,1.3251,0.4752,-0.0000
16.944,0.4762,0.2620,-0.0180,0.0037,1.3212,0.4753,-0.0000
16.956,0.4763,0.2635,-0.0153,0.0037,1.3172,0.4754,-0.0000
16.968,0.4764,0.2650,-0.0127,0.0037,1.3132,0.4754,-0.0000
16.980,0.4764,0.2666,-0.0100,0.0037,1.3091,0.4755,-0.0000
16.992,0.4765,0.2681,-0.0074,0.0037,1.3051,0.4755,-0.0000
17.004,0.4766,0.2696,-0.0047,0.0038,1.3011,0.4756,-0.0000
17.016,0.4766,0.2712,-0.0020,0.0038,1.2970,0.4756,-0.0000
17.028,0.4767,0.2727,0.0006,0.0038,1.2930,0.4757,-0.0000
17.040,0.4768,0.2743,0.0033,0.0038,1.2889,0.4758,-0.0000
17.052,0.4769,0.2758,0.0060,0.0038,1.2848,0.4758,-0.0000
17.064,0.4769,0.2774,0.0087,0.0038,1.2808,0.4759,-0.0000
17.076,0.4770,0.2789,0.0114,0.0038,1.2767,0.4759,-0.0000
17.088,0.4771,0.2805,0.0141,0.0038,1.2726,0.4760,-0.0000
17.100,0.4772,0.2820,0.0168,0.0038,1.2685,0.4760,-0.0000
17.112,0.4772,0.2836,0.0195,0.0038,1.2645,0.4761,-0.0000
17.124,0.4773,0.2851,0.0221,0.0038,1.2604,0.4762,-0.0000
17.136,0.4774,0.2867,0.0248,0.0038,1.2563,0.4762,-0.0000
17.148,0.4775,0.2882,0.0275,0.0038,1.2522,0.4763,-0.0000
17.160,0.4775,0.2898,0.0302,0.0038,1.2481,0.4763,-0.0000
17.172,0.4776,0.2913,0.0329,0.0038,1.2440,0.4764,-0.0000
17.184,0.4777,0.2929,0.0356,0.0038,1.2399,0.4764,-0.0000
17.196,0.4777,0.2945,0.0383,0.0038,1.2358,0.4765,-0.0000
17.208,0.4778,0.2960,0.0410,0.0038,1.2317,0.4765,-0.0000
17.220,0.4779,0.2976,0.0437,0.0038,1.2276,0.4766,-0.0000
17.232,0.4780,0.2991,0.0464,0.0038,1.2235,0.4767,-0.0000
17.244,0.4780,0.3007,0.0491,0.0038,1.2195,0.4767,-0.0000
17.256,0.4781,0.3022,0.0518,0.0039,1.2154,0.4768,-0.0000
17.268,0.4782,0.3038,0.0546,0.0039,1.2113,0.4768,-0.0000
17.280,0.4783,0.3054,0.0573,0.0039,1.2072,0.4769,-0.0000
17.292,0.4783,0.3069,0.0600,0.0039,1.2031,0.4769,-0.0000
17.304,0.4784,0.3085,0.0627,0.0039,1.1990,0.4770,-0.0000
17.316,0.4785,0.3100,0.0654,0.0039,1.1949,0.4771,-0.0000
17.328,0.4786,0.3116,0.0681,0.0039,1.1908,0.4771,-0.0000
17.340,0.4786,0.3132,0.0708,0.0039,1.1867,0.4772,-0.0000
17.352,0.4787,0.3147,0.0735,0.0039,1.1826,0.4772,-0.0000
17.364,0.4788,0.3163,0.0762,0.0039,1.1785,0.4773,-0.0000
17.376,0.4789,0.3178,0.0789,0.0039,1.1744,0.4773,-0.0000
17.388,0.4789,0.3194,0.0816,0.0039,1.1703,0.4774,-0.0000
17.400,0.4790,0.3210,0.0843,0.0039,1.1662,0.4775,-0.0000
17.412,0.4791,0.3225,0.0870,0.0039,1.1621,0.4775,-0.0000
17.424,0.4792,0.3241,0.0897,0.0039,1.1580,0.4776,-0.0000
17.436,0.4792,0.3256,0.0924,0.0039,1.1539,0.4776,-0.0000
17.448,0.4793,0.3272,0.0951,0.0039,1.1498,0.4777,-0.0000
17.460,0.4794,0.3288,0.0978,0.0039,1.1457,0.4777,-0.0000
17.472,0.4794,0.3303,0.1005,0.0039,1.1416,0.4778,-0.0000
17.484,0.4795,0.3319,0.1032,0.0039,1.1375,0.4779,-0.0000
17.496,0.4796,0.3334,0.1059,0.0039,1.1334,0.4779,-0.0000
17.508,0.4797,0.3350,0.1087,0.0039,1.1293,0.4780,-0.0000
17.520,0.4797,0.3366,0.1114,0.0040,1.1252,0.4780,-0.0000
17.532,0.4798,0.3381,0.1141,0.0040,1.1211,0.4781,-0.0000
17.544,0.4799,0.3397,0.1168,0.0040,1.1170,0.4781,-0.0000
17.556,0.4800,0.3412,0.1195,0.0040,1.1129,0.4782,-0.0000
17.568,0.4800,0.3428,0.1222,0.0040,1.1088,0.4783,-0.0000
17.580,0.4801,0.3444,0.1249,0.0040,1.1047,0.4783,-0.0000
17.592,0.4802,0.3459,0.1276,0.0040,1.1006,0.4784,-0.0000
17.604,0.4803,0.3475,0.1303,0.0040,1.0965,0.4784,-0.0000
17.616,0.4803,0.3490,0.1330,0.0040,1.0924,0.4785,-0.0000
17.628,0.4804,0.3506,0.1357,0.0040,1.0883,0.4785,-0.0000
17.640,0.4805,0.3522,0.1384,0.0040,1.0842,0.4786,-0.0000
17.652,0.4806,0.3537,0.1411,0.0040,1.0801,0.4787,-0.0000
17.664,0.4806,0.3553,0.1438,0.0040,1.0760,0.4787,-0.0000
17.676,0.4807,0.3568,0.1465,0.0040,1.0719,0.4788,-0.0000
17.688,0.4808,0.3584,0.1492,0.0040,1.0678,0.4788,-0.0000
17.700,0.4809,0.3600,0.1519,0.0040,1.0637,0.4789,-0.0000
17.712,0.4809,0.3615,0.1546,0.0040,1.0596,0.4789,-0.0000
17.724,0.4810,0.3631,0.1574,0.0040,1.0555,0.4790,-0.0000
17.736,0.4811,0.3646,0.1601,0.0040,1.0514,0.4791,-0.0000
17.748,0.4811,0.3662,0.1628,0.0040,1.0473,0.4791,-0.0000
17.760,0.4812,0.3678,0.1655,0.0040,1.0432,0.4792,-0.0000
17.772,0.4813,0.3693,0.1682,0.0040,1.0391,0.4792,-0.0000
17.784,0.4814,0.3709,0.1709,0.0041,1.0350,0.4793,-0.0000
17.796,0.4814,0.3724,0.1736,0.0041,1.0309,0.4793,-0.0000
17.808,0.4815,0.3740,0.1763,0.0041,1.0268,0.4794,-0.0000
17.820,0.4816,0.3754,0.1787,0.0041,1.0231,0.4795,-0.0000
17.832,0.4816,0.3766,0.1808,0.0041,1.0200,0.4795,-0.0000
17.844,0.4817,0.3776,0.1826,0.0041,1.0172,0.4795,-0.0000
17.856,0.4817,0.3786,0.1842,0.0041,1.0147,0.4796,-0.0000
17.868,0.4818,0.3794,0.1857,0.0041,1.0126,0.4796,-0.0000
17.880,0.4818,0.3801,0.1869,0.0041,1.0107,0.4796,-0.0000
17.892,0.4818,0.3808,0.1880,0.0041,1.0090,0.4797,-0.0000
17.904,0.4819,0.3813,0.1890,0.0041,1.0075,0.4797,-0.0000
17.916,0.4819,0.3813,0.1890,0.0041,1.0075,0.4797,-0.0000
17.928,0.4819,0.3811,0.1887,0.0041,1.0080,0.4797,-0.0000
17.940,0.4819,0.3808,0.1881,0.0041,1.0089,0.4797,-0.0000
17.952,0.4819,0.3803,0.1872,0.0041,1.0103,0.4797,-0.0000
17.964,0.4818,0.3797,0.1862,0.0041,1.0119,0.4797,-0.0000
17.976,0.4818,0.3790,0.1849,0.0041,1.0139,0.4797,-0.0000
17.988,0.4818,0.3782,0.1835,0.0041,1.0161,0.4797,-0.0000
18.000,0.4818,0.3773,0.1820,0.0041,1.0185,0.4797,-0.0000
18.012,0.4818,0.3764,0.1803,0.0041,1.0212,0.4797,-0.0000
18.024,0.4818,0.3754,0.1785,0.0041,1.0240,0.4796,-0.0000
18.036,0.4818,0.3743,0.1766,0.0041,1.0270,0.4796,-0.0000
18.048,0.4817,0.3732,0.1746,0.0041,1.0301,0.4796,-0.0000
18.060,0.4817,0.3720,0.1725,0.0041,1.0334,0.4796,-0.0000
18.072,0.4817,0.3708,0.1704,0.0041,1.0367,0.4796,-0.0000
18.084,0.4817,0.3695,0.1682,0.0041,1.0402,0.4796,-0.0000
18.096,0.4817,0.3682,0.1659,0.0040,1.0437,0.4796,-0.0000
18.108,0.4816,0.3669,0.1636,0.0040,1.0473,0.4796,-0.0000
18.120,0.4816,0.3656,0.1613,0.0040,1.0510,0.4796,-0.0000
18.132,0.4816,0.3643,0.1589,0.0040,1.0547,0.4796,-0.0000
18.144,0.4816,0.3629,0.1565,0.0040,1.0585,0.4796,-0.0000
18.156,0.4816,0.3615,0.1540,0.0040,1.0623,0.4796,-0.0000
18.168,0.4815,0.3601,0.1516,0.0040,1.0661,0.4796,-0.0000
18.180,0.4815,0.3587,0.1491,0.0040,1.0700,0.4796,-0.0000
18.192,0.4815,0.3573,0.1466,0.0040,1.0740,0.4796,-0.0000
18.204,0.4815,0.3559,0.1441,0.0040,1.0779,0.4796,-0.0000
18.216,0.4815,0.3545,0.1415,0.0040,1.0819,0.4796,-0.0000
18.228,0.4814,0.3530,0.1390,0.0040,1.0859,0.4796,-0.0000
18.240,0.4814,0.3516,0.1364,0.0040,1.0899,0.4796,-0.0000
18.252,0.4814,0.3501,0.1339,0.0040,1.0939,0.4795,-0.0000
18.264,0.4814,0.3487,0.1313,0.0040,1.0979,0.4795,-0.0000
18.276,0.4814,0.3472,0.1287,0.0040,1.1020,0.4795,-0.0000
18.288,0.4813,0.3457,0.1261,0.0040,1.1060,0.4795,-0.0000
18.300,0.4813,0.3443,0.1235,0.0040,1.1101,0.4795,-0.0000
18.312,0.4813,0.3428,0.1209,0.0040,1.1142,0.4795,-0.0000
18.324,0.4813,0.3413,0.1183,0.0040,1.1183,0.4795,-0.0000
18.336,0.4812,0.3398,0.1157,0.0040,1.1224,0.4795,-0.0000
18.348,0.4812,0.3384,0.1131,0.0040,1.1265,0.4795,-0.0000
18.360,0.4812,0.3369,0.1104,0.0040,1.1306,0.4795,-0.0000
18.372,0.4812,0.3354,0.1078,0.0040,1.1347,0.4795,-0.0000
18.384,0.4812,0.3339,0.1052,0.0040,1.1388,0.4795,-0.0000
18.396,0.4811,0.3324,0.1026,0.0039,1.1429,0.4795,-0.0000
18.408,0.4811,0.3309,0.0999,0.0039,1.1470,0.4795,-0.0000
18.420,0.4811,0.3294,0.0973,0.0039,1.1511,0.4795,-0.0000
18.432,0.4811,0.3280,0.0947,0.0039,1.1553,0.4795,-0.0000
18.444,0.4810,0.3265,0.0921,0.0039,1.1594,0.4795,-0.0000
18.456,0.4810,0.3250,0.0894,0.0039,1.1635,0.4794,-0.0000
18.468,0.4810,0.3235,0.0868,0.0039,1.1677,0.4794,-0.0000
18.480,0.4810,0.3220,0.0841,0.0039,1.1718,0.4794,-0.0000
18.492,0.4810,0.3205,0.0815,0.0039,1.1759,0.4794,-0.0000
18.504,0.4809,0.3190,0.0789,0.0039,1.1800,0.4794,-0.0000
18.516,0.4809,0.3175,0.0762,0.0039,1.1842,0.4794,-0.0000
18.528,0.4809,0.3160,0.0736,0.0039,1.1883,0.4794,-0.0000
18.540,0.4809,0.3145,0.0710,0.0039,1.1924,0.4794,-0.0000
18.552,0.4808,0.3130,0.0683,0.0039,1.1966,0.4794,-0.0000
18.564,0.4808,0.3116,0.0657,0.0039,1.2007,0.4794,-0.0000
18.576,0.4808,0.3101,0.0630,0.0039,1.2049,0.4794,-0.0000
18.588,0.4808,0.3086,0.0604,0.0039,1.2090,0.4794,-0.0000
18.600,0.4808,0.3071,0.0578,0.0039,1.2131,0.4794,-0.0000
18.612,0.4807,0.3056,0.0551,0.0039,1.2173,0.4794,-0.0000
18.624,0.4807,0.3041,0.0525,0.0039,1.2214,0.4794,-0.0000
18.636,0.4807,0.3026,0.0498,0.0039,1.2255,0.4794,-0.0000
18.648,0.4807,0.3011,0.0472,0.0039,1.2297,0.4793,-0.0000
18.660,0.4806,0.2996,0.0446,0.0039,1.2338,0.4793,-0.0000
18.672,0.4806,0.2981,0.0419,0.0039,1.2379,0.4793,-0.0000
18.684,0.4806,0.2966,0.0393,0.0039,1.2421,0.4793,-0.0000
18.696,0.4806,0.2951,0.0366,0.0038,1.2462,0.4793,-0.0000
18.708,0.4806,0.2936,0.0340,0.0038,1.2504,0.4793,-0.0000
18.720,0.4805,0.2921,0.0313,0.0038,1.2545,0.4793,-0.0000
18.732,0.4805,0.2906,0.0287,0.0038,1.2586,0.4793,-0.0000
18.744,0.4805,0.2891,0.0261,0.0038,1.2628,0.4793,-0.0000
18.756,0.4805,0.2876,0.0234,0.0038,1.2669,0.4793,-0.0000
18.768,0.4804,0.2861,0.0208,0.0038,1.2711,0.4793,-0.0000
18.780,0.4804,0.2847,0.0181,0.0038,1.2752,0.4793,-0.0000
18.792,0.4804,0.2832,0.0155,0.0038,1.2793,0.4793,-0.0000
18.804,0.4804,0.2817,0.0129,0.0038,1.2835,0.4793,-0.0000
18.816,0.4804,0.2802,0.0102,0.0038,1.2876,0.4793,-0.0000
18.828,0.4803,0.2787,0.0076,0.0038,1.2918,0.4793,-0.0000
18.840,0.4803,0.2772,0.0049,0.0038,1.2959,0.4793,-0.0000
18.852,0.4803,0.2757,0.0023,0.0038,1.3000,0.4792,-0.0000
18.864,0.4803,0.2742,-0.0004,0.0038,1.3042,0.4792,-0.0000
18.876,0.4802,0.2727,-0.0030,0.0038,1.3083,0.4792,-0.0000
18.888,0.4802,0.2712,-0.0056,0.0038,1.3125,0.4792,-0.0000
18.900,0.4802,0.2697,-0.0083,0.0038,1.3166,0.4792,-0.0000
18.912,0.4802,0.2682,-0.0109,0.0038,1.3207,0.4792,-0.0000
18.924,0.4802,0.2667,-0.0136,0.0038,1.3249,0.4792,-0.0000
18.936,0.4801,0.2652,-0.0162,0.0038,1.3290,0.4792,-0.0000
18.948,0.4801,0.2637,-0.0189,0.0038,1.3332,0.4792,-0.0000
18.960,0.4801,0.2622,-0.0215,0.0038,1.3373,0.4792,-0.0000
18.972,0.4801,0.2607,-0.0241,0.0038,1.3414,0.4792,-0.0000
18.984,0.4800,0.2592,-0.0268,0.0037,1.3456,0.4792,-0.0000
18.996,0.4800,0.2577,-0.0294,0.0037,1.3497,0.4792,-0.0000
19.008,0.4800,0.2563,-0.0321,0.0037,1.3538,0.4792,-0.0000
19.020,0.4800,0.2548,-0.0347,0.0037,1.3580,0.4792,-0.0000
19.032,0.4799,0.2533,-0.0373,0.0037,1.3621,0.4792,-0.0000
19.044,0.4799,0.2518,-0.0400,0.0037,1.3663,0.4792,-0.0000
19.056,0.4799,0.2503,-0.0426,0.0037,1.3704,0.4791,-0.0000
19.068,0.4799,0.2488,-0.0453,0.0037,1.3745,0.4791,-0.0000
19.080,0.4799,0.2473,-0.0479,0.0037,1.3787,0.4791,-0.0000
19.092,0.4798,0.2458,-0.0506,0.0037,1.3828,0.4791,-0.0000
19.104,0.4798,0.2443,-0.0532,0.0037,1.3870,0.4791,-0.0000
19.116,0.4798,0.2428,-0.0558,0.0037,1.3911,0.4791,-0.0000
19.128,0.4798,0.2415,-0.0582,0.0037,1.3947,0.4791,-0.0000
19.140,0.4798,0.2403,-0.0602,0.0037,1.3980,0.4791,-0.0000
19.152,0.4797,0.2393,-0.0620,0.0037,1.4008,0.4791,-0.0000
19.164,0.4797,0.2384,-0.0636,0.0037,1.4033,0.4791,-0.0000
19.176,0.4797,0.2376,-0.0650,0.0037,1.4054,0.4791,-0.0000
19.188,0.4797,0.2369,-0.0662,0.0037,1.4074,0.4791,-0.0000
19.200,0.4797,0.2363,-0.0673,0.0037,1.4091,0.4791,-0.0000
19.212,0.4797,0.2358,-0.0683,0.0037,1.4105,0.4791,-0.0000
19.224,0.4797,0.2353,-0.0691,0.0037,1.4119,0.4791,-0.0000
19.236,0.4797,0.2349,-0.0698,0.0037,1.4130,0.4791,-0.0000
19.248,0.4797,0.2345,-0.0705,0.0037,1.4140,0.4791,-0.0000
19.260,0.4797,0.2342,-0.0710,0.0037,1.4149,0.4791,-0.0000
19.272,0.4797,0.2339,-0.0715,0.0037,1.4157,0.4791,-0.0000
19.284,0.4797,0.2337,-0.0720,0.0037,1.4164,0.4791,-0.0000
19.296,0.4797,0.2335,-0.0724,0.0037,1.4170,0.4791,-0.0000
19.308,0.4797,0.2333,-0.0727,0.0037,1.4175,0.4791,-0.0000
19.320,0.4796,0.2331,-0.0730,0.0037,1.4180,0.4791,-0.0000
19.332,0.4796,0.2329,-0.0733,0.0037,1.4184,0.4791,-0.0000
19.344,0.4796,0.2328,-0.0735,0.0037,1.4188,0.4791,-0.0000
19.356,0.4796,0.2327,-0.0737,0.0037,1.4191,0.4791,-0.0000
19.368,0.4796,0.2326,-0.0739,0.0037,1.4194,0.4791,-0.0000
19.380,0.4796,0.2325,-0.0741,0.0037,1.4196,0.4791,-0.0000
19.392,0.4796,0.2324,-0.0742,0.0037,1.4199,0.4791,-0.0000
19.404,0.4796,0.2323,-0.0743,0.0037,1.4201,0.4791,-0.0000
19.416,0.4796,0.2323,-0.0744,0.0037,1.4202,0.4791,-0.0000
19.428,0.4796,0.2322,-0.0745,0.0037,1.4204,0.4791,-0.0000
19.440,0.4796,0.2322,-0.0746,0.0037,1.4205,0.4791,-0.0000
19.452,0.4796,0.2321,-0.0747,0.0037,1.4206,0.4791,-0.0000
19.464,0.4796,0.2321,-0.0747,0.0037,1.4207,0.4791,-0.0000
19.476,0.4796,0.2321,-0.0748,0.0037,1.4208,0.4791,-0.0000
19.488,0.4796,0.2320,-0.0749,0.0037,1.4209,0.4791,-0.0000
19.500,0.4796,0.2320,-0.0749,0.0037,1.4210,0.4791,-0.0000
19.512,0.4796,0.2320,-0.0749,0.0037,1.4210,0.4791,-0.0000
19.524,0.4796,0.2320,-0.0750,0.0037,1.4211,0.4791,-0.0000
19.536,0.4796,0.2320,-0.0750,0.0037,1.4211,0.4791,-0.0000
19.548,0.4796,0.2319,-0.0750,0.0037,1.4212,0.4791,-0.0000
19.560,0.4796,0.2319,-0.0750,0.0037,1.4212,0.4791,-0.0000
19.572,0.4796,0.2319,-0.0751,0.0037,1.4212,0.4791,-0.0000
19.584,0.4796,0.2319,-0.0751,0.0037,1.4213,0.4791,-0.0000
19.596,0.4796,0.2319,-0.0751,0.0037,1.4213,0.4791,-0.0000
19.608,0.4796,0.2319,-0.0751,0.0037,1.4213,0.4791,-0.0000
19.620,0.4796,0.2319,-0.0751,0.0037,1.4213,0.4791,-0.0000
19.632,0.4796,0.2319,-0.0751,0.0037,1.4213,0.4791,-0.0000
19.644,0.4796,0.2319,-0.0752,0.0037,1.4214,0.4791,-0.0000
19.656,0.4796,0.2319,-0.0752,0.0037,1.4214,0.4791,-0.0000
19.668,0.4796,0.2319,-0.0752,0.0037,1.4214,0.4791,-0.0000
19.680,0.4796,0.2319,-0.0752,0.0037,1.4214,0.4791,-0.0000
19.692,0.4796,0.2319,-0.0752,0.0037,1.4214,0.4791,-0.0000
19.704,0.4796,0.2319,-0.0752,0.0037,1.4214,0.4791,-0.0000
19.716,0.4796,0.2319,-0.0752,0.0037,1.4214,0.4791,-0.0000
19.728,0.4796,0.2319,-0.0752,0.0037,1.4214,0.4791,-0.0000
19.740,0.4796,0.2319,-0.0752,0.0037,1.4214,0.4791,-0.0000
19.752,0.4796,0.2319,-0.0752,0.0037,1.4214,0.4791,-0.0000
19.764,0.4796,0.2319,-0.0752,0.0037,1.4214,0.4791,-0.0000
19.776,0.4796,0.2318,-0.0752,0.0037,1.4214,0.4791,-0.0000
19.788,0.4796,0.2318,-0.0752,0.0037,1.4214,0.4791,-0.0000
19.800,0.4796,0.2318,-0.0752,0.0037,1.4214,0.4791,-0.0000
19.812,0.4796,0.2318,-0.0752,0.0037,1.4214,0.4791,-0.0000
19.824,0.4796,0.2318,-0.0752,0.0037,1.4214,0.4791,-0.0000
19.836,0.4796,0.2318,-0.0752,0.0037,1.4214,0.4791,-0.0000
19.848,0.4796,0.2318,-0.0752,0.0037,1.4215,0.4791,-0.0000
19.860,0.4796,0.2318,-0.0752,0.0037,1.4215,0.4791,-0.0000
19.872,0.4796,0.2318,-0.0752,0.0037,1.4215,0.4791,-0.0000
19.884,0.4796,0.2318,-0.0752,0.0037,1.4215,0.4791,-0.0000
19.896,0.4796,0.2318,-0.0752,0.0037,1.4215,0.4791,-0.0000
19.908,0.4796,0.2318,-0.0752,0.0037,1.4215,0.4791,-0.0000
19.920,0.4796,0.2318,-0.0752,0.0037,1.4215,0.4791,-0.0000
19.932,0.4796,0.2318,-0.0752,0.0037,1.4215,0.4791,-0.0000
19.944,0.4796,0.2318,-0.0752,0.0037,1.4215,0.4791,-0.0000
19.956,0.4796,0.2318,-0.0752,0.0037,1.4215,0.4791,-0.0000
19.968,0.4796,0.2318,-0.0752,0.0037,1.4215,0.4791,-0.0000
19.980,0.4796,0.2318,-0.0752,0.0037,1.4215,0.4791,-0.0000
19.992,0.4796,0.2318,-0.0752,0.0037,1.4215,0.4791,-0.0000
20.004,0.4796,0.2318,-0.0752,0.0037,1.4215,0.4791,-0.0000
20.016,0.4796,0.2318,-0.0752,0.0037,1.4215,0.4791,-0.0000
20.028,0.4796,0.2318,-0.0752,0.0037,1.4215,0.4791,-0.0000
20.040,0.4796,0.2318,-0.0752,0.0037,1.4215,0.4791,-0.0000
20.052,0.4796,0.2318,-0.0752,0.0037,1.4215,0.4791,-0.0000
20.064,0.4796,0.2318,-0.0752,0.0037,1.4215,0.4791,-0.0000
20.076,0.4796,0.2318,-0.0752,0.0037,1.4215,0.4791,-0.0000
20.088,0.4796,0.2318,-0.0752,0.0037,1.4215,0.4791,-0.0000
20.100,0.4796,0.2318,-0.0752,0.0037,1.4215,0.4791,-0.0000
20.112,0.4796,0.2318,-0.0752,0.0037,1.4215,0.4791,-0.0000
20.124,0.4796,0.2318,-0.0752,0.0037,1.4215,0.4791,-0.0000
20.136,0.4796,0.2318,-0.0752,0.0037,1.4215,0.4791,-0.0000
20.148,0.4796,0.2318,-0.0752,0.0037,1.4215,0.4791,-0.0000
20.160,0.4796,0.2318,-0.0752,0.0037,1.4215,0.4791,-0.0000
20.172,0.4796,0.2318,-0.0752,0.0037,1.4215,0.4791,-0.0000
20.184,0.4796,0.2318,-0.0752,0.0037,1.4215,0.4791,-0.0000
20.196,0.4796,0.2318,-0.0752,0.0037,1.4215,0.4791,-0.0000
20.208,0.4796,0.2318,-0.0752,0.0037,1.4215,0.4791,-0.0000
20.220,0.4796,0.2318,-0.0752,0.0037,1.4215,0.4791,-0.0000
20.232,0.4796,0.2318,-0.0752,0.0037,1.4215,0.4791,-0.0000
20.244,0.4796,0.2318,-0.0752,0.0037,1.4215,0.4791,-0.0000
20.256,0.4796,0.2318,-0.0752,0.0037,1.4215,0.4791,-0.0000
20.268,0.4796,0.2318,-0.0752,0.0037,1.4215,0.4791,-0.0000
20.280,0.4796,0.2318,-0.0752,0.0037,1.4215,0.4791,-0.0000
20.292,0.4796,0.2318,-0.0752,0.0037,1.4215,0.4791,-0.0000
20.304,0.4796,0.2318,-0.0752,0.0037,1.4215,0.4791,-0.0000
20.316,0.4796,0.2318,-0.0752,0.0037,1.4215,0.4791,-0.0000
20.328,0.4796,0.2318,-0.0752,0.0037,1.4215,0.4791,-0.0000
20.340,0.4796,0.2318,-0.0752,0.0037,1.4215,0.4791,-0.0000
20.352,0.4796,0.2318,-0.0752,0.0037,1.4215,0.4791,-0.0000
20.364,0.4796,0.2318,-0.0752,0.0037,1.4215,0.4791,-0.0000
20.376,0.4796,0.2318,-0.0752,0.0037,1.4215,0.4791,-0.0000
20.388,0.4796,0.2318,-0.0752,0.0037,1.4215,0.4791,-0.0000
20.400,0.4796,0.2318,-0.0752,0.0037,1.4215,0.4791,-0.0000
20.412,0.4796,0.2318,-0.0752,0.0037,1.4215,0.4791,-0.0000
20.424,0.4796,0.2318,-0.0752,0.0037,1.4215,0.4791,-0.0000
20.436,0.4796,0.2318,-0.0752,0.0037,1.4215,0.4791,-0.0000
20.448,0.4793,0.2317,-0.0752,0.0037,1.4204,0.4787,-0.0000
20.460,0.4786,0.2314,-0.0751,0.0037,1.4185,0.4781,-0.0000
20.472,0.4777,0.2309,-0.0749,0.0037,1.4158,0.4772,-0.0000
20.484,0.4766,0.2304,-0.0747,0.0037,1.4124,0.4760,-0.0000
20.496,0.4752,0.2297,-0.0745,0.0036,1.4084,0.4747,-0.0000
20.508,0.4737,0.2290,-0.0743,0.0036,1.4038,0.4731,-0.0000
20.520,0.4720,0.2281,-0.0740,0.0036,1.3987,0.4714,-0.0000
20.532,0.4701,0.2272,-0.0737,0.0036,1.3933,0.4696,-0.0000
20.544,0.4682,0.2263,-0.0734,0.0036,1.3875,0.4676,-0.0000
20.556,0.4661,0.2253,-0.0731,0.0036,1.3813,0.4655,-0.0000
20.568,0.4639,0.2242,-0.0728,0.0036,1.3749,0.4634,-0.0000
20.580,0.4616,0.2231,-0.0724,0.0035,1.3682,0.4611,-0.0000
20.592,0.4593,0.2220,-0.0720,0.0035,1.3613,0.4588,-0.0000
20.604,0.4569,0.2209,-0.0717,0.0035,1.3542,0.4564,-0.0000
20.616,0.4545,0.2197,-0.0713,0.0035,1.3469,0.4539,-0.0000
20.628,0.4520,0.2185,-0.0709,0.0035,1.3395,0.4514,-0.0000
20.640,0.4494,0.2172,-0.0705,0.0034,1.3319,0.4489,-0.0000
20.652,0.4468,0.2160,-0.0701,0.0034,1.3242,0.4463,-0.0000
20.664,0.4442,0.2147,-0.0697,0.0034,1.3164,0.4437,-0.0000
20.676,0.4415,0.2134,-0.0692,0.0034,1.3086,0.4410,-0.0000
20.688,0.4389,0.2121,-0.0688,0.0034,1.3006,0.4383,-0.0000
20.700,0.4362,0.2108,-0.0684,0.0033,1.2926,0.4356,-0.0000
20.712,0.4334,0.2095,-0.0680,0.0033,1.2845,0.4329,-0.0000
20.724,0.4307,0.2082,-0.0675,0.0033,1.2764,0.4302,-0.0000
20.736,0.4279,0.2068,-0.0671,0.0033,1.2682,0.4274,-0.0000
20.748,0.4252,0.2055,-0.0667,0.0033,1.2600,0.4247,-0.0000
20.760,0.4224,0.2042,-0.0662,0.0032,1.2517,0.4219,-0.0000
20.772,0.4196,0.2028,-0.0658,0.0032,1.2435,0.4191,-0.0000
20.784,0.4168,0.2014,-0.0654,0.0032,1.2351,0.4163,-0.0000
20.796,0.4139,0.2001,-0.0649,0.0032,1.2268,0.4135,-0.0000
20.808,0.4111,0.1987,-0.0645,0.0031,1.2184,0.4106,-0.0000
20.820,0.4083,0.1974,-0.0640,0.0031,1.2100,0.4078,-0.0000
20.832,0.4055,0.1960,-0.0636,0.0031,1.2016,0.4050,-0.0000
20.844,0.4026,0.1946,-0.0631,0.0031,1.1932,0.4021,-0.0000
20.856,0.3998,0.1932,-0.0627,0.0031,1.1848,0.3993,-0.0000
20.868,0.3969,0.1919,-0.0622,0.0030,1.1763,0.3965,-0.0000
20.880,0.3941,0.1905,-0.0618,0.0030,1.1679,0.3936,-0.0000
20.892,0.3912,0.1891,-0.0614,0.0030,1.1594,0.3908,-0.0000
20.904,0.3884,0.1877,-0.0609,0.0030,1.1510,0.3879,-0.0000
20.916,0.3855,0.1863,-0.0605,0.0030,1.1425,0.3850,-0.0000
20.928,0.3826,0.1850,-0.0600,0.0029,1.1340,0.3822,-0.0000
20.940,0.3798,0.1836,-0.0596,0.0029,1.1255,0.3793,-0.0000
20.952,0.3769,0.1822,-0.0591,0.0029,1.1170,0.3765,-0.0000
20.964,0.3740,0.1808,-0.0587,0.0029,1.1085,0.3736,-0.0000
20.976,0.3712,0.1794,-0.0582,0.0028,1.1000,0.3707,-0.0000
20.988,0.3683,0.1780,-0.0578,0.0028,1.0915,0.3679,-0.0000
21.000,0.3654,0.1766,-0.0573,0.0028,1.0830,0.3650,-0.0000
21.012,0.3626,0.1752,-0.0569,0.0028,1.0745,0.3621,-0.0000
21.024,0.3597,0.1739,-0.0564,0.0028,1.0660,0.3593,-0.0000
21.036,0.3568,0.1725,-0.0560,0.0027,1.0575,0.3564,-0.0000
21.048,0.3539,0.1711,-0.0555,0.0027,1.0489,0.3535,-0.0000
21.060,0.3511,0.1697,-0.0551,0.0027,1.0404,0.3507,-0.0000
21.072,0.3482,0.1683,-0.0546,0.0027,1.0319,0.3478,-0.0000
21.084,0.3453,0.1669,-0.0542,0.0026,1.0234,0.3449,-0.0000
21.096,0.3424,0.1655,-0.0537,0.0026,1.0149,0.3420,-0.0000
21.108,0.3396,0.1641,-0.0533,0.0026,1.0063,0.3392,-0.0000
21.120,0.3367,0.1627,-0.0528,0.0026,0.9978,0.3363,-0.0000
21.132,0.3338,0.1614,-0.0524,0.0026,0.9893,0.3334,-0.0000
21.144,0.3309,0.1600,-0.0519,0.0025,0.9808,0.3305,-0.0000
21.156,0.3281,0.1586,-0.0514,0.0025,0.9723,0.3277,-0.0000
21.168,0.3252,0.1572,-0.0510,0.0025,0.9637,0.3248,-0.0000
21.180,0.3223,0.1558,-0.0505,0.0025,0.9552,0.3219,-0.0000
21.192,0.3194,0.1544,-0.0501,0.0024,0.9467,0.3191,-0.0000
21.204,0.3165,0.1530,-0.0496,0.0024,0.9381,0.3162,-0.0000
21.216,0.3137,0.1516,-0.0492,0.0024,0.9296,0.3133,-0.0000
21.228,0.3108,0.1502,-0.0487,0.0024,0.9211,0.3104,-0.0000
21.240,0.3079,0.1488,-0.0483,0.0024,0.9126,0.3076,-0.0000
21.252,0.3050,0.1474,-0.0478,0.0023,0.9040,0.3047,-0.0000
21.264,0.3022,0.1461,-0.0474,0.0023,0.8955,0.3018,-0.0000
21.276,0.2993,0.1447,-0.0469,0.0023,0.8870,0.2989,-0.0000
21.288,0.2964,0.1433,-0.0465,0.0023,0.8785,0.2961,-0.0000
21.300,0.2935,0.1419,-0.0460,0.0022,0.8699,0.2932,-0.0000
21.312,0.2907,0.1405,-0.0456,0.0022,0.8614,0.2903,-0.0000
21.324,0.2878,0.1391,-0.0451,0.0022,0.8529,0.2874,-0.0000
21.336,0.2849,0.1377,-0.0447,0.0022,0.8443,0.2846,-0.0000
21.348,0.2820,0.1363,-0.0442,0.0022,0.8358,0.2817,-0.0000
21.360,0.2791,0.1349,-0.0438,0.0021,0.8273,0.2788,-0.0000
21.372,0.2763,0.1335,-0.0433,0.0021,0.8188,0.2759,-0.0000
21.384,0.2734,0.1321,-0.0429,0.0021,0.8102,0.2731,-0.0000
21.396,0.2705,0.1308,-0.0424,0.0021,0.8017,0.2702,-0.0000
21.408,0.2676,0.1294,-0.0420,0.0020,0.7932,0.2673,-0.0000
21.420,0.2648,0.1280,-0.0415,0.0020,0.7846,0.2644,-0.0000
21.432,0.2619,0.1266,-0.0411,0.0020,0.7761,0.2616,-0.0000
21.444,0.2590,0.1252,-0.0406,0.0020,0.7676,0.2587,-0.0000
21.456,0.2561,0.1238,-0.0402,0.0020,0.7591,0.2558,-0.0000
21.468,0.2532,0.1224,-0.0397,0.0019,0.7505,0.2529,-0.0000
21.480,0.2504,0.1210,-0.0393,0.0019,0.7420,0.2501,-0.0000
21.492,0.2475,0.1196,-0.0388,0.0019,0.7335,0.2472,-0.0000
21.504,0.2446,0.1182,-0.0384,0.0019,0.7249,0.2443,-0.0000
21.516,0.2417,0.1168,-0.0379,0.0019,0.7164,0.2415,-0.0000
21.528,0.2389,0.1155,-0.0375,0.0018,0.7079,0.2386,-0.0000
21.540,0.2360,0.1141,-0.0370,0.0018,0.6994,0.2357,-0.0000
21.552,0.2331,0.1127,-0.0366,0.0018,0.6908,0.2328,-0.0000
21.564,0.2302,0.1113,-0.0361,0.0018,0.6823,0.2300,-0.0000
21.576,0.2273,0.1099,-0.0357,0.0017,0.6738,0.2271,-0.0000
21.588,0.2245,0.1085,-0.0352,0.0017,0.6652,0.2242,-0.0000
21.600,0.2216,0.1071,-0.0348,0.0017,0.6567,0.2213,-0.0000
21.612,0.2187,0.1057,-0.0343,0.0017,0.6482,0.2185,-0.0000
21.624,0.2158,0.1043,-0.0338,0.0017,0.6397,0.2156,-0.0000
21.636,0.2130,0.1029,-0.0334,0.0016,0.6311,0.2127,-0.0000
21.648,0.2101,0.1015,-0.0329,0.0016,0.6226,0.2098,-0.0000
21.660,0.2072,0.1002,-0.0325,0.0016,0.6141,0.2070,-0.0000
21.672,0.2043,0.0988,-0.0320,0.0016,0.6055,0.2041,-0.0000
21.684,0.2014,0.0974,-0.0316,0.0015,0.5970,0.2012,-0.0000
21.696,0.1986,0.0960,-0.0311,0.0015,0.5885,0.1983,-0.0000
21.708,0.1957,0.0946,-0.0307,0.0015,0.5800,0.1955,-0.0000
21.720,0.1928,0.0932,-0.0302,0.0015,0.5714,0.1926,-0.0000
21.732,0.1899,0.0918,-0.0298,0.0015,0.5629,0.1897,-0.0000
21.744,0.1871,0.0904,-0.0293,0.0014,0.5544,0.1868,-0.0000
21.756,0.1842,0.0890,-0.0289,0.0014,0.5458,0.1840,-0.0000
21.768,0.1813,0.0876,-0.0284,0.0014,0.5373,0.1811,-0.0000
21.780,0.1784,0.0862,-0.0280,0.0014,0.5288,0.1782,-0.0000
21.792,0.1755,0.0849,-0.0275,0.0013,0.5203,0.1753,-0.0000
21.804,0.1727,0.0835,-0.0271,0.0013,0.5117,0.1725,-0.0000
21.816,0.1698,0.0821,-0.0266,0.0013,0.5032,0.1696,-0.0000
21.828,0.1669,0.0807,-0.0262,0.0013,0.4947,0.1667,-0.0000
21.840,0.1640,0.0793,-0.0257,0.0013,0.4861,0.1638,-0.0000
21.852,0.1612,0.0779,-0.0253,0.0012,0.4776,0.1610,-0.0000
21.864,0.1583,0.0765,-0.0248,0.0012,0.4691,0.1581,-0.0000
21.876,0.1554,0.0751,-0.0244,0.0012,0.4606,0.1552,-0.0000
21.888,0.1525,0.0737,-0.0239,0.0012,0.4520,0.1523,-0.0000
21.900,0.1496,0.0723,-0.0235,0.0011,0.4435,0.1495,-0.0000
21.912,0.1468,0.0709,-0.0230,0.0011,0.4350,0.1466,-0.0000
21.924,0.1439,0.0696,-0.0226,0.0011,0.4264,0.1437,-0.0000
21.936,0.1410,0.0682,-0.0221,0.0011,0.4179,0.1408,-0.0000
21.948,0.1381,0.0668,-0.0217,0.0011,0.4094,0.1380,-0.0000
21.960,0.1353,0.0654,-0.0212,0.0010,0.4009,0.1351,-0.0000
21.972,0.1324,0.0640,-0.0208,0.0010,0.3923,0.1322,-0.0000
21.984,0.1295,0.0626,-0.0203,0.0010,0.3838,0.1293,-0.0000
21.996,0.1266,0.0612,-0.0199,0.0010,0.3753,0.1265,-0.0000
22.008,0.1237,0.0598,-0.0194,0.0009,0.3667,0.1236,-0.0000
22.020,0.1209,0.0584,-0.0190,0.0009,0.3582,0.1207,-0.0000
22.032,0.1180,0.0570,-0.0185,0.0009,0.3497,0.1179,-0.0000
22.044,0.1151,0.0556,-0.0181,0.0009,0.3412,0.1150,-0.0000
22.056,0.1122,0.0543,-0.0176,0.0009,0.3326,0.1121,-0.0000
22.068,0.1094,0.0529,-0.0172,0.0008,0.3241,0.1092,-0.0000
22.080,0.1065,0.0515,-0.0167,0.0008,0.3156,0.1064,-0.0000
22.092,0.1036,0.0501,-0.0162,0.0008,0.3070,0.1035,-0.0000
22.104,0.1007,0.0487,-0.0158,0.0008,0.2985,0.1006,-0.0000
22.116,0.0978,0.0473,-0.0153,0.0007,0.2900,0.0977,-0.0000
22.128,0.0950,0.0459,-0.0149,0.0007,0.2814,0.0949,-0.0000
22.140,0.0921,0.0445,-0.0144,0.0007,0.2729,0.0920,-0.0000
22.152,0.0892,0.0431,-0.0140,0.0007,0.2644,0.0891,-0.0000
22.164,0.0863,0.0417,-0.0135,0.0007,0.2559,0.0862,-0.0000
22.176,0.0835,0.0403,-0.0131,0.0006,0.2473,0.0834,-0.0000
22.188,0.0806,0.0389,-0.0126,0.0006,0.2388,0.0805,-0.0000
22.200,0.0777,0.0376,-0.0122,0.0006,0.2303,0.0776,-0.0000
22.212,0.0748,0.0362,-0.0117,0.0006,0.2217,0.0747,-0.0000
22.224,0.0719,0.0348,-0.0113,0.0006,0.2132,0.0719,-0.0000
22.236,0.0691,0.0334,-0.0108,0.0005,0.2047,0.0690,-0.0000
22.248,0.0662,0.0320,-0.0104,0.0005,0.1962,0.0661,-0.0000
22.260,0.0633,0.0306,-0.0099,0.0005,0.1876,0.0632,-0.0000
22.272,0.0604,0.0292,-0.0095,0.0005,0.1791,0.0604,-0.0000
22.284,0.0576,0.0278,-0.0090,0.0004,0.1706,0.0575,-0.0000
22.296,0.0547,0.0264,-0.0086,0.0004,0.1620,0.0546,-0.0000
22.308,0.0518,0.0250,-0.0081,0.0004,0.1535,0.0517,-0.0000
22.320,0.0489,0.0236,-0.0077,0.0004,0.1450,0.0489,-0.0000
22.332,0.0460,0.0223,-0.0072,0.0004,0.1365,0.0460,-0.0000
22.344,0.0432,0.0209,-0.0068,0.0003,0.1279,0.0431,-0.0000
22.356,0.0403,0.0195,-0.0063,0.0003,0.1194,0.0402,-0.0000
22.368,0.0374,0.0181,-0.0059,0.0003,0.1109,0.0374,-0.0000
22.380,0.0345,0.0167,-0.0054,0.0003,0.1023,0.0345,-0.0000
22.392,0.0317,0.0153,-0.0050,0.0002,0.0938,0.0316,-0.0000
22.404,0.0288,0.0139,-0.0045,0.0002,0.0853,0.0287,-0.0000
22.416,0.0259,0.0125,-0.0041,0.0002,0.0768,0.0259,-0.0000
22.428,0.0230,0.0111,-0.0036,0.0002,0.0682,0.0230,-0.0000
22.440,0.0203,0.0098,-0.0032,0.0002,0.0600,0.0202,-0.0000
22.452,0.0178,0.0086,-0.0028,0.0001,0.0528,0.0178,-0.0000
22.464,0.0157,0.0076,-0.0025,0.0001,0.0465,0.0157,-0.0000
22.476,0.0138,0.0067,-0.0022,0.0001,0.0409,0.0138,-0.0000
22.488,0.0121,0.0059,-0.0019,0.0001,0.0360,0.0121,-0.0000
22.500,0.0107,0.0052,-0.0017,0.0001,0.0317,0.0107,-0.0000
22.512,0.0094,0.0045,-0.0015,0.0001,0.0279,0.0094,-0.0000
22.524,0.0083,0.0040,-0.0013,0.0001,0.0245,0.0083,-0.0000
22.536,0.0073,0.0035,-0.0011,0.0001,0.0216,0.0073,-0.0000
22.548,0.0064,0.0031,-0.0010,0.0000,0.0190,0.0064,-0.0000
22.560,0.0056,0.0027,-0.0009,0.0000,0.0167,0.0056,-0.0000
22.572,0.0050,0.0024,-0.0008,0.0000,0.0147,0.0050,-0.0000
22.584,0.0044,0.0021,-0.0007,0.0000,0.0129,0.0044,-0.0000
22.596,0.0038,0.0019,-0.0006,0.0000,0.0114,0.0038,-0.0000
22.608,0.0034,0.0016,-0.0005,0.0000,0.0100,0.0034,-0.0000
22.620,0.0030,0.0014,-0.0005,0.0000,0.0088,0.0030,-0.0000
22.632,0.0026,0.0013,-0.0004,0.0000,0.0078,0.0026,-0.0000
22.644,0.0023,0.0011,-0.0004,0.0000,0.0068,0.0023,-0.0000
22.656,0.0020,0.0010,-0.0003,0.0000,0.0060,0.0020,-0.0000
22.668,0.0018,0.0009,-0.0003,0.0000,0.0053,0.0018,-0.0000
22.680,0.0016,0.0008,-0.0002,0.0000,0.0047,0.0016,-0.0000
22.692,0.0014,0.0007,-0.0002,0.0000,0.0041,0.0014,-0.0000
22.704,0.0012,0.0006,-0.0002,0.0000,0.0036,0.0012,-0.0000
22.716,0.0011,0.0005,-0.0002,0.0000,0.0032,0.0011,-0.0000
22.728,0.0009,0.0005,-0.0001,0.0000,0.0028,0.0009,-0.0000
22.740,0.0008,0.0004,-0.0001,0.0000,0.0025,0.0008,-0.0000
22.752,0.0007,0.0004,-0.0001,0.0000,0.0022,0.0007,-0.0000
22.764,0.0006,0.0003,-0.0001,0.0000,0.0019,0.0006,-0.0000
22.776,0.0006,0.0003,-0.0001,0.0000,0.0017,0.0006,-0.0000
22.788,0.0005,0.0002,-0.0001,0.0000,0.0015,0.0005,-0.0000
22.800,0.0004,0.0002,-0.0001,0.0000,0.0013,0.0004,-0.0000
22.812,0.0004,0.0002,-0.0001,0.0000,0.0011,0.0004,-0.0000
22.824,0.0003,0.0002,-0.0001,0.0000,0.0010,0.0003,-0.0000
22.836,0.0003,0.0001,-0.0000,0.0000,0.0009,0.0003,-0.0000
22.848,0.0003,0.0001,-0.0000,0.0000,0.0008,0.0003,-0.0000
22.860,0.0002,0.0001,-0.0000,0.0000,0.0007,0.0002,0.0000
22.872,0.0002,0.0001,-0.0000,0.0000,0.0006,0.0002,0.0000
22.884,0.0002,0.0001,-0.0000,0.0000,0.0005,0.0002,0.0000
22.896,0.0002,0.0001,-0.0000,0.0000,0.0005,0.0002,0.0000
22.908,0.0001,0.0001,-0.0000,0.0000,0.0004,0.0001,0.0000
22.920,0.0001,0.0001,-0.0000,0.0000,0.0004,0.0001,0.0000
22.932,0.0001,0.0001,-0.0000,0.0000,0.0003,0.0001,0.0000
22.944,0.0001,0.0000,-0.0000,0.0000,0.0003,0.0001,0.0000
22.956,0.0001,0.0000,-0.0000,0.0000,0.0002,0.0001,0.0000
22.968,0.0001,0.0000,-0.0000,0.0000,0.0002,0.0001,0.0000
22.980,0.0001,0.0000,-0.0000,0.0000,0.0002,0.0001,0.0000
22.992,0.0001,0.0000,-0.0000,0.0000,0.0002,0.0001,0.0000
23.004,0.0000,0.0000,-0.0000,0.0000,0.0001,0.0000,0.0000
23.016,0.0000,0.0000,-0.0000,0.0000,0.0001,0.0000,0.0000
23.028,0.0000,0.0000,-0.0000,0.0000,0.0001,0.0000,0.0000
23.040,0.0000,0.0000,-0.0000,0.0000,0.0001,0.0000,0.0000
23.052,0.0000,0.0000,-0.0000,0.0000,0.0001,0.0000,0.0000
23.064,0.0000,0.0000,-0.0000,0.0000,0.0001,0.0000,0.0000
23.076,0.0000,0.0000,-0.0000,0.0000,0.0001,0.0000,0.0000
23.088,0.0000,0.0000,-0.0000,0.0000,0.0001,0.0000,0.0000
23.100,0.0000,0.0000,-0.0000,0.0000,0.0001,0.0000,0.0000
23.112,0.0000,0.0000,-0.0000,0.0000,0.0000,0.0000,0.0000
23.124,0.0000,0.0000,-0.0000,0.0000,0.0000,0.0000,0.0000
23.136,0.0000,0.0000,-0.0000,0.0000,0.0000,0.0000,0.0000
23.148,0.0000,0.0000,-0.0000,0.0000,0.0000,0.0000,0.0000
23.160,0.0000,0.0000,-0.0000,0.0000,0.0000,0.0000,0.0000
23.172,0.0000,0.0000,-0.0000,0.0000,0.0000,0.0000,0.0000
23.184,0.0000,0.0000,-0.0000,0.0000,0.0000,0.0000,0.0000
23.196,0.0000,0.0000,-0.0000,0.0000,0.0000,0.0000,0.0000
23.208,0.0000,0.0000,-0.0000,0.0000,0.0000,0.0000,0.0000
23.220,0.0000,0.0000,-0.0000,0.0000,0.0000,0.0000,0.0000
23.232,0.0000,0.0000,-0.0000,0.0000,0.0000,0.0000,0.0000
23.244,0.0000,0.0000,-0.0000,0.0000,0.0000,0.0000,0.0000
23.256,0.0000,0.0000,-0.0000,0.0000,0.0000,0.0000,0.0000
23.268,0.0000,0.0000,-0.0000,0.0000,0.0000,0.0000,0.0000
23.280,0.0000,0.0000,-0.0000,0.0000,0.0000,0.0000,0.0000
23.292,0.0000,0.0000,-0.0000,0.0000,0.0000,0.0000,0.0000
23.304,0.0000,0.0000,-0.0000,0.0000,0.0000,0.0000,0.0000
23.316,0.0000,0.0000,-0.0000,0.0000,0.0000,0.0000,0.0000
23.328,0.0000,0.0000,-0.0000,0.0000,0.0000,0.0000,0.0000
23.340,0.0000,0.0000,-0.0000,0.0000,0.0000,0.0000,0.0000
23.352,0.0000,0.0000,-0.0000,0.0000,0.0000,0.0000,0.0000
23.364,0.0000,0.0000,-0.0000,0.0000,0.0000,0.0000,0.0000
23.376,0.0000,0.0000,-0.0000,0.0000,0.0000,0.0000,0.0000
23.388,0.0000,0.0000,-0.0000,0.0000,0.0000,0.0000,0.0000
23.400,0.0000,0.0000,-0.0000,0.0000,0.0000,0.0000,0.0000
23.412,0.0000,0.0000,-0.0000,0.0000,0.0000,0.0000,0.0000
23.424,0.0000,0.0000,-0.0000,0.0000,0.0000,0.0000,0.0000
23.436,0.0000,0.0000,-0.0000,0.0000,0.0000,0.0000,0.0000
23.448,0.0000,0.0000,-0.0000,0.0000,0.0000,0.0000,0.0000
23.460,0.0000,0.0000,-0.0000,0.0000,0.0000,0.0000,0.0000
23.472,0.0000,0.0000,-0.0000,0.0000,0.0000,0.0000,0.0000
23.484,0.0000,0.0000,-0.0000,0.0000,0.0000,0.0000,0.0000
23.496,0.0000,0.0000,-0.0000,0.0000,0.0000,0.0000,0.0000
23.508,0.0000,0.0000,-0.0000,0.0000,0.0000,0.0000,0.0000
23.520,0.0000,0.0000,-0.0000,0.0000,0.0000,0.0000,0.0000
23.532,0.0000,0.0000,-0.0000,0.0000,0.0000,0.0000,0.0000
23.544,0.0000,0.0000,-0.0000,0.0000,0.0000,0.0000,0.0000
23.556,0.0000,0.0000,-0.0000,0.0000,0.0000,0.0000,0.0000
23.568,0.0000,0.0000,-0.0000,0.0000,0.0000,0.0000,0.0000
23.580,0.0000,0.0000,-0.0000,0.0000,0.0000,0.0000,0.0000
23.592,0.0000,0.0000,-0.0000,0.0000,0.0000,0.0000,0.0000
23.604,0.0000,0.0000,-0.0000,0.0000,0.0000,0.0000,0.0000
23.616,0.0000,0.0000,-0.0000,0.0000,0.0000,0.0000,0.0000
23.628,0.0000,0.0000,-0.0000,0.0000,0.0000,0.0000,0.0000
23.640,0.0000,0.0000,-0.0000,0.0000,0.0000,0.0000,0.0000
23.652,0.0000,0.0000,-0.0000,0.0000,0.0000,0.0000,0.0000
23.664,0.0000,0.0000,-0.0000,0.0000,0.0000,0.0000,0.0000
23.676,0.0000,0.0000,-0.0000,0.0000,0.0000,0.0000,0.0000
23.688,0.0000,0.0000,-0.0000,0.0000,0.0000,0.0000,0.0000
23.700,0.0000,0.0000,-0.0000,0.0000,0.0000,0.0000,0.0000
23.712,0.0000,0.0000,-0.0000,0.0000,0.0000,0.0000,0.0000
23.724,0.0000,0.0000,-0.0000,0.0000,0.0000,0.0000,0.0000
23.736,0.0000,0.0000,-0.0000,0.0000,0.0000,0.0000,0.0000
23.748,0.0000,0.0000,-0.0000,0.0000,0.0000,0.0000,0.0000
23.760,0.0000,0.0000,-0.0000,0.0000,0.0000,0.0000,0.0000
23.772,0.0000,0.0000,-0.0000,0.0000,0.0000,0.0000,0.0000
23.784,0.0000,0.0000,-0.0000,0.0000,0.0000,0.0000,0.0000
23.796,0.0000,0.0000,-0.0000,0.0000,0.0000,0.0000,0.0000
23.808,0.0000,0.0000,-0.0000,0.0000,0.0000,0.0000,0.0000
23.820,0.0000,0.0000,-0.0000,0.0000,0.0000,0.0000,0.0000
23.832,0.0000,0.0000,-0.0000,0.0000,0.0000,0.0000,0.0000
23.844,0.0000,0.0000,-0.0000,0.0000,0.0000,0.0000,0.0000
23.856,0.0000,0.0000,-0.0000,0.0000,0.0000,0.0000,0.0000
23.868,0.0000,0.0000,-0.0000,0.0000,0.0000,0.0000,0.0000
23.880,0.0000,0.0000,-0.0000,0.0000,0.0000,0.0000,0.0000
23.892,0.0000,0.0000,-0.0000,0.0000,0.0000,0.0000,0.0000
23.904,0.0000,0.0000,-0.0000,0.0000,0.0000,0.0000,0.0000
23.916,0.0000,0.0000,-0.0000,0.0000,0.0000,0.0000,0.0000
23.928,0.0000,0.0000,-0.0000,0.0000,0.0000,0.0000,0.0000
23.940,0.0000,0.0000,-0.0000,0.0000,0.0000,0.0000,0.0000
23.952,0.0000,0.0000,-0.0000,0.0000,0.0000,0.0000,0.0000
23.964,0.0000,0.0000,-0.0000,0.0000,0.0000,0.0000,0.0000
23.976,0.0000,0.0000,-0.0000,0.0000,0.0000,0.0000,0.0000
23.988,0.0000,0.0000,-0.0000,0.0000,0.0000,0.0000,0.0000
24.000,0.0000,0.0000,-0.0000,0.0000,0.0000,0.0000,0.0000
24.012,0.0000,0.0000,-0.0000,0.0000,0.0000,0.0000,0.0000
24.024,0.0000,0.0000,-0.0000,0.0000,0.0000,0.0000,0.0000
24.036,0.0000,0.0000,-0.0000,0.0000,0.0000,0.0000,0.0000
24.048,0.0000,0.0000,0.0000,0.0000,0.0000,0.0000,0.0000
24.060,0.0000,0.0000,0.0000,0.0000,0.0000,0.0000,0.0000
24.072,0.0000,0.0000,0.0000,-0.0000,0.0000,0.0000,0.0000
24.084,0.0000,0.0000,0.0000,-0.0000,0.0000,0.0000,0.0000
24.096,0.0000,0.0000,0.0000,-0.0000,0.0000,0.0000,0.0000
24.108,0.0000,0.0000,0.0000,-0.0000,0.0000,0.0000,0.0000
24.120,0.0000,0.0000,0.0000,-0.0000,0.0000,0.0000,0.0000
24.132,0.0000,0.0000,0.0000,-0.0000,0.0000,0.0000,0.0000
24.144,0.0000,0.0000,0.0000,-0.0000,0.0000,0.0000,0.0000
24.156,0.0003,0.0002,-0.0001,0.0000,0.0010,0.0003,0.0000
24.168,0.0010,0.0005,-0.0002,0.0000,0.0029,0.0010,0.0000
24.180,0.0019,0.0009,-0.0003,0.0000,0.0057,0.0019,-0.0000
24.192,0.0031,0.0015,-0.0005,0.0000,0.0091,0.0031,-0.0000
24.204,0.0044,0.0021,-0.0007,0.0000,0.0131,0.0044,-0.0000
24.216,0.0060,0.0029,-0.0009,0.0000,0.0177,0.0060,-0.0000
24.228,0.0077,0.0037,-0.0012,0.0001,0.0227,0.0077,-0.0000
24.240,0.0095,0.0046,-0.0015,0.0001,0.0282,0.0095,-0.0000
24.252,0.0115,0.0055,-0.0018,0.0001,0.0340,0.0115,-0.0000
24.264,0.0136,0.0066,-0.0021,0.0001,0.0402,0.0135,-0.0000
24.276,0.0157,0.0076,-0.0025,0.0001,0.0466,0.0157,-0.0000
24.288,0.0180,0.0087,-0.0028,0.0001,0.0533,0.0180,-0.0000
24.300,0.0203,0.0098,-0.0032,0.0002,0.0602,0.0203,-0.0000
24.312,0.0227,0.0110,-0.0036,0.0002,0.0673,0.0227,-0.0000
24.324,0.0252,0.0122,-0.0039,0.0002,0.0746,0.0251,-0.0000
24.336,0.0277,0.0134,-0.0043,0.0002,0.0820,0.0276,-0.0000
24.348,0.0302,0.0146,-0.0047,0.0002,0.0896,0.0302,-0.0000
24.360,0.0328,0.0159,-0.0051,0.0003,0.0972,0.0328,-0.0000
24.372,0.0354,0.0171,-0.0056,0.0003,0.1050,0.0354,-0.0000
24.384,0.0381,0.0184,-0.0060,0.0003,0.1129,0.0380,-0.0000
24.396,0.0408,0.0197,-0.0064,0.0003,0.1208,0.0407,-0.0000
24.408,0.0435,0.0210,-0.0068,0.0003,0.1288,0.0434,-0.0000
24.420,0.0462,0.0223,-0.0072,0.0004,0.1369,0.0461,-0.0000
24.432,0.0489,0.0237,-0.0077,0.0004,0.1451,0.0489,-0.0000
24.444,0.0517,0.0250,-0.0081,0.0004,0.1532,0.0516,-0.0000
24.456,0.0545,0.0263,-0.0085,0.0004,0.1615,0.0544,-0.0000
24.468,0.0573,0.0277,-0.0090,0.0004,0.1697,0.0572,-0.0000
24.480,0.0601,0.0290,-0.0094,0.0005,0.1780,0.0600,-0.0000
24.492,0.0629,0.0304,-0.0099,0.0005,0.1863,0.0628,-0.0000
24.504,0.0657,0.0318,-0.0103,0.0005,0.1947,0.0656,-0.0000
24.516,0.0685,0.0331,-0.0107,0.0005,0.2030,0.0684,-0.0000
24.528,0.0713,0.0345,-0.0112,0.0005,0.2114,0.0713,-0.0000
24.540,0.0742,0.0359,-0.0116,0.0006,0.2198,0.0741,-0.0000
24.552,0.0770,0.0372,-0.0121,0.0006,0.2282,0.0769,-0.0000
24.564,0.0799,0.0386,-0.0125,0.0006,0.2367,0.0798,-0.0000
24.576,0.0827,0.0400,-0.0130,0.0006,0.2451,0.0826,-0.0000
24.588,0.0856,0.0414,-0.0134,0.0007,0.2536,0.0855,-0.0000
24.600,0.0884,0.0427,-0.0139,0.0007,0.2620,0.0883,-0.0000
24.612,0.0913,0.0441,-0.0143,0.0007,0.2705,0.0912,-0.0000
24.624,0.0941,0.0455,-0.0148,0.0007,0.2790,0.0940,-0.0000
24.636,0.0970,0.0469,-0.0152,0.0007,0.2875,0.0969,-0.0000
24.648,0.0999,0.0483,-0.0157,0.0008,0.2960,0.0997,-0.0000
24.660,0.1027,0.0497,-0.0161,0.0008,0.3044,0.1026,-0.0000
24.672,0.1056,0.0510,-0.0166,0.0008,0.3129,0.1055,-0.0000
24.684,0.1085,0.0524,-0.0170,0.0008,0.3214,0.1083,-0.0000
24.696,0.1113,0.0538,-0.0175,0.0009,0.3300,0.1112,-0.0000
24.708,0.1142,0.0552,-0.0179,0.0009,0.3385,0.1141,-0.0000
24.720,0.1171,0.0566,-0.0184,0.0009,0.3470,0.1169,-0.0000
24.732,0.1199,0.0580,-0.0188,0.0009,0.3555,0.1198,-0.0000
24.744,0.1228,0.0594,-0.0193,0.0009,0.3640,0.1227,-0.0000
24.756,0.1257,0.0608,-0.0197,0.0010,0.3725,0.1255,-0.0000
24.768,0.1286,0.0621,-0.0202,0.0010,0.3810,0.1284,-0.0000
24.780,0.1314,0.0635,-0.0206,0.0010,0.3896,0.1313,-0.0000
24.792,0.1343,0.0649,-0.0211,0.0010,0.3981,0.1342,-0.0000
24.804,0.1372,0.0663,-0.0215,0.0011,0.4066,0.1370,-0.0000
24.816,0.1401,0.0677,-0.0220,0.0011,0.4151,0.1399,-0.0000
24.828,0.1429,0.0691,-0.0224,0.0011,0.4236,0.1428,-0.0000
24.840,0.1458,0.0705,-0.0229,0.0011,0.4322,0.1456,-0.0000
24.852,0.1487,0.0719,-0.0233,0.0011,0.4407,0.1485,-0.0000
24.864,0.1516,0.0733,-0.0238,0.0012,0.4492,0.1514,-0.0000
24.876,0.1544,0.0747,-0.0242,0.0012,0.4577,0.1543,-0.0000
24.888,0.1573,0.0760,-0.0247,0.0012,0.4663,0.1571,-0.0000
24.900,0.1602,0.0774,-0.0251,0.0012,0.4748,0.1600,-0.0000
24.912,0.1631,0.0788,-0.0256,0.0012,0.4833,0.1629,-0.0000
24.924,0.1660,0.0802,-0.0260,0.0013,0.4918,0.1658,-0.0000
24.936,0.1688,0.0816,-0.0265,0.0013,0.5004,0.1686,-0.0000
24.948,0.1717,0.0830,-0.0269,0.0013,0.5089,0.1715,-0.0000
24.960,0.1746,0.0844,-0.0274,0.0013,0.5174,0.1744,-0.0000
24.972,0.1775,0.0858,-0.0278,0.0014,0.5260,0.1773,-0.0000
24.984,0.1803,0.0872,-0.0283,0.0014,0.5345,0.1801,-0.0000
24.996,0.1832,0.0886,-0.0287,0.0014,0.5430,0.1830,-0.0000
25.008,0.1861,0.0900,-0.0292,0.0014,0.5515,0.1859,-0.0000
25.020,0.1890,0.0913,-0.0296,0.0014,0.5601,0.1888,-0.0000
25.032,0.1919,0.0927,-0.0301,0.0015,0.5686,0.1916,-0.0000
25.044,0.1947,0.0941,-0.0305,0.0015,0.5771,0.1945,-0.0000
25.056,0.1976,0.0955,-0.0310,0.0015,0.5856,0.1974,-0.0000
25.068,0.2005,0.0969,-0.0314,0.0015,0.5942,0.2003,-0.0000
25.080,0.2034,0.0983,-0.0319,0.0016,0.6027,0.2031,-0.0000
25.092,0.2062,0.0997,-0.0323,0.0016,0.6112,0.2060,-0.0000
25.104,0.2091,0.1011,-0.0328,0.0016,0.6198,0.2089,-0.0000
25.116,0.2120,0.1025,-0.0332,0.0016,0.6283,0.2117,-0.0000
25.128,0.2149,0.1039,-0.0337,0.0016,0.6368,0.2146,-0.0000
25.140,0.2178,0.1053,-0.0342,0.0017,0.6453,0.2175,-0.0000
25.152,0.2206,0.1066,-0.0346,0.0017,0.6539,0.2204,-0.0000
25.164,0.2235,0.1080,-0.0351,0.0017,0.6624,0.2232,-0.0000
25.176,0.2264,0.1094,-0.0355,0.0017,0.6709,0.2261,-0.0000
25.188,0.2293,0.1108,-0.0360,0.0018,0.6795,0.2290,-0.0000
25.200,0.2321,0.1122,-0.0364,0.0018,0.6880,0.2319,-0.0000
25.212,0.2350,0.1136,-0.0369,0.0018,0.6965,0.2347,-0.0000
25.224,0.2379,0.1150,-0.0373,0.0018,0.7050,0.2376,-0.0000
25.236,0.2408,0.1164,-0.0378,0.0018,0.7136,0.2405,-0.0000
25.248,0.2437,0.1178,-0.0382,0.0019,0.7221,0.2434,-0.0000
25.260,0.2465,0.1192,-0.0387,0.0019,0.7306,0.2462,-0.0000
25.272,0.2494,0.1206,-0.0391,0.0019,0.7392,0.2491,-0.0000
25.284,0.2523,0.1219,-0.0396,0.0019,0.7477,0.2520,-0.0000
25.296,0.2552,0.1233,-0.0400,0.0020,0.7562,0.2549,-0.0000
25.308,0.2580,0.1247,-0.0405,0.0020,0.7647,0.2577,-0.0000
25.320,0.2609,0.1261,-0.0409,0.0020,0.7733,0.2606,-0.0000
25.332,0.2638,0.1275,-0.0414,0.0020,0.7818,0.2635,-0.0000
25.344,0.2667,0.1289,-0.0418,0.0020,0.7903,0.2664,-0.0000
25.356,0.2696,0.1303,-0.0423,0.0021,0.7989,0.2692,-0.0000
25.368,0.2724,0.1317,-0.0427,0.0021,0.8074,0.2721,-0.0000
25.380,0.2753,0.1331,-0.0432,0.0021,0.8159,0.2750,-0.0000
25.392,0.2782,0.1345,-0.0436,0.0021,0.8244,0.2779,-0.0000
25.404,0.2811,0.1359,-0.0441,0.0022,0.8330,0.2807,-0.0000
25.416,0.2839,0.1372,-0.0445,0.0022,0.8415,0.2836,-0.0000
25.428,0.2868,0.1386,-0.0450,0.0022,0.8500,0.2865,-0.0000
25.440,0.2897,0.1400,-0.0454,0.0022,0.8586,0.2894,-0.0000
25.452,0.2926,0.1414,-0.0459,0.0022,0.8671,0.2922,-0.0000
25.464,0.2955,0.1428,-0.0463,0.0023,0.8756,0.2951,-0.0000
25.476,0.2983,0.1442,-0.0468,0.0023,0.8841,0.2980,-0.0000
25.488,0.3012,0.1456,-0.0472,0.0023,0.8927,0.3009,-0.0000
25.500,0.3041,0.1470,-0.0477,0.0023,0.9012,0.3037,-0.0000
25.512,0.3070,0.1484,-0.0481,0.0024,0.9097,0.3066,-0.0000
25.524,0.3098,0.1498,-0.0486,0.0024,0.9183,0.3095,-0.0000
25.536,0.3127,0.1512,-0.0490,0.0024,0.9268,0.3124,-0.0000
25.548,0.3156,0.1526,-0.0495,0.0024,0.9353,0.3152,-0.0000
25.560,0.3185,0.1539,-0.0499,0.0024,0.9439,0.3181,-0.0000
25.572,0.3214,0.1553,-0.0504,0.0025,0.9524,0.3210,-0.0000
25.584,0.3242,0.1567,-0.0508,0.0025,0.9609,0.3239,-0.0000
25.596,0.3271,0.1581,-0.0513,0.0025,0.9694,0.3267,-0.0000
25.608,0.3300,0.1595,-0.0518,0.0025,0.9780,0.3296,-0.0000
25.620,0.3329,0.1609,-0.0522,0.0025,0.9865,0.3325,-0.0000
25.632,0.3357,0.1623,-0.0527,0.0026,0.9950,0.3353,-0.0000
25.644,0.3386,0.1637,-0.0531,0.0026,1.0036,0.3382,-0.0000
25.656,0.3415,0.1651,-0.0536,0.0026,1.0121,0.3411,-0.0000
25.668,0.3444,0.1665,-0.0540,0.0026,1.0206,0.3440,-0.0000
25.680,0.3473,0.1679,-0.0545,0.0027,1.0291,0.3468,-0.0000
25.692,0.3501,0.1692,-0.0549,0.0027,1.0377,0.3497,-0.0000
25.704,0.3530,0.1706,-0.0554,0.0027,1.0462,0.3526,-0.0000
25.716,0.3559,0.1720,-0.0558,0.0027,1.0547,0.3555,-0.0000
25.728,0.3588,0.1734,-0.0563,0.0027,1.0633,0.3583,-0.0000
25.740,0.3616,0.1748,-0.0567,0.0028,1.0718,0.3612,-0.0000
25.752,0.3645,0.1762,-0.0572,0.0028,1.0803,0.3641,-0.0000
25.764,0.3674,0.1776,-0.0576,0.0028,1.0888,0.3670,-0.0000
25.776,0.3703,0.1790,-0.0581,0.0028,1.0974,0.3698,-0.0000
25.788,0.3732,0.1804,-0.0585,0.0029,1.1059,0.3727,-0.0000
25.800,0.3760,0.1818,-0.0590,0.0029,1.1144,0.3756,-0.0000
25.812,0.3789,0.1832,-0.0594,0.0029,1.1230,0.3785,-0.0000
25.824,0.3818,0.1845,-0.0599,0.0029,1.1315,0.3813,-0.0000
25.836,0.3847,0.1859,-0.0603,0.0029,1.1400,0.3842,-0.0000
25.848,0.3875,0.1873,-0.0608,0.0030,1.1485,0.3871,-0.0000
25.860,0.3904,0.1887,-0.0612,0.0030,1.1571,0.3900,-0.0000
25.872,0.3933,0.1901,-0.0617,0.0030,1.1656,0.3928,-0.0000
25.884,0.3962,0.1915,-0.0621,0.0030,1.1741,0.3957,-0.0000
25.896,0.3991,0.1929,-0.0626,0.0031,1.1827,0.3986,-0.0000
25.908,0.4019,0.1943,-0.0630,0.0031,1.1912,0.4015,-0.0000
25.920,0.4048,0.1957,-0.0635,0.0031,1.1997,0.4043,-0.0000
25.932,0.4077,0.1971,-0.0639,0.0031,1.2082,0.4072,-0.0000
25.944,0.4106,0.1985,-0.0644,0.0031,1.2168,0.4101,-0.0000
25.956,0.4134,0.1998,-0.0648,0.0032,1.2253,0.4130,-0.0000
25.968,0.4163,0.2012,-0.0653,0.0032,1.2338,0.4158,-0.0000
25.980,0.4192,0.2026,-0.0657,0.0032,1.2424,0.4187,-0.0000
25.992,0.4221,0.2040,-0.0662,0.0032,1.2509,0.4216,-0.0000
26.004,0.4250,0.2054,-0.0666,0.0033,1.2594,0.4245,-0.0000
26.016,0.4278,0.2068,-0.0671,0.0033,1.2679,0.4273,-0.0000
26.028,0.4307,0.2082,-0.0675,0.0033,1.2765,0.4302,-0.0000
26.040,0.4336,0.2096,-0.0680,0.0033,1.2850,0.4331,-0.0000
26.052,0.4365,0.2110,-0.0685,0.0033,1.2935,0.4360,-0.0000
26.064,0.4393,0.2124,-0.0689,0.0034,1.3021,0.4388,-0.0000
26.076,0.4422,0.2138,-0.0694,0.0034,1.3106,0.4417,-0.0000
26.088,0.4451,0.2151,-0.0698,0.0034,1.3191,0.4446,-0.0000
26.100,0.4480,0.2165,-0.0703,0.0034,1.3276,0.4475,-0.0000
26.112,0.4509,0.2179,-0.0707,0.0035,1.3362,0.4503,-0.0000
26.124,0.4537,0.2193,-0.0712,0.0035,1.3447,0.4532,-0.0000
26.136,0.4566,0.2207,-0.0716,0.0035,1.3532,0.4561,-0.0000
26.148,0.4594,0.2220,-0.0720,0.0035,1.3614,0.4588,-0.0000
26.160,0.4618,0.2232,-0.0724,0.0035,1.3686,0.4613,-0.0000
26.172,0.4639,0.2243,-0.0728,0.0036,1.3750,0.4634,-0.0000
26.184,0.4658,0.2252,-0.0731,0.0036,1.3805,0.4653,-0.0000
26.196,0.4675,0.2260,-0.0733,0.0036,1.3855,0.4669,-0.0000
26.208,0.4689,0.2267,-0.0735,0.0036,1.3898,0.4684,-0.0000
26.220,0.4702,0.2273,-0.0737,0.0036,1.3936,0.4697,-0.0000
26.232,0.4713,0.2278,-0.0739,0.0036,1.3969,0.4708,-0.0000
26.244,0.4723,0.2283,-0.0741,0.0036,1.3999,0.4718,-0.0000
26.256,0.4732,0.2287,-0.0742,0.0036,1.4025,0.4727,-0.0000
26.268,0.4740,0.2291,-0.0743,0.0036,1.4047,0.4734,-0.0000
26.280,0.4747,0.2294,-0.0744,0.0036,1.4067,0.4741,-0.0000
26.292,0.4753,0.2297,-0.0745,0.0036,1.4085,0.4747,-0.0000
26.304,0.4758,0.2300,-0.0746,0.0036,1.4101,0.4752,-0.0000
26.316,0.4758,0.2300,-0.0746,0.0036,1.4101,0.4752,-0.0000
26.328,0.4758,0.2302,-0.0743,0.0036,1.4096,0.4752,-0.0000
26.340,0.4758,0.2305,-0.0737,0.0036,1.4086,0.4752,-0.0000
26.352,0.4758,0.2310,-0.0728,0.0036,1.4073,0.4753,-0.0000
26.364,0.4759,0.2316,-0.0717,0.0036,1.4057,0.4753,-0.0000
26.376,0.4759,0.2324,-0.0705,0.0037,1.4037,0.4753,-0.0000
26.388,0.4759,0.2332,-0.0690,0.0037,1.4015,0.4753,-0.0000
26.400,0.4760,0.2341,-0.0674,0.0037,1.3991,0.4754,-0.0000
26.412,0.4760,0.2351,-0.0657,0.0037,1.3964,0.4754,-0.0000
26.424,0.4760,0.2362,-0.0638,0.0037,1.3936,0.4754,-0.0000
26.436,0.4761,0.2373,-0.0619,0.0037,1.3906,0.4754,-0.0000
26.448,0.4761,0.2385,-0.0598,0.0037,1.3875,0.4755,-0.0000
26.460,0.4762,0.2397,-0.0577,0.0037,1.3842,0.4755,-0.0000
26.472,0.4762,0.2410,-0.0555,0.0037,1.3809,0.4756,-0.0000
26.484,0.4763,0.2422,-0.0533,0.0037,1.3774,0.4756,-0.0000
26.496,0.4763,0.2436,-0.0509,0.0037,1.3739,0.4756,-0.0000
26.508,0.4764,0.2449,-0.0486,0.0037,1.3703,0.4757,-0.0000
26.520,0.4764,0.2463,-0.0462,0.0037,1.3667,0.4757,-0.0000
26.532,0.4765,0.2477,-0.0437,0.0037,1.3629,0.4758,-0.0000
26.544,0.4766,0.2491,-0.0413,0.0037,1.3592,0.4758,-0.0000
26.556,0.4766,0.2506,-0.0388,0.0037,1.3554,0.4758,-0.0000
26.568,0.4767,0.2520,-0.0363,0.0037,1.3515,0.4759,-0.0000
26.580,0.4767,0.2535,-0.0337,0.0037,1.3476,0.4759,-0.0000
26.592,0.4768,0.2549,-0.0311,0.0037,1.3437,0.4760,-0.0000
26.604,0.4769,0.2564,-0.0286,0.0037,1.3398,0.4760,-0.0000
26.616,0.4769,0.2579,-0.0260,0.0037,1.3358,0.4761,-0.0000
26.628,0.4770,0.2594,-0.0234,0.0037,1.3318,0.4761,-0.0000
26.640,0.4770,0.2609,-0.0207,0.0037,1.3278,0.4761,-0.0000
26.652,0.4771,0.2624,-0.0181,0.0037,1.3238,0.4762,-0.0000
26.664,0.4772,0.2639,-0.0155,0.0037,1.3198,0.4762,-0.0000
26.676,0.4772,0.2655,-0.0128,0.0037,1.3157,0.4763,-0.0000
26.688,0.4773,0.2670,-0.0102,0.0038,1.3117,0.4763,-0.0000
26.700,0.4773,0.2685,-0.0075,0.0038,1.3076,0.4764,-0.0000
26.712,0.4774,0.2700,-0.0048,0.0038,1.3035,0.4764,-0.0000
26.724,0.4775,0.2716,-0.0022,0.0038,1.2994,0.4765,-0.0000
26.736,0.4775,0.2731,0.0005,0.0038,1.2954,0.4765,-0.0000
26.748,0.4776,0.2747,0.0032,0.0038,1.2913,0.4765,-0.0000
26.760,0.4776,0.2762,0.0059,0.0038,1.2872,0.4766,-0.0000
26.772,0.4777,0.2777,0.0086,0.0038,1.2831,0.4766,-0.0000
26.784,0.4778,0.2793,0.0113,0.0038,1.2790,0.4767,-0.0000
26.796,0.4778,0.2808,0.0139,0.0038,1.2748,0.4767,-0.0000
26.808,0.4779,0.2824,0.0166,0.0038,1.2707,0.4768,-0.0000
26.820,0.4780,0.2839,0.0193,0.0038,1.2666,0.4768,-0.0000
26.832,0.4780,0.2855,0.0220,0.0038,1.2625,0.4769,-0.0000
26.844,0.4781,0.2870,0.0247,0.0038,1.2584,0.4769,-0.0000
26.856,0.4781,0.2886,0.0274,0.0038,1.2543,0.4770,-0.0000
26.868,0.4782,0.2901,0.0301,0.0038,1.2501,0.4770,-0.0000
26.880,0.4783,0.2917,0.0328,0.0038,1.2460,0.4771,-0.0000
26.892,0.4783,0.2932,0.0355,0.0038,1.2419,0.4771,-0.0000
26.904,0.4784,0.2948,0.0382,0.0038,1.2378,0.4771,-0.0000
26.916,0.4785,0.2963,0.0409,0.0038,1.2336,0.4772,-0.0000
26.928,0.4785,0.2979,0.0436,0.0038,1.2295,0.4772,-0.0000
26.940,0.4786,0.2994,0.0463,0.0038,1.2254,0.4773,-0.0000
26.952,0.4787,0.3010,0.0491,0.0039,1.2213,0.4773,-0.0000
26.964,0.4787,0.3025,0.0518,0.0039,1.2171,0.4774,-0.0000
26.976,0.4788,0.3041,0.0545,0.0039,1.2130,0.4774,-0.0000
26.988,0.4788,0.3056,0.0572,0.0039,1.2089,0.4775,-0.0000
27.000,0.4789,0.3072,0.0599,0.0039,1.2047,0.4775,-0.0000
27.012,0.4790,0.3088,0.0626,0.0039,1.2006,0.4776,-0.0000
27.024,0.4790,0.3103,0.0653,0.0039,1.1965,0.4776,-0.0000
27.036,0.4791,0.3119,0.0680,0.0039,1.1923,0.4776,-0.0000
27.048,0.4792,0.3134,0.0707,0.0039,1.1882,0.4777,-0.0000
27.060,0.4792,0.3150,0.0734,0.0039,1.1841,0.4777,-0.0000
27.072,0.4793,0.3165,0.0761,0.0039,1.1799,0.4778,-0.0000
27.084,0.4793,0.3181,0.0788,0.0039,1.1758,0.4778,-0.0000
27.096,0.4794,0.3196,0.0815,0.0039,1.1717,0.4779,-0.0000
27.108,0.4795,0.3212,0.0842,0.0039,1.1675,0.4779,-0.0000
27.120,0.4795,0.3227,0.0869,0.0039,1.1634,0.4780,-0.0000
27.132,0.4796,0.3243,0.0896,0.0039,1.1593,0.4780,-0.0000
27.144,0.4797,0.3258,0.0924,0.0039,1.1551,0.4781,-0.0000
27.156,0.4797,0.3274,0.0951,0.0039,1.1510,0.4781,-0.0000
27.168,0.4798,0.3290,0.0978,0.0039,1.1469,0.4782,-0.0000
27.180,0.4798,0.3305,0.1005,0.0039,1.1427,0.4782,-0.0000
27.192,0.4799,0.3321,0.1032,0.0039,1.1386,0.4782,-0.0000
27.204,0.4800,0.3336,0.1059,0.0039,1.1345,0.4783,-0.0000
27.216,0.4800,0.3352,0.1086,0.0039,1.1303,0.4783,-0.0000
27.228,0.4801,0.3367,0.1113,0.0040,1.1262,0.4784,-0.0000
27.240,0.4802,0.3383,0.1140,0.0040,1.1221,0.4784,-0.0000
27.252,0.4802,0.3398,0.1167,0.0040,1.1179,0.4785,-0.0000
27.264,0.4803,0.3414,0.1194,0.0040,1.1138,0.4785,-0.0000
27.276,0.4803,0.3429,0.1221,0.0040,1.1097,0.4786,-0.0000
27.288,0.4804,0.3445,0.1248,0.0040,1.1055,0.4786,-0.0000
27.300,0.4805,0.3461,0.1275,0.0040,1.1014,0.4787,-0.0000
27.312,0.4805,0.3476,0.1303,0.0040,1.0973,0.4787,-0.0000
27.324,0.4806,0.3492,0.1330,0.0040,1.0931,0.4788,-0.0000
27.336,0.4807,0.3507,0.1357,0.0040,1.0890,0.4788,-0.0000
27.348,0.4807,0.3523,0.1384,0.0040,1.0849,0.4788,-0.0000
27.360,0.4808,0.3538,0.1411,0.0040,1.0807,0.4789,-0.0000
27.372,0.4808,0.3554,0.1438,0.0040,1.0766,0.4789,-0.0000
27.384,0.4809,0.3569,0.1465,0.0040,1.0725,0.4790,-0.0000
27.396,0.4810,0.3585,0.1492,0.0040,1.0683,0.4790,-0.0000
27.408,0.4810,0.3600,0.1519,0.0040,1.0642,0.4791,-0.0000
27.420,0.4811,0.3616,0.1546,0.0040,1.0601,0.4791,-0.0000
27.432,0.4812,0.3632,0.1573,0.0040,1.0559,0.4792,-0.0000
27.444,0.4812,0.3647,0.1600,0.0040,1.0518,0.4792,-0.0000
27.456,0.4813,0.3663,0.1627,0.0040,1.0477,0.4793,-0.0000
27.468,0.4813,0.3678,0.1655,0.0040,1.0435,0.4793,-0.0000
27.480,0.4814,0.3694,0.1682,0.0040,1.0394,0.4793,-0.0000
27.492,0.4815,0.3709,0.1709,0.0041,1.0353,0.4794,-0.0000
27.504,0.4815,0.3725,0.1736,0.0041,1.0311,0.4794,-0.0000
27.516,0.4816,0.3740,0.1763,0.0041,1.0270,0.4795,-0.0000
27.528,0.4817,0.3754,0.1787,0.0041,1.0234,0.4795,-0.0000
27.540,0.4817,0.3766,0.1808,0.0041,1.0202,0.4796,-0.0000
27.552,0.4817,0.3777,0.1826,0.0041,1.0173,0.4796,-0.0000
27.564,0.4818,0.3786,0.1842,0.0041,1.0149,0.4796,-0.0000
27.576,0.4818,0.3794,0.1857,0.0041,1.0127,0.4796,-0.0000
27.588,0.4818,0.3801,0.1869,0.0041,1.0108,0.4797,-0.0000
27.600,0.4819,0.3808,0.1880,0.0041,1.0091,0.4797,-0.0005
27.612,0.4819,0.3813,0.1890,0.0041,1.0076,0.4797,-0.0015
27.624,0.4819,0.3818,0.1899,0.0041,1.0063,0.4797,-0.0029
27.636,0.4819,0.3823,0.1906,0.0041,1.0051,0.4797,-0.0047
27.648,0.4819,0.3826,0.1913,0.0041,1.0041,0.4797,-0.0068
27.660,0.4820,0.3830,0.1919,0.0041,1.0032,0.4798,-0.0091
27.672,0.4820,0.3833,0.1924,0.0041,1.0024,0.4798,-0.0117
27.684,0.4820,0.3835,0.1928,0.0041,1.0018,0.4798,-0.0145
27.696,0.4820,0.3838,0.1932,0.0041,1.0011,0.4798,-0.0175
27.708,0.4820,0.3840,0.1936,0.0041,1.0006,0.4798,-0.0207
27.720,0.4820,0.3841,0.1939,0.0041,1.0001,0.4798,-0.0240
27.732,0.4820,0.3843,0.1941,0.0041,0.9997,0.4798,-0.0275
27.744,0.4820,0.3844,0.1944,0.0041,0.9994,0.4798,-0.0311
27.756,0.4820,0.3846,0.1946,0.0041,0.9990,0.4798,-0.0347
27.768,0.4820,0.3847,0.1948,0.0041,0.9988,0.4798,-0.0385
27.780,0.4820,0.3848,0.1949,0.0041,0.9985,0.4798,-0.0423
27.792,0.4820,0.3848,0.1951,0.0041,0.9983,0.4798,-0.0462
27.804,0.4820,0.3849,0.1952,0.0041,0.9981,0.4798,-0.0502
27.816,0.4820,0.3850,0.1953,0.0041,0.9979,0.4798,-0.0542
27.828,0.4820,0.3850,0.1954,0.0041,0.9978,0.4798,-0.0582
27.840,0.4820,0.3851,0.1955,0.0041,0.9976,0.4798,-0.0623
27.852,0.4820,0.3851,0.1956,0.0041,0.9975,0.4798,-0.0665
27.864,0.4820,0.3852,0.1957,0.0041,0.9974,0.4798,-0.0706
27.876,0.4821,0.3852,0.1957,0.0041,0.9973,0.4798,-0.0748
27.888,0.4821,0.3852,0.1958,0.0041,0.9973,0.4798,-0.0791
27.900,0.4821,0.3852,0.1958,0.0041,0.9972,0.4798,-0.0833
27.912,0.4821,0.3853,0.1958,0.0041,0.9971,0.4798,-0.0876
27.924,0.4821,0.3853,0.1959,0.0041,0.9971,0.4798,-0.0918
27.936,0.4821,0.3853,0.1959,0.0041,0.9970,0.4798,-0.0961
27.948,0.4821,0.3853,0.1959,0.0041,0.9970,0.4798,-0.1004
27.960,0.4821,0.3853,0.1960,0.0041,0.9970,0.4798,-0.1047
27.972,0.4821,0.3853,0.1960,0.0041,0.9969,0.4798,-0.1091
27.984,0.4821,0.3854,0.1960,0.0041,0.9969,0.4798,-0.1134
27.996,0.4821,0.3854,0.1960,0.0041,0.9969,0.4798,-0.1178
28.008,0.4821,0.3854,0.1960,0.0041,0.9968,0.4798,-0.1221
28.020,0.4821,0.3854,0.1960,0.0041,0.9968,0.4798,-0.1265
28.032,0.4821,0.3854,0.1961,0.0041,0.9968,0.4798,-0.1308
28.044,0.4821,0.3854,0.1961,0.0041,0.9968,0.4798,-0.1352
28.056,0.4821,0.3854,0.1961,0.0041,0.9968,0.4798,-0.1396
28.068,0.4821,0.3854,0.1961,0.0041,0.9968,0.4798,-0.1439
28.080,0.4821,0.3854,0.1961,0.0041,0.9968,0.4798,-0.1483
28.092,0.4821,0.3854,0.1961,0.0041,0.9968,0.4798,-0.1527
28.104,0.4821,0.3854,0.1961,0.0041,0.9967,0.4798,-0.1571
28.116,0.4821,0.3854,0.1961,0.0041,0.9967,0.4798,-0.1614
28.128,0.4821,0.3854,0.1961,0.0041,0.9967,0.4798,-0.1658
28.140,0.4821,0.3854,0.1961,0.0041,0.9967,0.4798,-0.1702
28.152,0.4821,0.3854,0.1961,0.0041,0.9967,0.4798,-0.1746
28.164,0.4821,0.3854,0.1961,0.0041,0.9967,0.4798,-0.1790
28.176,0.4821,0.3849,0.1961,0.0041,0.9968,0.4798,-0.1834
28.188,0.4821,0.3842,0.1961,0.0042,0.9971,0.4798,-0.1878
28.200,0.4821,0.3835,0.1961,0.0042,0.9976,0.4798,-0.1922
28.212,0.4821,0.3828,0.1961,0.0042,0.9982,0.4798,-0.1966
28.224,0.4821,0.3821,0.1961,0.0042,0.9988,0.4798,-0.2010
28.236,0.4821,0.3813,0.1961,0.0042,0.9993,0.4798,-0.2054
28.248,0.4821,0.3806,0.1961,0.0042,0.9999,0.4798,-0.2098
28.260,0.4821,0.3799,0.1961,0.0041,1.0005,0.4798,-0.2142
28.272,0.4821,0.3791,0.1961,0.0041,1.0010,0.4798,-0.2186
28.284,0.4821,0.3784,0.1961,0.0041,1.0016,0.4798,-0.2230
28.296,0.4821,0.3777,0.1961,0.0041,1.0021,0.4798,-0.2274
28.308,0.4821,0.3770,0.1961,0.0041,1.0027,0.4798,-0.2317
28.320,0.4821,0.3762,0.1961,0.0041,1.0033,0.4798,-0.2361
28.332,0.4821,0.3755,0.1961,0.0041,1.0038,0.4798,-0.2405
28.344,0.4821,0.3748,0.1961,0.0041,1.0044,0.4798,-0.2449
28.356,0.4821,0.3741,0.1961,0.0041,1.0049,0.4798,-0.2493
28.368,0.4821,0.3734,0.1961,0.0041,1.0055,0.4798,-0.2537
28.380,0.4821,0.3726,0.1961,0.0041,1.0060,0.4798,-0.2581
28.392,0.4821,0.3719,0.1961,0.0041,1.0066,0.4798,-0.2625
28.404,0.4821,0.3712,0.1961,0.0041,1.0071,0.4798,-0.2669
28.416,0.4821,0.3705,0.1961,0.0041,1.0076,0.4798,-0.2713
28.428,0.4821,0.3698,0.1961,0.0041,1.0082,0.4798,-0.2757
28.440,0.4821,0.3691,0.1961,0.0041,1.0087,0.4798,-0.2801
28.452,0.4821,0.3684,0.1961,0.0041,1.0092,0.4798,-0.2845
28.464,0.4821,0.3677,0.1961,0.0041,1.0098,0.4798,-0.2889
28.476,0.4821,0.3670,0.1961,0.0041,1.0103,0.4798,-0.2933
28.488,0.4821,0.3663,0.1961,0.0041,1.0108,0.4798,-0.2977
28.500,0.4821,0.3656,0.1961,0.0041,1.0113,0.4798,-0.3021
28.512,0.4821,0.3649,0.1961,0.0041,1.0118,0.4798,-0.3065
28.524,0.4821,0.3642,0.1961,0.0041,1.0124,0.4798,-0.3109
28.536,0.4821,0.3635,0.1961,0.0041,1.0129,0.4798,-0.3153
28.548,0.4821,0.3628,0.1961,0.0041,1.0134,0.4798,-0.3197
28.560,0.4821,0.3621,0.1961,0.0041,1.0139,0.4798,-0.3241
28.572,0.4821,0.3614,0.1961,0.0041,1.0144,0.4798,-0.3285
28.584,0.4821,0.3607,0.1961,0.0041,1.0149,0.4798,-0.3329
28.596,0.4821,0.3601,0.1961,0.0041,1.0154,0.4798,-0.3373
28.608,0.4821,0.3594,0.1961,0.0041,1.0159,0.4798,-0.3417
28.620,0.4821,0.3587,0.1961,0.0041,1.0164,0.4798,-0.3461
28.632,0.4821,0.3580,0.1961,0.0041,1.0169,0.4798,-0.3505
28.644,0.4821,0.3574,0.1961,0.0041,1.0174,0.4798,-0.3549
28.656,0.4821,0.3567,0.1961,0.0041,1.0179,0.4798,-0.3593
28.668,0.4821,0.3560,0.1961,0.0041,1.0184,0.4798,-0.3637
28.680,0.4821,0.3554,0.1961,0.0041,1.0189,0.4798,-0.3681
28.692,0.4821,0.3547,0.1961,0.0041,1.0193,0.4798,-0.3725
28.704,0.4821,0.3540,0.1961,0.0041,1.0198,0.4798,-0.3769
28.716,0.4821,0.3534,0.1961,0.0041,1.0203,0.4798,-0.3813
28.728,0.4821,0.3527,0.1961,0.0041,1.0208,0.4798,-0.3857
28.740,0.4821,0.3521,0.1961,0.0041,1.0213,0.4798,-0.3901
28.752,0.4821,0.3514,0.1961,0.0041,1.0217,0.4798,-0.3945
28.764,0.4821,0.3508,0.1961,0.0041,1.0222,0.4798,-0.3989
28.776,0.4821,0.3501,0.1961,0.0041,1.0226,0.4798,-0.4033
28.788,0.4821,0.3495,0.1961,0.0041,1.0231,0.4798,-0.4077
28.800,0.4821,0.3489,0.1961,0.0041,1.0235,0.4798,-0.4116
28.812,0.4821,0.3484,0.1961,0.0041,1.0239,0.4798,-0.4150
28.824,0.4821,0.3479,0.1961,0.0041,1.0243,0.4798,-0.4180
28.836,0.4821,0.3477,0.1958,0.0041,1.0248,0.4798,-0.4206
28.848,0.4821,0.3475,0.1952,0.0041,1.0257,0.4798,-0.4230
28.860,0.4820,0.3472,0.1943,0.0041,1.0269,0.4798,-0.4250
28.872,0.4820,0.3468,0.1933,0.0041,1.0284,0.4798,-0.4268
28.884,0.4820,0.3463,0.1920,0.0041,1.0303,0.4798,-0.4284
28.896,0.4820,0.3457,0.1905,0.0041,1.0324,0.4798,-0.4298
28.908,0.4820,0.3450,0.1889,0.0041,1.0347,0.4798,-0.4310
28.920,0.4820,0.3443,0.1872,0.0041,1.0372,0.4798,-0.4321
28.932,0.4820,0.3436,0.1853,0.0041,1.0399,0.4798,-0.4330
28.944,0.4819,0.3427,0.1834,0.0041,1.0428,0.4798,-0.4339
28.956,0.4819,0.3419,0.1813,0.0041,1.0458,0.4798,-0.4346
28.968,0.4819,0.3410,0.1792,0.0041,1.0489,0.4798,-0.4353
28.980,0.4819,0.3400,0.1770,0.0041,1.0521,0.4798,-0.4358
28.992,0.4819,0.3391,0.1747,0.0041,1.0554,0.4798,-0.4363
29.004,0.4818,0.3381,0.1724,0.0041,1.0587,0.4798,-0.4368
29.016,0.4818,0.3371,0.1700,0.0041,1.0622,0.4798,-0.4372
29.028,0.4818,0.3361,0.1676,0.0041,1.0657,0.4797,-0.4375
29.040,0.4818,0.3350,0.1652,0.0040,1.0693,0.4797,-0.4378
29.052,0.4818,0.3340,0.1627,0.0040,1.0729,0.4797,-0.4381
29.064,0.4817,0.3329,0.1602,0.0040,1.0766,0.4797,-0.4383
29.076,0.4817,0.3318,0.1577,0.0040,1.0803,0.4797,-0.4385
29.088,0.4817,0.3307,0.1551,0.0040,1.0840,0.4797,-0.4387
29.100,0.4817,0.3296,0.1526,0.0040,1.0878,0.4797,-0.4388
29.112,0.4816,0.3285,0.1500,0.0040,1.0916,0.4797,-0.4390
29.124,0.4816,0.3274,0.1474,0.0040,1.0954,0.4797,-0.4391
29.136,0.4816,0.3263,0.1448,0.0040,1.0992,0.4797,-0.4392
29.148,0.4816,0.3252,0.1421,0.0040,1.1030,0.4797,-0.4393
29.160,0.4816,0.3240,0.1395,0.0040,1.1069,0.4797,-0.4394
29.172,0.4815,0.3229,0.1369,0.0040,1.1108,0.4797,-0.4395
29.184,0.4815,0.3218,0.1342,0.0040,1.1147,0.4797,-0.4395
29.196,0.4815,0.3206,0.1315,0.0040,1.1186,0.4796,-0.4396
29.208,0.4815,0.3195,0.1289,0.0040,1.1225,0.4796,-0.4396
29.220,0.4814,0.3183,0.1262,0.0040,1.1264,0.4796,-0.4397
29.232,0.4814,0.3172,0.1235,0.0040,1.1303,0.4796,-0.4397
29.244,0.4814,0.3160,0.1208,0.0040,1.1342,0.4796,-0.4397
29.256,0.4814,0.3149,0.1181,0.0040,1.1382,0.4796,-0.4398
29.268,0.4813,0.3137,0.1155,0.0040,1.1421,0.4796,-0.4398
29.280,0.4813,0.3126,0.1128,0.0040,1.1461,0.4796,-0.4398
29.292,0.4813,0.3114,0.1101,0.0040,1.1500,0.4796,-0.4398
29.304,0.4813,0.3102,0.1074,0.0040,1.1540,0.4796,-0.4399
29.316,0.4812,0.3091,0.1047,0.0040,1.1579,0.4796,-0.4399
29.328,0.4812,0.3079,0.1020,0.0039,1.1619,0.4796,-0.4399
29.340,0.4812,0.3068,0.0993,0.0039,1.1658,0.4796,-0.4399
29.352,0.4812,0.3056,0.0966,0.0039,1.1698,0.4795,-0.4399
29.364,0.4811,0.3044,0.0939,0.0039,1.1738,0.4795,-0.4399
29.376,0.4811,0.3033,0.0912,0.0039,1.1777,0.4795,-0.4399
29.388,0.4811,0.3021,0.0885,0.0039,1.1817,0.4795,-0.4399
29.400,0.4811,0.3010,0.0857,0.0039,1.1856,0.4795,-0.4400
29.412,0.4810,0.2998,0.0830,0.0039,1.1896,0.4795,-0.4400
29.424,0.4810,0.2986,0.0803,0.0039,1.1936,0.4795,-0.4400
29.436,0.4810,0.2975,0.0776,0.0039,1.1976,0.4795,-0.4400
29.448,0.4810,0.2963,0.0749,0.0039,1.2015,0.4795,-0.4400
29.460,0.4809,0.2951,0.0722,0.0039,1.2055,0.4795,-0.4400
29.472,0.4809,0.2940,0.0695,0.0039,1.2095,0.4795,-0.4400
29.484,0.4809,0.2928,0.0668,0.0039,1.2134,0.4795,-0.4400
29.496,0.4809,0.2917,0.0641,0.0039,1.2174,0.4795,-0.4400
29.508,0.4809,0.2905,0.0613,0.0039,1.2214,0.4794,-0.4400
29.520,0.4808,0.2893,0.0586,0.0039,1.2254,0.4794,-0.4400
29.532,0.4808,0.2882,0.0559,0.0039,1.2293,0.4794,-0.4400
29.544,0.4808,0.2870,0.0532,0.0039,1.2333,0.4794,-0.4400
29.556,0.4808,0.2858,0.0505,0.0039,1.2373,0.4794,-0.4400
29.568,0.4807,0.2847,0.0478,0.0039,1.2413,0.4794,-0.4400
29.580,0.4807,0.2835,0.0451,0.0039,1.2452,0.4794,-0.4400
29.592,0.4807,0.2823,0.0424,0.0039,1.2492,0.4794,-0.4400
29.604,0.4807,0.2812,0.0396,0.0039,1.2532,0.4794,-0.4400
29.616,0.4806,0.2800,0.0369,0.0038,1.2571,0.4794,-0.4400
29.628,0.4806,0.2788,0.0342,0.0038,1.2611,0.4794,-0.4400
29.640,0.4806,0.2777,0.0315,0.0038,1.2651,0.4794,-0.4400
29.652,0.4806,0.2765,0.0288,0.0038,1.2691,0.4794,-0.4400
29.664,0.4805,0.2753,0.0261,0.0038,1.2730,0.4794,-0.4400
29.676,0.4805,0.2742,0.0234,0.0038,1.2770,0.4793,-0.4400
29.688,0.4805,0.2730,0.0207,0.0038,1.2810,0.4793,-0.4400
29.700,0.4805,0.2718,0.0179,0.0038,1.2850,0.4793,-0.4400
29.712,0.4804,0.2707,0.0152,0.0038,1.2889,0.4793,-0.4400
29.724,0.4804,0.2695,0.0125,0.0038,1.2929,0.4793,-0.4400
29.736,0.4804,0.2684,0.0098,0.0038,1.2969,0.4793,-0.4400
29.748,0.4804,0.2672,0.0071,0.0038,1.3009,0.4793,-0.4400
29.760,0.4803,0.2660,0.0044,0.0038,1.3049,0.4793,-0.4400
29.772,0.4803,0.2649,0.0017,0.0038,1.3088,0.4793,-0.4400
29.784,0.4803,0.2637,-0.0010,0.0038,1.3128,0.4793,-0.4400
29.796,0.4803,0.2625,-0.0038,0.0038,1.3168,0.4793,-0.4400
29.808,0.4802,0.2614,-0.0065,0.0038,1.3208,0.4793,-0.4400
29.820,0.4802,0.2602,-0.0092,0.0038,1.3247,0.4793,-0.4400
29.832,0.4802,0.2590,-0.0119,0.0038,1.3287,0.4792,-0.4400
29.844,0.4802,0.2579,-0.0146,0.0038,1.3327,0.4792,-0.4400
29.856,0.4801,0.2567,-0.0173,0.0038,1.3367,0.4792,-0.4400
29.868,0.4801,0.2555,-0.0200,0.0038,1.3406,0.4792,-0.4400
29.880,0.4801,0.2544,-0.0228,0.0038,1.3446,0.4792,-0.4400
29.892,0.4801,0.2532,-0.0255,0.0038,1.3486,0.4792,-0.4400
29.904,0.4801,0.2520,-0.0282,0.0037,1.3526,0.4792,-0.4400
29.916,0.4800,0.2509,-0.0309,0.0037,1.3565,0.4792,-0.4400
29.928,0.4800,0.2497,-0.0336,0.0037,1.3605,0.4792,-0.4400
29.940,0.4800,0.2485,-0.0363,0.0037,1.3645,0.4792,-0.4400
29.952,0.4800,0.2474,-0.0390,0.0037,1.3685,0.4792,-0.4400
29.964,0.4799,0.2462,-0.0418,0.0037,1.3724,0.4792,-0.4400
29.976,0.4799,0.2450,-0.0445,0.0037,1.3764,0.4792,-0.4400
29.988,0.4799,0.2439,-0.0472,0.0037,1.3804,0.4791,-0.4400
30.000,0.4799,0.2427,-0.0499,0.0037,1.3844,0.4791,-0.4400
30.012,0.4798,0.2416,-0.0526,0.0037,1.3883,0.4791,-0.4400
30.024,0.4798,0.2404,-0.0553,0.0037,1.3923,0.4791,-0.4400
30.036,0.4798,0.2394,-0.0577,0.0037,1.3958,0.4791,-0.4400
30.048,0.4798,0.2385,-0.0598,0.0037,1.3989,0.4791,-0.4400
30.060,0.4798,0.2377,-0.0617,0.0037,1.4016,0.4791,-0.4400
30.072,0.4797,0.2370,-0.0633,0.0037,1.4040,0.4791,-0.4400
30.084,0.4797,0.2363,-0.0647,0.0037,1.4061,0.4791,-0.4400
30.096,0.4797,0.2358,-0.0660,0.0037,1.4079,0.4791,-0.4400
30.108,0.4797,0.2353,-0.0671,0.0037,1.4095,0.4791,-0.4400
30.120,0.4797,0.2353,-0.0671,0.0037,1.4095,0.4791,-0.4400
30.132,0.4797,0.2353,-0.0675,0.0037,1.4100,0.4791,-0.4400
30.144,0.4797,0.2353,-0.0683,0.0037,1.4107,0.4791,-0.4400
30.156,0.4797,0.2353,-0.0693,0.0037,1.4118,0.4791,-0.4400
30.168,0.4797,0.2353,-0.0707,0.0037,1.4132,0.4792,-0.4400
30.180,0.4797,0.2353,-0.0723,0.0037,1.4148,0.4792,-0.4400
30.192,0.4796,0.2353,-0.0741,0.0037,1.4166,0.4792,-0.4400
30.204,0.4796,0.2353,-0.0761,0.0037,1.4186,0.4793,-0.4400
30.216,0.4796,0.2353,-0.0783,0.0037,1.4208,0.4793,-0.4400
30.228,0.4796,0.2353,-0.0806,0.0037,1.4231,0.4794,-0.4400
30.240,0.4796,0.2353,-0.0830,0.0037,1.4255,0.4794,-0.4400
30.252,0.4795,0.2353,-0.0856,0.0037,1.4281,0.4795,-0.4400
30.264,0.4795,0.2353,-0.0883,0.0037,1.4308,0.4795,-0.4400
30.276,0.4795,0.2353,-0.0910,0.0037,1.4335,0.4796,-0.4400
30.288,0.4795,0.2353,-0.0938,0.0037,1.4363,0.4797,-0.4400
30.300,0.4794,0.2353,-0.0967,0.0037,1.4392,0.4797,-0.4400
30.312,0.4794,0.2353,-0.0997,0.0037,1.4422,0.4798,-0.4400
30.324,0.4794,0.2352,-0.1027,0.0037,1.4452,0.4799,-0.4400
30.336,0.4794,0.2352,-0.1057,0.0037,1.4483,0.4799,-0.4400
30.348,0.4793,0.2352,-0.1088,0.0037,1.4514,0.4800,-0.4400
30.360,0.4793,0.2352,-0.1119,0.0037,1.4545,0.4801,-0.4400
30.372,0.4793,0.2352,-0.1151,0.0037,1.4577,0.4801,-0.4400
30.384,0.4792,0.2352,-0.1183,0.0037,1.4608,0.4802,-0.4400
30.396,0.4792,0.2352,-0.1215,0.0037,1.4641,0.4803,-0.4400
30.408,0.4792,0.2352,-0.1247,0.0037,1.4673,0.4803,-0.4400
30.420,0.4792,0.2352,-0.1279,0.0037,1.4706,0.4804,-0.4400
30.432,0.4791,0.2352,-0.1312,0.0037,1.4738,0.4805,-0.4400
30.444,0.4791,0.2352,-0.1345,0.0037,1.4771,0.4805,-0.4400
30.456,0.4791,0.2352,-0.1378,0.0037,1.4804,0.4806,-0.4400
30.468,0.4790,0.2352,-0.1411,0.0037,1.4837,0.4807,-0.4400
30.480,0.4790,0.2352,-0.1444,0.0037,1.4871,0.4808,-0.4400
30.492,0.4790,0.2351,-0.1477,0.0037,1.4904,0.4808,-0.4400
30.504,0.4789,0.2351,-0.1511,0.0037,1.4937,0.4809,-0.4400
30.516,0.4789,0.2351,-0.1544,0.0037,1.4971,0.4810,-0.4400
30.528,0.4789,0.2351,-0.1577,0.0037,1.5004,0.4810,-0.4400
30.540,0.4789,0.2351,-0.1611,0.0037,1.5038,0.4811,-0.4400
30.552,0.4788,0.2351,-0.1644,0.0037,1.5071,0.4812,-0.4400
30.564,0.4788,0.2351,-0.1678,0.0038,1.5105,0.4813,-0.4400
30.576,0.4788,0.2351,-0.1712,0.0038,1.5139,0.4813,-0.4400
30.588,0.4787,0.2351,-0.1745,0.0038,1.5172,0.4814,-0.4400
30.600,0.4787,0.2351,-0.1779,0.0038,1.5206,0.4815,-0.4400
30.612,0.4787,0.2351,-0.1813,0.0038,1.5240,0.4816,-0.4400
30.624,0.4786,0.2351,-0.1846,0.0038,1.5274,0.4816,-0.4400
30.636,0.4786,0.2350,-0.1880,0.0038,1.5308,0.4817,-0.4400
30.648,0.4786,0.2350,-0.1914,0.0038,1.5341,0.4818,-0.4400
30.660,0.4786,0.2350,-0.1948,0.0038,1.5375,0.4818,-0.4400
30.672,0.4785,0.2350,-0.1981,0.0038,1.5409,0.4819,-0.4400
30.684,0.4785,0.2350,-0.2015,0.0038,1.5443,0.4820,-0.4400
30.696,0.4785,0.2350,-0.2049,0.0038,1.5477,0.4821,-0.4400
30.708,0.4784,0.2350,-0.2083,0.0038,1.5511,0.4821,-0.4400
30.720,0.4784,0.2350,-0.2117,0.0038,1.5545,0.4822,-0.4400
30.732,0.4784,0.2350,-0.2150,0.0038,1.5579,0.4823,-0.4400
30.744,0.4783,0.2350,-0.2184,0.0038,1.5612,0.4824,-0.4400
30.756,0.4783,0.2350,-0.2218,0.0038,1.5646,0.4824,-0.4400
30.768,0.4783,0.2350,-0.2252,0.0038,1.5680,0.4825,-0.4400
30.780,0.4782,0.2350,-0.2286,0.0038,1.5714,0.4826,-0.4400
30.792,0.4782,0.2349,-0.2320,0.0038,1.5748,0.4827,-0.4400
30.804,0.4782,0.2349,-0.2353,0.0038,1.5782,0.4827,-0.4400
30.816,0.4782,0.2349,-0.2387,0.0038,1.5816,0.4828,-0.4400
30.828,0.4781,0.2349,-0.2421,0.0038,1.5850,0.4829,-0.4400
30.840,0.4781,0.2349,-0.2455,0.0038,1.5884,0.4829,-0.4400
30.852,0.4781,0.2349,-0.2489,0.0038,1.5918,0.4830,-0.4400
30.864,0.4780,0.2349,-0.2523,0.0038,1.5952,0.4831,-0.4400
30.876,0.4780,0.2349,-0.2557,0.0038,1.5986,0.4832,-0.4400
30.888,0.4780,0.2349,-0.2590,0.0038,1.6020,0.4832,-0.4400
30.900,0.4779,0.2349,-0.2624,0.0038,1.6054,0.4833,-0.4400
30.912,0.4779,0.2349,-0.2658,0.0038,1.6088,0.4834,-0.4400
30.924,0.4779,0.2349,-0.2692,0.0038,1.6122,0.4835,-0.4400
30.936,0.4779,0.2348,-0.2726,0.0038,1.6155,0.4835,-0.4400
30.948,0.4778,0.2348,-0.2760,0.0038,1.6189,0.4836,-0.4400
30.960,0.4778,0.2348,-0.2794,0.0038,1.6223,0.4837,-0.4400
30.972,0.4778,0.2348,-0.2828,0.0038,1.6257,0.4837,-0.4400
30.984,0.4777,0.2348,-0.2861,0.0038,1.6291,0.4838,-0.4400
30.996,0.4777,0.2348,-0.2895,0.0038,1.6325,0.4839,-0.4400
31.008,0.4777,0.2348,-0.2929,0.0038,1.6359,0.4840,-0.4400
31.020,0.4776,0.2348,-0.2963,0.0038,1.6393,0.4840,-0.4400
31.032,0.4776,0.2348,-0.2997,0.0038,1.6427,0.4841,-0.4400
31.044,0.4776,0.2348,-0.3031,0.0038,1.6461,0.4842,-0.4400
31.056,0.4775,0.2348,-0.3065,0.0038,1.6495,0.4843,-0.4400
31.068,0.4775,0.2348,-0.3099,0.0038,1.6529,0.4843,-0.4400
31.080,0.4775,0.2348,-0.3132,0.0038,1.6563,0.4844,-0.4400
31.092,0.4775,0.2347,-0.3166,0.0038,1.6597,0.4845,-0.4400
31.104,0.4774,0.2347,-0.3200,0.0038,1.6631,0.4846,-0.4400
31.116,0.4774,0.2347,-0.3234,0.0039,1.6665,0.4846,-0.4400
31.128,0.4774,0.2347,-0.3265,0.0039,1.6696,0.4847,-0.4400
31.140,0.4773,0.2347,-0.3293,0.0039,1.6724,0.4847,-0.4400
31.152,0.4773,0.2347,-0.3317,0.0039,1.6748,0.4848,-0.4400
31.164,0.4773,0.2347,-0.3338,0.0039,1.6769,0.4848,-0.4400
31.176,0.4773,0.2347,-0.3357,0.0039,1.6788,0.4849,-0.4400
31.188,0.4773,0.2347,-0.3357,0.0039,1.6788,0.4849,-0.4400
31.200,0.4777,0.2347,-0.3357,0.0039,1.6788,0.4849,-0.4400
31.212,0.4786,0.2347,-0.3357,0.0039,1.6788,0.4849,-0.4400
31.224,0.4798,0.2347,-0.3357,0.0039,1.6788,0.4849,-0.4400
31.236,0.4813,0.2347,-0.3358,0.0039,1.6789,0.4849,-0.4400
31.248,0.4830,0.2347,-0.3358,0.0039,1.6789,0.4849,-0.4400
31.260,0.4850,0.2347,-0.3358,0.0039,1.6789,0.4849,-0.4400
31.272,0.4872,0.2347,-0.3359,0.0039,1.6790,0.4849,-0.4400
31.284,0.4896,0.2347,-0.3359,0.0039,1.6790,0.4849,-0.4400
31.296,0.4922,0.2347,-0.3360,0.0039,1.6791,0.4849,-0.4400
31.308,0.4949,0.2347,-0.3361,0.0039,1.6792,0.4849,-0.4400
31.320,0.4977,0.2347,-0.3361,0.0039,1.6792,0.4849,-0.4400
31.332,0.5006,0.2347,-0.3362,0.0039,1.6793,0.4849,-0.4400
31.344,0.5036,0.2347,-0.3362,0.0039,1.6794,0.4849,-0.4400
31.356,0.5068,0.2347,-0.3363,0.0039,1.6794,0.4849,-0.4400
31.368,0.5099,0.2347,-0.3364,0.0039,1.6795,0.4849,-0.4400
31.380,0.5132,0.2347,-0.3365,0.0039,1.6796,0.4849,-0.4400
31.392,0.5165,0.2347,-0.3365,0.0039,1.6796,0.4849,-0.4400
31.404,0.5199,0.2347,-0.3366,0.0039,1.6797,0.4849,-0.4400
31.416,0.5233,0.2347,-0.3367,0.0039,1.6798,0.4849,-0.4400
31.428,0.5267,0.2347,-0.3368,0.0039,1.6799,0.4849,-0.4400
31.440,0.5302,0.2347,-0.3368,0.0039,1.6799,0.4849,-0.4400
31.452,0.5337,0.2347,-0.3369,0.0039,1.6800,0.4849,-0.4400
31.464,0.5372,0.2347,-0.3370,0.0039,1.6801,0.4849,-0.4400
31.476,0.5408,0.2347,-0.3371,0.0039,1.6802,0.4849,-0.4400
31.488,0.5444,0.2347,-0.3371,0.0039,1.6803,0.4849,-0.4400
31.500,0.5480,0.2347,-0.3372,0.0039,1.6803,0.4849,-0.4400
31.512,0.5516,0.2347,-0.3373,0.0039,1.6804,0.4849,-0.4400
31.524,0.5552,0.2347,-0.3374,0.0039,1.6805,0.4849,-0.4400
31.536,0.5589,0.2347,-0.3375,0.0039,1.6806,0.4849,-0.4400
31.548,0.5625,0.2347,-0.3375,0.0039,1.6807,0.4849,-0.4400
31.560,0.5662,0.2347,-0.3376,0.0039,1.6807,0.4849,-0.4400
31.572,0.5699,0.2347,-0.3377,0.0039,1.6808,0.4849,-0.4400
31.584,0.5735,0.2347,-0.3378,0.0039,1.6809,0.4849,-0.4400
31.596,0.5772,0.2347,-0.3379,0.0039,1.6810,0.4849,-0.4400
31.608,0.5809,0.2347,-0.3379,0.0039,1.6811,0.4849,-0.4400
31.620,0.5846,0.2347,-0.3380,0.0039,1.6811,0.4849,-0.4400
31.632,0.5883,0.2347,-0.3381,0.0039,1.6812,0.4849,-0.4400
31.644,0.5920,0.2347,-0.3382,0.0039,1.6813,0.4849,-0.4400
31.656,0.5957,0.2347,-0.3383,0.0039,1.6814,0.4849,-0.4400
31.668,0.5994,0.2347,-0.3384,0.0039,1.6815,0.4849,-0.4400
31.680,0.6032,0.2347,-0.3384,0.0039,1.6816,0.4849,-0.4400
31.692,0.6069,0.2347,-0.3385,0.0039,1.6816,0.4849,-0.4400
31.704,0.6106,0.2347,-0.3386,0.0039,1.6817,0.4850,-0.4400
31.716,0.6143,0.2347,-0.3387,0.0039,1.6818,0.4850,-0.4400
31.728,0.6180,0.2347,-0.3388,0.0039,1.6819,0.4850,-0.4400
31.740,0.6218,0.2347,-0.3388,0.0039,1.6820,0.4850,-0.4400
31.752,0.6255,0.2347,-0.3389,0.0039,1.6820,0.4850,-0.4400
31.764,0.6292,0.2347,-0.3390,0.0039,1.6821,0.4850,-0.4400
31.776,0.6329,0.2347,-0.3391,0.0039,1.6822,0.4850,-0.4400
31.788,0.6367,0.2347,-0.3392,0.0039,1.6823,0.4850,-0.4400
31.800,0.6404,0.2347,-0.3393,0.0039,1.6824,0.4850,-0.4400
31.812,0.6441,0.2347,-0.3393,0.0039,1.6825,0.4850,-0.4400
31.824,0.6479,0.2347,-0.3394,0.0039,1.6825,0.4850,-0.4400
31.836,0.6516,0.2347,-0.3395,0.0039,1.6826,0.4850,-0.4400
31.848,0.6553,0.2347,-0.3396,0.0039,1.6827,0.4850,-0.4400
31.860,0.6590,0.2347,-0.3397,0.0039,1.6828,0.4850,-0.4400
31.872,0.6628,0.2347,-0.3398,0.0039,1.6829,0.4850,-0.4400
31.884,0.6665,0.2347,-0.3398,0.0039,1.6829,0.4850,-0.4400
31.896,0.6702,0.2347,-0.3399,0.0039,1.6830,0.4850,-0.4400
31.908,0.6740,0.2347,-0.3400,0.0039,1.6831,0.4850,-0.4400
31.920,0.6777,0.2347,-0.3401,0.0039,1.6832,0.4850,-0.4400
31.932,0.6814,0.2347,-0.3402,0.0039,1.6833,0.4850,-0.4400
31.944,0.6852,0.2347,-0.3402,0.0039,1.6834,0.4850,-0.4400
31.956,0.6889,0.2347,-0.3403,0.0039,1.6834,0.4850,-0.4400
31.968,0.6926,0.2347,-0.3404,0.0039,1.6835,0.4850,-0.4400
31.980,0.6964,0.2347,-0.3405,0.0039,1.6836,0.4850,-0.4400
31.992,0.7001,0.2347,-0.3406,0.0039,1.6837,0.4850,-0.4400
32.004,0.7038,0.2347,-0.3407,0.0039,1.6838,0.4850,-0.4400
32.016,0.7076,0.2347,-0.3407,0.0039,1.6839,0.4850,-0.4400
32.028,0.7113,0.2347,-0.3408,0.0039,1.6839,0.4850,-0.4400
32.040,0.7150,0.2347,-0.3409,0.0039,1.6840,0.4850,-0.4400
32.052,0.7188,0.2347,-0.3410,0.0039,1.6841,0.4850,-0.4400
32.064,0.7225,0.2347,-0.3411,0.0039,1.6842,0.4850,-0.4400
32.076,0.7263,0.2347,-0.3411,0.0039,1.6843,0.4850,-0.4400
32.088,0.7300,0.2347,-0.3412,0.0039,1.6844,0.4850,-0.4400
32.100,0.7337,0.2347,-0.3413,0.0039,1.6844,0.4850,-0.4400
32.112,0.7375,0.2347,-0.3414,0.0039,1.6845,0.4850,-0.4400
32.124,0.7412,0.2347,-0.3415,0.0039,1.6846,0.4850,-0.4400
32.136,0.7449,0.2347,-0.3416,0.0039,1.6847,0.4850,-0.4400
32.148,0.7487,0.2347,-0.3416,0.0039,1.6848,0.4850,-0.4400
32.160,0.7524,0.2347,-0.3417,0.0039,1.6848,0.4850,-0.4400
32.172,0.7561,0.2347,-0.3418,0.0039,1.6849,0.4850,-0.4400
32.184,0.7599,0.2347,-0.3419,0.0039,1.6850,0.4850,-0.4400
32.196,0.7636,0.2347,-0.3420,0.0039,1.6851,0.4850,-0.4400
32.208,0.7673,0.2347,-0.3421,0.0039,1.6852,0.4850,-0.4400
32.220,0.7711,0.2347,-0.3421,0.0039,1.6853,0.4850,-0.4400
32.232,0.7748,0.2347,-0.3422,0.0039,1.6853,0.4850,-0.4400
32.244,0.7785,0.2347,-0.3423,0.0039,1.6854,0.4850,-0.4400
32.256,0.7823,0.2347,-0.3424,0.0039,1.6855,0.4850,-0.4400
32.268,0.7860,0.2347,-0.3425,0.0039,1.6856,0.4850,-0.4400
32.280,0.7897,0.2347,-0.3425,0.0039,1.6857,0.4850,-0.4400
32.292,0.7935,0.2347,-0.3426,0.0039,1.6858,0.4850,-0.4400
32.304,0.7972,0.2347,-0.3427,0.0039,1.6858,0.4850,-0.4400
32.316,0.8009,0.2347,-0.3428,0.0039,1.6859,0.4850,-0.4400
32.328,0.8047,0.2347,-0.3429,0.0039,1.6860,0.4850,-0.4400
32.340,0.8084,0.2347,-0.3430,0.0039,1.6861,0.4850,-0.4400
32.352,0.8121,0.2347,-0.3430,0.0039,1.6862,0.4850,-0.4400
32.364,0.8159,0.2347,-0.3431,0.0039,1.6862,0.4850,-0.4400
32.376,0.8196,0.2347,-0.3432,0.0039,1.6863,0.4851,-0.4400
32.388,0.8233,0.2347,-0.3433,0.0039,1.6864,0.4851,-0.4400
32.400,0.8271,0.2347,-0.3434,0.0039,1.6865,0.4851,-0.4400
32.412,0.8308,0.2347,-0.3435,0.0039,1.6866,0.4851,-0.4400
32.424,0.8345,0.2347,-0.3435,0.0039,1.6867,0.4851,-0.4400
32.436,0.8383,0.2347,-0.3436,0.0039,1.6867,0.4851,-0.4400
32.448,0.8420,0.2347,-0.3437,0.0039,1.6868,0.4851,-0.4400
32.460,0.8457,0.2347,-0.3438,0.0039,1.6869,0.4851,-0.4400
32.472,0.8495,0.2347,-0.3439,0.0039,1.6870,0.4851,-0.4400
32.484,0.8532,0.2347,-0.3439,0.0039,1.6871,0.4851,-0.4400
32.496,0.8570,0.2347,-0.3440,0.0039,1.6872,0.4851,-0.4400
32.508,0.8607,0.2347,-0.3441,0.0039,1.6872,0.4851,-0.4400
32.520,0.8644,0.2347,-0.3442,0.0039,1.6873,0.4851,-0.4400
32.532,0.8682,0.2347,-0.3443,0.0039,1.6874,0.4851,-0.4400
32.544,0.8719,0.2347,-0.3444,0.0039,1.6875,0.4851,-0.4400
32.556,0.8756,0.2347,-0.3444,0.0039,1.6876,0.4851,-0.4400
32.568,0.8794,0.2347,-0.3445,0.0039,1.6876,0.4851,-0.4400
32.580,0.8831,0.2347,-0.3446,0.0039,1.6877,0.4851,-0.4400
32.592,0.8868,0.2347,-0.3447,0.0039,1.6878,0.4851,-0.4400
32.604,0.8906,0.2347,-0.3448,0.0039,1.6879,0.4851,-0.4400
32.616,0.8943,0.2347,-0.3448,0.0039,1.6880,0.4851,-0.4400
32.628,0.8980,0.2347,-0.3449,0.0039,1.6881,0.4851,-0.4400
32.640,0.9018,0.2347,-0.3450,0.0039,1.6881,0.4851,-0.4400
32.652,0.9055,0.2347,-0.3451,0.0039,1.6882,0.4851,-0.4400
32.664,0.9092,0.2347,-0.3452,0.0039,1.6883,0.4851,-0.4400
32.676,0.9130,0.2347,-0.3453,0.0039,1.6884,0.4851,-0.4400
32.688,0.9167,0.2347,-0.3453,0.0039,1.6885,0.4851,-0.4400
32.700,0.9204,0.2347,-0.3454,0.0039,1.6886,0.4851,-0.4400
32.712,0.9242,0.2347,-0.3455,0.0039,1.6886,0.4851,-0.4400
32.724,0.9279,0.2347,-0.3456,0.0039,1.6887,0.4851,-0.4400
32.736,0.9316,0.2347,-0.3457,0.0039,1.6888,0.4851,-0.4400
32.748,0.9354,0.2347,-0.3458,0.0039,1.6889,0.4851,-0.4400
32.760,0.9391,0.2347,-0.3458,0.0039,1.6890,0.4851,-0.4400
32.772,0.9428,0.2347,-0.3459,0.0039,1.6890,0.4851,-0.4400
32.784,0.9466,0.2347,-0.3460,0.0039,1.6891,0.4851,-0.4400
32.796,0.9503,0.2347,-0.3461,0.0039,1.6892,0.4851,-0.4400
32.808,0.9540,0.2347,-0.3462,0.0039,1.6893,0.4851,-0.4400
32.820,0.9578,0.2347,-0.3462,0.0039,1.6894,0.4851,-0.4400
32.832,0.9615,0.2347,-0.3463,0.0039,1.6895,0.4851,-0.4400
32.844,0.9653,0.2347,-0.3464,0.0039,1.6895,0.4851,-0.4400
32.856,0.9690,0.2347,-0.3465,0.0039,1.6896,0.4851,-0.4400
32.868,0.9727,0.2347,-0.3466,0.0039,1.6897,0.4851,-0.4400
32.880,0.9765,0.2347,-0.3467,0.0039,1.6898,0.4851,-0.4400
32.892,0.9802,0.2347,-0.3467,0.0039,1.6899,0.4851,-0.4400
32.904,0.9839,0.2347,-0.3468,0.0039,1.6900,0.4851,-0.4400
32.916,0.9877,0.2347,-0.3469,0.0039,1.6900,0.4851,-0.4400
32.928,0.9914,0.2347,-0.3470,0.0039,1.6901,0.4851,-0.4400
32.940,0.9951,0.2347,-0.3471,0.0039,1.6902,0.4851,-0.4400
32.952,0.9989,0.2347,-0.3472,0.0039,1.6903,0.4851,-0.4400
32.964,1.0026,0.2347,-0.3472,0.0039,1.6904,0.4851,-0.4400
32.976,1.0063,0.2347,-0.3473,0.0039,1.6904,0.4851,-0.4400
32.988,1.0101,0.2347,-0.3474,0.0039,1.6905,0.4851,-0.4400
33.000,1.0138,0.2347,-0.3475,0.0039,1.6906,0.4851,-0.4400
33.012,1.0175,0.2347,-0.3476,0.0039,1.6907,0.4851,-0.4400
33.024,1.0213,0.2347,-0.3476,0.0039,1.6908,0.4851,-0.4400
33.036,1.0250,0.2347,-0.3477,0.0039,1.6909,0.4851,-0.4400
33.048,1.0287,0.2347,-0.3478,0.0039,1.6909,0.4851,-0.4400
33.060,1.0325,0.2347,-0.3479,0.0039,1.6910,0.4852,-0.4400
33.072,1.0362,0.2347,-0.3480,0.0039,1.6911,0.4852,-0.4400
33.084,1.0399,0.2347,-0.3481,0.0039,1.6912,0.4852,-0.4400
33.096,1.0437,0.2347,-0.3481,0.0039,1.6913,0.4852,-0.4400
33.108,1.0474,0.2347,-0.3482,0.0039,1.6914,0.4852,-0.4400
33.120,1.0511,0.2347,-0.3483,0.0039,1.6914,0.4852,-0.4400
33.132,1.0549,0.2347,-0.3484,0.0039,1.6915,0.4852,-0.4400
33.144,1.0586,0.2347,-0.3485,0.0039,1.6916,0.4852,-0.4400
33.156,1.0623,0.2347,-0.3486,0.0039,1.6917,0.4852,-0.4400
33.168,1.0661,0.2347,-0.3486,0.0039,1.6918,0.4852,-0.4400
33.180,1.0698,0.2347,-0.3487,0.0039,1.6919,0.4852,-0.4400
33.192,1.0734,0.2347,-0.3488,0.0039,1.6919,0.4852,-0.4400
33.204,1.0766,0.2347,-0.3489,0.0039,1.6920,0.4852,-0.4400
33.216,1.0793,0.2347,-0.3489,0.0039,1.6921,0.4852,-0.4400
33.228,1.0818,0.2347,-0.3490,0.0039,1.6921,0.4852,-0.4400
33.240,1.0839,0.2347,-0.3490,0.0039,1.6922,0.4852,-0.4400
33.252,1.0858,0.2347,-0.3491,0.0039,1.6922,0.4852,-0.4400
33.264,1.0875,0.2347,-0.3491,0.0039,1.6922,0.4852,-0.4400
33.276,1.0875,0.2347,-0.3491,0.0039,1.6922,0.4852,-0.4400
33.288,1.0875,0.2349,-0.3492,0.0039,1.6921,0.4857,-0.4400
33.300,1.0875,0.2353,-0.3493,0.0039,1.6917,0.4868,-0.4400
33.312,1.0875,0.2360,-0.3495,0.0039,1.6913,0.4882,-0.4400
33.324,1.0876,0.2367,-0.3497,0.0039,1.6907,0.4901,-0.4400
33.336,1.0876,0.2377,-0.3499,0.0039,1.6900,0.4923,-0.4400
33.348,1.0877,0.2387,-0.3502,0.0039,1.6893,0.4947,-0.4400
33.360,1.0877,0.2399,-0.3506,0.0039,1.6884,0.4974,-0.4400
33.372,1.0878,0.2411,-0.3509,0.0040,1.6875,0.5004,-0.4400
33.384,1.0878,0.2424,-0.3513,0.0040,1.6865,0.5035,-0.4400
33.396,1.0879,0.2438,-0.3517,0.0040,1.6855,0.5069,-0.4400
33.408,1.0880,0.2453,-0.3521,0.0040,1.6844,0.5103,-0.4400
33.420,1.0881,0.2468,-0.3525,0.0040,1.6833,0.5139,-0.4400
33.432,1.0881,0.2484,-0.3530,0.0041,1.6821,0.5177,-0.4400
33.444,1.0882,0.2500,-0.3534,0.0041,1.6809,0.5215,-0.4400
33.456,1.0883,0.2517,-0.3539,0.0041,1.6797,0.5254,-0.4400
33.468,1.0884,0.2534,-0.3544,0.0041,1.6785,0.5295,-0.4400
33.480,1.0884,0.2551,-0.3548,0.0042,1.6772,0.5335,-0.4400
33.492,1.0885,0.2569,-0.3553,0.0042,1.6759,0.5377,-0.4400
33.504,1.0886,0.2587,-0.3558,0.0042,1.6746,0.5419,-0.4400
33.516,1.0887,0.2605,-0.3563,0.0042,1.6733,0.5461,-0.4400
33.528,1.0888,0.2623,-0.3569,0.0043,1.6719,0.5504,-0.4400
33.540,1.0889,0.2641,-0.3574,0.0043,1.6706,0.5547,-0.4400
33.552,1.0890,0.2660,-0.3579,0.0043,1.6692,0.5591,-0.4400
33.564,1.0890,0.2678,-0.3584,0.0044,1.6679,0.5635,-0.4400
33.576,1.0891,0.2697,-0.3589,0.0044,1.6665,0.5679,-0.4400
33.588,1.0892,0.2716,-0.3595,0.0044,1.6651,0.5723,-0.4400
33.600,1.0893,0.2734,-0.3600,0.0044,1.6637,0.5768,-0.4400
33.612,1.0894,0.2753,-0.3605,0.0045,1.6623,0.5813,-0.4400
33.624,1.0895,0.2772,-0.3611,0.0045,1.6609,0.5858,-0.4400
33.636,1.0896,0.2791,-0.3616,0.0045,1.6595,0.5903,-0.4400
33.648,1.0897,0.2811,-0.3621,0.0046,1.6581,0.5948,-0.4400
33.660,1.0898,0.2830,-0.3627,0.0046,1.6567,0.5993,-0.4400
33.672,1.0898,0.2849,-0.3632,0.0046,1.6553,0.6039,-0.4400
33.684,1.0899,0.2868,-0.3637,0.0046,1.6539,0.6084,-0.4400
33.696,1.0900,0.2887,-0.3643,0.0047,1.6525,0.6130,-0.4400
33.708,1.0901,0.2907,-0.3648,0.0047,1.6511,0.6175,-0.4400
33.720,1.0902,0.2926,-0.3654,0.0047,1.6496,0.6221,-0.4400
33.732,1.0903,0.2945,-0.3659,0.0047,1.6482,0.6267,-0.4400
33.744,1.0904,0.2965,-0.3665,0.0048,1.6468,0.6312,-0.4400
33.756,1.0905,0.2984,-0.3670,0.0048,1.6454,0.6358,-0.4400
33.768,1.0906,0.3003,-0.3675,0.0048,1.6439,0.6404,-0.4400
33.780,1.0907,0.3023,-0.3681,0.0049,1.6425,0.6450,-0.4400
33.792,1.0907,0.3042,-0.3686,0.0049,1.6411,0.6496,-0.4400
33.804,1.0908,0.3062,-0.3692,0.0049,1.6397,0.6541,-0.4400
33.816,1.0909,0.3081,-0.3697,0.0049,1.6382,0.6587,-0.4400
33.828,1.0910,0.3101,-0.3703,0.0050,1.6368,0.6633,-0.4400
33.840,1.0911,0.3120,-0.3708,0.0050,1.6354,0.6679,-0.4400
33.852,1.0912,0.3139,-0.3714,0.0050,1.6339,0.6725,-0.4400
33.864,1.0913,0.3159,-0.3719,0.0051,1.6325,0.6771,-0.4400
33.876,1.0914,0.3178,-0.3725,0.0051,1.6311,0.6817,-0.4400
33.888,1.0915,0.3198,-0.3730,0.0051,1.6296,0.6863,-0.4400
33.900,1.0916,0.3217,-0.3735,0.0051,1.6282,0.6909,-0.4400
33.912,1.0917,0.3237,-0.3741,0.0052,1.6268,0.6955,-0.4400
33.924,1.0918,0.3256,-0.3746,0.0052,1.6254,0.7001,-0.4400
33.936,1.0918,0.3276,-0.3752,0.0052,1.6239,0.7047,-0.4400
33.948,1.0919,0.3295,-0.3757,0.0053,1.6225,0.7093,-0.4400
33.960,1.0920,0.3315,-0.3763,0.0053,1.6211,0.7139,-0.4400
33.972,1.0921,0.3334,-0.3768,0.0053,1.6196,0.7185,-0.4400
33.984,1.0922,0.3354,-0.3774,0.0053,1.6182,0.7231,-0.4400
33.996,1.0923,0.3373,-0.3779,0.0054,1.6168,0.7277,-0.4400
34.008,1.0924,0.3393,-0.3785,0.0054,1.6153,0.7323,-0.4400
34.020,1.0925,0.3412,-0.3790,0.0054,1.6139,0.7369,-0.4400
34.032,1.0926,0.3431,-0.3796,0.0055,1.6125,0.7415,-0.4400
34.044,1.0927,0.3451,-0.3801,0.0055,1.6110,0.7461,-0.4400
34.056,1.0928,0.3470,-0.3807,0.0055,1.6096,0.7507,-0.4400
34.068,1.0929,0.3490,-0.3812,0.0055,1.6082,0.7553,-0.4400
34.080,1.0929,0.3509,-0.3817,0.0056,1.6067,0.7599,-0.4400
34.092,1.0930,0.3529,-0.3823,0.0056,1.6053,0.7645,-0.4400
34.104,1.0931,0.3548,-0.3828,0.0056,1.6039,0.7691,-0.4400
34.116,1.0932,0.3568,-0.3834,0.0057,1.6024,0.7737,-0.4400
34.128,1.0933,0.3587,-0.3839,0.0057,1.6010,0.7783,-0.4400
34.140,1.0934,0.3607,-0.3845,0.0057,1.5996,0.7830,-0.4400
34.152,1.0935,0.3626,-0.3850,0.0057,1.5981,0.7876,-0.4400
34.164,1.0936,0.3646,-0.3856,0.0058,1.5967,0.7922,-0.4400
34.176,1.0937,0.3665,-0.3861,0.0058,1.5953,0.7968,-0.4400
34.188,1.0938,0.3685,-0.3867,0.0058,1.5938,0.8014,-0.4400
34.200,1.0939,0.3704,-0.3872,0.0059,1.5924,0.8060,-0.4400
34.212,1.0940,0.3724,-0.3878,0.0059,1.5910,0.8106,-0.4400
34.224,1.0940,0.3743,-0.3883,0.0059,1.5895,0.8152,-0.4400
34.236,1.0941,0.3763,-0.3889,0.0059,1.5881,0.8198,-0.4400
34.248,1.0942,0.3782,-0.3894,0.0060,1.5867,0.8244,-0.4400
34.260,1.0943,0.3802,-0.3900,0.0060,1.5852,0.8290,-0.4400
34.272,1.0944,0.3821,-0.3905,0.0060,1.5838,0.8336,-0.4400
34.284,1.0945,0.3841,-0.3910,0.0061,1.5824,0.8382,-0.4400
34.296,1.0946,0.3860,-0.3916,0.0061,1.5809,0.8428,-0.4400
34.308,1.0947,0.3880,-0.3921,0.0061,1.5795,0.8474,-0.4400
34.320,1.0948,0.3899,-0.3927,0.0061,1.5781,0.8520,-0.4400
34.332,1.0949,0.3919,-0.3932,0.0062,1.5766,0.8566,-0.4400
34.344,1.0950,0.3938,-0.3938,0.0062,1.5752,0.8612,-0.4400
34.356,1.0951,0.3958,-0.3943,0.0062,1.5738,0.8658,-0.4400
34.368,1.0951,0.3977,-0.3949,0.0063,1.5723,0.8704,-0.4400
34.380,1.0952,0.3997,-0.3954,0.0063,1.5709,0.8750,-0.4400
34.392,1.0953,0.4016,-0.3960,0.0063,1.5695,0.8796,-0.4400
34.404,1.0954,0.4035,-0.3965,0.0063,1.5680,0.8843,-0.4400
34.416,1.0955,0.4055,-0.3971,0.0064,1.5666,0.8889,-0.4400
34.428,1.0956,0.4074,-0.3976,0.0064,1.5652,0.8935,-0.4400
34.440,1.0957,0.4094,-0.3982,0.0064,1.5637,0.8981,-0.4400
34.452,1.0958,0.4113,-0.3987,0.0065,1.5623,0.9027,-0.4400
34.464,1.0959,0.4133,-0.3993,0.0065,1.5609,0.9073,-0.4400
34.476,1.0960,0.4152,-0.3998,0.0065,1.5594,0.9119,-0.4400
34.488,1.0961,0.4172,-0.4003,0.0066,1.5580,0.9165,-0.4400
34.500,1.0961,0.4191,-0.4009,0.0066,1.5566,0.9211,-0.4400
34.512,1.0962,0.4211,-0.4014,0.0066,1.5551,0.9257,-0.4400
34.524,1.0963,0.4230,-0.4020,0.0066,1.5537,0.9303,-0.4400
34.536,1.0964,0.4250,-0.4025,0.0067,1.5523,0.9349,-0.4400
34.548,1.0965,0.4269,-0.4031,0.0067,1.5508,0.9395,-0.4400
34.560,1.0966,0.4289,-0.4036,0.0067,1.5494,0.9441,-0.4400
34.572,1.0967,0.4308,-0.4042,0.0068,1.5480,0.9487,-0.4400
34.584,1.0968,0.4328,-0.4047,0.0068,1.5465,0.9533,-0.4400
34.596,1.0969,0.4347,-0.4053,0.0068,1.5451,0.9579,-0.4400
34.608,1.0970,0.4367,-0.4058,0.0068,1.5437,0.9625,-0.4400
34.620,1.0971,0.4386,-0.4064,0.0069,1.5422,0.9671,-0.4400
34.632,1.0972,0.4406,-0.4069,0.0069,1.5408,0.9717,-0.4400
34.644,1.0972,0.4425,-0.4075,0.0069,1.5394,0.9763,-0.4400
34.656,1.0973,0.4445,-0.4080,0.0070,1.5379,0.9810,-0.4400
34.668,1.0974,0.4464,-0.4086,0.0070,1.5365,0.9856,-0.4400
34.680,1.0975,0.4484,-0.4091,0.0070,1.5351,0.9902,-0.4400
34.692,1.0976,0.4503,-0.4096,0.0070,1.5336,0.9948,-0.4400
34.704,1.0977,0.4523,-0.4102,0.0071,1.5322,0.9994,-0.4400
34.716,1.0978,0.4542,-0.4107,0.0071,1.5308,1.0040,-0.4400
34.728,1.0979,0.4562,-0.4113,0.0071,1.5293,1.0086,-0.4400
34.740,1.0980,0.4581,-0.4118,0.0072,1.5279,1.0132,-0.4400
34.752,1.0981,0.4601,-0.4124,0.0072,1.5265,1.0178,-0.4400
34.764,1.0982,0.4620,-0.4129,0.0072,1.5250,1.0224,-0.4400
34.776,1.0983,0.4640,-0.4135,0.0072,1.5236,1.0270,-0.4400
34.788,1.0983,0.4659,-0.4140,0.0073,1.5222,1.0316,-0.4400
34.800,1.0984,0.4679,-0.4146,0.0073,1.5207,1.0362,-0.4400
34.812,1.0985,0.4698,-0.4151,0.0073,1.5193,1.0408,-0.4400
34.824,1.0986,0.4717,-0.4157,0.0074,1.5179,1.0454,-0.4400
34.836,1.0987,0.4737,-0.4162,0.0074,1.5164,1.0500,-0.4400
34.848,1.0988,0.4756,-0.4168,0.0074,1.5150,1.0546,-0.4400
34.860,1.0989,0.4776,-0.4173,0.0074,1.5136,1.0592,-0.4400
34.872,1.0990,0.4795,-0.4179,0.0075,1.5121,1.0638,-0.4400
34.884,1.0991,0.4813,-0.4184,0.0075,1.5108,1.0681,-0.4400
34.896,1.0991,0.4829,-0.4188,0.0075,1.5097,1.0718,-0.4400
34.908,1.0992,0.4843,-0.4192,0.0075,1.5086,1.0751,-0.4400
34.920,1.0993,0.4855,-0.4195,0.0076,1.5077,1.0780,-0.4400
34.932,1.0993,0.4866,-0.4198,0.0076,1.5070,1.0805,-0.4400
34.944,1.0994,0.4875,-0.4201,0.0076,1.5063,1.0827,-0.4400
34.956,1.0994,0.4884,-0.4203,0.0076,1.5056,1.0847,-0.4400
34.968,1.0994,0.4884,-0.4203,0.0076,1.5056,1.0847,-0.4400
34.980,1.0994,0.4885,-0.4200,0.0076,1.5052,1.0847,-0.4400
34.992,1.0994,0.4888,-0.4195,0.0076,1.5044,1.0848,-0.4400
35.004,1.0994,0.4891,-0.4188,0.0076,1.5033,1.0848,-0.4400
35.016,1.0995,0.4896,-0.4178,0.0076,1.5020,1.0849,-0.4400
35.028,1.0995,0.4901,-0.4167,0.0076,1.5003,1.0850,-0.4400
35.040,1.0995,0.4907,-0.4154,0.0076,1.4985,1.0851,-0.4400
35.052,1.0995,0.4913,-0.4140,0.0076,1.4964,1.0852,-0.4400
35.064,1.0996,0.4920,-0.4125,0.0076,1.4942,1.0853,-0.4400
35.076,1.0996,0.4928,-0.4109,0.0076,1.4918,1.0854,-0.4400
35.088,1.0996,0.4936,-0.4092,0.0076,1.4893,1.0855,-0.4400
35.100,1.0997,0.4944,-0.4074,0.0076,1.4867,1.0856,-0.4400
35.112,1.0997,0.4953,-0.4055,0.0076,1.4840,1.0857,-0.4400
35.124,1.0998,0.4962,-0.4036,0.0076,1.4812,1.0859,-0.4400
35.136,1.0998,0.4971,-0.4016,0.0076,1.4783,1.0860,-0.4400
35.148,1.0998,0.4981,-0.3996,0.0076,1.4753,1.0862,-0.4400
35.160,1.0999,0.4990,-0.3975,0.0076,1.4723,1.0863,-0.4400
35.172,1.0999,0.5000,-0.3954,0.0076,1.4692,1.0864,-0.4400
35.184,1.1000,0.5010,-0.3933,0.0076,1.4661,1.0866,-0.4400
35.196,1.1000,0.5020,-0.3911,0.0076,1.4629,1.0867,-0.4400
35.208,1.1001,0.5030,-0.3889,0.0076,1.4597,1.0869,-0.4400
35.220,1.1001,0.5041,-0.3867,0.0076,1.4565,1.0871,-0.4400
35.232,1.1001,0.5051,-0.3845,0.0076,1.4532,1.0872,-0.4400
35.244,1.1002,0.5061,-0.3822,0.0076,1.4500,1.0874,-0.4400
35.256,1.1002,0.5072,-0.3800,0.0076,1.4466,1.0875,-0.4400
35.268,1.1003,0.5083,-0.3777,0.0076,1.4433,1.0877,-0.4400
35.280,1.1003,0.5093,-0.3754,0.0076,1.4400,1.0878,-0.4400
35.292,1.1004,0.5104,-0.3731,0.0076,1.4366,1.0880,-0.4400
35.304,1.1004,0.5115,-0.3708,0.0076,1.4332,1.0882,-0.4400
35.316,1.1005,0.5126,-0.3685,0.0076,1.4299,1.0883,-0.4400
35.328,1.1005,0.5136,-0.3661,0.0076,1.4265,1.0885,-0.4400
35.340,1.1006,0.5147,-0.3638,0.0076,1.4231,1.0886,-0.4400
35.352,1.1006,0.5158,-0.3615,0.0076,1.4196,1.0888,-0.4400
35.364,1.1007,0.5169,-0.3591,0.0076,1.4162,1.0890,-0.4400
35.376,1.1007,0.5180,-0.3568,0.0076,1.4128,1.0891,-0.4400
35.388,1.1008,0.5191,-0.3545,0.0076,1.4094,1.0893,-0.4400
35.400,1.1008,0.5202,-0.3521,0.0076,1.4059,1.0895,-0.4400
35.412,1.1009,0.5213,-0.3498,0.0076,1.4025,1.0896,-0.4400
35.424,1.1009,0.5224,-0.3474,0.0076,1.3991,1.0898,-0.4400
35.436,1.1010,0.5235,-0.3450,0.0076,1.3956,1.0899,-0.4400
35.448,1.1010,0.5246,-0.3427,0.0076,1.3922,1.0901,-0.4400
35.460,1.1011,0.5257,-0.3403,0.0076,1.3887,1.0903,-0.4400
35.472,1.1011,0.5268,-0.3380,0.0076,1.3853,1.0904,-0.4400
35.484,1.1012,0.5279,-0.3356,0.0076,1.3818,1.0906,-0.4400
35.496,1.1012,0.5290,-0.3332,0.0076,1.3783,1.0908,-0.4400
35.508,1.1013,0.5301,-0.3309,0.0076,1.3749,1.0909,-0.4400
35.520,1.1013,0.5312,-0.3285,0.0076,1.3714,1.0911,-0.4400
35.532,1.1014,0.5323,-0.3261,0.0076,1.3680,1.0913,-0.4400
35.544,1.1014,0.5334,-0.3238,0.0076,1.3645,1.0914,-0.4400
35.556,1.1015,0.5345,-0.3214,0.0076,1.3610,1.0916,-0.4400
35.568,1.1015,0.5356,-0.3190,0.0077,1.3576,1.0918,-0.4400
35.580,1.1016,0.5367,-0.3166,0.0077,1.3541,1.0919,-0.4400
35.592,1.1016,0.5378,-0.3143,0.0077,1.3507,1.0921,-0.4400
35.604,1.1017,0.5389,-0.3119,0.0077,1.3472,1.0923,-0.4400
35.616,1.1017,0.5400,-0.3095,0.0077,1.3437,1.0924,-0.4400
35.628,1.1018,0.5411,-0.3072,0.0077,1.3403,1.0926,-0.4400
35.640,1.1018,0.5422,-0.3048,0.0077,1.3368,1.0927,-0.4400
35.652,1.1018,0.5433,-0.3024,0.0077,1.3333,1.0929,-0.4400
35.664,1.1019,0.5445,-0.3000,0.0077,1.3299,1.0931,-0.4400
35.676,1.1019,0.5456,-0.2977,0.0077,1.3264,1.0932,-0.4400
35.688,1.1020,0.5467,-0.2953,0.0077,1.3229,1.0934,-0.4400
35.700,1.1020,0.5478,-0.2929,0.0077,1.3195,1.0936,-0.4400
35.712,1.1021,0.5489,-0.2906,0.0077,1.3160,1.0937,-0.4400
35.724,1.1021,0.5500,-0.2882,0.0077,1.3125,1.0939,-0.4400
35.736,1.1022,0.5511,-0.2858,0.0077,1.3090,1.0941,-0.4400
35.748,1.1022,0.5522,-0.2834,0.0077,1.3056,1.0942,-0.4400
35.760,1.1023,0.5533,-0.2811,0.0077,1.3021,1.0944,-0.4400
35.772,1.1023,0.5544,-0.2787,0.0077,1.2986,1.0946,-0.4400
35.784,1.1024,0.5555,-0.2763,0.0077,1.2952,1.0947,-0.4400
35.796,1.1024,0.5566,-0.2739,0.0077,1.2917,1.0949,-0.4400
35.808,1.1025,0.5577,-0.2716,0.0077,1.2882,1.0951,-0.4400
35.820,1.1025,0.5588,-0.2692,0.0077,1.2848,1.0952,-0.4400
35.832,1.1026,0.5599,-0.2668,0.0077,1.2813,1.0954,-0.4400
35.844,1.1026,0.5611,-0.2644,0.0077,1.2778,1.0956,-0.4400
35.856,1.1027,0.5622,-0.2621,0.0077,1.2744,1.0957,-0.4400
35.868,1.1027,0.5633,-0.2597,0.0077,1.2709,1.0959,-0.4400
35.880,1.1028,0.5644,-0.2573,0.0077,1.2674,1.0960,-0.4400
35.892,1.1028,0.5655,-0.2550,0.0077,1.2640,1.0962,-0.4400
35.904,1.1029,0.5666,-0.2526,0.0077,1.2605,1.0964,-0.4400
35.916,1.1029,0.5677,-0.2502,0.0077,1.2570,1.0965,-0.4400
35.928,1.1030,0.5688,-0.2478,0.0077,1.2535,1.0967,-0.4400
35.940,1.1030,0.5699,-0.2455,0.0077,1.2501,1.0969,-0.4400
35.952,1.1031,0.5710,-0.2431,0.0077,1.2466,1.0970,-0.4400
35.964,1.1031,0.5721,-0.2407,0.0077,1.2431,1.0972,-0.4400
35.976,1.1032,0.5732,-0.2383,0.0077,1.2397,1.0974,-0.4400
35.988,1.1032,0.5743,-0.2360,0.0077,1.2362,1.0975,-0.4400
36.000,1.1033,0.5754,-0.2336,0.0077,1.2327,1.0977,-0.4400
36.012,1.1033,0.5765,-0.2312,0.0077,1.2293,1.0979,-0.4400
36.024,1.1034,0.5777,-0.2288,0.0077,1.2258,1.0980,-0.4400
36.036,1.1034,0.5788,-0.2265,0.0077,1.2223,1.0982,-0.4400
36.048,1.1035,0.5799,-0.2241,0.0077,1.2189,1.0984,-0.4400
36.060,1.1035,0.5810,-0.2217,0.0077,1.2154,1.0985,-0.4400
36.072,1.1036,0.5821,-0.2193,0.0077,1.2119,1.0987,-0.4400
36.084,1.1036,0.5832,-0.2170,0.0077,1.2084,1.0989,-0.4400
36.096,1.1037,0.5843,-0.2146,0.0077,1.2050,1.0990,-0.4400
36.108,1.1037,0.5854,-0.2122,0.0077,1.2015,1.0992,-0.4400
36.120,1.1038,0.5865,-0.2099,0.0077,1.1980,1.0993,-0.4400
36.132,1.1038,0.5876,-0.2075,0.0077,1.1946,1.0995,-0.4400
36.144,1.1039,0.5887,-0.2051,0.0077,1.1911,1.0997,-0.4400
36.156,1.1039,0.5898,-0.2027,0.0077,1.1876,1.0998,-0.4400
36.168,1.1040,0.5909,-0.2004,0.0077,1.1842,1.1000,-0.4400
36.180,1.1040,0.5919,-0.1983,0.0077,1.1811,1.1002,-0.4400
36.192,1.1040,0.5928,-0.1964,0.0077,1.1784,1.1003,-0.4400
36.204,1.1041,0.5935,-0.1948,0.0077,1.1761,1.1004,-0.4400
36.216,1.1041,0.5942,-0.1934,0.0077,1.1740,1.1005,-0.4400
36.228,1.1041,0.5948,-0.1921,0.0077,1.1721,1.1006,-0.4400
36.240,1.1042,0.5953,-0.1910,0.0077,1.1705,1.1007,-0.4400
36.252,1.1042,0.5957,-0.1901,0.0077,1.1691,1.1007,-0.4400
36.264,1.1042,0.5961,-0.1892,0.0077,1.1679,1.1008,-0.4395
36.276,1.1042,0.5965,-0.1885,0.0077,1.1668,1.1008,-0.4385
36.288,1.1042,0.5968,-0.1878,0.0077,1.1658,1.1009,-0.4371
36.300,1.1042,0.5971,-0.1872,0.0077,1.1650,1.1009,-0.4353
36.312,1.1042,0.5973,-0.1867,0.0077,1.1642,1.1010,-0.4332
36.324,1.1043,0.5975,-0.1863,0.0077,1.1635,1.1010,-0.4309
36.336,1.1043,0.5977,-0.1859,0.0077,1.1630,1.1010,-0.4283
36.348,1.1043,0.5979,-0.1855,0.0077,1.1625,1.1010,-0.4255
36.360,1.1043,0.5980,-0.1852,0.0077,1.1620,1.1011,-0.4225
36.372,1.1043,0.5981,-0.1849,0.0077,1.1616,1.1011,-0.4193
36.384,1.1043,0.5982,-0.1847,0.0077,1.1613,1.1011,-0.4160
36.396,1.1043,0.5983,-0.1845,0.0077,1.1610,1.1011,-0.4125
36.408,1.1043,0.5984,-0.1843,0.0077,1.1607,1.1011,-0.4089
36.420,1.1043,0.5985,-0.1841,0.0077,1.1605,1.1011,-0.4053
36.432,1.1043,0.5986,-0.1840,0.0077,1.1602,1.1011,-0.4015
36.444,1.1043,0.5986,-0.1839,0.0077,1.1601,1.1012,-0.3977
36.456,1.1043,0.5987,-0.1838,0.0077,1.1599,1.1012,-0.3938
36.468,1.1043,0.5987,-0.1837,0.0077,1.1598,1.1012,-0.3898
36.480,1.1043,0.5988,-0.1836,0.0077,1.1596,1.1012,-0.3858
36.492,1.1043,0.5988,-0.1835,0.0077,1.1595,1.1012,-0.3818
36.504,1.1043,0.5988,-0.1834,0.0077,1.1594,1.1012,-0.3777
36.516,1.1043,0.5989,-0.1834,0.0077,1.1593,1.1012,-0.3735
36.528,1.1043,0.5989,-0.1833,0.0077,1.1593,1.1012,-0.3694
36.540,1.1043,0.5989,-0.1833,0.0077,1.1592,1.1012,-0.3652
36.552,1.1043,0.5989,-0.1832,0.0077,1.1591,1.1012,-0.3609
36.564,1.1043,0.5989,-0.1832,0.0077,1.1591,1.1012,-0.3567
36.576,1.1043,0.5989,-0.1832,0.0077,1.1590,1.1012,-0.3524
36.588,1.1043,0.5990,-0.1831,0.0077,1.1590,1.1012,-0.3482
36.600,1.1043,0.5990,-0.1831,0.0077,1.1590,1.1012,-0.3439
36.612,1.1043,0.5990,-0.1831,0.0077,1.1589,1.1012,-0.3396
36.624,1.1043,0.5990,-0.1831,0.0077,1.1589,1.1012,-0.3353
36.636,1.1043,0.5990,-0.1831,0.0077,1.1589,1.1012,-0.3309
36.648,1.1043,0.5990,-0.1831,0.0077,1.1589,1.1012,-0.3266
36.660,1.1043,0.5990,-0.1830,0.0077,1.1589,1.1012,-0.3222
36.672,1.1043,0.5990,-0.1830,0.0077,1.1588,1.1012,-0.3179
36.684,1.1043,0.5990,-0.1830,0.0077,1.1588,1.1012,-0.3135
36.696,1.1043,0.5990,-0.1830,0.0077,1.1588,1.1012,-0.3092
36.708,1.1043,0.5990,-0.1830,0.0077,1.1588,1.1012,-0.3048
36.720,1.1043,0.5990,-0.1830,0.0077,1.1588,1.1012,-0.3004
36.732,1.1043,0.5990,-0.1830,0.0077,1.1588,1.1012,-0.2961
36.744,1.1043,0.5990,-0.1830,0.0077,1.1588,1.1012,-0.2917
36.756,1.1043,0.5990,-0.1830,0.0077,1.1588,1.1012,-0.2873
36.768,1.1043,0.5990,-0.1830,0.0077,1.1588,1.1012,-0.2829
36.780,1.1043,0.5990,-0.1830,0.0077,1.1588,1.1012,-0.2786
36.792,1.1043,0.5990,-0.1830,0.0077,1.1587,1.1012,-0.2742
36.804,1.1043,0.5990,-0.1830,0.0077,1.1587,1.1012,-0.2698
36.816,1.1043,0.5990,-0.1830,0.0077,1.1587,1.1012,-0.2654
36.828,1.1043,0.5990,-0.1830,0.0077,1.1587,1.1012,-0.2610
36.840,1.1043,0.5990,-0.1830,0.0077,1.1587,1.1012,-0.2566
36.852,1.1043,0.5990,-0.1830,0.0077,1.1587,1.1012,-0.2522
36.864,1.1043,0.5990,-0.1830,0.0077,1.1587,1.1012,-0.2478
36.876,1.1043,0.5990,-0.1830,0.0077,1.1587,1.1012,-0.2434
36.888,1.1043,0.5990,-0.1830,0.0077,1.1587,1.1012,-0.2390
36.900,1.1043,0.5990,-0.1830,0.0077,1.1587,1.1012,-0.2346
36.912,1.1043,0.5990,-0.1830,0.0077,1.1587,1.1012,-0.2302
36.924,1.1043,0.5990,-0.1830,0.0077,1.1587,1.1012,-0.2258
36.936,1.1043,0.5990,-0.1830,0.0077,1.1587,1.1012,-0.2214
36.948,1.1043,0.5990,-0.1830,0.0077,1.1587,1.1012,-0.2170
36.960,1.1043,0.5990,-0.1830,0.0077,1.1587,1.1012,-0.2126
36.972,1.1043,0.5990,-0.1830,0.0077,1.1587,1.1012,-0.2083
36.984,1.1043,0.5990,-0.1830,0.0077,1.1587,1.1012,-0.2039
36.996,1.1043,0.5990,-0.1830,0.0077,1.1587,1.1012,-0.1995
37.008,1.1043,0.5990,-0.1830,0.0077,1.1587,1.1012,-0.1951
37.020,1.1043,0.5990,-0.1830,0.0077,1.1587,1.1012,-0.1907
37.032,1.1043,0.5990,-0.1830,0.0077,1.1587,1.1012,-0.1863
37.044,1.1043,0.5990,-0.1830,0.0077,1.1587,1.1012,-0.1819
37.056,1.1043,0.5990,-0.1830,0.0077,1.1587,1.1012,-0.1775
37.068,1.1043,0.5990,-0.1830,0.0077,1.1587,1.1012,-0.1731
37.080,1.1043,0.5990,-0.1830,0.0077,1.1587,1.1012,-0.1687
37.092,1.1043,0.5990,-0.1830,0.0077,1.1587,1.1012,-0.1643
37.104,1.1043,0.5990,-0.1830,0.0077,1.1587,1.1012,-0.1599
37.116,1.1043,0.5990,-0.1830,0.0077,1.1587,1.1012,-0.1555
37.128,1.1043,0.5990,-0.1830,0.0077,1.1587,1.1012,-0.1511
37.140,1.1043,0.5990,-0.1830,0.0077,1.1587,1.1012,-0.1467
37.152,1.1043,0.5990,-0.1830,0.0077,1.1587,1.1012,-0.1423
37.164,1.1043,0.5990,-0.1830,0.0077,1.1587,1.1012,-0.1379
37.176,1.1043,0.5990,-0.1829,0.0077,1.1587,1.1012,-0.1335
37.188,1.1043,0.5990,-0.1829,0.0077,1.1587,1.1012,-0.1291
37.200,1.1043,0.5990,-0.1829,0.0077,1.1587,1.1012,-0.1247
37.212,1.1043,0.5990,-0.1829,0.0077,1.1587,1.1012,-0.1203
37.224,1.1043,0.5990,-0.1829,0.0077,1.1587,1.1012,-0.1159
37.236,1.1043,0.5990,-0.1829,0.0077,1.1587,1.1012,-0.1115
37.248,1.1043,0.5990,-0.1829,0.0077,1.1587,1.1012,-0.1071
37.260,1.1043,0.5990,-0.1829,0.0077,1.1587,1.1012,-0.1027
37.272,1.1043,0.5990,-0.1829,0.0077,1.1587,1.1012,-0.0983
37.284,1.1043,0.5990,-0.1829,0.0077,1.1587,1.1012,-0.0939
37.296,1.1043,0.5990,-0.1829,0.0077,1.1587,1.1012,-0.0895
37.308,1.1043,0.5990,-0.1829,0.0077,1.1587,1.1012,-0.0851
37.320,1.1043,0.5990,-0.1829,0.0077,1.1587,1.1012,-0.0807
37.332,1.1043,0.5990,-0.1829,0.0077,1.1587,1.1012,-0.0763
37.344,1.1043,0.5990,-0.1829,0.0077,1.1587,1.1012,-0.0719
37.356,1.1043,0.5990,-0.1829,0.0077,1.1587,1.1012,-0.0675
37.368,1.1043,0.5990,-0.1829,0.0077,1.1587,1.1012,-0.0631
37.380,1.1043,0.5990,-0.1829,0.0077,1.1587,1.1012,-0.0587
37.392,1.1043,0.5990,-0.1829,0.0077,1.1587,1.1012,-0.0543
37.404,1.1043,0.5990,-0.1829,0.0077,1.1587,1.1012,-0.0499
37.416,1.1043,0.5990,-0.1829,0.0077,1.1587,1.1012,-0.0455
37.428,1.1043,0.5990,-0.1829,0.0077,1.1587,1.1012,-0.0411
37.440,1.1043,0.5990,-0.1829,0.0077,1.1587,1.1012,-0.0367
37.452,1.1043,0.5990,-0.1829,0.0077,1.1587,1.1012,-0.0323
37.464,1.1043,0.5990,-0.1829,0.0077,1.1587,1.1012,-0.0284
37.476,1.1043,0.5990,-0.1829,0.0077,1.1587,1.1012,-0.0250
37.488,1.1043,0.5989,-0.1832,0.0077,1.1591,1.1012,-0.0220
37.500,1.1043,0.5987,-0.1838,0.0077,1.1599,1.1012,-0.0194
37.512,1.1043,0.5984,-0.1845,0.0077,1.1610,1.1012,-0.0170
37.524,1.1043,0.5979,-0.1855,0.0077,1.1624,1.1012,-0.0150
37.536,1.1043,0.5974,-0.1866,0.0077,1.1640,1.1012,-0.0132
37.548,1.1042,0.5969,-0.1879,0.0077,1.1658,1.1012,-0.0116
37.560,1.1042,0.5963,-0.1893,0.0077,1.1678,1.1012,-0.0102
37.572,1.1042,0.5956,-0.1908,0.0077,1.1700,1.1012,-0.0090
37.584,1.1041,0.5949,-0.1925,0.0077,1.1724,1.1011,-0.0079
37.596,1.1041,0.5941,-0.1942,0.0077,1.1748,1.1011,-0.0070
37.608,1.1041,0.5933,-0.1960,0.0077,1.1774,1.1011,-0.0061
37.620,1.1040,0.5925,-0.1979,0.0077,1.1801,1.1011,-0.0054
37.632,1.1040,0.5917,-0.1998,0.0077,1.1829,1.1011,-0.0047
37.644,1.1040,0.5908,-0.2018,0.0077,1.1857,1.1011,-0.0042
37.656,1.1039,0.5899,-0.2039,0.0077,1.1887,1.1010,-0.0037
37.668,1.1039,0.5890,-0.2059,0.0077,1.1916,1.1010,-0.0032
37.680,1.1038,0.5881,-0.2081,0.0077,1.1947,1.1010,-0.0028
37.692,1.1038,0.5871,-0.2102,0.0077,1.1978,1.1010,-0.0025
37.704,1.1038,0.5862,-0.2124,0.0077,1.2009,1.1010,-0.0022
37.716,1.1037,0.5852,-0.2146,0.0077,1.2040,1.1009,-0.0019
37.728,1.1037,0.5842,-0.2168,0.0077,1.2072,1.1009,-0.0017
37.740,1.1036,0.5833,-0.2191,0.0077,1.2104,1.1009,-0.0015
37.752,1.1036,0.5823,-0.2213,0.0077,1.2137,1.1009,-0.0013
37.764,1.1035,0.5813,-0.2236,0.0077,1.2170,1.1009,-0.0012
37.776,1.1035,0.5803,-0.2259,0.0077,1.2202,1.1008,-0.0010
37.788,1.1034,0.5793,-0.2282,0.0077,1.2235,1.1008,-0.0009
37.800,1.1034,0.5782,-0.2305,0.0077,1.2269,1.1008,-0.0008
37.812,1.1034,0.5772,-0.2329,0.0077,1.2302,1.1008,-0.0007
37.824,1.1033,0.5762,-0.2352,0.0077,1.2335,1.1008,-0.0006
37.836,1.1033,0.5752,-0.2375,0.0077,1.2369,1.1007,-0.0005
37.848,1.1032,0.5742,-0.2399,0.0077,1.2402,1.1007,-0.0005
37.860,1.1032,0.5731,-0.2422,0.0077,1.2436,1.1007,-0.0004
37.872,1.1031,0.5721,-0.2446,0.0077,1.2470,1.1007,-0.0004
37.884,1.1031,0.5711,-0.2469,0.0077,1.2504,1.1007,-0.0003
37.896,1.1030,0.5700,-0.2493,0.0077,1.2537,1.1006,-0.0003
37.908,1.1030,0.5690,-0.2517,0.0077,1.2571,1.1006,-0.0003
37.920,1.1029,0.5680,-0.2540,0.0077,1.2605,1.1006,-0.0002
37.932,1.1029,0.5669,-0.2564,0.0077,1.2639,1.1006,-0.0002
37.944,1.1029,0.5659,-0.2588,0.0077,1.2673,1.1006,-0.0002
37.956,1.1028,0.5648,-0.2612,0.0077,1.2707,1.1005,-0.0002
37.968,1.1028,0.5638,-0.2635,0.0077,1.2741,1.1005,-0.0001
37.980,1.1027,0.5628,-0.2659,0.0077,1.2775,1.1005,-0.0001
37.992,1.1027,0.5617,-0.2683,0.0077,1.2810,1.1005,-0.0001
38.004,1.1026,0.5607,-0.2707,0.0077,1.2844,1.1005,-0.0001
38.016,1.1026,0.5596,-0.2731,0.0077,1.2878,1.1004,-0.0001
38.028,1.1025,0.5586,-0.2754,0.0077,1.2912,1.1004,-0.0001
38.040,1.1025,0.5576,-0.2778,0.0077,1.2946,1.1004,-0.0001
38.052,1.1024,0.5565,-0.2802,0.0077,1.2980,1.1004,-0.0001
38.064,1.1024,0.5555,-0.2826,0.0077,1.3014,1.1004,-0.0000
38.076,1.1023,0.5544,-0.2850,0.0077,1.3049,1.1003,-0.0000
38.088,1.1023,0.5534,-0.2874,0.0077,1.3083,1.1003,-0.0000
38.100,1.1023,0.5523,-0.2898,0.0077,1.3117,1.1003,-0.0000
38.112,1.1022,0.5513,-0.2922,0.0077,1.3151,1.1003,-0.0000
38.124,1.1022,0.5502,-0.2945,0.0077,1.3185,1.1002,-0.0000
38.136,1.1021,0.5492,-0.2969,0.0077,1.3220,1.1002,-0.0000
38.148,1.1021,0.5482,-0.2993,0.0077,1.3254,1.1002,-0.0000
38.160,1.1020,0.5471,-0.3017,0.0077,1.3288,1.1002,-0.0000
38.172,1.1020,0.5461,-0.3041,0.0077,1.3322,1.1002,-0.0000
38.184,1.1019,0.5450,-0.3065,0.0077,1.3357,1.1001,-0.0000
38.196,1.1019,0.5440,-0.3089,0.0077,1.3391,1.1001,-0.0000
38.208,1.1018,0.5429,-0.3113,0.0077,1.3425,1.1001,-0.0000
38.220,1.1018,0.5419,-0.3137,0.0077,1.3459,1.1001,-0.0000
38.232,1.1017,0.5408,-0.3161,0.0077,1.3493,1.1001,-0.0000
38.244,1.1017,0.5398,-0.3184,0.0077,1.3528,1.1000,-0.0000
38.256,1.1017,0.5387,-0.3208,0.0077,1.3562,1.1000,-0.0000
38.268,1.1016,0.5377,-0.3232,0.0077,1.3596,1.1000,-0.0000
38.280,1.1016,0.5367,-0.3256,0.0077,1.3630,1.1000,-0.0000
38.292,1.1015,0.5356,-0.3280,0.0077,1.3665,1.1000,-0.0000
38.304,1.1015,0.5346,-0.3304,0.0077,1.3699,1.0999,-0.0000
38.316,1.1014,0.5335,-0.3328,0.0077,1.3733,1.0999,-0.0000
38.328,1.1014,0.5325,-0.3352,0.0077,1.3767,1.0999,-0.0000
38.340,1.1013,0.5314,-0.3376,0.0077,1.3802,1.0999,-0.0000
38.352,1.1013,0.5304,-0.3400,0.0077,1.3836,1.0999,-0.0000
38.364,1.1012,0.5293,-0.3423,0.0077,1.3870,1.0998,-0.0000
38.376,1.1012,0.5283,-0.3447,0.0077,1.3904,1.0998,-0.0000
38.388,1.1011,0.5272,-0.3471,0.0077,1.3939,1.0998,-0.0000
38.400,1.1011,0.5262,-0.3495,0.0077,1.3973,1.0998,-0.0000
38.412,1.1011,0.5252,-0.3519,0.0077,1.4007,1.0998,-0.0000
38.424,1.1010,0.5241,-0.3543,0.0077,1.4041,1.0997,-0.0000
38.436,1.1010,0.5231,-0.3567,0.0077,1.4076,1.0997,-0.0000
38.448,1.1009,0.5220,-0.3591,0.0077,1.4110,1.0997,-0.0000
38.460,1.1009,0.5210,-0.3615,0.0077,1.4144,1.0997,-0.0000
38.472,1.1008,0.5199,-0.3639,0.0077,1.4178,1.0996,-0.0000
38.484,1.1008,0.5189,-0.3663,0.0077,1.4213,1.0996,-0.0000
38.496,1.1007,0.5178,-0.3686,0.0077,1.4247,1.0996,-0.0000
38.508,1.1007,0.5168,-0.3710,0.0077,1.4281,1.0996,-0.0000
38.520,1.1006,0.5157,-0.3734,0.0077,1.4315,1.0996,-0.0000
38.532,1.1006,0.5147,-0.3758,0.0077,1.4350,1.0995,-0.0000
38.544,1.1005,0.5137,-0.3782,0.0077,1.4384,1.0995,-0.0000
38.556,1.1005,0.5126,-0.3806,0.0077,1.4418,1.0995,-0.0000
38.568,1.1004,0.5116,-0.3830,0.0077,1.4452,1.0995,-0.0000
38.580,1.1004,0.5105,-0.3854,0.0077,1.4486,1.0995,-0.0000
38.592,1.1004,0.5095,-0.3878,0.0077,1.4521,1.0994,-0.0000
38.604,1.1003,0.5084,-0.3902,0.0077,1.4555,1.0994,-0.0000
38.616,1.1003,0.5074,-0.3926,0.0077,1.4589,1.0994,-0.0000
38.628,1.1002,0.5063,-0.3949,0.0077,1.4623,1.0994,-0.0000
38.640,1.1002,0.5053,-0.3973,0.0077,1.4658,1.0994,-0.0000
38.652,1.1001,0.5042,-0.3997,0.0077,1.4692,1.0993,-0.0000
38.664,1.1001,0.5032,-0.4021,0.0077,1.4726,1.0993,-0.0000
38.676,1.1000,0.5021,-0.4045,0.0077,1.4760,1.0993,-0.0000
38.688,1.1000,0.5012,-0.4066,0.0077,1.4791,1.0993,-0.0000
38.700,1.1000,0.5004,-0.4085,0.0077,1.4817,1.0993,-0.0000
38.712,1.0999,0.4997,-0.4101,0.0077,1.4840,1.0992,-0.0000
38.724,1.0999,0.4991,-0.4115,0.0077,1.4861,1.0992,-0.0000
38.736,1.0999,0.4985,-0.4128,0.0077,1.4879,1.0992,-0.0000
38.748,1.0998,0.4980,-0.4139,0.0077,1.4895,1.0992,-0.0000
38.760,1.0998,0.4980,-0.4139,0.0077,1.4895,1.0992,-0.0000
38.772,1.0991,0.4980,-0.4139,0.0077,1.4895,1.0992,-0.0000
38.784,1.0976,0.4980,-0.4139,0.0077,1.4895,1.0992,-0.0000
38.796,1.0955,0.4980,-0.4139,0.0077,1.4895,1.0992,-0.0000
38.808,1.0928,0.4980,-0.4140,0.0077,1.4896,1.0992,-0.0000
38.820,1.0897,0.4980,-0.4140,0.0077,1.4896,1.0992,-0.0000
38.832,1.0862,0.4980,-0.4140,0.0077,1.4896,1.0992,-0.0000
38.844,1.0823,0.4980,-0.4140,0.0077,1.4897,1.0992,-0.0000
38.856,1.0780,0.4980,-0.4141,0.0077,1.4897,1.0992,-0.0000
38.868,1.0735,0.4980,-0.4141,0.0077,1.4898,1.0992,-0.0000
38.880,1.0688,0.4979,-0.4141,0.0077,1.4898,1.0992,-0.0000
38.892,1.0638,0.4979,-0.4142,0.0077,1.4899,1.0992,-0.0000
38.904,1.0586,0.4979,-0.4142,0.0077,1.4899,1.0992,-0.0000
38.916,1.0533,0.4979,-0.4142,0.0077,1.4900,1.0992,-0.0000
38.928,1.0478,0.4979,-0.4143,0.0077,1.4900,1.0992,-0.0000
38.940,1.0421,0.4979,-0.4143,0.0077,1.4901,1.0992,-0.0000
38.952,1.0364,0.4978,-0.4144,0.0077,1.4902,1.0992,-0.0000
38.964,1.0305,0.4978,-0.4144,0.0077,1.4902,1.0992,-0.0000
38.976,1.0246,0.4978,-0.4145,0.0077,1.4903,1.0992,-0.0000
38.988,1.0186,0.4978,-0.4145,0.0077,1.4904,1.0992,-0.0000
39.000,1.0125,0.4978,-0.4145,0.0077,1.4904,1.0992,-0.0000
39.012,1.0064,0.4977,-0.4146,0.0077,1.4905,1.0992,-0.0000
39.024,1.0002,0.4977,-0.4146,0.0077,1.4906,1.0992,-0.0000
39.036,0.9939,0.4977,-0.4147,0.0077,1.4906,1.0992,-0.0000
39.048,0.9876,0.4977,-0.4147,0.0077,1.4907,1.0992,-0.0000
39.060,0.9813,0.4977,-0.4148,0.0077,1.4908,1.0992,-0.0000
39.072,0.9749,0.4976,-0.4148,0.0077,1.4908,1.0992,-0.0000
39.084,0.9685,0.4976,-0.4149,0.0077,1.4909,1.0992,-0.0000
39.096,0.9621,0.4976,-0.4149,0.0077,1.4910,1.0992,-0.0000
39.108,0.9557,0.4976,-0.4150,0.0077,1.4910,1.0992,-0.0000
39.120,0.9492,0.4976,-0.4150,0.0077,1.4911,1.0992,-0.0000
39.132,0.9427,0.4975,-0.4151,0.0077,1.4912,1.0992,-0.0000
39.144,0.9363,0.4975,-0.4151,0.0077,1.4912,1.0992,-0.0000
39.156,0.9298,0.4975,-0.4152,0.0077,1.4913,1.0992,-0.0000
39.168,0.9232,0.4975,-0.4152,0.0077,1.4914,1.0992,-0.0000
39.180,0.9167,0.4974,-0.4153,0.0077,1.4914,1.0992,-0.0000
39.192,0.9102,0.4974,-0.4153,0.0077,1.4915,1.0992,-0.0000
39.204,0.9036,0.4974,-0.4154,0.0077,1.4916,1.0992,-0.0000
39.216,0.8971,0.4974,-0.4154,0.0077,1.4916,1.0992,-0.0000
39.228,0.8905,0.4974,-0.4155,0.0077,1.4917,1.0992,-0.0000
39.240,0.8840,0.4973,-0.4155,0.0077,1.4918,1.0992,-0.0000
39.252,0.8774,0.4973,-0.4155,0.0077,1.4919,1.0992,-0.0000
39.264,0.8709,0.4973,-0.4156,0.0077,1.4919,1.0992,-0.0000
39.276,0.8643,0.4973,-0.4156,0.0077,1.4920,1.0992,-0.0000
39.288,0.8577,0.4973,-0.4157,0.0077,1.4921,1.0992,-0.0000
39.300,0.8511,0.4972,-0.4157,0.0077,1.4921,1.0992,-0.0000
39.312,0.8445,0.4972,-0.4158,0.0077,1.4922,1.0992,-0.0000
39.324,0.8380,0.4972,-0.4158,0.0077,1.4923,1.0992,-0.0000
39.336,0.8314,0.4972,-0.4159,0.0077,1.4923,1.0992,-0.0000
39.348,0.8248,0.4972,-0.4159,0.0077,1.4924,1.0992,-0.0000
39.360,0.8182,0.4971,-0.4160,0.0077,1.4925,1.0992,-0.0000
39.372,0.8116,0.4971,-0.4160,0.0077,1.4926,1.0992,-0.0000
39.384,0.8050,0.4971,-0.4161,0.0077,1.4926,1.0992,-0.0000
39.396,0.7984,0.4971,-0.4161,0.0077,1.4927,1.0992,-0.0000
39.408,0.7918,0.4970,-0.4162,0.0077,1.4928,1.0992,-0.0000
39.420,0.7852,0.4970,-0.4162,0.0077,1.4928,1.0992,-0.0000
39.432,0.7787,0.4970,-0.4163,0.0077,1.4929,1.0992,-0.0000
39.444,0.7721,0.4970,-0.4163,0.0077,1.4930,1.0992,-0.0000
39.456,0.7655,0.4970,-0.4164,0.0077,1.4930,1.0992,-0.0000
39.468,0.7589,0.4969,-0.4164,0.0077,1.4931,1.0992,-0.0000
39.480,0.7523,0.4969,-0.4165,0.0077,1.4932,1.0992,-0.0000
39.492,0.7457,0.4969,-0.4165,0.0077,1.4933,1.0992,-0.0000
39.504,0.7391,0.4969,-0.4166,0.0077,1.4933,1.0992,-0.0000
39.516,0.7325,0.4969,-0.4166,0.0077,1.4934,1.0992,-0.0000
39.528,0.7259,0.4968,-0.4167,0.0077,1.4935,1.0992,-0.0000
39.540,0.7193,0.4968,-0.4167,0.0077,1.4935,1.0992,-0.0000
39.552,0.7127,0.4968,-0.4168,0.0077,1.4936,1.0992,-0.0000
39.564,0.7061,0.4968,-0.4168,0.0077,1.4937,1.0992,-0.0000
39.576,0.6995,0.4967,-0.4169,0.0077,1.4937,1.0992,-0.0000
39.588,0.6929,0.4967,-0.4169,0.0077,1.4938,1.0992,-0.0000
39.600,0.6863,0.4967,-0.4170,0.0077,1.4939,1.0992,-0.0000
39.612,0.6797,0.4967,-0.4170,0.0077,1.4940,1.0992,-0.0000
39.624,0.6731,0.4967,-0.4171,0.0077,1.4940,1.0992,-0.0000
39.636,0.6665,0.4966,-0.4171,0.0077,1.4941,1.0992,-0.0000
39.648,0.6599,0.4966,-0.4172,0.0077,1.4942,1.0992,-0.0000
39.660,0.6533,0.4966,-0.4172,0.0077,1.4942,1.0992,-0.0000
39.672,0.6467,0.4966,-0.4173,0.0077,1.4943,1.0992,-0.0000
39.684,0.6401,0.4966,-0.4173,0.0077,1.4944,1.0992,-0.0000
39.696,0.6335,0.4965,-0.4174,0.0077,1.4944,1.0992,-0.0000
39.708,0.6269,0.4965,-0.4174,0.0077,1.4945,1.0992,-0.0000
39.720,0.6203,0.4965,-0.4175,0.0077,1.4946,1.0992,-0.0000
39.732,0.6137,0.4965,-0.4175,0.0077,1.4946,1.0992,-0.0000
39.744,0.6071,0.4964,-0.4176,0.0077,1.4947,1.0992,-0.0000
39.756,0.6005,0.4964,-0.4176,0.0077,1.4948,1.0992,-0.0000
39.768,0.5939,0.4964,-0.4176,0.0077,1.4949,1.0992,-0.0000
39.780,0.5873,0.4964,-0.4177,0.0077,1.4949,1.0992,-0.0000
39.792,0.5807,0.4964,-0.4177,0.0077,1.4950,1.0992,-0.0000
39.804,0.5741,0.4963,-0.4178,0.0077,1.4951,1.0992,-0.0000
39.816,0.5675,0.4963,-0.4178,0.0077,1.4951,1.0992,-0.0000
39.828,0.5609,0.4963,-0.4179,0.0077,1.4952,1.0992,-0.0000
39.840,0.5543,0.4963,-0.4179,0.0077,1.4953,1.0992,-0.0000
39.852,0.5477,0.4963,-0.4180,0.0077,1.4953,1.0992,-0.0000
39.864,0.5411,0.4962,-0.4180,0.0077,1.4954,1.0992,-0.0000
39.876,0.5345,0.4962,-0.4181,0.0077,1.4955,1.0992,-0.0000
39.888,0.5279,0.4962,-0.4181,0.0077,1.4956,1.0992,-0.0000
39.900,0.5213,0.4962,-0.4182,0.0077,1.4956,1.0992,-0.0000
39.912,0.5147,0.4961,-0.4182,0.0077,1.4957,1.0992,-0.0000
39.924,0.5081,0.4961,-0.4183,0.0077,1.4958,1.0992,-0.0000
39.936,0.5015,0.4961,-0.4183,0.0077,1.4958,1.0992,-0.0000
39.948,0.4949,0.4961,-0.4184,0.0077,1.4959,1.0992,-0.0000
39.960,0.4883,0.4961,-0.4184,0.0077,1.4960,1.0992,-0.0000
39.972,0.4817,0.4960,-0.4185,0.0077,1.4960,1.0992,-0.0000
39.984,0.4751,0.4960,-0.4185,0.0077,1.4961,1.0992,-0.0000
39.996,0.4685,0.4960,-0.4186,0.0077,1.4962,1.0992,-0.0000
40.008,0.4619,0.4960,-0.4186,0.0077,1.4963,1.0992,-0.0000
40.020,0.4553,0.4960,-0.4187,0.0077,1.4963,1.0992,-0.0000
40.032,0.4487,0.4959,-0.4187,0.0077,1.4964,1.0992,-0.0000
40.044,0.4421,0.4959,-0.4188,0.0077,1.4965,1.0992,-0.0000
40.056,0.4355,0.4959,-0.4188,0.0077,1.4965,1.0992,-0.0000
40.068,0.4289,0.4959,-0.4189,0.0077,1.4966,1.0992,-0.0000
40.080,0.4223,0.4958,-0.4189,0.0077,1.4967,1.0992,-0.0000
40.092,0.4157,0.4958,-0.4190,0.0077,1.4967,1.0992,-0.0000
40.104,0.4091,0.4958,-0.4190,0.0077,1.4968,1.0992,-0.0000
40.116,0.4025,0.4958,-0.4191,0.0077,1.4969,1.0992,-0.0000
40.128,0.3959,0.4958,-0.4191,0.0077,1.4970,1.0992,-0.0000
40.140,0.3893,0.4957,-0.4192,0.0077,1.4970,1.0992,-0.0000
40.152,0.3827,0.4957,-0.4192,0.0077,1.4971,1.0992,-0.0000
40.164,0.3761,0.4957,-0.4193,0.0077,1.4972,1.0992,-0.0000
40.176,0.3695,0.4957,-0.4193,0.0077,1.4972,1.0992,-0.0000
40.188,0.3629,0.4957,-0.4194,0.0077,1.4973,1.0992,-0.0000
40.200,0.3564,0.4956,-0.4194,0.0077,1.4974,1.0992,-0.0000
40.212,0.3498,0.4956,-0.4195,0.0077,1.4974,1.0992,-0.0000
40.224,0.3432,0.4956,-0.4195,0.0077,1.4975,1.0992,-0.0000
40.236,0.3366,0.4956,-0.4196,0.0077,1.4976,1.0992,-0.0000
40.248,0.3300,0.4955,-0.4196,0.0077,1.4977,1.0992,-0.0000
40.260,0.3234,0.4955,-0.4197,0.0077,1.4977,1.0992,-0.0000
40.272,0.3168,0.4955,-0.4197,0.0077,1.4978,1.0992,-0.0000
40.284,0.3102,0.4955,-0.4197,0.0077,1.4979,1.0992,-0.0000
40.296,0.3036,0.4955,-0.4198,0.0077,1.4979,1.0992,-0.0000
40.308,0.2970,0.4954,-0.4198,0.0077,1.4980,1.0992,-0.0000
40.320,0.2904,0.4954,-0.4199,0.0077,1.4981,1.0992,-0.0000
40.332,0.2838,0.4954,-0.4199,0.0077,1.4981,1.0992,-0.0000
40.344,0.2772,0.4954,-0.4200,0.0077,1.4982,1.0992,-0.0000
40.356,0.2706,0.4954,-0.4200,0.0077,1.4983,1.0992,-0.0000
40.368,0.2640,0.4953,-0.4201,0.0077,1.4984,1.0992,-0.0000
40.380,0.2574,0.4953,-0.4201,0.0077,1.4984,1.0992,-0.0000
40.392,0.2508,0.4953,-0.4202,0.0077,1.4985,1.0992,-0.0000
40.404,0.2442,0.4953,-0.4202,0.0077,1.4986,1.0992,-0.0000
40.416,0.2376,0.4953,-0.4203,0.0077,1.4986,1.0992,-0.0000
40.428,0.2310,0.4952,-0.4203,0.0077,1.4987,1.0992,-0.0000
40.440,0.2244,0.4952,-0.4204,0.0077,1.4988,1.0992,-0.0000
40.452,0.2178,0.4952,-0.4204,0.0077,1.4988,1.0992,-0.0000
40.464,0.2112,0.4952,-0.4205,0.0077,1.4989,1.0992,-0.0000
40.476,0.2046,0.4951,-0.4205,0.0077,1.4990,1.0992,-0.0000
40.488,0.1980,0.4951,-0.4206,0.0077,1.4991,1.0992,-0.0000
40.500,0.1914,0.4951,-0.4206,0.0077,1.4991,1.0992,-0.0000
40.512,0.1848,0.4951,-0.4207,0.0077,1.4992,1.0992,-0.0000
40.524,0.1782,0.4951,-0.4207,0.0077,1.4993,1.0992,-0.0000
40.536,0.1716,0.4950,-0.4208,0.0077,1.4993,1.0992,-0.0000
40.548,0.1650,0.4950,-0.4208,0.0077,1.4994,1.0992,-0.0000
40.560,0.1584,0.4950,-0.4209,0.0077,1.4995,1.0992,-0.0000
40.572,0.1518,0.4950,-0.4209,0.0077,1.4995,1.0992,-0.0000
40.584,0.1452,0.4950,-0.4210,0.0077,1.4996,1.0992,-0.0000
40.596,0.1386,0.4949,-0.4210,0.0077,1.4997,1.0991,-0.0000
40.608,0.1320,0.4949,-0.4211,0.0077,1.4998,1.0991,-0.0000
40.620,0.1254,0.4949,-0.4211,0.0077,1.4998,1.0991,-0.0000
40.632,0.1188,0.4949,-0.4212,0.0077,1.4999,1.0991,-0.0000
40.644,0.1122,0.4948,-0.4212,0.0077,1.5000,1.0991,-0.0000
40.656,0.1056,0.4948,-0.4213,0.0077,1.5000,1.0991,-0.0000
40.668,0.0990,0.4948,-0.4213,0.0077,1.5001,1.0991,-0.0000
40.680,0.0924,0.4948,-0.4214,0.0077,1.5002,1.0991,-0.0000
40.692,0.0858,0.4948,-0.4214,0.0077,1.5002,1.0991,-0.0000
40.704,0.0792,0.4947,-0.4215,0.0077,1.5003,1.0991,-0.0000
40.716,0.0726,0.4947,-0.4215,0.0077,1.5004,1.0991,-0.0000
40.728,0.0660,0.4947,-0.4216,0.0077,1.5005,1.0991,-0.0000
40.740,0.0594,0.4947,-0.4216,0.0077,1.5005,1.0991,-0.0000
40.752,0.0528,0.4947,-0.4217,0.0077,1.5006,1.0991,-0.0000
40.764,0.0465,0.4946,-0.4217,0.0077,1.5007,1.0991,-0.0000
40.776,0.0409,0.4946,-0.4217,0.0077,1.5007,1.0991,-0.0000
40.788,0.0360,0.4946,-0.4218,0.0077,1.5008,1.0991,-0.0000
40.800,0.0317,0.4946,-0.4218,0.0077,1.5008,1.0991,-0.0000
40.812,0.0279,0.4946,-0.4218,0.0077,1.5009,1.0991,-0.0000
40.824,0.0245,0.4946,-0.4219,0.0077,1.5009,1.0991,-0.0000
40.836,0.0216,0.4946,-0.4219,0.0077,1.5009,1.0991,-0.0000
40.848,0.0190,0.4945,-0.4219,0.0077,1.5010,1.0991,-0.0000
40.860,0.0167,0.4945,-0.4219,0.0077,1.5010,1.0991,-0.0000
40.872,0.0147,0.4945,-0.4219,0.0077,1.5010,1.0991,-0.0000
40.884,0.0129,0.4945,-0.4219,0.0077,1.5010,1.0991,-0.0000
40.896,0.0129,0.4945,-0.4219,0.0077,1.5010,1.0991,-0.0000
40.908,0.0129,0.4942,-0.4216,0.0077,1.4999,1.0984,-0.0000
40.920,0.0129,0.4935,-0.4211,0.0077,1.4979,1.0969,-0.0000
40.932,0.0129,0.4926,-0.4203,0.0077,1.4950,1.0948,-0.0000
40.944,0.0129,0.4914,-0.4193,0.0076,1.4914,1.0921,-0.0000
40.956,0.0128,0.4900,-0.4181,0.0076,1.4872,1.0890,-0.0000
40.968,0.0128,0.4884,-0.4167,0.0076,1.4824,1.0855,-0.0000
40.980,0.0127,0.4866,-0.4152,0.0076,1.4770,1.0816,-0.0000
40.992,0.0127,0.4847,-0.4136,0.0075,1.4713,1.0774,-0.0000
41.004,0.0126,0.4827,-0.4119,0.0075,1.4651,1.0728,-0.0000
41.016,0.0126,0.4806,-0.4100,0.0075,1.4586,1.0681,-0.0000
41.028,0.0125,0.4783,-0.4081,0.0074,1.4518,1.0631,-0.0000
41.040,0.0125,0.4760,-0.4061,0.0074,1.4447,1.0579,-0.0000
41.052,0.0124,0.4736,-0.4041,0.0074,1.4375,1.0526,-0.0000
41.064,0.0123,0.4711,-0.4020,0.0073,1.4299,1.0471,-0.0000
41.076,0.0123,0.4686,-0.3998,0.0073,1.4223,1.0415,-0.0000
41.088,0.0122,0.4660,-0.3976,0.0072,1.4144,1.0357,-0.0000
41.100,0.0121,0.4634,-0.3954,0.0072,1.4064,1.0299,-0.0000
41.112,0.0121,0.4607,-0.3931,0.0072,1.3983,1.0240,-0.0000
41.124,0.0120,0.4580,-0.3908,0.0071,1.3901,1.0179,-0.0000
41.136,0.0119,0.4553,-0.3884,0.0071,1.3818,1.0119,-0.0000
41.148,0.0118,0.4525,-0.3861,0.0070,1.3734,1.0057,-0.0000
41.160,0.0118,0.4497,-0.3837,0.0070,1.3650,0.9995,-0.0000
41.172,0.0117,0.4469,-0.3813,0.0069,1.3564,0.9933,-0.0000
41.184,0.0116,0.4441,-0.3789,0.0069,1.3478,0.9870,-0.0000
41.196,0.0115,0.4412,-0.3765,0.0069,1.3392,0.9807,-0.0000
41.208,0.0115,0.4384,-0.3740,0.0068,1.3305,0.9743,-0.0000
41.220,0.0114,0.4355,-0.3716,0.0068,1.3218,0.9679,-0.0000
41.232,0.0113,0.4326,-0.3691,0.0067,1.3131,0.9615,-0.0000
41.244,0.0112,0.4297,-0.3666,0.0067,1.3043,0.9551,-0.0000
41.256,0.0112,0.4268,-0.3642,0.0066,1.2955,0.9486,-0.0000
41.268,0.0111,0.4239,-0.3617,0.0066,1.2866,0.9421,-0.0000
41.280,0.0110,0.4210,-0.3592,0.0065,1.2778,0.9357,-0.0000
41.292,0.0109,0.4180,-0.3567,0.0065,1.2689,0.9292,-0.0000
41.304,0.0109,0.4151,-0.3542,0.0065,1.2600,0.9227,-0.0000
41.316,0.0108,0.4122,-0.3517,0.0064,1.2511,0.9161,-0.0000
41.328,0.0107,0.4092,-0.3492,0.0064,1.2422,0.9096,-0.0000
41.340,0.0106,0.4063,-0.3467,0.0063,1.2333,0.9031,-0.0000
41.352,0.0106,0.4034,-0.3442,0.0063,1.2243,0.8965,-0.0000
41.364,0.0105,0.4004,-0.3417,0.0062,1.2154,0.8900,-0.0000
41.376,0.0104,0.3975,-0.3391,0.0062,1.2064,0.8834,-0.0000
41.388,0.0103,0.3945,-0.3366,0.0061,1.1975,0.8769,-0.0000
41.400,0.0102,0.3916,-0.3341,0.0061,1.1885,0.8703,-0.0000
41.412,0.0102,0.3886,-0.3316,0.0060,1.1795,0.8637,-0.0000
41.424,0.0101,0.3856,-0.3291,0.0060,1.1706,0.8572,-0.0000
41.436,0.0100,0.3827,-0.3265,0.0059,1.1616,0.8506,-0.0000
41.448,0.0099,0.3797,-0.3240,0.0059,1.1526,0.8440,-0.0000
41.460,0.0099,0.3768,-0.3215,0.0059,1.1436,0.8374,-0.0000
41.472,0.0098,0.3738,-0.3190,0.0058,1.1346,0.8308,-0.0000
41.484,0.0097,0.3709,-0.3164,0.0058,1.1256,0.8243,-0.0000
41.496,0.0096,0.3679,-0.3139,0.0057,1.1166,0.8177,-0.0000
41.508,0.0095,0.3649,-0.3114,0.0057,1.1077,0.8111,-0.0000
41.520,0.0095,0.3620,-0.3088,0.0056,1.0987,0.8045,-0.0000
41.532,0.0094,0.3590,-0.3063,0.0056,1.0897,0.7979,-0.0000
41.544,0.0093,0.3560,-0.3038,0.0055,1.0807,0.7913,-0.0000
41.556,0.0092,0.3531,-0.3013,0.0055,1.0717,0.7847,-0.0000
41.568,0.0092,0.3501,-0.2987,0.0054,1.0627,0.7782,-0.0000
41.580,0.0091,0.3471,-0.2962,0.0054,1.0537,0.7716,-0.0000
41.592,0.0090,0.3442,-0.2937,0.0053,1.0447,0.7650,-0.0000
41.604,0.0089,0.3412,-0.2911,0.0053,1.0357,0.7584,-0.0000
41.616,0.0088,0.3382,-0.2886,0.0053,1.0267,0.7518,-0.0000
41.628,0.0088,0.3353,-0.2861,0.0052,1.0177,0.7452,-0.0000
41.640,0.0087,0.3323,-0.2835,0.0052,1.0087,0.7386,-0.0000
41.652,0.0086,0.3293,-0.2810,0.0051,0.9997,0.7320,-0.0000
41.664,0.0085,0.3264,-0.2785,0.0051,0.9907,0.7254,-0.0000
41.676,0.0085,0.3234,-0.2760,0.0050,0.9817,0.7188,-0.0000
41.688,0.0084,0.3204,-0.2734,0.0050,0.9726,0.7122,-0.0000
41.700,0.0083,0.3175,-0.2709,0.0049,0.9636,0.7056,-0.0000
41.712,0.0082,0.3145,-0.2684,0.0049,0.9546,0.6990,-0.0000
41.724,0.0082,0.3115,-0.2658,0.0048,0.9456,0.6925,-0.0000
41.736,0.0081,0.3086,-0.2633,0.0048,0.9366,0.6859,-0.0000
41.748,0.0080,0.3056,-0.2608,0.0047,0.9276,0.6793,-0.0000
41.760,0.0079,0.3026,-0.2582,0.0047,0.9186,0.6727,-0.0000
41.772,0.0078,0.2997,-0.2557,0.0047,0.9096,0.6661,-0.0000
41.784,0.0078,0.2967,-0.2532,0.0046,0.9006,0.6595,-0.0000
41.796,0.0077,0.2937,-0.2506,0.0046,0.8916,0.6529,-0.0000
41.808,0.0076,0.2908,-0.2481,0.0045,0.8826,0.6463,-0.0000
41.820,0.0075,0.2878,-0.2456,0.0045,0.8736,0.6397,-0.0000
41.832,0.0075,0.2848,-0.2430,0.0044,0.8646,0.6331,-0.0000
41.844,0.0074,0.2819,-0.2405,0.0044,0.8556,0.6265,-0.0000
41.856,0.0073,0.2789,-0.2380,0.0043,0.8466,0.6199,-0.0000
41.868,0.0072,0.2759,-0.2354,0.0043,0.8376,0.6133,-0.0000
41.880,0.0071,0.2730,-0.2329,0.0042,0.8286,0.6067,-0.0000
41.892,0.0071,0.2700,-0.2304,0.0042,0.8196,0.6001,-0.0000
41.904,0.0070,0.2670,-0.2279,0.0042,0.8105,0.5935,-0.0000
41.916,0.0069,0.2641,-0.2253,0.0041,0.8015,0.5869,-0.0000
41.928,0.0068,0.2611,-0.2228,0.0041,0.7925,0.5803,-0.0000
41.940,0.0068,0.2581,-0.2203,0.0040,0.7835,0.5738,-0.0000
41.952,0.0067,0.2552,-0.2177,0.0040,0.7745,0.5672,-0.0000
41.964,0.0066,0.2522,-0.2152,0.0039,0.7655,0.5606,-0.0000
41.976,0.0065,0.2492,-0.2127,0.0039,0.7565,0.5540,-0.0000
41.988,0.0064,0.2463,-0.2101,0.0038,0.7475,0.5474,-0.0000
42.000,0.0064,0.2433,-0.2076,0.0038,0.7385,0.5408,-0.0000
42.012,0.0063,0.2403,-0.2051,0.0037,0.7295,0.5342,-0.0000
42.024,0.0062,0.2374,-0.2025,0.0037,0.7205,0.5276,-0.0000
42.036,0.0061,0.2344,-0.2000,0.0036,0.7115,0.5210,-0.0000
42.048,0.0061,0.2314,-0.1975,0.0036,0.7025,0.5144,-0.0000
42.060,0.0060,0.2285,-0.1949,0.0036,0.6935,0.5078,-0.0000
42.072,0.0059,0.2255,-0.1924,0.0035,0.6845,0.5012,-0.0000
42.084,0.0058,0.2225,-0.1899,0.0035,0.6755,0.4946,-0.0000
42.096,0.0057,0.2196,-0.1873,0.0034,0.6665,0.4880,-0.0000
42.108,0.0057,0.2166,-0.1848,0.0034,0.6574,0.4814,-0.0000
42.120,0.0056,0.2136,-0.1823,0.0033,0.6484,0.4748,-0.0000
42.132,0.0055,0.2107,-0.1798,0.0033,0.6394,0.4682,-0.0000
42.144,0.0054,0.2077,-0.1772,0.0032,0.6304,0.4616,-0.0000
42.156,0.0054,0.2047,-0.1747,0.0032,0.6214,0.4550,-0.0000
42.168,0.0053,0.2018,-0.1722,0.0031,0.6124,0.4484,-0.0000
42.180,0.0052,0.1988,-0.1696,0.0031,0.6034,0.4419,-0.0000
42.192,0.0051,0.1958,-0.1671,0.0030,0.5944,0.4353,-0.0000
42.204,0.0050,0.1929,-0.1646,0.0030,0.5854,0.4287,-0.0000
42.216,0.0050,0.1899,-0.1620,0.0030,0.5764,0.4221,-0.0000
42.228,0.0049,0.1869,-0.1595,0.0029,0.5674,0.4155,-0.0000
42.240,0.0048,0.1840,-0.1570,0.0029,0.5584,0.4089,-0.0000
42.252,0.0047,0.1810,-0.1544,0.0028,0.5494,0.4023,-0.0000
42.264,0.0047,0.1780,-0.1519,0.0028,0.5404,0.3957,-0.0000
42.276,0.0046,0.1751,-0.1494,0.0027,0.5314,0.3891,-0.0000
42.288,0.0045,0.1721,-0.1468,0.0027,0.5224,0.3825,-0.0000
42.300,0.0044,0.1691,-0.1443,0.0026,0.5133,0.3759,-0.0000
42.312,0.0043,0.1662,-0.1418,0.0026,0.5043,0.3693,-0.0000
42.324,0.0043,0.1632,-0.1392,0.0025,0.4953,0.3627,-0.0000
42.336,0.0042,0.1602,-0.1367,0.0025,0.4863,0.3561,-0.0000
42.348,0.0041,0.1573,-0.1342,0.0024,0.4773,0.3495,-0.0000
42.360,0.0040,0.1543,-0.1316,0.0024,0.4683,0.3429,-0.0000
42.372,0.0040,0.1513,-0.1291,0.0024,0.4593,0.3363,-0.0000
42.384,0.0039,0.1484,-0.1266,0.0023,0.4503,0.3297,-0.0000
42.396,0.0038,0.1454,-0.1241,0.0023,0.4413,0.3231,-0.0000
42.408,0.0037,0.1424,-0.1215,0.0022,0.4323,0.3166,-0.0000
42.420,0.0036,0.1395,-0.1190,0.0022,0.4233,0.3100,-0.0000
42.432,0.0036,0.1365,-0.1165,0.0021,0.4143,0.3034,-0.0000
42.444,0.0035,0.1335,-0.1139,0.0021,0.4053,0.2968,-0.0000
42.456,0.0034,0.1306,-0.1114,0.0020,0.3963,0.2902,-0.0000
42.468,0.0033,0.1276,-0.1089,0.0020,0.3873,0.2836,-0.0000
42.480,0.0033,0.1246,-0.1063,0.0019,0.3783,0.2770,-0.0000
42.492,0.0032,0.1217,-0.1038,0.0019,0.3693,0.2704,-0.0000
42.504,0.0031,0.1187,-0.1013,0.0018,0.3602,0.2638,-0.0000
42.516,0.0030,0.1157,-0.0987,0.0018,0.3512,0.2572,-0.0000
42.528,0.0029,0.1128,-0.0962,0.0018,0.3422,0.2506,-0.0000
42.540,0.0029,0.1098,-0.0937,0.0017,0.3332,0.2440,-0.0000
42.552,0.0028,0.1068,-0.0911,0.0017,0.3242,0.2374,-0.0000
42.564,0.0027,0.1038,-0.0886,0.0016,0.3152,0.2308,-0.0000
42.576,0.0026,0.1009,-0.0861,0.0016,0.3062,0.2242,-0.0000
42.588,0.0026,0.0979,-0.0835,0.0015,0.2972,0.2176,-0.0000
42.600,0.0025,0.0949,-0.0810,0.0015,0.2882,0.2110,-0.0000
42.612,0.0024,0.0920,-0.0785,0.0014,0.2792,0.2044,-0.0000
42.624,0.0023,0.0890,-0.0760,0.0014,0.2702,0.1978,-0.0000
42.636,0.0023,0.0860,-0.0734,0.0013,0.2612,0.1913,-0.0000
42.648,0.0022,0.0831,-0.0709,0.0013,0.2522,0.1847,-0.0000
42.660,0.0021,0.0801,-0.0684,0.0012,0.2432,0.1781,-0.0000
42.672,0.0020,0.0771,-0.0658,0.0012,0.2342,0.1715,-0.0000
42.684,0.0019,0.0742,-0.0633,0.0012,0.2252,0.1649,-0.0000
42.696,0.0019,0.0712,-0.0608,0.0011,0.2161,0.1583,-0.0000
42.708,0.0018,0.0682,-0.0582,0.0011,0.2071,0.1517,-0.0000
42.720,0.0017,0.0653,-0.0557,0.0010,0.1981,0.1451,-0.0000
42.732,0.0016,0.0623,-0.0532,0.0010,0.1891,0.1385,-0.0000
42.744,0.0016,0.0593,-0.0506,0.0009,0.1801,0.1319,-0.0000
42.756,0.0015,0.0564,-0.0481,0.0009,0.1711,0.1253,-0.0000
42.768,0.0014,0.0534,-0.0456,0.0008,0.1621,0.1187,-0.0000
42.780,0.0013,0.0504,-0.0430,0.0008,0.1531,0.1121,-0.0000
42.792,0.0012,0.0475,-0.0405,0.0007,0.1441,0.1055,-0.0000
42.804,0.0012,0.0445,-0.0380,0.0007,0.1351,0.0989,-0.0000
42.816,0.0011,0.0415,-0.0354,0.0006,0.1261,0.0923,-0.0000
42.828,0.0010,0.0386,-0.0329,0.0006,0.1171,0.0857,-0.0000
42.840,0.0009,0.0356,-0.0304,0.0006,0.1081,0.0791,-0.0000
42.852,0.0009,0.0326,-0.0278,0.0005,0.0991,0.0725,-0.0000
42.864,0.0008,0.0297,-0.0253,0.0005,0.0901,0.0659,-0.0000
42.876,0.0007,0.0267,-0.0228,0.0004,0.0811,0.0594,-0.0000
42.888,0.0006,0.0237,-0.0203,0.0004,0.0720,0.0528,-0.0000
42.900,0.0005,0.0209,-0.0178,0.0003,0.0634,0.0464,-0.0000
42.912,0.0005,0.0184,-0.0157,0.0003,0.0558,0.0409,-0.0000
42.924,0.0004,0.0162,-0.0138,0.0003,0.0491,0.0360,-0.0000
42.936,0.0004,0.0142,-0.0121,0.0002,0.0432,0.0316,-0.0000
42.948,0.0003,0.0125,-0.0107,0.0002,0.0380,0.0278,-0.0000
42.960,0.0003,0.0110,-0.0094,0.0002,0.0335,0.0245,-0.0000
42.972,0.0003,0.0097,-0.0083,0.0002,0.0294,0.0216,-0.0000
42.984,0.0002,0.0085,-0.0073,0.0001,0.0259,0.0190,-0.0000
42.996,0.0002,0.0075,-0.0064,0.0001,0.0228,0.0167,-0.0000
43.008,0.0002,0.0066,-0.0056,0.0001,0.0201,0.0147,-0.0000
43.020,0.0002,0.0058,-0.0050,0.0001,0.0177,0.0129,-0.0000
43.032,0.0001,0.0051,-0.0044,0.0001,0.0155,0.0114,-0.0000
43.044,0.0001,0.0045,-0.0038,0.0001,0.0137,0.0100,-0.0000
43.056,0.0001,0.0040,-0.0034,0.0001,0.0120,0.0088,-0.0000
43.068,0.0001,0.0035,-0.0030,0.0001,0.0106,0.0078,-0.0000
43.080,0.0001,0.0031,-0.0026,0.0000,0.0093,0.0068,-0.0000
43.092,0.0001,0.0027,-0.0023,0.0000,0.0082,0.0060,-0.0000
43.104,0.0001,0.0024,-0.0020,0.0000,0.0072,0.0053,-0.0000
43.116,0.0001,0.0021,-0.0018,0.0000,0.0064,0.0047,-0.0000
43.128,0.0000,0.0018,-0.0016,0.0000,0.0056,0.0041,-0.0000
43.140,0.0000,0.0016,-0.0014,0.0000,0.0049,0.0036,-0.0000
43.152,0.0000,0.0014,-0.0012,0.0000,0.0043,0.0032,-0.0000
43.164,0.0000,0.0013,-0.0011,0.0000,0.0038,0.0028,-0.0000
43.176,0.0000,0.0011,-0.0009,0.0000,0.0034,0.0025,-0.0000
43.188,0.0000,0.0010,-0.0008,0.0000,0.0029,0.0022,-0.0000
43.200,0.0000,0.0009,-0.0007,0.0000,0.0026,0.0019,-0.0000
43.212,0.0000,0.0008,-0.0006,0.0000,0.0023,0.0017,-0.0000
43.224,0.0000,0.0007,-0.0006,0.0000,0.0020,0.0015,-0.0000
43.236,0.0000,0.0006,-0.0005,0.0000,0.0018,0.0013,-0.0000
43.248,0.0000,0.0005,-0.0004,0.0000,0.0016,0.0011,-0.0000
43.260,0.0000,0.0005,-0.0004,0.0000,0.0014,0.0010,-0.0000
43.272,0.0000,0.0004,-0.0003,0.0000,0.0012,0.0009,-0.0000
43.284,0.0000,0.0003,-0.0003,0.0000,0.0011,0.0008,-0.0000
43.296,0.0000,0.0003,-0.0003,0.0000,0.0009,0.0007,0.0000
43.308,0.0000,0.0003,-0.0002,0.0000,0.0008,0.0006,0.0000
43.320,0.0000,0.0002,-0.0002,0.0000,0.0007,0.0005,0.0000
43.332,0.0000,0.0002,-0.0002,0.0000,0.0006,0.0005,0.0000
43.344,0.0000,0.0002,-0.0002,0.0000,0.0006,0.0004,0.0000
43.356,0.0000,0.0002,-0.0001,0.0000,0.0005,0.0004,0.0000
43.368,0.0000,0.0001,-0.0001,0.0000,0.0004,0.0003,0.0000
43.380,0.0000,0.0001,-0.0001,0.0000,0.0004,0.0003,0.0000
43.392,0.0000,0.0001,-0.0001,0.0000,0.0003,0.0002,0.0000
43.404,0.0000,0.0001,-0.0001,0.0000,0.0003,0.0002,0.0000
43.416,0.0000,0.0001,-0.0001,0.0000,0.0003,0.0002,0.0000
43.428,0.0000,0.0001,-0.0001,0.0000,0.0002,0.0002,0.0000
43.440,0.0000,0.0001,-0.0001,0.0000,0.0002,0.0001,0.0000
43.452,0.0000,0.0001,-0.0000,0.0000,0.0002,0.0001,0.0000
43.464,0.0000,0.0001,-0.0000,0.0000,0.0002,0.0001,0.0000
43.476,0.0000,0.0000,-0.0000,0.0000,0.0001,0.0001,0.0000
43.488,0.0000,0.0000,-0.0000,0.0000,0.0001,0.0001,0.0000
43.500,0.0000,0.0000,-0.0000,0.0000,0.0001,0.0001,0.0000
43.512,0.0000,0.0000,-0.0000,0.0000,0.0001,0.0001,0.0000
43.524,0.0000,0.0000,-0.0000,0.0000,0.0001,0.0001,0.0000
43.536,0.0000,0.0000,-0.0000,0.0000,0.0001,0.0001,0.0000
43.548,0.0000,0.0000,-0.0000,0.0000,0.0001,0.0000,0.0000
43.560,0.0000,0.0000,-0.0000,0.0000,0.0001,0.0000,0.0000
43.572,0.0000,0.0000,-0.0000,0.0000,0.0000,0.0000,0.0000
43.584,0.0000,0.0000,-0.0000,0.0000,0.0000,0.0000,0.0000
43.596,0.0000,0.0000,-0.0000,0.0000,0.0000,0.0000,0.0000
43.608,0.0000,0.0000,-0.0000,0.0000,0.0000,0.0000,0.0000
43.620,0.0000,0.0000,-0.0000,0.0000,0.0000,0.0000,0.0000
43.632,0.0000,0.0000,-0.0000,0.0000,0.0000,0.0000,0.0000
43.644,0.0000,0.0000,-0.0000,0.0000,0.0000,0.0000,0.0000
43.656,0.0000,0.0000,-0.0000,0.0000,0.0000,0.0000,0.0000
43.668,0.0000,0.0000,-0.0000,0.0000,0.0000,0.0000,0.0000
43.680,0.0000,0.0000,-0.0000,0.0000,0.0000,0.0000,0.0000
43.692,0.0000,0.0000,-0.0000,0.0000,0.0000,0.0000,0.0000
43.704,0.0000,0.0000,-0.0000,0.0000,0.0000,0.0000,0.0000
43.716,0.0000,0.0000,-0.0000,0.0000,0.0000,0.0000,0.0000
43.728,0.0000,0.0000,-0.0000,0.0000,0.0000,0.0000,0.0000
43.740,0.0000,0.0000,-0.0000,0.0000,0.0000,0.0000,0.0000
43.752,0.0000,0.0000,-0.0000,0.0000,0.0000,0.0000,0.0000
43.764,0.0000,0.0000,-0.0000,0.0000,0.0000,0.0000,0.0000
43.776,0.0000,0.0000,-0.0000,0.0000,0.0000,0.0000,0.0000
43.788,0.0000,0.0000,-0.0000,0.0000,0.0000,0.0000,0.0000
43.800,0.0000,0.0000,-0.0000,0.0000,0.0000,0.0000,0.0000
43.812,0.0000,0.0000,-0.0000,0.0000,0.0000,0.0000,0.0000
43.824,0.0000,0.0000,-0.0000,0.0000,0.0000,0.0000,0.0000
43.836,0.0000,0.0000,-0.0000,0.0000,0.0000,0.0000,0.0000
43.848,0.0000,0.0000,-0.0000,0.0000,0.0000,0.0000,0.0000
43.860,0.0000,0.0000,-0.0000,0.0000,0.0000,0.0000,0.0000
43.872,0.0000,0.0000,-0.0000,0.0000,0.0000,0.0000,0.0000
43.884,0.0000,0.0000,-0.0000,0.0000,0.0000,0.0000,0.0000
43.896,0.0000,0.0000,-0.0000,0.0000,0.0000,0.0000,0.0000
43.908,0.0000,0.0000,-0.0000,0.0000,0.0000,0.0000,0.0000
43.920,0.0000,0.0000,-0.0000,0.0000,0.0000,0.0000,0.0000
43.932,0.0000,0.0000,-0.0000,0.0000,0.0000,0.0000,0.0000
43.944,0.0000,0.0000,-0.0000,0.0000,0.0000,0.0000,0.0000
43.956,0.0000,0.0000,-0.0000,0.0000,0.0000,0.0000,0.0000
43.968,0.0000,0.0000,-0.0000,0.0000,0.0000,0.0000,0.0000
43.980,0.0000,0.0000,-0.0000,0.0000,0.0000,0.0000,0.0000
43.992,0.0000,0.0000,-0.0000,0.0000,0.0000,0.0000,0.0000
44.004,0.0000,0.0000,-0.0000,0.0000,0.0000,0.0000,0.0000
44.016,0.0000,0.0000,-0.0000,0.0000,0.0000,0.0000,0.0000
44.028,0.0000,0.0000,-0.0000,0.0000,0.0000,0.0000,0.0000
44.040,0.0000,0.0000,-0.0000,0.0000,0.0000,0.0000,0.0000
44.052,0.0000,0.0000,-0.0000,0.0000,0.0000,0.0000,0.0000
44.064,0.0000,0.0000,-0.0000,0.0000,0.0000,0.0000,0.0000
44.076,0.0000,0.0000,-0.0000,0.0000,0.0000,0.0000,0.0000
44.088,0.0000,0.0000,-0.0000,0.0000,0.0000,0.0000,0.0000
44.100,0.0000,0.0000,-0.0000,0.0000,0.0000,0.0000,0.0000
44.112,0.0000,0.0000,-0.0000,0.0000,0.0000,0.0000,0.0000
44.124,0.0000,0.0000,-0.0000,0.0000,0.0000,0.0000,0.0000
44.136,0.0000,0.0000,-0.0000,0.0000,0.0000,0.0000,0.0000
44.148,0.0000,0.0000,-0.0000,0.0000,0.0000,0.0000,0.0000
44.160,0.0000,0.0000,-0.0000,0.0000,0.0000,0.0000,0.0000
44.172,0.0000,0.0000,-0.0000,0.0000,0.0000,0.0000,0.0000
44.184,0.0000,0.0000,-0.0000,0.0000,0.0000,0.0000,0.0000
44.196,0.0000,0.0000,-0.0000,0.0000,0.0000,0.0000,0.0000
44.208,0.0000,0.0000,-0.0000,0.0000,0.0000,0.0000,0.0000
44.220,0.0000,0.0000,-0.0000,0.0000,0.0000,0.0000,0.0000
44.232,0.0000,0.0000,-0.0000,0.0000,0.0000,0.0000,0.0000
44.244,0.0000,0.0000,-0.0000,0.0000,0.0000,0.0000,0.0000
44.256,0.0000,0.0000,-0.0000,0.0000,0.0000,0.0000,0.0000
44.268,0.0000,0.0000,-0.0000,0.0000,0.0000,0.0000,0.0000
44.280,0.0000,0.0000,-0.0000,0.0000,0.0000,0.0000,0.0000
44.292,0.0000,0.0000,-0.0000,0.0000,0.0000,0.0000,0.0000
44.304,0.0000,0.0000,-0.0000,0.0000,0.0000,0.0000,0.0000
44.316,0.0000,0.0000,-0.0000,0.0000,0.0000,0.0000,0.0000
44.328,0.0000,0.0000,-0.0000,0.0000,0.0000,0.0000,0.0000
44.340,0.0000,0.0000,-0.0000,0.0000,0.0000,0.0000,0.0000
44.352,0.0000,0.0000,-0.0000,0.0000,0.0000,0.0000,0.0000
44.364,0.0000,0.0000,-0.0000,0.0000,0.0000,0.0000,0.0000
44.376,0.0000,0.0000,-0.0000,0.0000,0.0000,0.0000,0.0000
44.388,0.0000,0.0000,-0.0000,0.0000,0.0000,0.0000,0.0000
44.400,0.0000,0.0000,-0.0000,0.0000,0.0000,0.0000,0.0000
44.412,0.0000,0.0000,-0.0000,0.0000,0.0000,0.0000,0.0000
44.424,0.0000,0.0000,-0.0000,0.0000,0.0000,0.0000,0.0000
44.436,0.0000,0.0000,-0.0000,0.0000,0.0000,0.0000,0.0000
44.448,0.0000,0.0000,-0.0000,0.0000,0.0000,0.0000,0.0000
44.460,0.0000,0.0000,-0.0000,0.0000,0.0000,0.0000,0.0000
44.472,0.0000,0.0000,-0.0000,0.0000,0.0000,0.0000,0.0000
44.484,0.0000,0.0000,-0.0000,0.0000,0.0000,0.0000,0.0000
44.496,0.0000,0.0000,-0.0000,0.0000,0.0000,0.0000,0.0000
44.508,0.0000,0.0000,-0.0000,0.0000,0.0000,0.0000,0.0000
44.520,0.0000,0.0000,-0.0000,0.0000,0.0000,0.0000,0.0000
44.532,0.0000,0.0000,-0.0000,0.0000,0.0000,0.0000,0.0000
44.544,0.0000,0.0000,-0.0000,0.0000,0.0000,0.0000,0.0000
44.556,0.0000,0.0000,-0.0000,0.0000,0.0000,0.0000,0.0000
44.568,0.0000,0.0000,-0.0000,0.0000,0.0000,0.0000,0.0000
44.580,0.0000,0.0000,-0.0000,0.0000,0.0000,0.0000,0.0000
44.592,0.0000,0.0000,-0.0000,0.0000,0.0000,0.0000,0.0000
44.604,0.0000,0.0000,-0.0000,-0.0000,0.0000,0.0000,0.0000
44.616,0.0000,0.0000,-0.0000,-0.0000,0.0000,0.0000,0.0000
44.628,0.0000,0.0000,-0.0000,-0.0000,0.0000,0.0000,0.0000
44.640,0.0000,0.0000,-0.0000,-0.0000,0.0000,0.0000,0.0000
44.652,0.0000,0.0000,-0.0000,-0.0000,0.0000,0.0000,0.0000
44.664,0.0000,0.0000,0.0000,-0.0000,0.0000,0.0000,0.0000
44.676,0.0000,0.0000,0.0000,-0.0000,0.0000,0.0000,0.0000
44.688,0.0000,0.0000,0.0000,-0.0000,0.0000,0.0000,0.0000
44.700,0.0000,0.0000,0.0000,-0.0000,0.0000,0.0000,0.0000
44.712,0.0000,0.0000,0.0000,-0.0000,0.0000,0.0000,0.0000
44.724,0.0000,0.0000,0.0000,-0.0000,0.0000,0.0000,0.0000
44.736,0.0000,0.0000,0.0000,-0.0000,0.0000,0.0000,0.0000
44.748,0.0000,0.0000,0.0000,-0.0000,0.0000,0.0000,0.0000
44.760,0.0000,0.0000,0.0000,-0.0000,0.0000,0.0000,0.0000
44.772,0.0000,0.0000,0.0000,-0.0000,0.0000,0.0000,0.0000
44.784,0.0000,0.0000,0.0000,-0.0000,0.0000,0.0000,0.0000
44.796,0.0000,0.0000,0.0000,-0.0000,0.0000,0.0000,0.0000
44.808,0.0000,0.0000,0.0000,-0.0000,0.0000,0.0000,0.0000
44.820,0.0000,0.0000,0.0000,-0.0000,0.0000,0.0000,0.0000
44.832,0.0000,0.0000,0.0000,-0.0000,0.0000,0.0000,0.0000
44.844,0.0000,0.0000,0.0000,-0.0000,0.0000,0.0000,0.0000
44.856,0.0000,0.0000,0.0000,-0.0000,0.0000,0.0000,0.0000
44.868,0.0000,0.0000,0.0000,-0.0000,0.0000,0.0000,0.0000
44.880,0.0000,0.0000,0.0000,-0.0000,0.0000,0.0000,0.0000
44.892,0.0000,0.0000,0.0000,-0.0000,0.0000,0.0000,0.0000
44.904,0.0000,0.0000,0.0000,-0.0000,0.0000,0.0000,0.0000
44.916,0.0000,0.0000,0.0000,-0.0000,0.0000,0.0000,0.0000
44.928,0.0000,0.0000,0.0000,-0.0000,0.0000,0.0000,0.0000
44.940,0.0000,0.0000,0.0000,-0.0000,0.0000,0.0000,0.0000
44.952,0.0000,0.0000,0.0000,-0.0000,0.0000,0.0000,0.0000
44.964,0.0000,0.0000,0.0000,-0.0000,0.0000,0.0000,0.0000
44.976,0.0000,0.0000,0.0000,-0.0000,0.0000,0.0000,0.0000
44.988,0.0000,0.0000,0.0000,-0.0000,0.0000,0.0000,0.0000
45.000,0.0000,0.0000,0.0000,-0.0000,0.0000,0.0000,0.0000
45.012,0.0000,0.0000,0.0000,-0.0000,0.0000,0.0000,0.0000
45.024,0.0000,0.0000,0.0000,-0.0000,0.0000,0.0000,0.0000
45.036,0.0000,0.0000,0.0000,-0.0000,0.0000,0.0000,0.0000
45.048,0.0000,0.0000,0.0000,-0.0000,0.0000,0.0000,0.0000
45.060,0.0000,0.0000,0.0000,-0.0000,0.0000,0.0000,0.0000
45.072,0.0000,0.0000,0.0000,-0.0000,0.0000,0.0000,0.0000
45.084,0.0000,0.0000,0.0000,-0.0000,0.0000,0.0000,0.0000
45.096,0.0000,0.0000,0.0000,-0.0000,0.0000,0.0000,0.0000
45.108,0.0000,0.0000,0.0000,-0.0000,0.0000,0.0000,0.0000
45.120,0.0000,0.0000,0.0000,-0.0000,0.0000,0.0000,0.0000
45.132,0.0000,0.0000,0.0000,-0.0000,0.0000,0.0000,0.0000
45.144,0.0000,0.0000,0.0000,-0.0000,0.0000,0.0000,0.0000
45.156,0.0000,0.0000,0.0000,-0.0000,0.0000,0.0000,0.0000
45.168,0.0000,0.0000,0.0000,-0.0000,0.0000,0.0000,0.0000
45.180,0.0000,0.0000,0.0000,-0.0000,0.0000,0.0000,0.0000
45.192,0.0000,0.0000,0.0000,-0.0000,0.0000,0.0000,0.0000
45.204,0.0000,0.0000,0.0000,-0.0000,0.0000,0.0000,0.0000
45.216,0.0000,0.0000,0.0000,-0.0000,0.0000,0.0000,0.0000
45.228,0.0000,0.0000,0.0000,-0.0000,0.0000,0.0000,0.0000
45.240,0.0000,0.0000,0.0000,-0.0000,0.0000,0.0000,0.0000
45.252,0.0000,0.0000,0.0000,-0.0000,0.0000,0.0000,0.0000
45.264,0.0000,0.0000,0.0000,-0.0000,0.0000,0.0000,0.0000
45.276,0.0000,0.0000,0.0000,-0.0000,0.0000,0.0000,0.0000
45.288,0.0000,0.0000,0.0000,-0.0000,0.0000,0.0000,0.0000
45.300,0.0000,0.0000,0.0000,-0.0000,0.0000,0.0000,0.0000
45.312,0.0000,0.0000,0.0000,-0.0000,0.0000,0.0000,0.0000
45.324,0.0000,0.0000,0.0000,-0.0000,0.0000,0.0000,0.0000
45.336,0.0000,0.0000,0.0000,-0.0000,0.0000,0.0000,0.0000
45.348,0.0000,0.0000,0.0000,-0.0000,0.0000,0.0000,0.0000
45.360,0.0000,0.0000,0.0000,-0.0000,0.0000,0.0000,0.0000
45.372,0.0000,0.0000,0.0000,-0.0000,0.0000,0.0000,0.0000
45.384,0.0000,0.0000,0.0000,-0.0000,0.0000,0.0000,0.0000
45.396,0.0000,0.0000,0.0000,-0.0000,0.0000,0.0000,0.0000
45.408,0.0000,0.0000,0.0000,-0.0000,0.0000,0.0000,0.0000
45.420,0.0000,0.0000,0.0000,-0.0000,0.0000,0.0000,0.0000
45.432,0.0000,0.0000,0.0000,-0.0000,0.0000,0.0000,0.0000
45.444,0.0000,0.0000,0.0000,-0.0000,0.0000,0.0000,0.0000
45.456,0.0000,0.0000,0.0000,-0.0000,0.0000,0.0000,0.0000
45.468,0.0000,0.0000,0.0000,-0.0000,0.0000,0.0000,0.0000
45.480,0.0000,0.0000,0.0000,-0.0000,0.0000,0.0000,0.0000
45.492,0.0000,0.0000,0.0000,-0.0000,0.0000,0.0000,0.0000
45.504,0.0000,0.0000,0.0000,-0.0000,0.0000,0.0000,0.0000
45.516,0.0000,0.0000,0.0000,-0.0000,0.0000,0.0000,0.0000
45.528,0.0000,0.0000,0.0000,-0.0000,0.0000,0.0000,0.0000
45.540,0.0000,0.0000,0.0000,-0.0000,0.0000,0.0000,0.0000
45.552,0.0000,0.0000,0.0000,-0.0000,0.0000,0.0000,0.0000
45.564,0.0000,0.0000,0.0000,-0.0000,0.0000,0.0000,0.0000
45.576,0.0000,0.0000,0.0000,-0.0000,0.0000,0.0000,0.0000
45.588,0.0000,0.0000,0.0000,-0.0000,0.0000,0.0000,0.0000
45.600,0.0000,0.0000,0.0000,-0.0000,0.0000,0.0000,0.0000
45.612,0.0000,0.0000,0.0000,-0.0000,0.0000,0.0000,0.0000
45.624,0.0000,0.0000,0.0000,-0.0000,0.0000,0.0000,0.0000
45.636,0.0000,0.0000,0.0000,-0.0000,0.0000,0.0000,0.0000
45.648,0.0000,0.0000,0.0000,-0.0000,0.0000,0.0000,0.0000
45.660,0.0000,0.0000,0.0000,-0.0000,0.0000,0.0000,0.0000
45.672,0.0000,0.0000,0.0000,-0.0000,0.0000,0.0000,0.0000
45.684,0.0000,0.0000,0.0000,-0.0000,0.0000,0.0000,0.0000
45.696,0.0000,0.0000,0.0000,-0.0000,0.0000,0.0000,0.0000
45.708,0.0000,0.0000,0.0000,-0.0000,0.0000,0.0000,0.0000
45.720,0.0000,0.0000,0.0000,-0.0000,0.0000,0.0000,0.0000
45.732,0.0000,0.0000,0.0000,-0.0000,0.0000,0.0000,0.0000
45.744,0.0000,0.0000,0.0000,-0.0000,0.0000,0.0000,0.0000
45.756,-0.0003,0.0002,-0.0001,-0.0000,0.0010,-0.0003,0.0000
45.768,-0.0010,0.0005,-0.0002,-0.0000,0.0029,-0.0010,0.0000
45.780,-0.0019,0.0009,-0.0003,-0.0000,0.0057,-0.0019,0.0000
45.792,-0.0031,0.0015,-0.0005,-0.0000,0.0091,-0.0031,0.0000
45.804,-0.0044,0.0021,-0.0007,-0.0000,0.0131,-0.0044,0.0000
45.816,-0.0060,0.0029,-0.0009,-0.0000,0.0177,-0.0060,0.0000
45.828,-0.0077,0.0037,-0.0012,-0.0001,0.0227,-0.0077,0.0000
45.840,-0.0095,0.0046,-0.0015,-0.0001,0.0282,-0.0095,0.0000
45.852,-0.0115,0.0055,-0.0018,-0.0001,0.0340,-0.0115,0.0000
45.864,-0.0136,0.0066,-0.0021,-0.0001,0.0402,-0.0135,0.0000
45.876,-0.0157,0.0076,-0.0025,-0.0001,0.0466,-0.0157,0.0000
45.888,-0.0180,0.0087,-0.0028,-0.0001,0.0533,-0.0180,0.0000
45.900,-0.0203,0.0098,-0.0032,-0.0002,0.0602,-0.0203,0.0000
45.912,-0.0227,0.0110,-0.0036,-0.0002,0.0673,-0.0227,-0.0000
45.924,-0.0252,0.0122,-0.0040,-0.0002,0.0746,-0.0251,-0.0000
45.936,-0.0277,0.0134,-0.0043,-0.0002,0.0820,-0.0276,-0.0000
45.948,-0.0302,0.0146,-0.0047,-0.0002,0.0896,-0.0302,-0.0000
45.960,-0.0328,0.0159,-0.0052,-0.0003,0.0972,-0.0328,-0.0000
45.972,-0.0354,0.0171,-0.0056,-0.0003,0.1050,-0.0354,-0.0000
45.984,-0.0381,0.0184,-0.0060,-0.0003,0.1129,-0.0380,-0.0000
45.996,-0.0408,0.0197,-0.0064,-0.0003,0.1208,-0.0407,-0.0000
46.008,-0.0435,0.0210,-0.0068,-0.0003,0.1289,-0.0434,-0.0000
46.020,-0.0462,0.0223,-0.0073,-0.0004,0.1369,-0.0461,-0.0000
46.032,-0.0489,0.0237,-0.0077,-0.0004,0.1451,-0.0489,-0.0000
46.044,-0.0517,0.0250,-0.0081,-0.0004,0.1532,-0.0516,-0.0000
46.056,-0.0545,0.0263,-0.0086,-0.0004,0.1615,-0.0544,-0.0000
46.068,-0.0573,0.0277,-0.0090,-0.0004,0.1697,-0.0572,-0.0000
46.080,-0.0601,0.0290,-0.0094,-0.0005,0.1780,-0.0600,-0.0000
46.092,-0.0629,0.0304,-0.0099,-0.0005,0.1863,-0.0628,-0.0000
46.104,-0.0657,0.0318,-0.0103,-0.0005,0.1947,-0.0656,-0.0000
46.116,-0.0685,0.0331,-0.0108,-0.0005,0.2030,-0.0684,-0.0000
46.128,-0.0713,0.0345,-0.0112,-0.0005,0.2114,-0.0713,-0.0000
46.140,-0.0742,0.0359,-0.0116,-0.0006,0.2198,-0.0741,-0.0000
46.152,-0.0770,0.0372,-0.0121,-0.0006,0.2283,-0.0769,-0.0000
46.164,-0.0799,0.0386,-0.0125,-0.0006,0.2367,-0.0798,-0.0000
46.176,-0.0827,0.0400,-0.0130,-0.0006,0.2451,-0.0826,-0.0000
46.188,-0.0856,0.0414,-0.0134,-0.0007,0.2536,-0.0855,-0.0000
46.200,-0.0884,0.0427,-0.0139,-0.0007,0.2620,-0.0883,-0.0000
46.212,-0.0913,0.0441,-0.0143,-0.0007,0.2705,-0.0912,-0.0000
46.224,-0.0941,0.0455,-0.0148,-0.0007,0.2790,-0.0940,-0.0000
46.236,-0.0970,0.0469,-0.0152,-0.0007,0.2875,-0.0969,-0.0000
46.248,-0.0999,0.0483,-0.0157,-0.0008,0.2960,-0.0997,-0.0000
46.260,-0.1027,0.0497,-0.0161,-0.0008,0.3045,-0.1026,-0.0000
46.272,-0.1056,0.0510,-0.0166,-0.0008,0.3130,-0.1055,-0.0000
46.284,-0.1085,0.0524,-0.0170,-0.0008,0.3215,-0.1083,-0.0000
46.296,-0.1113,0.0538,-0.0175,-0.0008,0.3300,-0.1112,-0.0000
46.308,-0.1142,0.0552,-0.0179,-0.0009,0.3385,-0.1141,-0.0000
46.320,-0.1171,0.0566,-0.0184,-0.0009,0.3470,-0.1169,-0.0000
46.332,-0.1199,0.0580,-0.0188,-0.0009,0.3555,-0.1198,-0.0000
46.344,-0.1228,0.0594,-0.0193,-0.0009,0.3640,-0.1227,-0.0000
46.356,-0.1257,0.0608,-0.0197,-0.0010,0.3725,-0.1255,-0.0000
46.368,-0.1286,0.0621,-0.0202,-0.0010,0.3811,-0.1284,-0.0000
46.380,-0.1314,0.0635,-0.0206,-0.0010,0.3896,-0.1313,-0.0000
46.392,-0.1343,0.0649,-0.0211,-0.0010,0.3981,-0.1342,-0.0000
46.404,-0.1372,0.0663,-0.0215,-0.0010,0.4066,-0.1370,-0.0000
46.416,-0.1401,0.0677,-0.0220,-0.0011,0.4151,-0.1399,-0.0000
46.428,-0.1429,0.0691,-0.0224,-0.0011,0.4237,-0.1428,-0.0000
46.440,-0.1458,0.0705,-0.0229,-0.0011,0.4322,-0.1457,-0.0000
46.452,-0.1487,0.0719,-0.0233,-0.0011,0.4407,-0.1485,-0.0000
46.464,-0.1516,0.0733,-0.0238,-0.0012,0.4492,-0.1514,-0.0000
46.476,-0.1545,0.0747,-0.0242,-0.0012,0.4578,-0.1543,-0.0000
46.488,-0.1573,0.0760,-0.0247,-0.0012,0.4663,-0.1571,-0.0000
46.500,-0.1602,0.0774,-0.0251,-0.0012,0.4748,-0.1600,-0.0000
46.512,-0.1631,0.0788,-0.0256,-0.0012,0.4833,-0.1629,-0.0000
46.524,-0.1660,0.0802,-0.0261,-0.0013,0.4919,-0.1658,-0.0000
46.536,-0.1688,0.0816,-0.0265,-0.0013,0.5004,-0.1686,-0.0000
46.548,-0.1717,0.0830,-0.0270,-0.0013,0.5089,-0.1715,-0.0000
46.560,-0.1746,0.0844,-0.0274,-0.0013,0.5174,-0.1744,-0.0000
46.572,-0.1775,0.0858,-0.0279,-0.0014,0.5260,-0.1773,-0.0000
46.584,-0.1803,0.0872,-0.0283,-0.0014,0.5345,-0.1801,-0.0000
46.596,-0.1832,0.0886,-0.0288,-0.0014,0.5430,-0.1830,-0.0000
46.608,-0.1861,0.0900,-0.0292,-0.0014,0.5516,-0.1859,-0.0000
46.620,-0.1890,0.0913,-0.0297,-0.0014,0.5601,-0.1888,-0.0000
46.632,-0.1919,0.0927,-0.0301,-0.0015,0.5686,-0.1916,-0.0000
46.644,-0.1947,0.0941,-0.0306,-0.0015,0.5771,-0.1945,-0.0000
46.656,-0.1976,0.0955,-0.0310,-0.0015,0.5857,-0.1974,-0.0000
46.668,-0.2005,0.0969,-0.0315,-0.0015,0.5942,-0.2003,-0.0000
46.680,-0.2034,0.0983,-0.0319,-0.0016,0.6027,-0.2031,-0.0000
46.692,-0.2062,0.0997,-0.0324,-0.0016,0.6113,-0.2060,-0.0000
46.704,-0.2091,0.1011,-0.0328,-0.0016,0.6198,-0.2089,-0.0000
46.716,-0.2120,0.1025,-0.0333,-0.0016,0.6283,-0.2118,-0.0000
46.728,-0.2149,0.1039,-0.0337,-0.0016,0.6368,-0.2146,-0.0000
46.740,-0.2178,0.1053,-0.0342,-0.0017,0.6454,-0.2175,-0.0000
46.752,-0.2206,0.1066,-0.0346,-0.0017,0.6539,-0.2204,-0.0000
46.764,-0.2235,0.1080,-0.0351,-0.0017,0.6624,-0.2232,-0.0000
46.776,-0.2264,0.1094,-0.0355,-0.0017,0.6710,-0.2261,-0.0000
46.788,-0.2293,0.1108,-0.0360,-0.0017,0.6795,-0.2290,-0.0000
46.800,-0.2321,0.1122,-0.0364,-0.0018,0.6880,-0.2319,-0.0000
46.812,-0.2350,0.1136,-0.0369,-0.0018,0.6965,-0.2347,-0.0000
46.824,-0.2379,0.1150,-0.0373,-0.0018,0.7051,-0.2376,-0.0000
46.836,-0.2408,0.1164,-0.0378,-0.0018,0.7136,-0.2405,-0.0000
46.848,-0.2437,0.1178,-0.0382,-0.0019,0.7221,-0.2434,-0.0000
46.860,-0.2465,0.1192,-0.0387,-0.0019,0.7307,-0.2462,-0.0000
46.872,-0.2494,0.1206,-0.0391,-0.0019,0.7392,-0.2491,-0.0000
46.884,-0.2523,0.1219,-0.0396,-0.0019,0.7477,-0.2520,-0.0000
46.896,-0.2552,0.1233,-0.0401,-0.0019,0.7563,-0.2549,-0.0000
46.908,-0.2580,0.1247,-0.0405,-0.0020,0.7648,-0.2577,-0.0000
46.920,-0.2609,0.1261,-0.0410,-0.0020,0.7733,-0.2606,-0.0000
46.932,-0.2638,0.1275,-0.0414,-0.0020,0.7818,-0.2635,-0.0000
46.944,-0.2667,0.1289,-0.0419,-0.0020,0.7904,-0.2664,-0.0000
46.956,-0.2696,0.1303,-0.0423,-0.0021,0.7989,-0.2692,-0.0000
46.968,-0.2724,0.1317,-0.0428,-0.0021,0.8074,-0.2721,-0.0000
46.980,-0.2753,0.1331,-0.0432,-0.0021,0.8160,-0.2750,-0.0000
46.992,-0.2782,0.1345,-0.0437,-0.0021,0.8245,-0.2779,-0.0000
47.004,-0.2811,0.1359,-0.0441,-0.0021,0.8330,-0.2807,-0.0000
47.016,-0.2839,0.1372,-0.0446,-0.0022,0.8415,-0.2836,-0.0000
47.028,-0.2868,0.1386,-0.0450,-0.0022,0.8501,-0.2865,-0.0000
47.040,-0.2897,0.1400,-0.0455,-0.0022,0.8586,-0.2894,-0.0000
47.052,-0.2926,0.1414,-0.0459,-0.0022,0.8671,-0.2922,-0.0000
47.064,-0.2955,0.1428,-0.0464,-0.0023,0.8757,-0.2951,-0.0000
47.076,-0.2983,0.1442,-0.0468,-0.0023,0.8842,-0.2980,-0.0000
47.088,-0.3012,0.1456,-0.0473,-0.0023,0.8927,-0.3009,-0.0000
47.100,-0.3041,0.1470,-0.0477,-0.0023,0.9012,-0.3037,-0.0000
47.112,-0.3070,0.1484,-0.0482,-0.0023,0.9098,-0.3066,-0.0000
47.124,-0.3098,0.1498,-0.0486,-0.0024,0.9183,-0.3095,-0.0000
47.136,-0.3127,0.1512,-0.0491,-0.0024,0.9268,-0.3124,-0.0000
47.148,-0.3156,0.1526,-0.0495,-0.0024,0.9354,-0.3152,-0.0000
47.160,-0.3185,0.1539,-0.0500,-0.0024,0.9439,-0.3181,-0.0000
47.172,-0.3214,0.1553,-0.0504,-0.0025,0.9524,-0.3210,-0.0000
47.184,-0.3242,0.1567,-0.0509,-0.0025,0.9610,-0.3239,-0.0000
47.196,-0.3271,0.1581,-0.0513,-0.0025,0.9695,-0.3267,-0.0000
47.208,-0.3300,0.1595,-0.0518,-0.0025,0.9780,-0.3296,-0.0000
47.220,-0.3329,0.1609,-0.0522,-0.0025,0.9865,-0.3325,-0.0000
47.232,-0.3357,0.1623,-0.0527,-0.0026,0.9951,-0.3354,-0.0000
47.244,-0.3386,0.1637,-0.0532,-0.0026,1.0036,-0.3382,-0.0000
47.256,-0.3415,0.1651,-0.0536,-0.0026,1.0121,-0.3411,-0.0000
47.268,-0.3444,0.1665,-0.0541,-0.0026,1.0207,-0.3440,-0.0000
47.280,-0.3473,0.1679,-0.0545,-0.0026,1.0292,-0.3469,-0.0000
47.292,-0.3501,0.1692,-0.0550,-0.0027,1.0377,-0.3497,-0.0000
47.304,-0.3530,0.1706,-0.0554,-0.0027,1.0462,-0.3526,-0.0000
47.316,-0.3559,0.1720,-0.0559,-0.0027,1.0548,-0.3555,-0.0000
47.328,-0.3588,0.1734,-0.0563,-0.0027,1.0633,-0.3583,-0.0000
47.340,-0.3616,0.1748,-0.0568,-0.0028,1.0718,-0.3612,-0.0000
47.352,-0.3645,0.1762,-0.0572,-0.0028,1.0804,-0.3641,-0.0000
47.364,-0.3674,0.1776,-0.0577,-0.0028,1.0889,-0.3670,-0.0000
47.376,-0.3703,0.1790,-0.0581,-0.0028,1.0974,-0.3698,-0.0000
47.388,-0.3732,0.1804,-0.0586,-0.0028,1.1059,-0.3727,-0.0000
47.400,-0.3760,0.1818,-0.0590,-0.0029,1.1145,-0.3756,-0.0000
47.412,-0.3789,0.1832,-0.0595,-0.0029,1.1230,-0.3785,-0.0000
47.424,-0.3818,0.1845,-0.0599,-0.0029,1.1315,-0.3813,-0.0000
47.436,-0.3847,0.1859,-0.0604,-0.0029,1.1401,-0.3842,-0.0000
47.448,-0.3875,0.1873,-0.0608,-0.0030,1.1486,-0.3871,-0.0000
47.460,-0.3904,0.1887,-0.0613,-0.0030,1.1571,-0.3900,-0.0000
47.472,-0.3933,0.1901,-0.0617,-0.0030,1.1657,-0.3928,-0.0000
47.484,-0.3962,0.1915,-0.0622,-0.0030,1.1742,-0.3957,-0.0000
47.496,-0.3991,0.1929,-0.0626,-0.0030,1.1827,-0.3986,-0.0000
47.508,-0.4019,0.1943,-0.0631,-0.0031,1.1912,-0.4015,-0.0000
47.520,-0.4048,0.1957,-0.0635,-0.0031,1.1998,-0.4043,-0.0000
47.532,-0.4077,0.1971,-0.0640,-0.0031,1.2083,-0.4072,-0.0000
47.544,-0.4106,0.1985,-0.0644,-0.0031,1.2168,-0.4101,-0.0000
47.556,-0.4134,0.1998,-0.0649,-0.0032,1.2254,-0.4130,-0.0000
47.568,-0.4163,0.2012,-0.0653,-0.0032,1.2339,-0.4158,-0.0000
47.580,-0.4192,0.2026,-0.0658,-0.0032,1.2424,-0.4187,-0.0000
47.592,-0.4221,0.2040,-0.0663,-0.0032,1.2509,-0.4216,-0.0000
47.604,-0.4250,0.2054,-0.0667,-0.0032,1.2595,-0.4245,-0.0000
47.616,-0.4278,0.2068,-0.0672,-0.0033,1.2680,-0.4273,-0.0000
47.628,-0.4307,0.2082,-0.0676,-0.0033,1.2765,-0.4302,-0.0000
47.640,-0.4336,0.2096,-0.0681,-0.0033,1.2851,-0.4331,-0.0000
47.652,-0.4365,0.2110,-0.0685,-0.0033,1.2936,-0.4360,-0.0000
47.664,-0.4393,0.2124,-0.0690,-0.0034,1.3021,-0.4388,-0.0000
47.676,-0.4422,0.2138,-0.0694,-0.0034,1.3106,-0.4417,-0.0000
47.688,-0.4451,0.2151,-0.0699,-0.0034,1.3192,-0.4446,-0.0000
47.700,-0.4480,0.2165,-0.0703,-0.0034,1.3277,-0.4475,-0.0000
47.712,-0.4509,0.2179,-0.0708,-0.0034,1.3362,-0.4503,-0.0000
47.724,-0.4537,0.2193,-0.0712,-0.0035,1.3448,-0.4532,-0.0000
47.736,-0.4566,0.2207,-0.0717,-0.0035,1.3533,-0.4561,-0.0000
47.748,-0.4594,0.2220,-0.0721,-0.0035,1.3615,-0.4588,-0.0000
47.760,-0.4618,0.2232,-0.0725,-0.0035,1.3687,-0.4613,-0.0000
47.772,-0.4639,0.2243,-0.0728,-0.0035,1.3750,-0.4634,-0.0000
47.784,-0.4658,0.2252,-0.0731,-0.0036,1.3806,-0.4653,-0.0000
47.796,-0.4675,0.2260,-0.0734,-0.0036,1.3855,-0.4669,-0.0000
47.808,-0.4689,0.2267,-0.0736,-0.0036,1.3898,-0.4684,-0.0000
47.820,-0.4702,0.2273,-0.0738,-0.0036,1.3936,-0.4697,-0.0000
47.832,-0.4714,0.2278,-0.0740,-0.0036,1.3970,-0.4708,-0.0000
47.844,-0.4723,0.2283,-0.0741,-0.0036,1.3999,-0.4718,-0.0000
47.856,-0.4732,0.2287,-0.0743,-0.0036,1.4025,-0.4727,-0.0000
47.868,-0.4740,0.2291,-0.0744,-0.0036,1.4048,-0.4734,-0.0000
47.880,-0.4747,0.2294,-0.0745,-0.0036,1.4068,-0.4741,-0.0000
47.892,-0.4753,0.2297,-0.0746,-0.0036,1.4086,-0.4747,-0.0000
47.904,-0.4753,0.2297,-0.0746,-0.0036,1.4086,-0.4747,-0.0000
47.916,-0.4753,0.2299,-0.0743,-0.0036,1.4081,-0.4747,-0.0000
47.928,-0.4753,0.2303,-0.0737,-0.0036,1.4072,-0.4747,-0.0000
47.940,-0.4753,0.2308,-0.0728,-0.0036,1.4058,-0.4747,-0.0000
47.952,-0.4753,0.2314,-0.0717,-0.0036,1.4042,-0.4748,-0.0000
47.964,-0.4754,0.2321,-0.0704,-0.0036,1.4023,-0.4748,-0.0000
47.976,-0.4754,0.2330,-0.0690,-0.0036,1.4000,-0.4748,-0.0000
47.988,-0.4754,0.2339,-0.0674,-0.0036,1.3976,-0.4748,-0.0000
48.000,-0.4755,0.2349,-0.0657,-0.0036,1.3950,-0.4749,-0.0000
48.012,-0.4755,0.2359,-0.0638,-0.0036,1.3922,-0.4749,-0.0000
48.024,-0.4756,0.2371,-0.0619,-0.0036,1.3892,-0.4750,-0.0000
48.036,-0.4756,0.2382,-0.0598,-0.0037,1.3861,-0.4750,-0.0000
48.048,-0.4757,0.2395,-0.0577,-0.0037,1.3828,-0.4750,-0.0000
48.060,-0.4757,0.2407,-0.0555,-0.0037,1.3795,-0.4751,-0.0000
48.072,-0.4758,0.2420,-0.0532,-0.0037,1.3761,-0.4751,-0.0000
48.084,-0.4759,0.2433,-0.0509,-0.0037,1.3726,-0.4752,-0.0000
48.096,-0.4759,0.2447,-0.0486,-0.0037,1.3690,-0.4752,-0.0000
48.108,-0.4760,0.2461,-0.0462,-0.0037,1.3653,-0.4752,-0.0000
48.120,-0.4760,0.2475,-0.0437,-0.0037,1.3616,-0.4753,-0.0000
48.132,-0.4761,0.2489,-0.0413,-0.0037,1.3579,-0.4753,-0.0000
48.144,-0.4762,0.2503,-0.0388,-0.0037,1.3541,-0.4754,-0.0000
48.156,-0.4762,0.2518,-0.0363,-0.0037,1.3502,-0.4754,-0.0000
48.168,-0.4763,0.2532,-0.0337,-0.0037,1.3464,-0.4755,-0.0000
48.180,-0.4764,0.2547,-0.0311,-0.0037,1.3425,-0.4755,-0.0000
48.192,-0.4764,0.2562,-0.0286,-0.0037,1.3385,-0.4756,-0.0000
48.204,-0.4765,0.2577,-0.0260,-0.0037,1.3346,-0.4756,-0.0000
48.216,-0.4765,0.2592,-0.0234,-0.0037,1.3306,-0.4757,-0.0000
48.228,-0.4766,0.2607,-0.0207,-0.0037,1.3266,-0.4757,-0.0000
48.240,-0.4767,0.2622,-0.0181,-0.0037,1.3226,-0.4758,-0.0000
48.252,-0.4767,0.2637,-0.0155,-0.0037,1.3186,-0.4758,-0.0000
48.264,-0.4768,0.2653,-0.0128,-0.0037,1.3146,-0.4759,-0.0000
48.276,-0.4769,0.2668,-0.0102,-0.0037,1.3105,-0.4759,-0.0000
48.288,-0.4769,0.2683,-0.0075,-0.0037,1.3065,-0.4760,-0.0000
48.300,-0.4770,0.2699,-0.0048,-0.0037,1.3024,-0.4760,-0.0000
48.312,-0.4771,0.2714,-0.0022,-0.0037,1.2984,-0.4761,-0.0000
48.324,-0.4771,0.2729,0.0005,-0.0038,1.2943,-0.4761,-0.0000
48.336,-0.4772,0.2745,0.0032,-0.0038,1.2902,-0.4762,-0.0000
48.348,-0.4773,0.2760,0.0059,-0.0038,1.2861,-0.4762,-0.0000
48.360,-0.4773,0.2776,0.0086,-0.0038,1.2821,-0.4763,-0.0000
48.372,-0.4774,0.2791,0.0112,-0.0038,1.2780,-0.4763,-0.0000
48.384,-0.4775,0.2807,0.0139,-0.0038,1.2739,-0.4764,-0.0000
48.396,-0.4776,0.2822,0.0166,-0.0038,1.2698,-0.4764,-0.0000
48.408,-0.4776,0.2838,0.0193,-0.0038,1.2657,-0.4765,-0.0000
48.420,-0.4777,0.2853,0.0220,-0.0038,1.2616,-0.4765,-0.0000
48.432,-0.4778,0.2869,0.0247,-0.0038,1.2575,-0.4766,-0.0000
48.444,-0.4778,0.2884,0.0274,-0.0038,1.2534,-0.4766,-0.0000
48.456,-0.4779,0.2900,0.0301,-0.0038,1.2493,-0.4767,-0.0000
48.468,-0.4780,0.2915,0.0328,-0.0038,1.2451,-0.4767,-0.0000
48.480,-0.4780,0.2931,0.0355,-0.0038,1.2410,-0.4768,-0.0000
48.492,-0.4781,0.2946,0.0382,-0.0038,1.2369,-0.4768,-0.0000
48.504,-0.4782,0.2962,0.0409,-0.0038,1.2328,-0.4769,-0.0000
48.516,-0.4782,0.2977,0.0436,-0.0038,1.2287,-0.4769,-0.0000
48.528,-0.4783,0.2993,0.0463,-0.0038,1.2246,-0.4770,-0.0000
48.540,-0.4784,0.3008,0.0490,-0.0038,1.2205,-0.4770,-0.0000
48.552,-0.4784,0.3024,0.0517,-0.0038,1.2164,-0.4771,-0.0000
48.564,-0.4785,0.3040,0.0544,-0.0038,1.2123,-0.4771,-0.0000
48.576,-0.4786,0.3055,0.0571,-0.0038,1.2081,-0.4772,-0.0000
48.588,-0.4786,0.3071,0.0598,-0.0039,1.2040,-0.4772,-0.0000
48.600,-0.4787,0.3086,0.0626,-0.0039,1.1999,-0.4773,-0.0000
48.612,-0.4788,0.3102,0.0653,-0.0039,1.1958,-0.4774,-0.0000
48.624,-0.4788,0.3117,0.0680,-0.0039,1.1917,-0.4774,-0.0000
48.636,-0.4789,0.3133,0.0707,-0.0039,1.1876,-0.4775,-0.0000
48.648,-0.4790,0.3148,0.0734,-0.0039,1.1834,-0.4775,-0.0000
48.660,-0.4790,0.3164,0.0761,-0.0039,1.1793,-0.4776,-0.0000
48.672,-0.4791,0.3180,0.0788,-0.0039,1.1752,-0.4776,-0.0000
48.684,-0.4792,0.3195,0.0815,-0.0039,1.1711,-0.4777,-0.0000
48.696,-0.4792,0.3211,0.0842,-0.0039,1.1670,-0.4777,-0.0000
48.708,-0.4793,0.3226,0.0869,-0.0039,1.1629,-0.4778,-0.0000
48.720,-0.4794,0.3242,0.0896,-0.0039,1.1587,-0.4778,-0.0000
48.732,-0.4794,0.3257,0.0923,-0.0039,1.1546,-0.4779,-0.0000
48.744,-0.4795,0.3273,0.0950,-0.0039,1.1505,-0.4779,-0.0000
48.756,-0.4796,0.3289,0.0977,-0.0039,1.1464,-0.4780,-0.0000
48.768,-0.4797,0.3304,0.1004,-0.0039,1.1423,-0.4780,-0.0000
48.780,-0.4797,0.3320,0.1031,-0.0039,1.1381,-0.4781,-0.0000
48.792,-0.4798,0.3335,0.1058,-0.0039,1.1340,-0.4781,-0.0000
48.804,-0.4799,0.3351,0.1086,-0.0039,1.1299,-0.4782,-0.0000
48.816,-0.4799,0.3366,0.1113,-0.0039,1.1258,-0.4782,-0.0000
48.828,-0.4800,0.3382,0.1140,-0.0039,1.1217,-0.4783,-0.0000
48.840,-0.4801,0.3398,0.1167,-0.0039,1.1176,-0.4783,-0.0000
48.852,-0.4801,0.3413,0.1194,-0.0040,1.1134,-0.4784,-0.0000
48.864,-0.4802,0.3429,0.1221,-0.0040,1.1093,-0.4784,-0.0000
48.876,-0.4803,0.3444,0.1248,-0.0040,1.1052,-0.4785,-0.0000
48.888,-0.4803,0.3460,0.1275,-0.0040,1.1011,-0.4785,-0.0000
48.900,-0.4804,0.3475,0.1302,-0.0040,1.0970,-0.4786,-0.0000
48.912,-0.4805,0.3491,0.1329,-0.0040,1.0928,-0.4786,-0.0000
48.924,-0.4805,0.3507,0.1356,-0.0040,1.0887,-0.4787,-0.0000
48.936,-0.4806,0.3522,0.1383,-0.0040,1.0846,-0.4787,-0.0000
48.948,-0.4807,0.3538,0.1410,-0.0040,1.0805,-0.4788,-0.0000
48.960,-0.4807,0.3553,0.1437,-0.0040,1.0764,-0.4788,-0.0000
48.972,-0.4808,0.3569,0.1464,-0.0040,1.0723,-0.4789,-0.0000
48.984,-0.4809,0.3584,0.1492,-0.0040,1.0681,-0.4789,-0.0000
48.996,-0.4809,0.3600,0.1519,-0.0040,1.0640,-0.4790,-0.0000
49.008,-0.4810,0.3616,0.1546,-0.0040,1.0599,-0.4790,-0.0000
49.020,-0.4811,0.3631,0.1573,-0.0040,1.0558,-0.4791,-0.0000
49.032,-0.4811,0.3647,0.1600,-0.0040,1.0517,-0.4791,-0.0000
49.044,-0.4812,0.3662,0.1627,-0.0040,1.0475,-0.4792,-0.0000
49.056,-0.4813,0.3678,0.1654,-0.0040,1.0434,-0.4792,-0.0000
49.068,-0.4813,0.3693,0.1681,-0.0040,1.0393,-0.4793,-0.0000
49.080,-0.4814,0.3709,0.1708,-0.0040,1.0352,-0.4793,-0.0000
49.092,-0.4815,0.3725,0.1735,-0.0040,1.0311,-0.4794,-0.0000
49.104,-0.4815,0.3740,0.1762,-0.0040,1.0270,-0.4794,-0.0000
49.116,-0.4816,0.3754,0.1786,-0.0041,1.0233,-0.4795,-0.0000
49.128,-0.4817,0.3766,0.1807,-0.0041,1.0201,-0.4795,-0.0000
49.140,-0.4817,0.3777,0.1825,-0.0041,1.0173,-0.4796,-0.0000
49.152,-0.4817,0.3786,0.1842,-0.0041,1.0149,-0.4796,-0.0000
49.164,-0.4818,0.3794,0.1856,-0.0041,1.0127,-0.4796,-0.0000
49.176,-0.4818,0.3801,0.1869,-0.0041,1.0108,-0.4796,-0.0000
49.188,-0.4818,0.3808,0.1880,-0.0041,1.0091,-0.4797,-0.0000
49.200,-0.4819,0.3813,0.1889,-0.0041,1.0076,-0.4797,-0.0000
49.212,-0.4819,0.3818,0.1898,-0.0041,1.0063,-0.4797,-0.0005
49.224,-0.4819,0.3823,0.1905,-0.0041,1.0052,-0.4797,-0.0015
49.236,-0.4819,0.3826,0.1912,-0.0041,1.0042,-0.4797,-0.0029
49.248,-0.4819,0.3830,0.1918,-0.0041,1.0033,-0.4797,-0.0047
49.260,-0.4820,0.3833,0.1923,-0.0041,1.0025,-0.4797,-0.0068
49.272,-0.4820,0.3835,0.1928,-0.0041,1.0018,-0.4798,-0.0091
49.284,-0.4820,0.3838,0.1932,-0.0041,1.0012,-0.4798,-0.0117
49.296,-0.4820,0.3840,0.1935,-0.0041,1.0007,-0.4798,-0.0145
49.308,-0.4820,0.3841,0.1938,-0.0041,1.0002,-0.4798,-0.0175
49.320,-0.4820,0.3843,0.1941,-0.0041,0.9998,-0.4798,-0.0207
49.332,-0.4820,0.3844,0.1943,-0.0041,0.9994,-0.4798,-0.0240
49.344,-0.4820,0.3845,0.1945,-0.0041,0.9991,-0.4798,-0.0275
49.356,-0.4820,0.3847,0.1947,-0.0041,0.9988,-0.4798,-0.0311
49.368,-0.4820,0.3847,0.1949,-0.0041,0.9986,-0.4798,-0.0347
49.380,-0.4820,0.3848,0.1950,-0.0041,0.9984,-0.4798,-0.0385
49.392,-0.4820,0.3849,0.1951,-0.0041,0.9982,-0.4798,-0.0423
49.404,-0.4820,0.3850,0.1953,-0.0041,0.9980,-0.4798,-0.0462
49.416,-0.4820,0.3850,0.1954,-0.0041,0.9978,-0.4798,-0.0502
49.428,-0.4820,0.3851,0.1954,-0.0041,0.9977,-0.4798,-0.0542
49.440,-0.4820,0.3851,0.1955,-0.0041,0.9976,-0.4798,-0.0582
49.452,-0.4820,0.3852,0.1956,-0.0041,0.9975,-0.4798,-0.0623
49.464,-0.4820,0.3852,0.1956,-0.0041,0.9974,-0.4798,-0.0665
49.476,-0.4820,0.3852,0.1957,-0.0041,0.9973,-0.4798,-0.0706
49.488,-0.4820,0.3852,0.1957,-0.0041,0.9973,-0.4798,-0.0748
49.500,-0.4820,0.3853,0.1958,-0.0041,0.9972,-0.4798,-0.0791
49.512,-0.4820,0.3853,0.1958,-0.0041,0.9972,-0.4798,-0.0833
49.524,-0.4820,0.3853,0.1958,-0.0041,0.9971,-0.4798,-0.0876
49.536,-0.4820,0.3853,0.1959,-0.0041,0.9971,-0.4798,-0.0918
49.548,-0.4820,0.3853,0.1959,-0.0041,0.9970,-0.4798,-0.0961
49.560,-0.4820,0.3853,0.1959,-0.0041,0.9970,-0.4798,-0.1004
49.572,-0.4820,0.3854,0.1959,-0.0041,0.9970,-0.4798,-0.1047
49.584,-0.4820,0.3854,0.1960,-0.0041,0.9969,-0.4798,-0.1091
49.596,-0.4820,0.3854,0.1960,-0.0041,0.9969,-0.4798,-0.1134
49.608,-0.4820,0.3854,0.1960,-0.0041,0.9969,-0.4798,-0.1178
49.620,-0.4820,0.3854,0.1960,-0.0041,0.9969,-0.4798,-0.1221
49.632,-0.4820,0.3854,0.1960,-0.0041,0.9969,-0.4798,-0.1265
49.644,-0.4820,0.3854,0.1960,-0.0041,0.9969,-0.4798,-0.1308
49.656,-0.4820,0.3854,0.1960,-0.0041,0.9968,-0.4798,-0.1352
49.668,-0.4820,0.3854,0.1960,-0.0041,0.9968,-0.4798,-0.1396
49.680,-0.4820,0.3854,0.1960,-0.0041,0.9968,-0.4798,-0.1439
49.692,-0.4820,0.3854,0.1960,-0.0041,0.9968,-0.4798,-0.1483
49.704,-0.4820,0.3854,0.1960,-0.0041,0.9968,-0.4798,-0.1527
49.716,-0.4820,0.3854,0.1960,-0.0041,0.9968,-0.4798,-0.1571
49.728,-0.4820,0.3854,0.1960,-0.0041,0.9968,-0.4798,-0.1614
49.740,-0.4820,0.3854,0.1960,-0.0041,0.9968,-0.4798,-0.1658
49.752,-0.4820,0.3854,0.1961,-0.0041,0.9968,-0.4798,-0.1702
49.764,-0.4820,0.3854,0.1961,-0.0041,0.9968,-0.4798,-0.1746
49.776,-0.4820,0.3854,0.1961,-0.0041,0.9968,-0.4798,-0.1790
49.788,-0.4820,0.3850,0.1961,-0.0041,0.9971,-0.4798,-0.1834
49.800,-0.4820,0.3843,0.1961,-0.0041,0.9977,-0.4798,-0.1878
49.812,-0.4820,0.3836,0.1961,-0.0041,0.9982,-0.4798,-0.1922
49.824,-0.4820,0.3828,0.1961,-0.0041,0.9988,-0.4798,-0.1966
49.836,-0.4820,0.3821,0.1961,-0.0041,0.9993,-0.4798,-0.2010
49.848,-0.4820,0.3814,0.1961,-0.0041,0.9999,-0.4798,-0.2054
49.860,-0.4820,0.3806,0.1961,-0.0041,1.0005,-0.4798,-0.2098
49.872,-0.4820,0.3799,0.1961,-0.0041,1.0010,-0.4798,-0.2142
49.884,-0.4820,0.3792,0.1961,-0.0041,1.0016,-0.4798,-0.2186
49.896,-0.4820,0.3785,0.1961,-0.0041,1.0021,-0.4798,-0.2230
49.908,-0.4820,0.3777,0.1961,-0.0041,1.0027,-0.4798,-0.2273
49.920,-0.4820,0.3770,0.1961,-0.0041,1.0033,-0.4798,-0.2317
49.932,-0.4820,0.3763,0.1961,-0.0041,1.0038,-0.4798,-0.2361
49.944,-0.4820,0.3756,0.1961,-0.0041,1.0044,-0.4798,-0.2405
49.956,-0.4820,0.3748,0.1961,-0.0041,1.0049,-0.4798,-0.2449
49.968,-0.4820,0.3741,0.1961,-0.0041,1.0055,-0.4798,-0.2493
49.980,-0.4820,0.3734,0.1961,-0.0041,1.0060,-0.4798,-0.2537
49.992,-0.4820,0.3727,0.1961,-0.0041,1.0066,-0.4798,-0.2581
50.004,-0.4820,0.3720,0.1961,-0.0041,1.0071,-0.4798,-0.2625
50.016,-0.4820,0.3713,0.1961,-0.0041,1.0076,-0.4798,-0.2669
50.028,-0.4820,0.3706,0.1961,-0.0041,1.0082,-0.4798,-0.2713
50.040,-0.4820,0.3698,0.1961,-0.0041,1.0087,-0.4798,-0.2757
50.052,-0.4820,0.3691,0.1961,-0.0041,1.0092,-0.4798,-0.2801
50.064,-0.4820,0.3684,0.1961,-0.0041,1.0098,-0.4798,-0.2845
50.076,-0.4820,0.3677,0.1961,-0.0041,1.0103,-0.4798,-0.2889
50.088,-0.4820,0.3670,0.1961,-0.0041,1.0108,-0.4798,-0.2933
50.100,-0.4820,0.3663,0.1961,-0.0041,1.0113,-0.4798,-0.2977
50.112,-0.4820,0.3656,0.1961,-0.0041,1.0119,-0.4798,-0.3021
50.124,-0.4820,0.3649,0.1961,-0.0041,1.0124,-0.4798,-0.3065
50.136,-0.4820,0.3642,0.1961,-0.0041,1.0129,-0.4798,-0.3109
50.148,-0.4820,0.3635,0.1961,-0.0041,1.0134,-0.4798,-0.3153
50.160,-0.4820,0.3628,0.1961,-0.0041,1.0139,-0.4798,-0.3197
50.172,-0.4820,0.3622,0.1961,-0.0041,1.0144,-0.4798,-0.3241
50.184,-0.4820,0.3615,0.1961,-0.0041,1.0149,-0.4798,-0.3285
50.196,-0.4820,0.3608,0.1961,-0.0041,1.0154,-0.4798,-0.3329
50.208,-0.4820,0.3601,0.1961,-0.0041,1.0159,-0.4798,-0.3373
50.220,-0.4820,0.3594,0.1961,-0.0041,1.0164,-0.4798,-0.3417
50.232,-0.4820,0.3588,0.1961,-0.0041,1.0169,-0.4798,-0.3461
50.244,-0.4820,0.3581,0.1961,-0.0041,1.0174,-0.4798,-0.3505
50.256,-0.4820,0.3574,0.1961,-0.0041,1.0179,-0.4798,-0.3549
50.268,-0.4820,0.3567,0.1961,-0.0041,1.0184,-0.4798,-0.3593
50.280,-0.4820,0.3561,0.1961,-0.0041,1.0189,-0.4798,-0.3637
50.292,-0.4820,0.3554,0.1961,-0.0041,1.0194,-0.4798,-0.3681
50.304,-0.4820,0.3547,0.1961,-0.0041,1.0199,-0.4798,-0.3725
50.316,-0.4820,0.3541,0.1961,-0.0041,1.0203,-0.4798,-0.3769
50.328,-0.4820,0.3534,0.1961,-0.0041,1.0208,-0.4798,-0.3813
50.340,-0.4820,0.3528,0.1961,-0.0041,1.0213,-0.4798,-0.3857
50.352,-0.4820,0.3521,0.1961,-0.0041,1.0218,-0.4798,-0.3901
50.364,-0.4820,0.3515,0.1961,-0.0041,1.0222,-0.4798,-0.3945
50.376,-0.4820,0.3508,0.1961,-0.0041,1.0227,-0.4798,-0.3989
50.388,-0.4820,0.3502,0.1961,-0.0041,1.0232,-0.4798,-0.4033
50.400,-0.4820,0.3496,0.1961,-0.0041,1.0236,-0.4798,-0.4077
50.412,-0.4820,0.3490,0.1961,-0.0041,1.0240,-0.4798,-0.4116
50.424,-0.4820,0.3484,0.1961,-0.0041,1.0244,-0.4798,-0.4150
50.436,-0.4820,0.3480,0.1961,-0.0041,1.0247,-0.4798,-0.4180
50.448,-0.4820,0.3476,0.1961,-0.0041,1.0250,-0.4798,-0.4206
50.460,-0.4820,0.3475,0.1957,-0.0041,1.0255,-0.4798,-0.4230
50.472,-0.4820,0.3472,0.1951,-0.0041,1.0264,-0.4798,-0.4250
50.484,-0.4820,0.3469,0.1943,-0.0041,1.0276,-0.4798,-0.4268
50.496,-0.4820,0.3465,0.1932,-0.0041,1.0292,-0.4798,-0.4284
50.508,-0.4820,0.3460,0.1919,-0.0041,1.0310,-0.4798,-0.4298
50.520,-0.4820,0.3454,0.1904,-0.0041,1.0331,-0.4798,-0.4310
50.532,-0.4820,0.3447,0.1888,-0.0041,1.0355,-0.4798,-0.4321
50.544,-0.4820,0.3440,0.1871,-0.0041,1.0380,-0.4798,-0.4330
50.556,-0.4820,0.3432,0.1852,-0.0041,1.0407,-0.4798,-0.4339
50.568,-0.4819,0.3424,0.1833,-0.0041,1.0435,-0.4798,-0.4346
50.580,-0.4819,0.3415,0.1812,-0.0041,1.0465,-0.4798,-0.4353
50.592,-0.4819,0.3406,0.1791,-0.0041,1.0496,-0.4798,-0.4358
50.604,-0.4819,0.3397,0.1769,-0.0041,1.0528,-0.4798,-0.4363
50.616,-0.4819,0.3387,0.1747,-0.0040,1.0561,-0.4798,-0.4368
50.628,-0.4818,0.3378,0.1723,-0.0040,1.0595,-0.4798,-0.4372
50.640,-0.4818,0.3368,0.1700,-0.0040,1.0629,-0.4797,-0.4375
50.652,-0.4818,0.3357,0.1676,-0.0040,1.0664,-0.4797,-0.4378
50.664,-0.4818,0.3347,0.1651,-0.0040,1.0700,-0.4797,-0.4381
50.676,-0.4817,0.3336,0.1627,-0.0040,1.0736,-0.4797,-0.4383
50.688,-0.4817,0.3326,0.1602,-0.0040,1.0773,-0.4797,-0.4385
50.700,-0.4817,0.3315,0.1576,-0.0040,1.0810,-0.4797,-0.4387
50.712,-0.4817,0.3304,0.1551,-0.0040,1.0847,-0.4797,-0.4388
50.724,-0.4817,0.3293,0.1525,-0.0040,1.0885,-0.4797,-0.4390
50.736,-0.4816,0.3282,0.1499,-0.0040,1.0922,-0.4797,-0.4391
50.748,-0.4816,0.3271,0.1473,-0.0040,1.0960,-0.4797,-0.4392
50.760,-0.4816,0.3260,0.1447,-0.0040,1.0999,-0.4797,-0.4393
50.772,-0.4816,0.3248,0.1421,-0.0040,1.1037,-0.4797,-0.4394
50.784,-0.4815,0.3237,0.1394,-0.0040,1.1076,-0.4797,-0.4395
50.796,-0.4815,0.3226,0.1368,-0.0040,1.1114,-0.4797,-0.4395
50.808,-0.4815,0.3215,0.1341,-0.0040,1.1153,-0.4797,-0.4396
50.820,-0.4815,0.3203,0.1315,-0.0040,1.1192,-0.4796,-0.4396
50.832,-0.4814,0.3192,0.1288,-0.0040,1.1231,-0.4796,-0.4397
50.844,-0.4814,0.3180,0.1261,-0.0040,1.1270,-0.4796,-0.4397
50.856,-0.4814,0.3169,0.1235,-0.0040,1.1309,-0.4796,-0.4397
50.868,-0.4814,0.3157,0.1208,-0.0040,1.1349,-0.4796,-0.4398
50.880,-0.4814,0.3146,0.1181,-0.0040,1.1388,-0.4796,-0.4398
50.892,-0.4813,0.3134,0.1154,-0.0040,1.1427,-0.4796,-0.4398
50.904,-0.4813,0.3123,0.1127,-0.0040,1.1466,-0.4796,-0.4398
50.916,-0.4813,0.3111,0.1100,-0.0039,1.1506,-0.4796,-0.4399
50.928,-0.4813,0.3100,0.1073,-0.0039,1.1545,-0.4796,-0.4399
50.940,-0.4812,0.3088,0.1046,-0.0039,1.1585,-0.4796,-0.4399
50.952,-0.4812,0.3077,0.1019,-0.0039,1.1624,-0.4796,-0.4399
50.964,-0.4812,0.3065,0.0992,-0.0039,1.1664,-0.4796,-0.4399
50.976,-0.4812,0.3054,0.0965,-0.0039,1.1703,-0.4795,-0.4399
50.988,-0.4811,0.3042,0.0938,-0.0039,1.1743,-0.4795,-0.4399
51.000,-0.4811,0.3030,0.0911,-0.0039,1.1782,-0.4795,-0.4399
51.012,-0.4811,0.3019,0.0884,-0.0039,1.1822,-0.4795,-0.4400
51.024,-0.4811,0.3007,0.0857,-0.0039,1.1862,-0.4795,-0.4400
51.036,-0.4810,0.2996,0.0830,-0.0039,1.1901,-0.4795,-0.4400
51.048,-0.4810,0.2984,0.0803,-0.0039,1.1941,-0.4795,-0.4400
51.060,-0.4810,0.2972,0.0775,-0.0039,1.1980,-0.4795,-0.4400
51.072,-0.4810,0.2961,0.0748,-0.0039,1.2020,-0.4795,-0.4400
51.084,-0.4809,0.2949,0.0721,-0.0039,1.2060,-0.4795,-0.4400
51.096,-0.4809,0.2938,0.0694,-0.0039,1.2099,-0.4795,-0.4400
51.108,-0.4809,0.2926,0.0667,-0.0039,1.2139,-0.4795,-0.4400
51.120,-0.4809,0.2914,0.0640,-0.0039,1.2179,-0.4795,-0.4400
51.132,-0.4808,0.2903,0.0613,-0.0039,1.2218,-0.4795,-0.4400
51.144,-0.4808,0.2891,0.0586,-0.0039,1.2258,-0.4794,-0.4400
51.156,-0.4808,0.2880,0.0559,-0.0039,1.2298,-0.4794,-0.4400
51.168,-0.4808,0.2868,0.0531,-0.0039,1.2337,-0.4794,-0.4400
51.180,-0.4808,0.2856,0.0504,-0.0039,1.2377,-0.4794,-0.4400
51.192,-0.4807,0.2845,0.0477,-0.0039,1.2417,-0.4794,-0.4400
51.204,-0.4807,0.2833,0.0450,-0.0038,1.2456,-0.4794,-0.4400
51.216,-0.4807,0.2822,0.0423,-0.0038,1.2496,-0.4794,-0.4400
51.228,-0.4807,0.2810,0.0396,-0.0038,1.2536,-0.4794,-0.4400
51.240,-0.4806,0.2798,0.0369,-0.0038,1.2575,-0.4794,-0.4400
51.252,-0.4806,0.2787,0.0342,-0.0038,1.2615,-0.4794,-0.4400
51.264,-0.4806,0.2775,0.0314,-0.0038,1.2655,-0.4794,-0.4400
51.276,-0.4806,0.2764,0.0287,-0.0038,1.2694,-0.4794,-0.4400
51.288,-0.4805,0.2752,0.0260,-0.0038,1.2734,-0.4794,-0.4400
51.300,-0.4805,0.2740,0.0233,-0.0038,1.2774,-0.4793,-0.4400
51.312,-0.4805,0.2729,0.0206,-0.0038,1.2813,-0.4793,-0.4400
51.324,-0.4805,0.2717,0.0179,-0.0038,1.2853,-0.4793,-0.4400
51.336,-0.4804,0.2705,0.0152,-0.0038,1.2893,-0.4793,-0.4400
51.348,-0.4804,0.2694,0.0125,-0.0038,1.2932,-0.4793,-0.4400
51.360,-0.4804,0.2682,0.0097,-0.0038,1.2972,-0.4793,-0.4400
51.372,-0.4804,0.2671,0.0070,-0.0038,1.3012,-0.4793,-0.4400
51.384,-0.4803,0.2659,0.0043,-0.0038,1.3051,-0.4793,-0.4400
51.396,-0.4803,0.2647,0.0016,-0.0038,1.3091,-0.4793,-0.4400
51.408,-0.4803,0.2636,-0.0011,-0.0038,1.3131,-0.4793,-0.4400
51.420,-0.4803,0.2624,-0.0038,-0.0038,1.3170,-0.4793,-0.4400
51.432,-0.4802,0.2613,-0.0065,-0.0038,1.3210,-0.4793,-0.4400
51.444,-0.4802,0.2601,-0.0093,-0.0038,1.3250,-0.4793,-0.4400
51.456,-0.4802,0.2589,-0.0120,-0.0038,1.3289,-0.4792,-0.4400
51.468,-0.4802,0.2578,-0.0147,-0.0038,1.3329,-0.4792,-0.4400
51.480,-0.4801,0.2566,-0.0174,-0.0037,1.3369,-0.4792,-0.4400
51.492,-0.4801,0.2555,-0.0201,-0.0037,1.3408,-0.4792,-0.4400
51.504,-0.4801,0.2543,-0.0228,-0.0037,1.3448,-0.4792,-0.4400
51.516,-0.4801,0.2531,-0.0255,-0.0037,1.3488,-0.4792,-0.4400
51.528,-0.4801,0.2520,-0.0283,-0.0037,1.3528,-0.4792,-0.4400
51.540,-0.4800,0.2508,-0.0310,-0.0037,1.3567,-0.4792,-0.4400
51.552,-0.4800,0.2496,-0.0337,-0.0037,1.3607,-0.4792,-0.4400
51.564,-0.4800,0.2485,-0.0364,-0.0037,1.3647,-0.4792,-0.4400
51.576,-0.4800,0.2473,-0.0391,-0.0037,1.3686,-0.4792,-0.4400
51.588,-0.4799,0.2462,-0.0418,-0.0037,1.3726,-0.4792,-0.4400
51.600,-0.4799,0.2450,-0.0445,-0.0037,1.3766,-0.4792,-0.4400
51.612,-0.4799,0.2438,-0.0472,-0.0037,1.3805,-0.4792,-0.4400
51.624,-0.4799,0.2427,-0.0500,-0.0037,1.3845,-0.4791,-0.4400
51.636,-0.4798,0.2415,-0.0527,-0.0037,1.3885,-0.4791,-0.4400
51.648,-0.4798,0.2404,-0.0554,-0.0037,1.3924,-0.4791,-0.4400
51.660,-0.4798,0.2393,-0.0578,-0.0037,1.3959,-0.4791,-0.4400
51.672,-0.4798,0.2384,-0.0599,-0.0037,1.3990,-0.4791,-0.4400
51.684,-0.4798,0.2376,-0.0617,-0.0037,1.4017,-0.4791,-0.4400
51.696,-0.4797,0.2369,-0.0634,-0.0037,1.4041,-0.4791,-0.4400
51.708,-0.4797,0.2363,-0.0648,-0.0037,1.4062,-0.4791,-0.4400
51.720,-0.4797,0.2358,-0.0660,-0.0037,1.4080,-0.4791,-0.4400
51.732,-0.4797,0.2353,-0.0672,-0.0037,1.4096,-0.4791,-0.4400
51.744,-0.4797,0.2349,-0.0681,-0.0037,1.4111,-0.4791,-0.4400
51.756,-0.4797,0.2349,-0.0681,-0.0037,1.4111,-0.4791,-0.4400
51.768,-0.4797,0.2349,-0.0685,-0.0037,1.4115,-0.4791,-0.4400
51.780,-0.4797,0.2349,-0.0693,-0.0037,1.4122,-0.4791,-0.4400
51.792,-0.4797,0.2349,-0.0704,-0.0037,1.4133,-0.4791,-0.4400
51.804,-0.4797,0.2349,-0.0717,-0.0037,1.4147,-0.4792,-0.4400
51.816,-0.4797,0.2349,-0.0733,-0.0037,1.4163,-0.4792,-0.4400
51.828,-0.4796,0.2349,-0.0751,-0.0037,1.4181,-0.4792,-0.4400
51.840,-0.4796,0.2349,-0.0771,-0.0037,1.4201,-0.4793,-0.4400
51.852,-0.4796,0.2349,-0.0793,-0.0037,1.4222,-0.4793,-0.4400
51.864,-0.4796,0.2349,-0.0816,-0.0037,1.4245,-0.4794,-0.4400
51.876,-0.4796,0.2349,-0.0840,-0.0037,1.4270,-0.4794,-0.4400
51.888,-0.4795,0.2349,-0.0866,-0.0037,1.4295,-0.4795,-0.4400
51.900,-0.4795,0.2349,-0.0892,-0.0037,1.4322,-0.4796,-0.4400
51.912,-0.4795,0.2349,-0.0920,-0.0037,1.4349,-0.4796,-0.4400
51.924,-0.4795,0.2349,-0.0948,-0.0037,1.4377,-0.4797,-0.4400
51.936,-0.4794,0.2349,-0.0976,-0.0037,1.4406,-0.4797,-0.4400
51.948,-0.4794,0.2349,-0.1006,-0.0037,1.4435,-0.4798,-0.4400
51.960,-0.4794,0.2349,-0.1036,-0.0037,1.4465,-0.4799,-0.4400
51.972,-0.4794,0.2349,-0.1066,-0.0037,1.4496,-0.4799,-0.4400
51.984,-0.4793,0.2349,-0.1097,-0.0037,1.4527,-0.4800,-0.4400
51.996,-0.4793,0.2349,-0.1128,-0.0037,1.4558,-0.4801,-0.4400
52.008,-0.4793,0.2349,-0.1160,-0.0037,1.4589,-0.4801,-0.4400
52.020,-0.4792,0.2349,-0.1191,-0.0037,1.4621,-0.4802,-0.4400
52.032,-0.4792,0.2349,-0.1223,-0.0037,1.4653,-0.4803,-0.4400
52.044,-0.4792,0.2349,-0.1255,-0.0037,1.4685,-0.4804,-0.4400
52.056,-0.4792,0.2349,-0.1288,-0.0037,1.4718,-0.4804,-0.4400
52.068,-0.4791,0.2348,-0.1320,-0.0037,1.4750,-0.4805,-0.4400
52.080,-0.4791,0.2348,-0.1353,-0.0037,1.4783,-0.4806,-0.4400
52.092,-0.4791,0.2348,-0.1386,-0.0037,1.4816,-0.4806,-0.4400
52.104,-0.4790,0.2348,-0.1419,-0.0037,1.4849,-0.4807,-0.4400
52.116,-0.4790,0.2348,-0.1452,-0.0037,1.4882,-0.4808,-0.4400
52.128,-0.4790,0.2348,-0.1485,-0.0037,1.4915,-0.4809,-0.4400
52.140,-0.4789,0.2348,-0.1518,-0.0037,1.4948,-0.4809,-0.4400
52.152,-0.4789,0.2348,-0.1551,-0.0037,1.4981,-0.4810,-0.4400
52.164,-0.4789,0.2348,-0.1585,-0.0037,1.5015,-0.4811,-0.4400
52.176,-0.4789,0.2348,-0.1618,-0.0037,1.5048,-0.4812,-0.4400
52.188,-0.4788,0.2348,-0.1651,-0.0037,1.5082,-0.4812,-0.4400
52.200,-0.4788,0.2348,-0.1685,-0.0037,1.5115,-0.4813,-0.4400
52.212,-0.4788,0.2348,-0.1718,-0.0037,1.5149,-0.4814,-0.4400
52.224,-0.4787,0.2348,-0.1752,-0.0037,1.5182,-0.4814,-0.4400
52.236,-0.4787,0.2348,-0.1786,-0.0037,1.5216,-0.4815,-0.4400
52.248,-0.4787,0.2348,-0.1819,-0.0037,1.5249,-0.4816,-0.4400
52.260,-0.4786,0.2348,-0.1853,-0.0037,1.5283,-0.4817,-0.4400
52.272,-0.4786,0.2348,-0.1886,-0.0037,1.5317,-0.4817,-0.4400
52.284,-0.4786,0.2348,-0.1920,-0.0038,1.5350,-0.4818,-0.4400
52.296,-0.4786,0.2348,-0.1954,-0.0038,1.5384,-0.4819,-0.4400
52.308,-0.4785,0.2348,-0.1987,-0.0038,1.5418,-0.4820,-0.4400
52.320,-0.4785,0.2348,-0.2021,-0.0038,1.5451,-0.4820,-0.4400
52.332,-0.4785,0.2348,-0.2055,-0.0038,1.5485,-0.4821,-0.4400
52.344,-0.4784,0.2348,-0.2088,-0.0038,1.5519,-0.4822,-0.4400
52.356,-0.4784,0.2348,-0.2122,-0.0038,1.5552,-0.4823,-0.4400
52.368,-0.4784,0.2348,-0.2156,-0.0038,1.5586,-0.4823,-0.4400
52.380,-0.4783,0.2348,-0.2189,-0.0038,1.5620,-0.4824,-0.4400
52.392,-0.4783,0.2348,-0.2223,-0.0038,1.5654,-0.4825,-0.4400
52.404,-0.4783,0.2348,-0.2257,-0.0038,1.5687,-0.4826,-0.4400
52.416,-0.4783,0.2348,-0.2291,-0.0038,1.5721,-0.4826,-0.4400
52.428,-0.4782,0.2348,-0.2324,-0.0038,1.5755,-0.4827,-0.4400
52.440,-0.4782,0.2348,-0.2358,-0.0038,1.5789,-0.4828,-0.4400
52.452,-0.4782,0.2348,-0.2392,-0.0038,1.5822,-0.4828,-0.4400
52.464,-0.4781,0.2348,-0.2426,-0.0038,1.5856,-0.4829,-0.4400
52.476,-0.4781,0.2348,-0.2459,-0.0038,1.5890,-0.4830,-0.4400
52.488,-0.4781,0.2348,-0.2493,-0.0038,1.5924,-0.4831,-0.4400
52.500,-0.4780,0.2347,-0.2527,-0.0038,1.5957,-0.4831,-0.4400
52.512,-0.4780,0.2347,-0.2561,-0.0038,1.5991,-0.4832,-0.4400
52.524,-0.4780,0.2347,-0.2594,-0.0038,1.6025,-0.4833,-0.4400
52.536,-0.4779,0.2347,-0.2628,-0.0038,1.6059,-0.4834,-0.4400
52.548,-0.4779,0.2347,-0.2662,-0.0038,1.6093,-0.4834,-0.4400
52.560,-0.4779,0.2347,-0.2696,-0.0038,1.6126,-0.4835,-0.4400
52.572,-0.4779,0.2347,-0.2729,-0.0038,1.6160,-0.4836,-0.4400
52.584,-0.4778,0.2347,-0.2763,-0.0038,1.6194,-0.4837,-0.4400
52.596,-0.4778,0.2347,-0.2797,-0.0038,1.6228,-0.4837,-0.4400
52.608,-0.4778,0.2347,-0.2831,-0.0038,1.6261,-0.4838,-0.4400
52.620,-0.4777,0.2347,-0.2864,-0.0038,1.6295,-0.4839,-0.4400
52.632,-0.4777,0.2347,-0.2898,-0.0038,1.6329,-0.4840,-0.4400
52.644,-0.4777,0.2347,-0.2932,-0.0038,1.6363,-0.4840,-0.4400
52.656,-0.4776,0.2347,-0.2966,-0.0038,1.6397,-0.4841,-0.4400
52.668,-0.4776,0.2347,-0.2999,-0.0038,1.6430,-0.4842,-0.4400
52.680,-0.4776,0.2347,-0.3033,-0.0038,1.6464,-0.4843,-0.4400
52.692,-0.4776,0.2347,-0.3067,-0.0038,1.6498,-0.4843,-0.4400
52.704,-0.4775,0.2347,-0.3101,-0.0038,1.6532,-0.4844,-0.4400
52.716,-0.4775,0.2347,-0.3134,-0.0038,1.6565,-0.4845,-0.4400
52.728,-0.4775,0.2347,-0.3168,-0.0038,1.6599,-0.4846,-0.4400
52.740,-0.4774,0.2347,-0.3202,-0.0038,1.6633,-0.4846,-0.4400
52.752,-0.4774,0.2347,-0.3236,-0.0038,1.6667,-0.4847,-0.4400
52.764,-0.4774,0.2347,-0.3267,-0.0038,1.6698,-0.4848,-0.4400
52.776,-0.4773,0.2347,-0.3294,-0.0038,1.6725,-0.4848,-0.4400
52.788,-0.4773,0.2347,-0.3318,-0.0038,1.6749,-0.4849,-0.4400
52.800,-0.4773,0.2347,-0.3339,-0.0038,1.6770,-0.4849,-0.4400
52.812,-0.4773,0.2347,-0.3358,-0.0038,1.6789,-0.4850,-0.4400
52.824,-0.4773,0.2347,-0.3374,-0.0038,1.6806,-0.4850,-0.4400
52.836,-0.4773,0.2347,-0.3374,-0.0038,1.6806,-0.4850,-0.4400
52.848,-0.4777,0.2347,-0.3374,-0.0038,1.6806,-0.4850,-0.4400
52.860,-0.4786,0.2347,-0.3374,-0.0038,1.6806,-0.4850,-0.4400
52.872,-0.4798,0.2347,-0.3375,-0.0038,1.6806,-0.4850,-0.4400
52.884,-0.4813,0.2347,-0.3375,-0.0038,1.6806,-0.4850,-0.4400
52.896,-0.4830,0.2347,-0.3375,-0.0038,1.6807,-0.4850,-0.4400
52.908,-0.4850,0.2347,-0.3376,-0.0038,1.6807,-0.4850,-0.4400
52.920,-0.4872,0.2347,-0.3376,-0.0038,1.6807,-0.4850,-0.4400
52.932,-0.4896,0.2347,-0.3377,-0.0038,1.6808,-0.4850,-0.4400
52.944,-0.4922,0.2347,-0.3377,-0.0038,1.6808,-0.4850,-0.4400
52.956,-0.4949,0.2347,-0.3378,-0.0038,1.6809,-0.4850,-0.4400
52.968,-0.4977,0.2347,-0.3378,-0.0038,1.6809,-0.4850,-0.4400
52.980,-0.5006,0.2347,-0.3379,-0.0038,1.6810,-0.4850,-0.4400
52.992,-0.5036,0.2347,-0.3379,-0.0038,1.6811,-0.4850,-0.4400
53.004,-0.5067,0.2347,-0.3380,-0.0038,1.6811,-0.4850,-0.4400
53.016,-0.5099,0.2347,-0.3381,-0.0038,1.6812,-0.4850,-0.4400
53.028,-0.5132,0.2347,-0.3381,-0.0038,1.6812,-0.4850,-0.4400
53.040,-0.5165,0.2347,-0.3382,-0.0038,1.6813,-0.4850,-0.4400
53.052,-0.5199,0.2347,-0.3382,-0.0038,1.6814,-0.4850,-0.4400
53.064,-0.5233,0.2347,-0.3383,-0.0038,1.6814,-0.4850,-0.4400
53.076,-0.5267,0.2347,-0.3384,-0.0038,1.6815,-0.4850,-0.4400
53.088,-0.5302,0.2347,-0.3384,-0.0038,1.6816,-0.4850,-0.4400
53.100,-0.5337,0.2347,-0.3385,-0.0038,1.6816,-0.4850,-0.4400
53.112,-0.5372,0.2347,-0.3386,-0.0038,1.6817,-0.4850,-0.4400
53.124,-0.5408,0.2347,-0.3386,-0.0038,1.6818,-0.4850,-0.4400
53.136,-0.5444,0.2347,-0.3387,-0.0038,1.6818,-0.4850,-0.4400
53.148,-0.5480,0.2347,-0.3388,-0.0038,1.6819,-0.4850,-0.4400
53.160,-0.5516,0.2347,-0.3389,-0.0038,1.6820,-0.4850,-0.4400
53.172,-0.5552,0.2347,-0.3389,-0.0038,1.6821,-0.4850,-0.4400
53.184,-0.5589,0.2347,-0.3390,-0.0038,1.6821,-0.4850,-0.4400
53.196,-0.5625,0.2347,-0.3391,-0.0038,1.6822,-0.4850,-0.4400
53.208,-0.5662,0.2347,-0.3391,-0.0038,1.6823,-0.4850,-0.4400
53.220,-0.5699,0.2347,-0.3392,-0.0038,1.6823,-0.4850,-0.4400
53.232,-0.5735,0.2347,-0.3393,-0.0038,1.6824,-0.4850,-0.4400
53.244,-0.5772,0.2347,-0.3394,-0.0038,1.6825,-0.4850,-0.4400
53.256,-0.5809,0.2347,-0.3394,-0.0038,1.6826,-0.4850,-0.4400
53.268,-0.5846,0.2347,-0.3395,-0.0038,1.6826,-0.4850,-0.4400
53.280,-0.5883,0.2347,-0.3396,-0.0038,1.6827,-0.4851,-0.4400
53.292,-0.5920,0.2347,-0.3396,-0.0038,1.6828,-0.4851,-0.4400
53.304,-0.5957,0.2347,-0.3397,-0.0038,1.6828,-0.4851,-0.4400
53.316,-0.5994,0.2347,-0.3398,-0.0038,1.6829,-0.4851,-0.4400
53.328,-0.6032,0.2347,-0.3399,-0.0038,1.6830,-0.4851,-0.4400
53.340,-0.6069,0.2347,-0.3399,-0.0038,1.6831,-0.4851,-0.4400
53.352,-0.6106,0.2347,-0.3400,-0.0038,1.6831,-0.4851,-0.4400
53.364,-0.6143,0.2347,-0.3401,-0.0038,1.6832,-0.4851,-0.4400
53.376,-0.6180,0.2347,-0.3401,-0.0038,1.6833,-0.4851,-0.4400
53.388,-0.6218,0.2347,-0.3402,-0.0038,1.6833,-0.4851,-0.4400
53.400,-0.6255,0.2347,-0.3403,-0.0038,1.6834,-0.4851,-0.4400
53.412,-0.6292,0.2347,-0.3404,-0.0038,1.6835,-0.4851,-0.4400
53.424,-0.6329,0.2347,-0.3404,-0.0038,1.6836,-0.4851,-0.4400
53.436,-0.6367,0.2347,-0.3405,-0.0038,1.6836,-0.4851,-0.4400
53.448,-0.6404,0.2347,-0.3406,-0.0038,1.6837,-0.4851,-0.4400
53.460,-0.6441,0.2347,-0.3406,-0.0038,1.6838,-0.4851,-0.4400
53.472,-0.6479,0.2347,-0.3407,-0.0038,1.6838,-0.4851,-0.4400
53.484,-0.6516,0.2347,-0.3408,-0.0038,1.6839,-0.4851,-0.4400
53.496,-0.6553,0.2347,-0.3409,-0.0038,1.6840,-0.4851,-0.4400
53.508,-0.6590,0.2347,-0.3409,-0.0038,1.6841,-0.4851,-0.4400
53.520,-0.6628,0.2347,-0.3410,-0.0038,1.6841,-0.4851,-0.4400
53.532,-0.6665,0.2347,-0.3411,-0.0038,1.6842,-0.4851,-0.4400
53.544,-0.6702,0.2347,-0.3411,-0.0038,1.6843,-0.4851,-0.4400
53.556,-0.6740,0.2347,-0.3412,-0.0038,1.6844,-0.4851,-0.4400
53.568,-0.6777,0.2347,-0.3413,-0.0038,1.6844,-0.4851,-0.4400
53.580,-0.6814,0.2347,-0.3414,-0.0038,1.6845,-0.4851,-0.4400
53.592,-0.6852,0.2347,-0.3414,-0.0038,1.6846,-0.4851,-0.4400
53.604,-0.6889,0.2347,-0.3415,-0.0038,1.6846,-0.4851,-0.4400
53.616,-0.6926,0.2347,-0.3416,-0.0038,1.6847,-0.4851,-0.4400
53.628,-0.6964,0.2347,-0.3417,-0.0038,1.6848,-0.4851,-0.4400
53.640,-0.7001,0.2347,-0.3417,-0.0038,1.6849,-0.4851,-0.4400
53.652,-0.7038,0.2347,-0.3418,-0.0038,1.6849,-0.4851,-0.4400
53.664,-0.7076,0.2347,-0.3419,-0.0038,1.6850,-0.4851,-0.4400
53.676,-0.7113,0.2347,-0.3419,-0.0038,1.6851,-0.4851,-0.4400
53.688,-0.7150,0.2347,-0.3420,-0.0038,1.6851,-0.4851,-0.4400
53.700,-0.7188,0.2347,-0.3421,-0.0038,1.6852,-0.4851,-0.4400
53.712,-0.7225,0.2347,-0.3422,-0.0038,1.6853,-0.4851,-0.4400
53.724,-0.7262,0.2347,-0.3422,-0.0038,1.6854,-0.4851,-0.4400
53.736,-0.7300,0.2347,-0.3423,-0.0038,1.6854,-0.4851,-0.4400
53.748,-0.7337,0.2347,-0.3424,-0.0038,1.6855,-0.4851,-0.4400
53.760,-0.7375,0.2347,-0.3424,-0.0038,1.6856,-0.4851,-0.4400
53.772,-0.7412,0.2347,-0.3425,-0.0038,1.6857,-0.4851,-0.4400
53.784,-0.7449,0.2347,-0.3426,-0.0038,1.6857,-0.4851,-0.4400
53.796,-0.7487,0.2347,-0.3427,-0.0038,1.6858,-0.4851,-0.4400
53.808,-0.7524,0.2347,-0.3427,-0.0038,1.6859,-0.4851,-0.4400
53.820,-0.7561,0.2347,-0.3428,-0.0038,1.6859,-0.4851,-0.4400
53.832,-0.7599,0.2347,-0.3429,-0.0038,1.6860,-0.4851,-0.4400
53.844,-0.7636,0.2347,-0.3430,-0.0038,1.6861,-0.4851,-0.4400
53.856,-0.7673,0.2347,-0.3430,-0.0038,1.6862,-0.4851,-0.4400
53.868,-0.7711,0.2347,-0.3431,-0.0038,1.6862,-0.4851,-0.4400
53.880,-0.7748,0.2347,-0.3432,-0.0038,1.6863,-0.4851,-0.4400
53.892,-0.7785,0.2347,-0.3432,-0.0038,1.6864,-0.4851,-0.4400
53.904,-0.7823,0.2347,-0.3433,-0.0038,1.6864,-0.4851,-0.4400
53.916,-0.7860,0.2347,-0.3434,-0.0038,1.6865,-0.4851,-0.4400
53.928,-0.7897,0.2347,-0.3435,-0.0038,1.6866,-0.4851,-0.4400
53.940,-0.7935,0.2347,-0.3435,-0.0038,1.6867,-0.4851,-0.4400
53.952,-0.7972,0.2347,-0.3436,-0.0038,1.6867,-0.4851,-0.4400
53.964,-0.8009,0.2347,-0.3437,-0.0038,1.6868,-0.4851,-0.4400
53.976,-0.8047,0.2347,-0.3437,-0.0038,1.6869,-0.4851,-0.4400
53.988,-0.8084,0.2347,-0.3438,-0.0038,1.6870,-0.4851,-0.4400
54.000,-0.8121,0.2347,-0.3439,-0.0038,1.6870,-0.4851,-0.4400
54.012,-0.8159,0.2347,-0.3440,-0.0038,1.6871,-0.4851,-0.4400
54.024,-0.8196,0.2347,-0.3440,-0.0038,1.6872,-0.4851,-0.4400
54.036,-0.8233,0.2347,-0.3441,-0.0038,1.6872,-0.4852,-0.4400
54.048,-0.8271,0.2347,-0.3442,-0.0038,1.6873,-0.4852,-0.4400
54.060,-0.8308,0.2347,-0.3442,-0.0038,1.6874,-0.4852,-0.4400
54.072,-0.8345,0.2347,-0.3443,-0.0038,1.6875,-0.4852,-0.4400
54.084,-0.8383,0.2347,-0.3444,-0.0038,1.6875,-0.4852,-0.4400
54.096,-0.8420,0.2347,-0.3445,-0.0038,1.6876,-0.4852,-0.4400
54.108,-0.8458,0.2347,-0.3445,-0.0039,1.6877,-0.4852,-0.4400
54.120,-0.8495,0.2347,-0.3446,-0.0039,1.6877,-0.4852,-0.4400
54.132,-0.8532,0.2347,-0.3447,-0.0039,1.6878,-0.4852,-0.4400
54.144,-0.8570,0.2347,-0.3448,-0.0039,1.6879,-0.4852,-0.4400
54.156,-0.8607,0.2347,-0.3448,-0.0039,1.6880,-0.4852,-0.4400
54.168,-0.8644,0.2347,-0.3449,-0.0039,1.6880,-0.4852,-0.4400
54.180,-0.8682,0.2347,-0.3450,-0.0039,1.6881,-0.4852,-0.4400
54.192,-0.8719,0.2347,-0.3450,-0.0039,1.6882,-0.4852,-0.4400
54.204,-0.8756,0.2347,-0.3451,-0.0039,1.6883,-0.4852,-0.4400
54.216,-0.8794,0.2347,-0.3452,-0.0039,1.6883,-0.4852,-0.4400
54.228,-0.8831,0.2347,-0.3453,-0.0039,1.6884,-0.4852,-0.4400
54.240,-0.8868,0.2347,-0.3453,-0.0039,1.6885,-0.4852,-0.4400
54.252,-0.8906,0.2347,-0.3454,-0.0039,1.6885,-0.4852,-0.4400
54.264,-0.8943,0.2347,-0.3455,-0.0039,1.6886,-0.4852,-0.4400
54.276,-0.8980,0.2347,-0.3455,-0.0039,1.6887,-0.4852,-0.4400
54.288,-0.9018,0.2347,-0.3456,-0.0039,1.6888,-0.4852,-0.4400
54.300,-0.9055,0.2347,-0.3457,-0.0039,1.6888,-0.4852,-0.4400
54.312,-0.9092,0.2347,-0.3458,-0.0039,1.6889,-0.4852,-0.4400
54.324,-0.9130,0.2347,-0.3458,-0.0039,1.6890,-0.4852,-0.4400
54.336,-0.9167,0.2347,-0.3459,-0.0039,1.6890,-0.4852,-0.4400
54.348,-0.9204,0.2347,-0.3460,-0.0039,1.6891,-0.4852,-0.4400
54.360,-0.9242,0.2347,-0.3461,-0.0039,1.6892,-0.4852,-0.4400
54.372,-0.9279,0.2347,-0.3461,-0.0039,1.6893,-0.4852,-0.4400
54.384,-0.9316,0.2347,-0.3462,-0.0039,1.6893,-0.4852,-0.4400
54.396,-0.9354,0.2347,-0.3463,-0.0039,1.6894,-0.4852,-0.4400
54.408,-0.9391,0.2347,-0.3463,-0.0039,1.6895,-0.4852,-0.4400
54.420,-0.9428,0.2347,-0.3464,-0.0039,1.6895,-0.4852,-0.4400
54.432,-0.9466,0.2347,-0.3465,-0.0039,1.6896,-0.4852,-0.4400
54.444,-0.9503,0.2347,-0.3466,-0.0039,1.6897,-0.4852,-0.4400
54.456,-0.9541,0.2347,-0.3466,-0.0039,1.6898,-0.4852,-0.4400
54.468,-0.9578,0.2347,-0.3467,-0.0039,1.6898,-0.4852,-0.4400
54.480,-0.9615,0.2347,-0.3468,-0.0039,1.6899,-0.4852,-0.4400
54.492,-0.9653,0.2347,-0.3468,-0.0039,1.6900,-0.4852,-0.4400
54.504,-0.9690,0.2347,-0.3469,-0.0039,1.6901,-0.4852,-0.4400
54.516,-0.9727,0.2347,-0.3470,-0.0039,1.6901,-0.4852,-0.4400
54.528,-0.9765,0.2347,-0.3471,-0.0039,1.6902,-0.4852,-0.4400
54.540,-0.9802,0.2347,-0.3471,-0.0039,1.6903,-0.4852,-0.4400
54.552,-0.9839,0.2347,-0.3472,-0.0039,1.6903,-0.4852,-0.4400
54.564,-0.9877,0.2347,-0.3473,-0.0039,1.6904,-0.4852,-0.4400
54.576,-0.9914,0.2347,-0.3473,-0.0039,1.6905,-0.4852,-0.4400
54.588,-0.9951,0.2347,-0.3474,-0.0039,1.6906,-0.4852,-0.4400
54.600,-0.9989,0.2347,-0.3475,-0.0039,1.6906,-0.4852,-0.4400
54.612,-1.0026,0.2347,-0.3476,-0.0039,1.6907,-0.4852,-0.4400
54.624,-1.0063,0.2347,-0.3476,-0.0039,1.6908,-0.4852,-0.4400
54.636,-1.0101,0.2347,-0.3477,-0.0039,1.6908,-0.4852,-0.4400
54.648,-1.0138,0.2347,-0.3478,-0.0039,1.6909,-0.4852,-0.4400
54.660,-1.0175,0.2347,-0.3479,-0.0039,1.6910,-0.4852,-0.4400
54.672,-1.0213,0.2347,-0.3479,-0.0039,1.6911,-0.4852,-0.4400
54.684,-1.0250,0.2347,-0.3480,-0.0039,1.6911,-0.4852,-0.4400
54.696,-1.0287,0.2347,-0.3481,-0.0039,1.6912,-0.4852,-0.4400
54.708,-1.0325,0.2347,-0.3481,-0.0039,1.6913,-0.4852,-0.4400
54.720,-1.0362,0.2347,-0.3482,-0.0039,1.6914,-0.4852,-0.4400
54.732,-1.0399,0.2347,-0.3483,-0.0039,1.6914,-0.4852,-0.4400
54.744,-1.0437,0.2347,-0.3484,-0.0039,1.6915,-0.4852,-0.4400
54.756,-1.0474,0.2347,-0.3484,-0.0039,1.6916,-0.4852,-0.4400
54.768,-1.0511,0.2347,-0.3485,-0.0039,1.6916,-0.4852,-0.4400
54.780,-1.0549,0.2347,-0.3486,-0.0039,1.6917,-0.4852,-0.4400
54.792,-1.0586,0.2347,-0.3486,-0.0039,1.6918,-0.4853,-0.4400
54.804,-1.0624,0.2347,-0.3487,-0.0039,1.6919,-0.4853,-0.4400
54.816,-1.0661,0.2347,-0.3488,-0.0039,1.6919,-0.4853,-0.4400
54.828,-1.0698,0.2347,-0.3489,-0.0039,1.6920,-0.4853,-0.4400
54.840,-1.0734,0.2347,-0.3489,-0.0039,1.6921,-0.4853,-0.4400
54.852,-1.0766,0.2347,-0.3490,-0.0039,1.6921,-0.4853,-0.4400
54.864,-1.0793,0.2347,-0.3490,-0.0039,1.6922,-0.4853,-0.4400
54.876,-1.0818,0.2347,-0.3491,-0.0039,1.6922,-0.4853,-0.4400
54.888,-1.0839,0.2347,-0.3491,-0.0039,1.6923,-0.4853,-0.4400
54.900,-1.0858,0.2347,-0.3492,-0.0039,1.6923,-0.4853,-0.4400
54.912,-1.0858,0.2347,-0.3492,-0.0039,1.6923,-0.4853,-0.4400
54.924,-1.0858,0.2349,-0.3492,-0.0039,1.6921,-0.4858,-0.4400
54.936,-1.0859,0.2353,-0.3494,-0.0039,1.6918,-0.4869,-0.4400
54.948,-1.0859,0.2360,-0.3495,-0.0039,1.6914,-0.4883,-0.4400
54.960,-1.0859,0.2367,-0.3498,-0.0039,1.6908,-0.4902,-0.4400
54.972,-1.0860,0.2377,-0.3500,-0.0039,1.6901,-0.4923,-0.4400
54.984,-1.0860,0.2387,-0.3503,-0.0039,1.6893,-0.4948,-0.4400
54.996,-1.0861,0.2399,-0.3506,-0.0039,1.6885,-0.4975,-0.4400
55.008,-1.0862,0.2411,-0.3510,-0.0039,1.6876,-0.5005,-0.4400
55.020,-1.0862,0.2424,-0.3514,-0.0040,1.6866,-0.5036,-0.4400
55.032,-1.0863,0.2438,-0.3518,-0.0040,1.6856,-0.5069,-0.4400
55.044,-1.0864,0.2453,-0.3522,-0.0040,1.6845,-0.5104,-0.4400
55.056,-1.0865,0.2468,-0.3526,-0.0040,1.6834,-0.5140,-0.4400
55.068,-1.0866,0.2484,-0.3530,-0.0041,1.6822,-0.5178,-0.4400
55.080,-1.0866,0.2500,-0.3535,-0.0041,1.6810,-0.5216,-0.4400
55.092,-1.0867,0.2517,-0.3540,-0.0041,1.6798,-0.5255,-0.4400
55.104,-1.0868,0.2534,-0.3544,-0.0041,1.6785,-0.5295,-0.4400
55.116,-1.0869,0.2551,-0.3549,-0.0042,1.6773,-0.5336,-0.4400
55.128,-1.0870,0.2569,-0.3554,-0.0042,1.6760,-0.5378,-0.4400
55.140,-1.0871,0.2587,-0.3559,-0.0042,1.6747,-0.5420,-0.4400
55.152,-1.0872,0.2605,-0.3564,-0.0042,1.6734,-0.5462,-0.4400
55.164,-1.0873,0.2623,-0.3569,-0.0043,1.6720,-0.5505,-0.4400
55.176,-1.0874,0.2641,-0.3574,-0.0043,1.6707,-0.5548,-0.4400
55.188,-1.0875,0.2660,-0.3580,-0.0043,1.6693,-0.5592,-0.4400
55.200,-1.0876,0.2678,-0.3585,-0.0043,1.6679,-0.5636,-0.4400
55.212,-1.0877,0.2697,-0.3590,-0.0044,1.6666,-0.5680,-0.4400
55.224,-1.0878,0.2716,-0.3595,-0.0044,1.6652,-0.5724,-0.4400
55.236,-1.0879,0.2734,-0.3601,-0.0044,1.6638,-0.5769,-0.4400
55.248,-1.0880,0.2753,-0.3606,-0.0045,1.6624,-0.5814,-0.4400
55.260,-1.0881,0.2772,-0.3611,-0.0045,1.6610,-0.5858,-0.4400
55.272,-1.0882,0.2791,-0.3617,-0.0045,1.6596,-0.5904,-0.4400
55.284,-1.0883,0.2811,-0.3622,-0.0045,1.6582,-0.5949,-0.4400
55.296,-1.0884,0.2830,-0.3627,-0.0046,1.6568,-0.5994,-0.4400
55.308,-1.0885,0.2849,-0.3633,-0.0046,1.6554,-0.6039,-0.4400
55.320,-1.0886,0.2868,-0.3638,-0.0046,1.6540,-0.6085,-0.4400
55.332,-1.0887,0.2887,-0.3644,-0.0046,1.6526,-0.6130,-0.4400
55.344,-1.0888,0.2907,-0.3649,-0.0047,1.6511,-0.6176,-0.4400
55.356,-1.0889,0.2926,-0.3655,-0.0047,1.6497,-0.6222,-0.4400
55.368,-1.0890,0.2945,-0.3660,-0.0047,1.6483,-0.6267,-0.4400
55.380,-1.0891,0.2965,-0.3665,-0.0048,1.6469,-0.6313,-0.4400
55.392,-1.0892,0.2984,-0.3671,-0.0048,1.6455,-0.6359,-0.4400
55.404,-1.0893,0.3003,-0.3676,-0.0048,1.6440,-0.6404,-0.4400
55.416,-1.0894,0.3023,-0.3682,-0.0048,1.6426,-0.6450,-0.4400
55.428,-1.0895,0.3042,-0.3687,-0.0049,1.6412,-0.6496,-0.4400
55.440,-1.0896,0.3062,-0.3693,-0.0049,1.6397,-0.6542,-0.4400
55.452,-1.0897,0.3081,-0.3698,-0.0049,1.6383,-0.6588,-0.4400
55.464,-1.0898,0.3101,-0.3704,-0.0050,1.6369,-0.6634,-0.4400
55.476,-1.0900,0.3120,-0.3709,-0.0050,1.6355,-0.6680,-0.4400
55.488,-1.0901,0.3139,-0.3715,-0.0050,1.6340,-0.6726,-0.4400
55.500,-1.0902,0.3159,-0.3720,-0.0050,1.6326,-0.6772,-0.4400
55.512,-1.0903,0.3178,-0.3725,-0.0051,1.6312,-0.6818,-0.4400
55.524,-1.0904,0.3198,-0.3731,-0.0051,1.6297,-0.6864,-0.4400
55.536,-1.0905,0.3217,-0.3736,-0.0051,1.6283,-0.6910,-0.4400
55.548,-1.0906,0.3237,-0.3742,-0.0052,1.6269,-0.6956,-0.4400
55.560,-1.0907,0.3256,-0.3747,-0.0052,1.6254,-0.7002,-0.4400
55.572,-1.0908,0.3276,-0.3753,-0.0052,1.6240,-0.7048,-0.4400
55.584,-1.0909,0.3295,-0.3758,-0.0052,1.6226,-0.7094,-0.4400
55.596,-1.0910,0.3315,-0.3764,-0.0053,1.6212,-0.7140,-0.4400
55.608,-1.0911,0.3334,-0.3769,-0.0053,1.6197,-0.7186,-0.4400
55.620,-1.0912,0.3354,-0.3775,-0.0053,1.6183,-0.7232,-0.4400
55.632,-1.0913,0.3373,-0.3780,-0.0054,1.6169,-0.7278,-0.4400
55.644,-1.0914,0.3393,-0.3786,-0.0054,1.6154,-0.7324,-0.4400
55.656,-1.0915,0.3412,-0.3791,-0.0054,1.6140,-0.7370,-0.4400
55.668,-1.0916,0.3431,-0.3797,-0.0054,1.6126,-0.7416,-0.4400
55.680,-1.0917,0.3451,-0.3802,-0.0055,1.6111,-0.7462,-0.4400
55.692,-1.0918,0.3470,-0.3808,-0.0055,1.6097,-0.7508,-0.4400
55.704,-1.0919,0.3490,-0.3813,-0.0055,1.6083,-0.7554,-0.4400
55.716,-1.0920,0.3509,-0.3819,-0.0056,1.6068,-0.7600,-0.4400
55.728,-1.0921,0.3529,-0.3824,-0.0056,1.6054,-0.7646,-0.4400
55.740,-1.0922,0.3548,-0.3829,-0.0056,1.6040,-0.7692,-0.4400
55.752,-1.0923,0.3568,-0.3835,-0.0056,1.6025,-0.7738,-0.4400
55.764,-1.0924,0.3587,-0.3840,-0.0057,1.6011,-0.7784,-0.4400
55.776,-1.0926,0.3607,-0.3846,-0.0057,1.5997,-0.7830,-0.4400
55.788,-1.0927,0.3626,-0.3851,-0.0057,1.5982,-0.7876,-0.4400
55.800,-1.0928,0.3646,-0.3857,-0.0058,1.5968,-0.7922,-0.4400
55.812,-1.0929,0.3665,-0.3862,-0.0058,1.5954,-0.7968,-0.4400
55.824,-1.0930,0.3685,-0.3868,-0.0058,1.5939,-0.8014,-0.4400
55.836,-1.0931,0.3704,-0.3873,-0.0058,1.5925,-0.8060,-0.4400
55.848,-1.0932,0.3724,-0.3879,-0.0059,1.5911,-0.8106,-0.4400
55.860,-1.0933,0.3743,-0.3884,-0.0059,1.5896,-0.8152,-0.4400
55.872,-1.0934,0.3763,-0.3890,-0.0059,1.5882,-0.8198,-0.4400
55.884,-1.0935,0.3782,-0.3895,-0.0060,1.5868,-0.8244,-0.4400
55.896,-1.0936,0.3802,-0.3901,-0.0060,1.5853,-0.8290,-0.4400
55.908,-1.0937,0.3821,-0.3906,-0.0060,1.5839,-0.8336,-0.4400
55.920,-1.0938,0.3841,-0.3912,-0.0060,1.5825,-0.8382,-0.4400
55.932,-1.0939,0.3860,-0.3917,-0.0061,1.5810,-0.8429,-0.4400
55.944,-1.0940,0.3880,-0.3923,-0.0061,1.5796,-0.8475,-0.4400
55.956,-1.0941,0.3899,-0.3928,-0.0061,1.5782,-0.8521,-0.4400
55.968,-1.0942,0.3919,-0.3934,-0.0062,1.5768,-0.8567,-0.4400
55.980,-1.0943,0.3938,-0.3939,-0.0062,1.5753,-0.8613,-0.4400
55.992,-1.0944,0.3958,-0.3944,-0.0062,1.5739,-0.8659,-0.4400
56.004,-1.0945,0.3977,-0.3950,-0.0062,1.5725,-0.8705,-0.4400
56.016,-1.0946,0.3997,-0.3955,-0.0063,1.5710,-0.8751,-0.4400
56.028,-1.0947,0.4016,-0.3961,-0.0063,1.5696,-0.8797,-0.4400
56.040,-1.0948,0.4036,-0.3966,-0.0063,1.5682,-0.8843,-0.4400
56.052,-1.0949,0.4055,-0.3972,-0.0064,1.5667,-0.8889,-0.4400
56.064,-1.0951,0.4074,-0.3977,-0.0064,1.5653,-0.8935,-0.4400
56.076,-1.0952,0.4094,-0.3983,-0.0064,1.5639,-0.8981,-0.4400
56.088,-1.0953,0.4113,-0.3988,-0.0064,1.5624,-0.9027,-0.4400
56.100,-1.0954,0.4133,-0.3994,-0.0065,1.5610,-0.9073,-0.4400
56.112,-1.0955,0.4152,-0.3999,-0.0065,1.5596,-0.9119,-0.4400
56.124,-1.0956,0.4172,-0.4005,-0.0065,1.5581,-0.9165,-0.4400
56.136,-1.0957,0.4191,-0.4010,-0.0066,1.5567,-0.9211,-0.4400
56.148,-1.0958,0.4211,-0.4016,-0.0066,1.5553,-0.9257,-0.4400
56.160,-1.0959,0.4230,-0.4021,-0.0066,1.5538,-0.9303,-0.4400
56.172,-1.0960,0.4250,-0.4027,-0.0066,1.5524,-0.9349,-0.4400
56.184,-1.0961,0.4269,-0.4032,-0.0067,1.5510,-0.9395,-0.4400
56.196,-1.0962,0.4289,-0.4038,-0.0067,1.5495,-0.9441,-0.4400
56.208,-1.0963,0.4308,-0.4043,-0.0067,1.5481,-0.9487,-0.4400
56.220,-1.0964,0.4328,-0.4049,-0.0068,1.5467,-0.9534,-0.4400
56.232,-1.0965,0.4347,-0.4054,-0.0068,1.5452,-0.9580,-0.4400
56.244,-1.0966,0.4367,-0.4060,-0.0068,1.5438,-0.9626,-0.4400
56.256,-1.0967,0.4386,-0.4065,-0.0068,1.5424,-0.9672,-0.4400
56.268,-1.0968,0.4406,-0.4070,-0.0069,1.5409,-0.9718,-0.4400
56.280,-1.0969,0.4425,-0.4076,-0.0069,1.5395,-0.9764,-0.4400
56.292,-1.0970,0.4445,-0.4081,-0.0069,1.5381,-0.9810,-0.4400
56.304,-1.0971,0.4464,-0.4087,-0.0070,1.5366,-0.9856,-0.4400
56.316,-1.0972,0.4484,-0.4092,-0.0070,1.5352,-0.9902,-0.4400
56.328,-1.0973,0.4503,-0.4098,-0.0070,1.5338,-0.9948,-0.4400
56.340,-1.0974,0.4523,-0.4103,-0.0070,1.5323,-0.9994,-0.4400
56.352,-1.0975,0.4542,-0.4109,-0.0071,1.5309,-1.0040,-0.4400
56.364,-1.0977,0.4562,-0.4114,-0.0071,1.5295,-1.0086,-0.4400
56.376,-1.0978,0.4581,-0.4120,-0.0071,1.5280,-1.0132,-0.4400
56.388,-1.0979,0.4601,-0.4125,-0.0072,1.5266,-1.0178,-0.4400
56.400,-1.0980,0.4620,-0.4131,-0.0072,1.5252,-1.0224,-0.4400
56.412,-1.0981,0.4640,-0.4136,-0.0072,1.5237,-1.0270,-0.4400
56.424,-1.0982,0.4659,-0.4142,-0.0073,1.5223,-1.0316,-0.4400
56.436,-1.0983,0.4679,-0.4147,-0.0073,1.5209,-1.0362,-0.4400
56.448,-1.0984,0.4698,-0.4153,-0.0073,1.5194,-1.0408,-0.4400
56.460,-1.0985,0.4718,-0.4158,-0.0073,1.5180,-1.0454,-0.4400
56.472,-1.0986,0.4737,-0.4164,-0.0074,1.5166,-1.0500,-0.4400
56.484,-1.0987,0.4757,-0.4169,-0.0074,1.5152,-1.0546,-0.4400
56.496,-1.0988,0.4776,-0.4175,-0.0074,1.5137,-1.0592,-0.4400
56.508,-1.0989,0.4795,-0.4180,-0.0075,1.5123,-1.0639,-0.4400
56.520,-1.0990,0.4813,-0.4185,-0.0075,1.5110,-1.0681,-0.4400
56.532,-1.0991,0.4829,-0.4189,-0.0075,1.5098,-1.0718,-0.4400
56.544,-1.0992,0.4843,-0.4193,-0.0075,1.5088,-1.0751,-0.4400
56.556,-1.0992,0.4855,-0.4197,-0.0075,1.5079,-1.0780,-0.4400
56.568,-1.0993,0.4866,-0.4200,-0.0076,1.5071,-1.0805,-0.4400
56.580,-1.0993,0.4876,-0.4202,-0.0076,1.5064,-1.0828,-0.4400
56.592,-1.0994,0.4884,-0.4205,-0.0076,1.5058,-1.0847,-0.4400
56.604,-1.0994,0.4891,-0.4207,-0.0076,1.5053,-1.0865,-0.4400
56.616,-1.0994,0.4898,-0.4209,-0.0076,1.5048,-1.0880,-0.4400
56.628,-1.0994,0.4898,-0.4209,-0.0076,1.5048,-1.0880,-0.4400
56.640,-1.0995,0.4899,-0.4206,-0.0076,1.5044,-1.0880,-0.4400
56.652,-1.0995,0.4901,-0.4200,-0.0076,1.5036,-1.0880,-0.4400
56.664,-1.0995,0.4905,-0.4193,-0.0076,1.5025,-1.0881,-0.4400
56.676,-1.0995,0.4909,-0.4183,-0.0076,1.5011,-1.0881,-0.4400
56.688,-1.0995,0.4914,-0.4172,-0.0076,1.4995,-1.0882,-0.4400
56.700,-1.0995,0.4920,-0.4159,-0.0076,1.4976,-1.0883,-0.4400
56.712,-1.0996,0.4927,-0.4145,-0.0076,1.4956,-1.0883,-0.4400
56.724,-1.0996,0.4934,-0.4130,-0.0076,1.4933,-1.0884,-0.4400
56.736,-1.0996,0.4941,-0.4114,-0.0076,1.4910,-1.0885,-0.4400
56.748,-1.0997,0.4949,-0.4097,-0.0076,1.4885,-1.0886,-0.4400
56.760,-1.0997,0.4957,-0.4079,-0.0076,1.4859,-1.0887,-0.4400
56.772,-1.0998,0.4966,-0.4060,-0.0076,1.4832,-1.0888,-0.4400
56.784,-1.0998,0.4975,-0.4041,-0.0076,1.4804,-1.0889,-0.4400
56.796,-1.0998,0.4984,-0.4021,-0.0076,1.4775,-1.0890,-0.4400
56.808,-1.0999,0.4993,-0.4001,-0.0076,1.4745,-1.0891,-0.4400
56.820,-1.0999,0.5003,-0.3980,-0.0076,1.4715,-1.0893,-0.4400
56.832,-1.1000,0.5012,-0.3959,-0.0076,1.4685,-1.0894,-0.4400
56.844,-1.1000,0.5022,-0.3938,-0.0076,1.4653,-1.0895,-0.4400
56.856,-1.1000,0.5032,-0.3916,-0.0076,1.4622,-1.0896,-0.4400
56.868,-1.1001,0.5042,-0.3894,-0.0076,1.4590,-1.0897,-0.4400
56.880,-1.1001,0.5052,-0.3872,-0.0076,1.4558,-1.0899,-0.4400
56.892,-1.1002,0.5063,-0.3849,-0.0076,1.4525,-1.0900,-0.4400
56.904,-1.1002,0.5073,-0.3827,-0.0076,1.4492,-1.0901,-0.4400
56.916,-1.1003,0.5083,-0.3804,-0.0076,1.4459,-1.0902,-0.4400
56.928,-1.1003,0.5094,-0.3781,-0.0076,1.4426,-1.0904,-0.4400
56.940,-1.1004,0.5105,-0.3759,-0.0076,1.4393,-1.0905,-0.4400
56.952,-1.1004,0.5115,-0.3736,-0.0076,1.4359,-1.0906,-0.4400
56.964,-1.1005,0.5126,-0.3712,-0.0076,1.4326,-1.0907,-0.4400
56.976,-1.1005,0.5136,-0.3689,-0.0076,1.4292,-1.0909,-0.4400
56.988,-1.1006,0.5147,-0.3666,-0.0076,1.4258,-1.0910,-0.4400
57.000,-1.1006,0.5158,-0.3643,-0.0076,1.4224,-1.0911,-0.4400
57.012,-1.1007,0.5169,-0.3619,-0.0076,1.4190,-1.0913,-0.4400
57.024,-1.1007,0.5179,-0.3596,-0.0076,1.4156,-1.0914,-0.4400
57.036,-1.1008,0.5190,-0.3572,-0.0076,1.4122,-1.0915,-0.4400
57.048,-1.1008,0.5201,-0.3549,-0.0076,1.4088,-1.0917,-0.4400
57.060,-1.1008,0.5212,-0.3525,-0.0076,1.4054,-1.0918,-0.4400
57.072,-1.1009,0.5223,-0.3502,-0.0076,1.4019,-1.0919,-0.4400
57.084,-1.1009,0.5233,-0.3478,-0.0076,1.3985,-1.0921,-0.4400
57.096,-1.1010,0.5244,-0.3455,-0.0076,1.3951,-1.0922,-0.4400
57.108,-1.1010,0.5255,-0.3431,-0.0076,1.3916,-1.0923,-0.4400
57.120,-1.1011,0.5266,-0.3407,-0.0076,1.3882,-1.0924,-0.4400
57.132,-1.1011,0.5277,-0.3384,-0.0076,1.3847,-1.0926,-0.4400
57.144,-1.1012,0.5288,-0.3360,-0.0076,1.3813,-1.0927,-0.4400
57.156,-1.1012,0.5299,-0.3336,-0.0076,1.3778,-1.0928,-0.4400
57.168,-1.1013,0.5310,-0.3313,-0.0076,1.3744,-1.0930,-0.4400
57.180,-1.1013,0.5320,-0.3289,-0.0076,1.3710,-1.0931,-0.4400
57.192,-1.1014,0.5331,-0.3265,-0.0076,1.3675,-1.0932,-0.4400
57.204,-1.1014,0.5342,-0.3241,-0.0076,1.3640,-1.0934,-0.4400
57.216,-1.1015,0.5353,-0.3218,-0.0076,1.3606,-1.0935,-0.4400
57.228,-1.1015,0.5364,-0.3194,-0.0076,1.3571,-1.0936,-0.4400
57.240,-1.1016,0.5375,-0.3170,-0.0076,1.3537,-1.0938,-0.4400
57.252,-1.1016,0.5386,-0.3146,-0.0076,1.3502,-1.0939,-0.4400
57.264,-1.1017,0.5397,-0.3123,-0.0076,1.3468,-1.0940,-0.4400
57.276,-1.1017,0.5408,-0.3099,-0.0077,1.3433,-1.0942,-0.4400
57.288,-1.1018,0.5419,-0.3075,-0.0077,1.3399,-1.0943,-0.4400
57.300,-1.1018,0.5430,-0.3051,-0.0077,1.3364,-1.0944,-0.4400
57.312,-1.1019,0.5440,-0.3028,-0.0077,1.3330,-1.0946,-0.4400
57.324,-1.1019,0.5451,-0.3004,-0.0077,1.3295,-1.0947,-0.4400
57.336,-1.1020,0.5462,-0.2980,-0.0077,1.3260,-1.0948,-0.4400
57.348,-1.1020,0.5473,-0.2956,-0.0077,1.3226,-1.0950,-0.4400
57.360,-1.1021,0.5484,-0.2933,-0.0077,1.3191,-1.0951,-0.4400
57.372,-1.1021,0.5495,-0.2909,-0.0077,1.3157,-1.0952,-0.4400
57.384,-1.1022,0.5506,-0.2885,-0.0077,1.3122,-1.0954,-0.4400
57.396,-1.1022,0.5517,-0.2861,-0.0077,1.3087,-1.0955,-0.4400
57.408,-1.1023,0.5528,-0.2837,-0.0077,1.3053,-1.0956,-0.4400
57.420,-1.1023,0.5539,-0.2814,-0.0077,1.3018,-1.0958,-0.4400
57.432,-1.1024,0.5550,-0.2790,-0.0077,1.2984,-1.0959,-0.4400
57.444,-1.1024,0.5561,-0.2766,-0.0077,1.2949,-1.0960,-0.4400
57.456,-1.1025,0.5572,-0.2742,-0.0077,1.2915,-1.0962,-0.4400
57.468,-1.1025,0.5583,-0.2719,-0.0077,1.2880,-1.0963,-0.4400
57.480,-1.1026,0.5593,-0.2695,-0.0077,1.2845,-1.0964,-0.4400
57.492,-1.1026,0.5604,-0.2671,-0.0077,1.2811,-1.0965,-0.4400
57.504,-1.1027,0.5615,-0.2647,-0.0077,1.2776,-1.0967,-0.4400
57.516,-1.1027,0.5626,-0.2624,-0.0077,1.2742,-1.0968,-0.4400
57.528,-1.1028,0.5637,-0.2600,-0.0077,1.2707,-1.0969,-0.4400
57.540,-1.1028,0.5648,-0.2576,-0.0077,1.2672,-1.0971,-0.4400
57.552,-1.1028,0.5659,-0.2552,-0.0077,1.2638,-1.0972,-0.4400
57.564,-1.1029,0.5670,-0.2528,-0.0077,1.2603,-1.0973,-0.4400
57.576,-1.1029,0.5681,-0.2505,-0.0077,1.2569,-1.0975,-0.4400
57.588,-1.1030,0.5692,-0.2481,-0.0077,1.2534,-1.0976,-0.4400
57.600,-1.1030,0.5703,-0.2457,-0.0077,1.2499,-1.0977,-0.4400
57.612,-1.1031,0.5714,-0.2433,-0.0077,1.2465,-1.0979,-0.4400
57.624,-1.1031,0.5725,-0.2410,-0.0077,1.2430,-1.0980,-0.4400
57.636,-1.1032,0.5736,-0.2386,-0.0077,1.2396,-1.0981,-0.4400
57.648,-1.1032,0.5746,-0.2362,-0.0077,1.2361,-1.0983,-0.4400
57.660,-1.1033,0.5757,-0.2338,-0.0077,1.2327,-1.0984,-0.4400
57.672,-1.1033,0.5768,-0.2314,-0.0077,1.2292,-1.0985,-0.4400
57.684,-1.1034,0.5779,-0.2291,-0.0077,1.2257,-1.0987,-0.4400
57.696,-1.1034,0.5790,-0.2267,-0.0077,1.2223,-1.0988,-0.4400
57.708,-1.1035,0.5801,-0.2243,-0.0077,1.2188,-1.0989,-0.4400
57.720,-1.1035,0.5812,-0.2219,-0.0077,1.2154,-1.0991,-0.4400
57.732,-1.1036,0.5823,-0.2196,-0.0077,1.2119,-1.0992,-0.4400
57.744,-1.1036,0.5834,-0.2172,-0.0077,1.2084,-1.0993,-0.4400
57.756,-1.1037,0.5845,-0.2148,-0.0077,1.2050,-1.0995,-0.4400
57.768,-1.1037,0.5856,-0.2124,-0.0077,1.2015,-1.0996,-0.4400
57.780,-1.1038,0.5867,-0.2100,-0.0077,1.1981,-1.0997,-0.4400
57.792,-1.1038,0.5878,-0.2077,-0.0077,1.1946,-1.0999,-0.4400
57.804,-1.1039,0.5889,-0.2053,-0.0077,1.1911,-1.1000,-0.4400
57.816,-1.1039,0.5899,-0.2029,-0.0077,1.1877,-1.1001,-0.4400
57.828,-1.1040,0.5910,-0.2005,-0.0077,1.1842,-1.1003,-0.4400
57.840,-1.1040,0.5920,-0.1984,-0.0077,1.1812,-1.1004,-0.4400
57.852,-1.1041,0.5928,-0.1966,-0.0077,1.1785,-1.1005,-0.4400
57.864,-1.1041,0.5936,-0.1950,-0.0077,1.1761,-1.1006,-0.4400
57.876,-1.1041,0.5942,-0.1936,-0.0077,1.1741,-1.1006,-0.4400
57.888,-1.1041,0.5948,-0.1923,-0.0077,1.1722,-1.1007,-0.4400
57.900,-1.1042,0.5953,-0.1912,-0.0077,1.1706,-1.1008,-0.4400
57.912,-1.1042,0.5958,-0.1902,-0.0077,1.1692,-1.1008,-0.4400
57.924,-1.1042,0.5962,-0.1894,-0.0077,1.1680,-1.1009,-0.4395
57.936,-1.1042,0.5965,-0.1886,-0.0077,1.1669,-1.1009,-0.4385
57.948,-1.1042,0.5968,-0.1880,-0.0077,1.1659,-1.1010,-0.4371
57.960,-1.1042,0.5971,-0.1874,-0.0077,1.1651,-1.1010,-0.4353
57.972,-1.1043,0.5973,-0.1869,-0.0077,1.1643,-1.1010,-0.4332
57.984,-1.1043,0.5975,-0.1864,-0.0077,1.1637,-1.1010,-0.4309
57.996,-1.1043,0.5977,-0.1860,-0.0077,1.1631,-1.1011,-0.4283
58.008,-1.1043,0.5979,-0.1857,-0.0077,1.1626,-1.1011,-0.4255
58.020,-1.1043,0.5980,-0.1854,-0.0077,1.1621,-1.1011,-0.4225
58.032,-1.1043,0.5981,-0.1851,-0.0077,1.1617,-1.1011,-0.4193
58.044,-1.1043,0.5983,-0.1848,-0.0077,1.1614,-1.1011,-0.4160
58.056,-1.1043,0.5983,-0.1846,-0.0077,1.1611,-1.1011,-0.4125
58.068,-1.1043,0.5984,-0.1844,-0.0077,1.1608,-1.1012,-0.4089
58.080,-1.1043,0.5985,-0.1843,-0.0077,1.1606,-1.1012,-0.4053
58.092,-1.1043,0.5986,-0.1841,-0.0077,1.1604,-1.1012,-0.4015
58.104,-1.1043,0.5986,-0.1840,-0.0077,1.1602,-1.1012,-0.3977
58.116,-1.1043,0.5987,-0.1839,-0.0077,1.1600,-1.1012,-0.3938
58.128,-1.1043,0.5987,-0.1838,-0.0077,1.1599,-1.1012,-0.3898
58.140,-1.1043,0.5988,-0.1837,-0.0077,1.1598,-1.1012,-0.3858
58.152,-1.1043,0.5988,-0.1836,-0.0077,1.1597,-1.1012,-0.3818
58.164,-1.1043,0.5988,-0.1836,-0.0077,1.1596,-1.1012,-0.3777
58.176,-1.1043,0.5989,-0.1835,-0.0077,1.1595,-1.1012,-0.3735
58.188,-1.1043,0.5989,-0.1835,-0.0077,1.1594,-1.1012,-0.3694
58.200,-1.1043,0.5989,-0.1834,-0.0077,1.1593,-1.1012,-0.3652
58.212,-1.1043,0.5989,-0.1834,-0.0077,1.1593,-1.1012,-0.3609
58.224,-1.1043,0.5989,-0.1834,-0.0077,1.1592,-1.1012,-0.3567
58.236,-1.1043,0.5989,-0.1833,-0.0077,1.1592,-1.1012,-0.3524
58.248,-1.1043,0.5990,-0.1833,-0.0077,1.1591,-1.1012,-0.3482
58.260,-1.1043,0.5990,-0.1833,-0.0077,1.1591,-1.1012,-0.3439
58.272,-1.1043,0.5990,-0.1832,-0.0077,1.1591,-1.1012,-0.3396
58.284,-1.1043,0.5990,-0.1832,-0.0077,1.1591,-1.1012,-0.3353
58.296,-1.1043,0.5990,-0.1832,-0.0077,1.1590,-1.1012,-0.3309
58.308,-1.1043,0.5990,-0.1832,-0.0077,1.1590,-1.1012,-0.3266
58.320,-1.1043,0.5990,-0.1832,-0.0077,1.1590,-1.1012,-0.3222
58.332,-1.1043,0.5990,-0.1832,-0.0077,1.1590,-1.1012,-0.3179
58.344,-1.1043,0.5990,-0.1832,-0.0077,1.1590,-1.1012,-0.3135
58.356,-1.1043,0.5990,-0.1832,-0.0077,1.1589,-1.1012,-0.3092
58.368,-1.1043,0.5990,-0.1832,-0.0077,1.1589,-1.1012,-0.3048
58.380,-1.1043,0.5990,-0.1831,-0.0077,1.1589,-1.1012,-0.3004
58.392,-1.1043,0.5990,-0.1831,-0.0077,1.1589,-1.1012,-0.2961
58.404,-1.1043,0.5990,-0.1831,-0.0077,1.1589,-1.1012,-0.2917
58.416,-1.1043,0.5990,-0.1831,-0.0077,1.1589,-1.1012,-0.2873
58.428,-1.1043,0.5990,-0.1831,-0.0077,1.1589,-1.1012,-0.2829
58.440,-1.1043,0.5990,-0.1831,-0.0077,1.1589,-1.1012,-0.2786
58.452,-1.1043,0.5990,-0.1831,-0.0077,1.1589,-1.1012,-0.2742
58.464,-1.1043,0.5990,-0.1831,-0.0077,1.1589,-1.1012,-0.2698
58.476,-1.1043,0.5990,-0.1831,-0.0077,1.1589,-1.1012,-0.2654
58.488,-1.1043,0.5990,-0.1831,-0.0077,1.1589,-1.1012,-0.2610
58.500,-1.1043,0.5990,-0.1831,-0.0077,1.1589,-1.1012,-0.2566
58.512,-1.1043,0.5990,-0.1831,-0.0077,1.1589,-1.1012,-0.2522
58.524,-1.1043,0.5990,-0.1831,-0.0077,1.1589,-1.1012,-0.2478
58.536,-1.1043,0.5990,-0.1831,-0.0077,1.1589,-1.1012,-0.2434
58.548,-1.1043,0.5990,-0.1831,-0.0077,1.1589,-1.1012,-0.2390
58.560,-1.1043,0.5990,-0.1831,-0.0077,1.1589,-1.1012,-0.2346
58.572,-1.1043,0.5991,-0.1831,-0.0077,1.1589,-1.1012,-0.2302
58.584,-1.1043,0.5991,-0.1831,-0.0077,1.1589,-1.1012,-0.2258
58.596,-1.1043,0.5991,-0.1831,-0.0077,1.1589,-1.1012,-0.2214
58.608,-1.1043,0.5991,-0.1831,-0.0077,1.1589,-1.1012,-0.2170
58.620,-1.1043,0.5991,-0.1831,-0.0077,1.1589,-1.1012,-0.2126
58.632,-1.1043,0.5991,-0.1831,-0.0077,1.1589,-1.1012,-0.2083
58.644,-1.1043,0.5991,-0.1831,-0.0077,1.1589,-1.1012,-0.2039
58.656,-1.1043,0.5991,-0.1831,-0.0077,1.1589,-1.1012,-0.1995
58.668,-1.1043,0.5991,-0.1831,-0.0077,1.1589,-1.1012,-0.1951
58.680,-1.1043,0.5991,-0.1831,-0.0077,1.1589,-1.1012,-0.1907
58.692,-1.1043,0.5991,-0.1831,-0.0077,1.1589,-1.1012,-0.1863
58.704,-1.1043,0.5991,-0.1831,-0.0077,1.1589,-1.1012,-0.1819
58.716,-1.1043,0.5991,-0.1831,-0.0077,1.1589,-1.1012,-0.1775
58.728,-1.1043,0.5991,-0.1831,-0.0077,1.1589,-1.1012,-0.1731
58.740,-1.1043,0.5991,-0.1831,-0.0077,1.1589,-1.1012,-0.1687
58.752,-1.1043,0.5991,-0.1831,-0.0077,1.1589,-1.1012,-0.1643
58.764,-1.1043,0.5991,-0.1831,-0.0077,1.1589,-1.1012,-0.1599
58.776,-1.1043,0.5991,-0.1831,-0.0077,1.1589,-1.1012,-0.1555
58.788,-1.1043,0.5991,-0.1831,-0.0077,1.1589,-1.1012,-0.1511
58.800,-1.1043,0.5991,-0.1831,-0.0077,1.1589,-1.1012,-0.1467
58.812,-1.1043,0.5991,-0.1831,-0.0077,1.1589,-1.1012,-0.1423
58.824,-1.1043,0.5991,-0.1831,-0.0077,1.1589,-1.1012,-0.1379
58.836,-1.1043,0.5991,-0.1831,-0.0077,1.1589,-1.1012,-0.1335
58.848,-1.1043,0.5991,-0.1831,-0.0077,1.1589,-1.1012,-0.1291
58.860,-1.1043,0.5991,-0.1831,-0.0077,1.1589,-1.1012,-0.1247
58.872,-1.1043,0.5991,-0.1831,-0.0077,1.1589,-1.1012,-0.1203
58.884,-1.1043,0.5991,-0.1831,-0.0077,1.1589,-1.1012,-0.1159
58.896,-1.1043,0.5991,-0.1831,-0.0077,1.1589,-1.1012,-0.1115
58.908,-1.1043,0.5991,-0.1831,-0.0077,1.1589,-1.1012,-0.1071
58.920,-1.1043,0.5991,-0.1831,-0.0077,1.1589,-1.1012,-0.1027
58.932,-1.1043,0.5991,-0.1831,-0.0077,1.1589,-1.1012,-0.0983
58.944,-1.1043,0.5991,-0.1831,-0.0077,1.1589,-1.1012,-0.0939
58.956,-1.1043,0.5991,-0.1831,-0.0077,1.1589,-1.1012,-0.0895
58.968,-1.1043,0.5991,-0.1831,-0.0077,1.1589,-1.1012,-0.0851
58.980,-1.1043,0.5991,-0.1831,-0.0077,1.1589,-1.1012,-0.0807
58.992,-1.1043,0.5991,-0.1831,-0.0077,1.1589,-1.1012,-0.0763
59.004,-1.1043,0.5991,-0.1831,-0.0077,1.1589,-1.1012,-0.0719
59.016,-1.1043,0.5991,-0.1831,-0.0077,1.1589,-1.1012,-0.0675
59.028,-1.1043,0.5991,-0.1831,-0.0077,1.1589,-1.1012,-0.0631
59.040,-1.1043,0.5991,-0.1831,-0.0077,1.1589,-1.1012,-0.0587
59.052,-1.1043,0.5991,-0.1831,-0.0077,1.1589,-1.1012,-0.0543
59.064,-1.1043,0.5991,-0.1831,-0.0077,1.1589,-1.1012,-0.0499
59.076,-1.1043,0.5991,-0.1831,-0.0077,1.1589,-1.1012,-0.0455
59.088,-1.1043,0.5991,-0.1831,-0.0077,1.1589,-1.1012,-0.0411
59.100,-1.1043,0.5991,-0.1831,-0.0077,1.1589,-1.1012,-0.0367
59.112,-1.1043,0.5991,-0.1831,-0.0077,1.1589,-1.1012,-0.0323
59.124,-1.1043,0.5991,-0.1831,-0.0077,1.1589,-1.1012,-0.0284
59.136,-1.1043,0.5991,-0.1831,-0.0077,1.1589,-1.1012,-0.0250
59.148,-1.1043,0.5991,-0.1831,-0.0077,1.1589,-1.1012,-0.0220
59.160,-1.1043,0.5989,-0.1834,-0.0077,1.1593,-1.1012,-0.0194
59.172,-1.1043,0.5987,-0.1839,-0.0077,1.1600,-1.1012,-0.0170
59.184,-1.1043,0.5984,-0.1847,-0.0077,1.1611,-1.1012,-0.0150
59.196,-1.1043,0.5979,-0.1856,-0.0077,1.1625,-1.1012,-0.0132
59.208,-1.1043,0.5974,-0.1868,-0.0077,1.1641,-1.1012,-0.0116
59.220,-1.1042,0.5969,-0.1880,-0.0077,1.1660,-1.1012,-0.0102
59.232,-1.1042,0.5963,-0.1895,-0.0077,1.1680,-1.1012,-0.0090
59.244,-1.1042,0.5956,-0.1910,-0.0077,1.1702,-1.1012,-0.0079
59.256,-1.1041,0.5949,-0.1926,-0.0077,1.1725,-1.1011,-0.0070
59.268,-1.1041,0.5941,-0.1944,-0.0077,1.1750,-1.1011,-0.0061
59.280,-1.1041,0.5933,-0.1962,-0.0077,1.1776,-1.1011,-0.0054
59.292,-1.1040,0.5925,-0.1980,-0.0077,1.1803,-1.1011,-0.0047
59.304,-1.1040,0.5917,-0.2000,-0.0077,1.1830,-1.1011,-0.0042
59.316,-1.1040,0.5908,-0.2020,-0.0077,1.1859,-1.1011,-0.0037
59.328,-1.1039,0.5899,-0.2040,-0.0077,1.1888,-1.1010,-0.0032
59.340,-1.1039,0.5890,-0.2061,-0.0077,1.1918,-1.1010,-0.0028
59.352,-1.1038,0.5881,-0.2082,-0.0077,1.1948,-1.1010,-0.0025
59.364,-1.1038,0.5871,-0.2104,-0.0077,1.1979,-1.1010,-0.0022
59.376,-1.1038,0.5862,-0.2125,-0.0077,1.2010,-1.1010,-0.0019
59.388,-1.1037,0.5852,-0.2147,-0.0077,1.2042,-1.1010,-0.0017
59.400,-1.1037,0.5842,-0.2170,-0.0077,1.2074,-1.1009,-0.0015
59.412,-1.1036,0.5833,-0.2192,-0.0077,1.2106,-1.1009,-0.0013
59.424,-1.1036,0.5823,-0.2215,-0.0077,1.2138,-1.1009,-0.0012
59.436,-1.1035,0.5813,-0.2238,-0.0077,1.2171,-1.1009,-0.0010
59.448,-1.1035,0.5803,-0.2261,-0.0077,1.2204,-1.1009,-0.0009
59.460,-1.1035,0.5793,-0.2284,-0.0077,1.2237,-1.1008,-0.0008
59.472,-1.1034,0.5782,-0.2307,-0.0077,1.2270,-1.1008,-0.0007
59.484,-1.1034,0.5772,-0.2330,-0.0077,1.2303,-1.1008,-0.0006
59.496,-1.1033,0.5762,-0.2353,-0.0077,1.2337,-1.1008,-0.0005
59.508,-1.1033,0.5752,-0.2377,-0.0077,1.2370,-1.1008,-0.0005
59.520,-1.1032,0.5742,-0.2400,-0.0077,1.2404,-1.1007,-0.0004
59.532,-1.1032,0.5731,-0.2424,-0.0077,1.2437,-1.1007,-0.0004
59.544,-1.1031,0.5721,-0.2447,-0.0077,1.2471,-1.1007,-0.0003
59.556,-1.1031,0.5711,-0.2471,-0.0077,1.2505,-1.1007,-0.0003
59.568,-1.1030,0.5700,-0.2494,-0.0077,1.2539,-1.1007,-0.0003
59.580,-1.1030,0.5690,-0.2518,-0.0077,1.2573,-1.1006,-0.0002
59.592,-1.1030,0.5680,-0.2542,-0.0077,1.2607,-1.1006,-0.0002
59.604,-1.1029,0.5669,-0.2566,-0.0077,1.2641,-1.1006,-0.0002
59.616,-1.1029,0.5659,-0.2589,-0.0077,1.2675,-1.1006,-0.0002
59.628,-1.1028,0.5648,-0.2613,-0.0077,1.2709,-1.1006,-0.0001
59.640,-1.1028,0.5638,-0.2637,-0.0077,1.2743,-1.1005,-0.0001
59.652,-1.1027,0.5628,-0.2661,-0.0077,1.2777,-1.1005,-0.0001
59.664,-1.1027,0.5617,-0.2684,-0.0077,1.2811,-1.1005,-0.0001
59.676,-1.1026,0.5607,-0.2708,-0.0077,1.2845,-1.1005,-0.0001
59.688,-1.1026,0.5596,-0.2732,-0.0077,1.2879,-1.1004,-0.0001
59.700,-1.1025,0.5586,-0.2756,-0.0077,1.2913,-1.1004,-0.0001
59.712,-1.1025,0.5576,-0.2780,-0.0077,1.2948,-1.1004,-0.0001
59.724,-1.1024,0.5565,-0.2804,-0.0077,1.2982,-1.1004,-0.0000
59.736,-1.1024,0.5555,-0.2828,-0.0077,1.3016,-1.1004,-0.0000
59.748,-1.1024,0.5544,-0.2851,-0.0077,1.3050,-1.1003,-0.0000
59.760,-1.1023,0.5534,-0.2875,-0.0077,1.3084,-1.1003,-0.0000
59.772,-1.1023,0.5523,-0.2899,-0.0077,1.3118,-1.1003,-0.0000
59.784,-1.1022,0.5513,-0.2923,-0.0077,1.3153,-1.1003,-0.0000
59.796,-1.1022,0.5502,-0.2947,-0.0077,1.3187,-1.1003,-0.0000
59.808,-1.1021,0.5492,-0.2971,-0.0077,1.3221,-1.1002,-0.0000
59.820,-1.1021,0.5482,-0.2995,-0.0077,1.3255,-1.1002,-0.0000
59.832,-1.1020,0.5471,-0.3019,-0.0077,1.3290,-1.1002,-0.0000
59.844,-1.1020,0.5461,-0.3043,-0.0077,1.3324,-1.1002,-0.0000
59.856,-1.1019,0.5450,-0.3066,-0.0077,1.3358,-1.1002,-0.0000
59.868,-1.1019,0.5440,-0.3090,-0.0077,1.3392,-1.1001,-0.0000
59.880,-1.1018,0.5429,-0.3114,-0.0077,1.3426,-1.1001,-0.0000
59.892,-1.1018,0.5419,-0.3138,-0.0077,1.3461,-1.1001,-0.0000
59.904,-1.1018,0.5408,-0.3162,-0.0077,1.3495,-1.1001,-0.0000
59.916,-1.1017,0.5398,-0.3186,-0.0077,1.3529,-1.1001,-0.0000
59.928,-1.1017,0.5388,-0.3210,-0.0077,1.3563,-1.1000,-0.0000
59.940,-1.1016,0.5377,-0.3234,-0.0077,1.3598,-1.1000,-0.0000
59.952,-1.1016,0.5367,-0.3258,-0.0077,1.3632,-1.1000,-0.0000
59.964,-1.1015,0.5356,-0.3282,-0.0077,1.3666,-1.1000,-0.0000
59.976,-1.1015,0.5346,-0.3305,-0.0077,1.3700,-1.0999,-0.0000
59.988,-1.1014,0.5335,-0.3329,-0.0077,1.3735,-1.0999,-0.0000
60.000,-1.1014,0.5325,-0.3353,-0.0077,1.3769,-1.0999,-0.0000
60.012,-1.1013,0.5314,-0.3377,-0.0077,1.3803,-1.0999,-0.0000
60.024,-1.1013,0.5304,-0.3401,-0.0077,1.3837,-1.0999,-0.0000
60.036,-1.1012,0.5293,-0.3425,-0.0077,1.3872,-1.0998,-0.0000
60.048,-1.1012,0.5283,-0.3449,-0.0077,1.3906,-1.0998,-0.0000
60.060,-1.1011,0.5273,-0.3473,-0.0077,1.3940,-1.0998,-0.0000
60.072,-1.1011,0.5262,-0.3497,-0.0077,1.3974,-1.0998,-0.0000
60.084,-1.1011,0.5252,-0.3521,-0.0077,1.4009,-1.0998,-0.0000
60.096,-1.1010,0.5241,-0.3545,-0.0077,1.4043,-1.0997,-0.0000
60.108,-1.1010,0.5231,-0.3568,-0.0077,1.4077,-1.0997,-0.0000
60.120,-1.1009,0.5220,-0.3592,-0.0077,1.4111,-1.0997,-0.0000
60.132,-1.1009,0.5210,-0.3616,-0.0077,1.4146,-1.0997,-0.0000
60.144,-1.1008,0.5199,-0.3640,-0.0077,1.4180,-1.0997,-0.0000
60.156,-1.1008,0.5189,-0.3664,-0.0077,1.4214,-1.0996,-0.0000
60.168,-1.1007,0.5178,-0.3688,-0.0077,1.4248,-1.0996,-0.0000
60.180,-1.1007,0.5168,-0.3712,-0.0077,1.4282,-1.0996,-0.0000
60.192,-1.1006,0.5157,-0.3736,-0.0077,1.4317,-1.0996,-0.0000
60.204,-1.1006,0.5147,-0.3760,-0.0077,1.4351,-1.0996,-0.0000
60.216,-1.1005,0.5137,-0.3784,-0.0077,1.4385,-1.0995,-0.0000
60.228,-1.1005,0.5126,-0.3808,-0.0077,1.4419,-1.0995,-0.0000
60.240,-1.1005,0.5116,-0.3831,-0.0077,1.4454,-1.0995,-0.0000
60.252,-1.1004,0.5105,-0.3855,-0.0077,1.4488,-1.0995,-0.0000
60.264,-1.1004,0.5095,-0.3879,-0.0077,1.4522,-1.0994,-0.0000
60.276,-1.1003,0.5084,-0.3903,-0.0077,1.4556,-1.0994,-0.0000
60.288,-1.1003,0.5074,-0.3927,-0.0077,1.4591,-1.0994,-0.0000
60.300,-1.1002,0.5063,-0.3951,-0.0077,1.4625,-1.0994,-0.0000
60.312,-1.1002,0.5053,-0.3975,-0.0077,1.4659,-1.0994,-0.0000
60.324,-1.1001,0.5042,-0.3999,-0.0077,1.4693,-1.0993,-0.0000
60.336,-1.1001,0.5032,-0.4023,-0.0077,1.4728,-1.0993,-0.0000
60.348,-1.1000,0.5022,-0.4047,-0.0077,1.4762,-1.0993,-0.0000
60.360,-1.1000,0.5012,-0.4068,-0.0077,1.4792,-1.0993,-0.0000
60.372,-1.1000,0.5004,-0.4086,-0.0077,1.4819,-1.0993,-0.0000
60.384,-1.0999,0.4997,-0.4102,-0.0077,1.4842,-1.0993,-0.0000
60.396,-1.0999,0.4991,-0.4117,-0.0077,1.4862,-1.0992,-0.0000
60.408,-1.0999,0.4991,-0.4117,-0.0077,1.4862,-1.0992,-0.0000
60.420,-1.0991,0.4991,-0.4117,-0.0077,1.4863,-1.0992,-0.0000
60.432,-1.0976,0.4991,-0.4117,-0.0077,1.4863,-1.0992,-0.0000
60.444,-1.0955,0.4991,-0.4117,-0.0077,1.4863,-1.0992,-0.0000
60.456,-1.0929,0.4991,-0.4118,-0.0077,1.4863,-1.0992,-0.0000
60.468,-1.0898,0.4990,-0.4118,-0.0077,1.4864,-1.0992,-0.0000
60.480,-1.0862,0.4990,-0.4118,-0.0077,1.4864,-1.0992,-0.0000
60.492,-1.0823,0.4990,-0.4119,-0.0077,1.4865,-1.0992,-0.0000
60.504,-1.0781,0.4990,-0.4119,-0.0077,1.4865,-1.0992,-0.0000
60.516,-1.0736,0.4990,-0.4119,-0.0077,1.4866,-1.0992,-0.0000
60.528,-1.0688,0.4990,-0.4120,-0.0077,1.4867,-1.0992,-0.0000
60.540,-1.0638,0.4989,-0.4120,-0.0077,1.4867,-1.0992,-0.0000
60.552,-1.0587,0.4989,-0.4121,-0.0077,1.4868,-1.0992,-0.0000
60.564,-1.0533,0.4989,-0.4121,-0.0077,1.4869,-1.0992,-0.0000
60.576,-1.0478,0.4989,-0.4122,-0.0077,1.4870,-1.0992,-0.0000
60.588,-1.0422,0.4988,-0.4122,-0.0077,1.4870,-1.0992,-0.0000
60.600,-1.0364,0.4988,-0.4123,-0.0077,1.4871,-1.0992,-0.0000
60.612,-1.0306,0.4988,-0.4123,-0.0077,1.4872,-1.0992,-0.0000
60.624,-1.0247,0.4988,-0.4124,-0.0077,1.4873,-1.0992,-0.0000
60.636,-1.0186,0.4987,-0.4125,-0.0077,1.4874,-1.0992,-0.0000
60.648,-1.0126,0.4987,-0.4125,-0.0077,1.4874,-1.0992,-0.0000
60.660,-1.0064,0.4987,-0.4126,-0.0077,1.4875,-1.0992,-0.0000
60.672,-1.0002,0.4987,-0.4126,-0.0077,1.4876,-1.0992,-0.0000
60.684,-0.9940,0.4986,-0.4127,-0.0077,1.4877,-1.0992,-0.0000
60.696,-0.9877,0.4986,-0.4128,-0.0077,1.4878,-1.0992,-0.0000
60.708,-0.9813,0.4986,-0.4128,-0.0077,1.4879,-1.0992,-0.0000
60.720,-0.9750,0.4986,-0.4129,-0.0077,1.4880,-1.0992,-0.0000
60.732,-0.9686,0.4985,-0.4129,-0.0077,1.4880,-1.0992,-0.0000
60.744,-0.9622,0.4985,-0.4130,-0.0077,1.4881,-1.0992,-0.0000
60.756,-0.9557,0.4985,-0.4131,-0.0077,1.4882,-1.0992,-0.0000
60.768,-0.9493,0.4985,-0.4131,-0.0077,1.4883,-1.0992,-0.0000
60.780,-0.9428,0.4984,-0.4132,-0.0077,1.4884,-1.0992,-0.0000
60.792,-0.9363,0.4984,-0.4132,-0.0077,1.4885,-1.0992,-0.0000
60.804,-0.9298,0.4984,-0.4133,-0.0077,1.4886,-1.0992,-0.0000
60.816,-0.9233,0.4983,-0.4134,-0.0077,1.4887,-1.0992,-0.0000
60.828,-0.9168,0.4983,-0.4134,-0.0077,1.4888,-1.0992,-0.0000
60.840,-0.9102,0.4983,-0.4135,-0.0077,1.4888,-1.0992,-0.0000
60.852,-0.9037,0.4983,-0.4136,-0.0077,1.4889,-1.0992,-0.0000
60.864,-0.8971,0.4982,-0.4136,-0.0077,1.4890,-1.0992,-0.0000
60.876,-0.8906,0.4982,-0.4137,-0.0077,1.4891,-1.0992,-0.0000
60.888,-0.8840,0.4982,-0.4137,-0.0077,1.4892,-1.0992,-0.0000
60.900,-0.8775,0.4982,-0.4138,-0.0077,1.4893,-1.0992,-0.0000
60.912,-0.8709,0.4981,-0.4139,-0.0077,1.4894,-1.0992,-0.0000
60.924,-0.8643,0.4981,-0.4139,-0.0077,1.4895,-1.0992,-0.0000
60.936,-0.8577,0.4981,-0.4140,-0.0077,1.4896,-1.0992,-0.0000
60.948,-0.8512,0.4980,-0.4141,-0.0077,1.4896,-1.0992,-0.0000
60.960,-0.8446,0.4980,-0.4141,-0.0077,1.4897,-1.0992,-0.0000
60.972,-0.8380,0.4980,-0.4142,-0.0077,1.4898,-1.0992,-0.0000
60.984,-0.8314,0.4980,-0.4142,-0.0077,1.4899,-1.0992,-0.0000
60.996,-0.8248,0.4979,-0.4143,-0.0077,1.4900,-1.0992,-0.0000
61.008,-0.8182,0.4979,-0.4144,-0.0077,1.4901,-1.0992,-0.0000
61.020,-0.8117,0.4979,-0.4144,-0.0077,1.4902,-1.0992,-0.0000
61.032,-0.8051,0.4979,-0.4145,-0.0077,1.4903,-1.0992,-0.0000
61.044,-0.7985,0.4978,-0.4146,-0.0077,1.4904,-1.0992,-0.0000
61.056,-0.7919,0.4978,-0.4146,-0.0077,1.4905,-1.0992,-0.0000
61.068,-0.7853,0.4978,-0.4147,-0.0077,1.4906,-1.0992,-0.0000
61.080,-0.7787,0.4977,-0.4148,-0.0077,1.4906,-1.0992,-0.0000
61.092,-0.7721,0.4977,-0.4148,-0.0077,1.4907,-1.0992,-0.0000
61.104,-0.7655,0.4977,-0.4149,-0.0077,1.4908,-1.0992,-0.0000
61.116,-0.7589,0.4977,-0.4149,-0.0077,1.4909,-1.0992,-0.0000
61.128,-0.7523,0.4976,-0.4150,-0.0077,1.4910,-1.0992,-0.0000
61.140,-0.7457,0.4976,-0.4151,-0.0077,1.4911,-1.0992,-0.0000
61.152,-0.7391,0.4976,-0.4151,-0.0077,1.4912,-1.0992,-0.0000
61.164,-0.7325,0.4976,-0.4152,-0.0077,1.4913,-1.0992,-0.0000
61.176,-0.7259,0.4975,-0.4153,-0.0077,1.4914,-1.0992,-0.0000
61.188,-0.7193,0.4975,-0.4153,-0.0077,1.4915,-1.0992,-0.0000
61.200,-0.7127,0.4975,-0.4154,-0.0077,1.4915,-1.0992,-0.0000
61.212,-0.7061,0.4974,-0.4154,-0.0077,1.4916,-1.0992,-0.0000
61.224,-0.6995,0.4974,-0.4155,-0.0077,1.4917,-1.0992,-0.0000
61.236,-0.6929,0.4974,-0.4156,-0.0077,1.4918,-1.0992,-0.0000
61.248,-0.6863,0.4974,-0.4156,-0.0077,1.4919,-1.0992,-0.0000
61.260,-0.6797,0.4973,-0.4157,-0.0077,1.4920,-1.0992,-0.0000
61.272,-0.6731,0.4973,-0.4158,-0.0077,1.4921,-1.0992,-0.0000
61.284,-0.6665,0.4973,-0.4158,-0.0077,1.4922,-1.0992,-0.0000
61.296,-0.6599,0.4972,-0.4159,-0.0077,1.4923,-1.0992,-0.0000
61.308,-0.6533,0.4972,-0.4160,-0.0077,1.4924,-1.0992,-0.0000
61.320,-0.6467,0.4972,-0.4160,-0.0077,1.4924,-1.0992,-0.0000
61.332,-0.6401,0.4972,-0.4161,-0.0077,1.4925,-1.0992,-0.0000
61.344,-0.6335,0.4971,-0.4161,-0.0077,1.4926,-1.0992,-0.0000
61.356,-0.6269,0.4971,-0.4162,-0.0077,1.4927,-1.0992,-0.0000
61.368,-0.6203,0.4971,-0.4163,-0.0077,1.4928,-1.0992,-0.0000
61.380,-0.6137,0.4971,-0.4163,-0.0077,1.4929,-1.0992,-0.0000
61.392,-0.6071,0.4970,-0.4164,-0.0077,1.4930,-1.0992,-0.0000
61.404,-0.6005,0.4970,-0.4165,-0.0077,1.4931,-1.0992,-0.0000
61.416,-0.5939,0.4970,-0.4165,-0.0077,1.4932,-1.0992,-0.0000
61.428,-0.5873,0.4969,-0.4166,-0.0077,1.4933,-1.0992,-0.0000
61.440,-0.5807,0.4969,-0.4166,-0.0077,1.4934,-1.0992,-0.0000
61.452,-0.5741,0.4969,-0.4167,-0.0077,1.4934,-1.0992,-0.0000
61.464,-0.5675,0.4969,-0.4168,-0.0077,1.4935,-1.0992,-0.0000
61.476,-0.5609,0.4968,-0.4168,-0.0077,1.4936,-1.0992,-0.0000
61.488,-0.5544,0.4968,-0.4169,-0.0077,1.4937,-1.0992,-0.0000
61.500,-0.5478,0.4968,-0.4170,-0.0077,1.4938,-1.0992,-0.0000
61.512,-0.5412,0.4968,-0.4170,-0.0077,1.4939,-1.0992,-0.0000
61.524,-0.5346,0.4967,-0.4171,-0.0077,1.4940,-1.0992,-0.0000
61.536,-0.5280,0.4967,-0.4172,-0.0077,1.4941,-1.0992,-0.0000
61.548,-0.5214,0.4967,-0.4172,-0.0077,1.4942,-1.0992,-0.0000
61.560,-0.5148,0.4966,-0.4173,-0.0077,1.4943,-1.0992,-0.0000
61.572,-0.5082,0.4966,-0.4173,-0.0077,1.4943,-1.0992,-0.0000
61.584,-0.5016,0.4966,-0.4174,-0.0077,1.4944,-1.0992,-0.0000
61.596,-0.4950,0.4966,-0.4175,-0.0077,1.4945,-1.0992,-0.0000
61.608,-0.4884,0.4965,-0.4175,-0.0077,1.4946,-1.0992,-0.0000
61.620,-0.4818,0.4965,-0.4176,-0.0077,1.4947,-1.0992,-0.0000
61.632,-0.4752,0.4965,-0.4177,-0.0077,1.4948,-1.0992,-0.0000
61.644,-0.4686,0.4964,-0.4177,-0.0077,1.4949,-1.0992,-0.0000
61.656,-0.4620,0.4964,-0.4178,-0.0077,1.4950,-1.0992,-0.0000
61.668,-0.4554,0.4964,-0.4178,-0.0077,1.4951,-1.0992,-0.0000
61.680,-0.4488,0.4964,-0.4179,-0.0077,1.4952,-1.0992,-0.0000
61.692,-0.4422,0.4963,-0.4180,-0.0077,1.4952,-1.0992,-0.0000
61.704,-0.4356,0.4963,-0.4180,-0.0077,1.4953,-1.0992,-0.0000
61.716,-0.4290,0.4963,-0.4181,-0.0077,1.4954,-1.0992,-0.0000
61.728,-0.4224,0.4963,-0.4182,-0.0077,1.4955,-1.0992,-0.0000
61.740,-0.4158,0.4962,-0.4182,-0.0077,1.4956,-1.0992,-0.0000
61.752,-0.4092,0.4962,-0.4183,-0.0077,1.4957,-1.0992,-0.0000
61.764,-0.4026,0.4962,-0.4183,-0.0077,1.4958,-1.0992,-0.0000
61.776,-0.3960,0.4961,-0.4184,-0.0077,1.4959,-1.0992,-0.0000
61.788,-0.3894,0.4961,-0.4185,-0.0077,1.4960,-1.0992,-0.0000
61.800,-0.3828,0.4961,-0.4185,-0.0077,1.4961,-1.0992,-0.0000
61.812,-0.3762,0.4961,-0.4186,-0.0077,1.4962,-1.0992,-0.0000
61.824,-0.3696,0.4960,-0.4187,-0.0077,1.4962,-1.0992,-0.0000
61.836,-0.3630,0.4960,-0.4187,-0.0077,1.4963,-1.0992,-0.0000
61.848,-0.3564,0.4960,-0.4188,-0.0077,1.4964,-1.0992,-0.0000
61.860,-0.3498,0.4960,-0.4189,-0.0077,1.4965,-1.0992,-0.0000
61.872,-0.3432,0.4959,-0.4189,-0.0077,1.4966,-1.0992,-0.0000
61.884,-0.3366,0.4959,-0.4190,-0.0077,1.4967,-1.0992,-0.0000
61.896,-0.3300,0.4959,-0.4190,-0.0077,1.4968,-1.0992,-0.0000
61.908,-0.3234,0.4958,-0.4191,-0.0077,1.4969,-1.0992,-0.0000
61.920,-0.3168,0.4958,-0.4192,-0.0077,1.4970,-1.0992,-0.0000
61.932,-0.3102,0.4958,-0.4192,-0.0077,1.4971,-1.0992,-0.0000
61.944,-0.3036,0.4958,-0.4193,-0.0077,1.4971,-1.0992,-0.0000
61.956,-0.2970,0.4957,-0.4194,-0.0077,1.4972,-1.0992,-0.0000
61.968,-0.2904,0.4957,-0.4194,-0.0077,1.4973,-1.0992,-0.0000
61.980,-0.2838,0.4957,-0.4195,-0.0077,1.4974,-1.0992,-0.0000
61.992,-0.2772,0.4956,-0.4195,-0.0077,1.4975,-1.0992,-0.0000
62.004,-0.2706,0.4956,-0.4196,-0.0077,1.4976,-1.0992,-0.0000
62.016,-0.2640,0.4956,-0.4197,-0.0077,1.4977,-1.0992,-0.0000
62.028,-0.2574,0.4956,-0.4197,-0.0077,1.4978,-1.0992,-0.0000
62.040,-0.2508,0.4955,-0.4198,-0.0077,1.4979,-1.0992,-0.0000
62.052,-0.2442,0.4955,-0.4199,-0.0077,1.4980,-1.0992,-0.0000
62.064,-0.2376,0.4955,-0.4199,-0.0077,1.4980,-1.0992,-0.0000
62.076,-0.2310,0.4955,-0.4200,-0.0077,1.4981,-1.0992,-0.0000
62.088,-0.2244,0.4954,-0.4201,-0.0077,1.4982,-1.0992,-0.0000
62.100,-0.2178,0.4954,-0.4201,-0.0077,1.4983,-1.0992,-0.0000
62.112,-0.2112,0.4954,-0.4202,-0.0077,1.4984,-1.0992,-0.0000
62.124,-0.2046,0.4953,-0.4202,-0.0077,1.4985,-1.0992,-0.0000
62.136,-0.1980,0.4953,-0.4203,-0.0077,1.4986,-1.0992,-0.0000
62.148,-0.1914,0.4953,-0.4204,-0.0077,1.4987,-1.0992,-0.0000
62.160,-0.1848,0.4953,-0.4204,-0.0077,1.4988,-1.0992,-0.0000
62.172,-0.1782,0.4952,-0.4205,-0.0077,1.4989,-1.0992,-0.0000
62.184,-0.1716,0.4952,-0.4206,-0.0077,1.4990,-1.0992,-0.0000
62.196,-0.1650,0.4952,-0.4206,-0.0077,1.4990,-1.0992,-0.0000
62.208,-0.1584,0.4952,-0.4207,-0.0077,1.4991,-1.0992,-0.0000
62.220,-0.1518,0.4951,-0.4207,-0.0077,1.4992,-1.0992,-0.0000
62.232,-0.1452,0.4951,-0.4208,-0.0077,1.4993,-1.0992,-0.0000
62.244,-0.1386,0.4951,-0.4209,-0.0077,1.4994,-1.0992,-0.0000
62.256,-0.1320,0.4950,-0.4209,-0.0077,1.4995,-1.0992,-0.0000
62.268,-0.1254,0.4950,-0.4210,-0.0077,1.4996,-1.0992,-0.0000
62.280,-0.1188,0.4950,-0.4211,-0.0077,1.4997,-1.0992,-0.0000
62.292,-0.1122,0.4950,-0.4211,-0.0077,1.4998,-1.0992,-0.0000
62.304,-0.1056,0.4949,-0.4212,-0.0077,1.4999,-1.0992,-0.0000
62.316,-0.0990,0.4949,-0.4213,-0.0077,1.4999,-1.0992,-0.0000
62.328,-0.0924,0.4949,-0.4213,-0.0077,1.5000,-1.0992,-0.0000
62.340,-0.0858,0.4948,-0.4214,-0.0077,1.5001,-1.0992,-0.0000
62.352,-0.0792,0.4948,-0.4214,-0.0077,1.5002,-1.0992,-0.0000
62.364,-0.0726,0.4948,-0.4215,-0.0077,1.5003,-1.0992,-0.0000
62.376,-0.0660,0.4948,-0.4216,-0.0077,1.5004,-1.0992,-0.0000
62.388,-0.0594,0.4947,-0.4216,-0.0077,1.5005,-1.0992,-0.0000
62.400,-0.0528,0.4947,-0.4217,-0.0077,1.5006,-1.0992,-0.0000
62.412,-0.0465,0.4947,-0.4218,-0.0077,1.5007,-1.0992,-0.0000
62.424,-0.0409,0.4947,-0.4218,-0.0077,1.5007,-1.0992,-0.0000
62.436,-0.0360,0.4946,-0.4219,-0.0077,1.5008,-1.0992,-0.0000
62.448,-0.0317,0.4946,-0.4219,-0.0077,1.5009,-1.0992,-0.0000
62.460,-0.0279,0.4946,-0.4219,-0.0077,1.5009,-1.0992,-0.0000
62.472,-0.0245,0.4946,-0.4220,-0.0077,1.5010,-1.0992,-0.0000
62.484,-0.0216,0.4946,-0.4220,-0.0077,1.5010,-1.0992,-0.0000
62.496,-0.0190,0.4946,-0.4220,-0.0077,1.5010,-1.0992,-0.0000
62.508,-0.0167,0.4946,-0.4220,-0.0077,1.5011,-1.0992,-0.0000
62.520,-0.0147,0.4945,-0.4221,-0.0077,1.5011,-1.0992,-0.0000
62.532,-0.0129,0.4945,-0.4221,-0.0077,1.5011,-1.0992,-0.0000
62.544,-0.0129,0.4945,-0.4221,-0.0077,1.5011,-1.0992,-0.0000
62.556,-0.0129,0.4942,-0.4218,-0.0077,1.5000,-1.0984,-0.0000
62.568,-0.0129,0.4935,-0.4212,-0.0077,1.4980,-1.0969,-0.0000
62.580,-0.0129,0.4926,-0.4204,-0.0076,1.4951,-1.0948,-0.0000
62.592,-0.0129,0.4914,-0.4194,-0.0076,1.4915,-1.0921,-0.0000
62.604,-0.0128,0.4900,-0.4182,-0.0076,1.4873,-1.0890,-0.0000
62.616,-0.0128,0.4884,-0.4168,-0.0076,1.4825,-1.0855,-0.0000
62.628,-0.0127,0.4866,-0.4153,-0.0075,1.4771,-1.0816,-0.0000
62.640,-0.0127,0.4847,-0.4137,-0.0075,1.4714,-1.0774,-0.0000
62.652,-0.0126,0.4827,-0.4120,-0.0075,1.4652,-1.0729,-0.0000
62.664,-0.0126,0.4806,-0.4101,-0.0075,1.4587,-1.0681,-0.0000
62.676,-0.0125,0.4783,-0.4082,-0.0074,1.4519,-1.0631,-0.0000
62.688,-0.0125,0.4760,-0.4063,-0.0074,1.4448,-1.0579,-0.0000
62.700,-0.0124,0.4736,-0.4042,-0.0073,1.4376,-1.0526,-0.0000
62.712,-0.0123,0.4711,-0.4021,-0.0073,1.4300,-1.0471,-0.0000
62.724,-0.0123,0.4686,-0.3999,-0.0073,1.4224,-1.0415,-0.0000
62.736,-0.0122,0.4660,-0.3977,-0.0072,1.4145,-1.0357,-0.0000
62.748,-0.0121,0.4634,-0.3955,-0.0072,1.4065,-1.0299,-0.0000
62.760,-0.0121,0.4607,-0.3932,-0.0071,1.3984,-1.0240,-0.0000
62.772,-0.0120,0.4580,-0.3909,-0.0071,1.3902,-1.0179,-0.0000
62.784,-0.0119,0.4553,-0.3886,-0.0071,1.3819,-1.0119,-0.0000
62.796,-0.0118,0.4525,-0.3862,-0.0070,1.3735,-1.0057,-0.0000
62.808,-0.0118,0.4497,-0.3838,-0.0070,1.3651,-0.9995,-0.0000
62.820,-0.0117,0.4469,-0.3814,-0.0069,1.3565,-0.9933,-0.0000
62.832,-0.0116,0.4441,-0.3790,-0.0069,1.3479,-0.9870,-0.0000
62.844,-0.0115,0.4412,-0.3766,-0.0068,1.3393,-0.9807,-0.0000
62.856,-0.0115,0.4384,-0.3741,-0.0068,1.3306,-0.9743,-0.0000
62.868,-0.0114,0.4355,-0.3717,-0.0068,1.3219,-0.9679,-0.0000
62.880,-0.0113,0.4326,-0.3692,-0.0067,1.3131,-0.9615,-0.0000
62.892,-0.0112,0.4297,-0.3667,-0.0067,1.3044,-0.9551,-0.0000
62.904,-0.0112,0.4268,-0.3643,-0.0066,1.2955,-0.9486,-0.0000
62.916,-0.0111,0.4239,-0.3618,-0.0066,1.2867,-0.9422,-0.0000
62.928,-0.0110,0.4210,-0.3593,-0.0065,1.2779,-0.9357,-0.0000
62.940,-0.0109,0.4181,-0.3568,-0.0065,1.2690,-0.9292,-0.0000
62.952,-0.0109,0.4151,-0.3543,-0.0064,1.2601,-0.9227,-0.0000
62.964,-0.0108,0.4122,-0.3518,-0.0064,1.2512,-0.9161,-0.0000
62.976,-0.0107,0.4093,-0.3493,-0.0063,1.2423,-0.9096,-0.0000
62.988,-0.0106,0.4063,-0.3468,-0.0063,1.2333,-0.9031,-0.0000
63.000,-0.0106,0.4034,-0.3443,-0.0063,1.2244,-0.8965,-0.0000
63.012,-0.0105,0.4004,-0.3418,-0.0062,1.2155,-0.8900,-0.0000
63.024,-0.0104,0.3975,-0.3392,-0.0062,1.2065,-0.8834,-0.0000
63.036,-0.0103,0.3945,-0.3367,-0.0061,1.1975,-0.8769,-0.0000
63.048,-0.0102,0.3916,-0.3342,-0.0061,1.1886,-0.8703,-0.0000
63.060,-0.0102,0.3886,-0.3317,-0.0060,1.1796,-0.8637,-0.0000
63.072,-0.0101,0.3857,-0.3292,-0.0060,1.1706,-0.8572,-0.0000
63.084,-0.0100,0.3827,-0.3266,-0.0059,1.1617,-0.8506,-0.0000
63.096,-0.0099,0.3797,-0.3241,-0.0059,1.1527,-0.8440,-0.0000
63.108,-0.0099,0.3768,-0.3216,-0.0058,1.1437,-0.8374,-0.0000
63.120,-0.0098,0.3738,-0.3190,-0.0058,1.1347,-0.8309,-0.0000
63.132,-0.0097,0.3709,-0.3165,-0.0058,1.1257,-0.8243,-0.0000
63.144,-0.0096,0.3679,-0.3140,-0.0057,1.1167,-0.8177,-0.0000
63.156,-0.0095,0.3649,-0.3115,-0.0057,1.1077,-0.8111,-0.0000
63.168,-0.0095,0.3620,-0.3089,-0.0056,1.0987,-0.8045,-0.0000
63.180,-0.0094,0.3590,-0.3064,-0.0056,1.0897,-0.7979,-0.0000
63.192,-0.0093,0.3560,-0.3039,-0.0055,1.0807,-0.7913,-0.0000
63.204,-0.0092,0.3531,-0.3013,-0.0055,1.0717,-0.7848,-0.0000
63.216,-0.0092,0.3501,-0.2988,-0.0054,1.0627,-0.7782,-0.0000
63.228,-0.0091,0.3472,-0.2963,-0.0054,1.0537,-0.7716,-0.0000
63.240,-0.0090,0.3442,-0.2938,-0.0053,1.0447,-0.7650,-0.0000
63.252,-0.0089,0.3412,-0.2912,-0.0053,1.0357,-0.7584,-0.0000
63.264,-0.0089,0.3383,-0.2887,-0.0052,1.0267,-0.7518,-0.0000
63.276,-0.0088,0.3353,-0.2862,-0.0052,1.0177,-0.7452,-0.0000
63.288,-0.0087,0.3323,-0.2836,-0.0052,1.0087,-0.7386,-0.0000
63.300,-0.0086,0.3294,-0.2811,-0.0051,0.9997,-0.7320,-0.0000
63.312,-0.0085,0.3264,-0.2786,-0.0051,0.9907,-0.7254,-0.0000
63.324,-0.0085,0.3234,-0.2760,-0.0050,0.9817,-0.7188,-0.0000
63.336,-0.0084,0.3205,-0.2735,-0.0050,0.9727,-0.7122,-0.0000
63.348,-0.0083,0.3175,-0.2710,-0.0049,0.9637,-0.7056,-0.0000
63.360,-0.0082,0.3145,-0.2684,-0.0049,0.9547,-0.6991,-0.0000
63.372,-0.0082,0.3116,-0.2659,-0.0048,0.9457,-0.6925,-0.0000
63.384,-0.0081,0.3086,-0.2634,-0.0048,0.9367,-0.6859,-0.0000
63.396,-0.0080,0.3056,-0.2608,-0.0047,0.9277,-0.6793,-0.0000
63.408,-0.0079,0.3027,-0.2583,-0.0047,0.9187,-0.6727,-0.0000
63.420,-0.0078,0.2997,-0.2558,-0.0046,0.9097,-0.6661,-0.0000
63.432,-0.0078,0.2967,-0.2532,-0.0046,0.9007,-0.6595,-0.0000
63.444,-0.0077,0.2938,-0.2507,-0.0046,0.8917,-0.6529,-0.0000
63.456,-0.0076,0.2908,-0.2482,-0.0045,0.8827,-0.6463,-0.0000
63.468,-0.0075,0.2878,-0.2456,-0.0045,0.8737,-0.6397,-0.0000
63.480,-0.0075,0.2849,-0.2431,-0.0044,0.8646,-0.6331,-0.0000
63.492,-0.0074,0.2819,-0.2406,-0.0044,0.8556,-0.6265,-0.0000
63.504,-0.0073,0.2789,-0.2380,-0.0043,0.8466,-0.6199,-0.0000
63.516,-0.0072,0.2760,-0.2355,-0.0043,0.8376,-0.6133,-0.0000
63.528,-0.0071,0.2730,-0.2330,-0.0042,0.8286,-0.6067,-0.0000
63.540,-0.0071,0.2700,-0.2305,-0.0042,0.8196,-0.6001,-0.0000
63.552,-0.0070,0.2671,-0.2279,-0.0041,0.8106,-0.5935,-0.0000
63.564,-0.0069,0.2641,-0.2254,-0.0041,0.8016,-0.5869,-0.0000
63.576,-0.0068,0.2611,-0.2229,-0.0040,0.7926,-0.5804,-0.0000
63.588,-0.0068,0.2582,-0.2203,-0.0040,0.7836,-0.5738,-0.0000
63.600,-0.0067,0.2552,-0.2178,-0.0040,0.7746,-0.5672,-0.0000
63.612,-0.0066,0.2522,-0.2153,-0.0039,0.7656,-0.5606,-0.0000
63.624,-0.0065,0.2492,-0.2127,-0.0039,0.7566,-0.5540,-0.0000
63.636,-0.0064,0.2463,-0.2102,-0.0038,0.7476,-0.5474,-0.0000
63.648,-0.0064,0.2433,-0.2077,-0.0038,0.7386,-0.5408,-0.0000
63.660,-0.0063,0.2403,-0.2051,-0.0037,0.7295,-0.5342,-0.0000
63.672,-0.0062,0.2374,-0.2026,-0.0037,0.7205,-0.5276,-0.0000
63.684,-0.0061,0.2344,-0.2001,-0.0036,0.7115,-0.5210,-0.0000
63.696,-0.0061,0.2314,-0.1975,-0.0036,0.7025,-0.5144,-0.0000
63.708,-0.0060,0.2285,-0.1950,-0.0035,0.6935,-0.5078,-0.0000
63.720,-0.0059,0.2255,-0.1925,-0.0035,0.6845,-0.5012,-0.0000
63.732,-0.0058,0.2225,-0.1899,-0.0035,0.6755,-0.4946,-0.0000
63.744,-0.0057,0.2196,-0.1874,-0.0034,0.6665,-0.4880,-0.0000
63.756,-0.0057,0.2166,-0.1849,-0.0034,0.6575,-0.4814,-0.0000
63.768,-0.0056,0.2136,-0.1823,-0.0033,0.6485,-0.4748,-0.0000
63.780,-0.0055,0.2107,-0.1798,-0.0033,0.6395,-0.4682,-0.0000
63.792,-0.0054,0.2077,-0.1773,-0.0032,0.6305,-0.4616,-0.0000
63.804,-0.0054,0.2047,-0.1747,-0.0032,0.6215,-0.4550,-0.0000
63.816,-0.0053,0.2018,-0.1722,-0.0031,0.6125,-0.4485,-0.0000
63.828,-0.0052,0.1988,-0.1697,-0.0031,0.6035,-0.4419,-0.0000
63.840,-0.0051,0.1958,-0.1671,-0.0030,0.5944,-0.4353,-0.0000
63.852,-0.0050,0.1929,-0.1646,-0.0030,0.5854,-0.4287,-0.0000
63.864,-0.0050,0.1899,-0.1621,-0.0029,0.5764,-0.4221,-0.0000
63.876,-0.0049,0.1869,-0.1595,-0.0029,0.5674,-0.4155,-0.0000
63.888,-0.0048,0.1840,-0.1570,-0.0029,0.5584,-0.4089,-0.0000
63.900,-0.0047,0.1810,-0.1545,-0.0028,0.5494,-0.4023,-0.0000
63.912,-0.0047,0.1780,-0.1519,-0.0028,0.5404,-0.3957,-0.0000
63.924,-0.0046,0.1751,-0.1494,-0.0027,0.5314,-0.3891,-0.0000
63.936,-0.0045,0.1721,-0.1469,-0.0027,0.5224,-0.3825,-0.0000
63.948,-0.0044,0.1691,-0.1443,-0.0026,0.5134,-0.3759,-0.0000
63.960,-0.0043,0.1662,-0.1418,-0.0026,0.5044,-0.3693,-0.0000
63.972,-0.0043,0.1632,-0.1393,-0.0025,0.4954,-0.3627,-0.0000
63.984,-0.0042,0.1602,-0.1368,-0.0025,0.4864,-0.3561,-0.0000
63.996,-0.0041,0.1573,-0.1342,-0.0024,0.4774,-0.3495,-0.0000
64.008,-0.0040,0.1543,-0.1317,-0.0024,0.4684,-0.3429,-0.0000
64.020,-0.0040,0.1513,-0.1292,-0.0023,0.4593,-0.3363,-0.0000
64.032,-0.0039,0.1484,-0.1266,-0.0023,0.4503,-0.3297,-0.0000
64.044,-0.0038,0.1454,-0.1241,-0.0023,0.4413,-0.3232,-0.0000
64.056,-0.0037,0.1424,-0.1216,-0.0022,0.4323,-0.3166,-0.0000
64.068,-0.0036,0.1395,-0.1190,-0.0022,0.4233,-0.3100,-0.0000
64.080,-0.0036,0.1365,-0.1165,-0.0021,0.4143,-0.3034,-0.0000
64.092,-0.0035,0.1335,-0.1140,-0.0021,0.4053,-0.2968,-0.0000
64.104,-0.0034,0.1306,-0.1114,-0.0020,0.3963,-0.2902,-0.0000
64.116,-0.0033,0.1276,-0.1089,-0.0020,0.3873,-0.2836,-0.0000
64.128,-0.0033,0.1246,-0.1064,-0.0019,0.3783,-0.2770,-0.0000
64.140,-0.0032,0.1217,-0.1038,-0.0019,0.3693,-0.2704,-0.0000
64.152,-0.0031,0.1187,-0.1013,-0.0018,0.3603,-0.2638,-0.0000
64.164,-0.0030,0.1157,-0.0988,-0.0018,0.3513,-0.2572,-0.0000
64.176,-0.0030,0.1128,-0.0962,-0.0017,0.3423,-0.2506,-0.0000
64.188,-0.0029,0.1098,-0.0937,-0.0017,0.3332,-0.2440,-0.0000
64.200,-0.0028,0.1068,-0.0912,-0.0017,0.3242,-0.2374,-0.0000
64.212,-0.0027,0.1039,-0.0886,-0.0016,0.3152,-0.2308,-0.0000
64.224,-0.0026,0.1009,-0.0861,-0.0016,0.3062,-0.2242,-0.0000
64.236,-0.0026,0.0979,-0.0836,-0.0015,0.2972,-0.2176,-0.0000
64.248,-0.0025,0.0950,-0.0810,-0.0015,0.2882,-0.2110,-0.0000
64.260,-0.0024,0.0920,-0.0785,-0.0014,0.2792,-0.2044,-0.0000
64.272,-0.0023,0.0890,-0.0760,-0.0014,0.2702,-0.1978,-0.0000
64.284,-0.0023,0.0861,-0.0734,-0.0013,0.2612,-0.1913,-0.0000
64.296,-0.0022,0.0831,-0.0709,-0.0013,0.2522,-0.1847,-0.0000
64.308,-0.0021,0.0801,-0.0684,-0.0012,0.2432,-0.1781,-0.0000
64.320,-0.0020,0.0771,-0.0658,-0.0012,0.2342,-0.1715,-0.0000
64.332,-0.0019,0.0742,-0.0633,-0.0012,0.2252,-0.1649,-0.0000
64.344,-0.0019,0.0712,-0.0608,-0.0011,0.2162,-0.1583,-0.0000
64.356,-0.0018,0.0682,-0.0582,-0.0011,0.2072,-0.1517,-0.0000
64.368,-0.0017,0.0653,-0.0557,-0.0010,0.1981,-0.1451,-0.0000
64.380,-0.0016,0.0623,-0.0532,-0.0010,0.1891,-0.1385,-0.0000
64.392,-0.0016,0.0593,-0.0506,-0.0009,0.1801,-0.1319,-0.0000
64.404,-0.0015,0.0564,-0.0481,-0.0009,0.1711,-0.1253,-0.0000
64.416,-0.0014,0.0534,-0.0456,-0.0008,0.1621,-0.1187,-0.0000
64.428,-0.0013,0.0504,-0.0431,-0.0008,0.1531,-0.1121,-0.0000
64.440,-0.0012,0.0475,-0.0405,-0.0007,0.1441,-0.1055,-0.0000
64.452,-0.0012,0.0445,-0.0380,-0.0007,0.1351,-0.0989,-0.0000
64.464,-0.0011,0.0415,-0.0355,-0.0006,0.1261,-0.0923,-0.0000
64.476,-0.0010,0.0386,-0.0329,-0.0006,0.1171,-0.0857,-0.0000
64.488,-0.0009,0.0356,-0.0304,-0.0006,0.1081,-0.0791,-0.0000
64.500,-0.0009,0.0326,-0.0279,-0.0005,0.0991,-0.0725,-0.0000
64.512,-0.0008,0.0297,-0.0253,-0.0005,0.0901,-0.0659,-0.0000
64.524,-0.0007,0.0267,-0.0228,-0.0004,0.0811,-0.0594,-0.0000
64.536,-0.0006,0.0237,-0.0203,-0.0004,0.0721,-0.0528,-0.0000
64.548,-0.0005,0.0209,-0.0178,-0.0003,0.0634,-0.0464,-0.0000
64.560,-0.0005,0.0184,-0.0157,-0.0003,0.0558,-0.0409,-0.0000
64.572,-0.0004,0.0162,-0.0138,-0.0003,0.0491,-0.0360,-0.0000
64.584,-0.0004,0.0142,-0.0121,-0.0002,0.0432,-0.0316,-0.0000
64.596,-0.0003,0.0125,-0.0107,-0.0002,0.0380,-0.0278,-0.0000
64.608,-0.0003,0.0110,-0.0094,-0.0002,0.0335,-0.0245,-0.0000
64.620,-0.0003,0.0097,-0.0083,-0.0002,0.0294,-0.0216,-0.0000
64.632,-0.0002,0.0085,-0.0073,-0.0001,0.0259,-0.0190,-0.0000
64.644,-0.0002,0.0075,-0.0064,-0.0001,0.0228,-0.0167,-0.0000
64.656,-0.0002,0.0066,-0.0056,-0.0001,0.0201,-0.0147,-0.0000
64.668,-0.0002,0.0058,-0.0050,-0.0001,0.0177,-0.0129,-0.0000
64.680,-0.0001,0.0051,-0.0044,-0.0001,0.0155,-0.0114,-0.0000
64.692,-0.0001,0.0045,-0.0038,-0.0001,0.0137,-0.0100,-0.0000
64.704,-0.0001,0.0040,-0.0034,-0.0001,0.0120,-0.0088,-0.0000
64.716,-0.0001,0.0035,-0.0030,-0.0001,0.0106,-0.0078,-0.0000
64.728,-0.0001,0.0031,-0.0026,-0.0000,0.0093,-0.0068,-0.0000
64.740,-0.0001,0.0027,-0.0023,-0.0000,0.0082,-0.0060,-0.0000
64.752,-0.0001,0.0024,-0.0020,-0.0000,0.0072,-0.0053,-0.0000
64.764,-0.0001,0.0021,-0.0018,-0.0000,0.0064,-0.0047,-0.0000
64.776,-0.0000,0.0018,-0.0016,-0.0000,0.0056,-0.0041,-0.0000
64.788,-0.0000,0.0016,-0.0014,-0.0000,0.0049,-0.0036,-0.0000
64.800,-0.0000,0.0014,-0.0012,-0.0000,0.0043,-0.0032,-0.0000
64.812,-0.0000,0.0013,-0.0011,-0.0000,0.0038,-0.0028,-0.0000
64.824,-0.0000,0.0011,-0.0009,-0.0000,0.0034,-0.0025,0.0000
64.836,-0.0000,0.0010,-0.0008,-0.0000,0.0029,-0.0022,0.0000
64.848,-0.0000,0.0009,-0.0007,-0.0000,0.0026,-0.0019,0.0000
64.860,-0.0000,0.0008,-0.0006,-0.0000,0.0023,-0.0017,0.0000
64.872,-0.0000,0.0007,-0.0006,-0.0000,0.0020,-0.0015,0.0000
64.884,-0.0000,0.0006,-0.0005,-0.0000,0.0018,-0.0013,0.0000
64.896,-0.0000,0.0005,-0.0004,-0.0000,0.0016,-0.0011,0.0000
64.908,-0.0000,0.0005,-0.0004,-0.0000,0.0014,-0.0010,0.0000
64.920,-0.0000,0.0004,-0.0003,-0.0000,0.0012,-0.0009,0.0000
64.932,-0.0000,0.0003,-0.0003,-0.0000,0.0011,-0.0008,0.0000
64.944,-0.0000,0.0003,-0.0003,-0.0000,0.0009,-0.0007,0.0000
64.956,-0.0000,0.0003,-0.0002,-0.0000,0.0008,-0.0006,0.0000
64.968,-0.0000,0.0002,-0.0002,-0.0000,0.0007,-0.0005,0.0000
64.980,-0.0000,0.0002,-0.0002,-0.0000,0.0006,-0.0005,0.0000
64.992,-0.0000,0.0002,-0.0002,-0.0000,0.0006,-0.0004,0.0000
65.004,-0.0000,0.0002,-0.0001,-0.0000,0.0005,-0.0004,0.0000
65.016,-0.0000,0.0001,-0.0001,-0.0000,0.0004,-0.0003,0.0000
65.028,-0.0000,0.0001,-0.0001,-0.0000,0.0004,-0.0003,0.0000
65.040,-0.0000,0.0001,-0.0001,-0.0000,0.0003,-0.0002,0.0000
65.052,-0.0000,0.0001,-0.0001,-0.0000,0.0003,-0.0002,0.0000
65.064,-0.0000,0.0001,-0.0001,-0.0000,0.0003,-0.0002,0.0000
65.076,-0.0000,0.0001,-0.0001,-0.0000,0.0002,-0.0002,0.0000
65.088,-0.0000,0.0001,-0.0001,-0.0000,0.0002,-0.0001,0.0000
65.100,-0.0000,0.0001,-0.0000,-0.0000,0.0002,-0.0001,0.0000
65.112,-0.0000,0.0001,-0.0000,-0.0000,0.0002,-0.0001,0.0000
65.124,-0.0000,0.0000,-0.0000,-0.0000,0.0001,-0.0001,0.0000
65.136,-0.0000,0.0000,-0.0000,-0.0000,0.0001,-0.0001,0.0000
65.148,-0.0000,0.0000,-0.0000,-0.0000,0.0001,-0.0001,0.0000
65.160,-0.0000,0.0000,-0.0000,-0.0000,0.0001,-0.0001,0.0000
65.172,-0.0000,0.0000,-0.0000,-0.0000,0.0001,-0.0001,0.0000
65.184,-0.0000,0.0000,-0.0000,-0.0000,0.0001,-0.0001,0.0000
65.196,-0.0000,0.0000,-0.0000,-0.0000,0.0001,-0.0000,0.0000
65.208,-0.0000,0.0000,-0.0000,-0.0000,0.0001,-0.0000,0.0000
65.220,-0.0000,0.0000,-0.0000,-0.0000,0.0000,-0.0000,0.0000
65.232,-0.0000,0.0000,-0.0000,-0.0000,0.0000,-0.0000,0.0000
65.244,-0.0000,0.0000,-0.0000,-0.0000,0.0000,-0.0000,0.0000
65.256,-0.0000,0.0000,-0.0000,-0.0000,0.0000,-0.0000,0.0000
65.268,-0.0000,0.0000,-0.0000,-0.0000,0.0000,-0.0000,0.0000
65.280,-0.0000,0.0000,-0.0000,-0.0000,0.0000,-0.0000,0.0000
65.292,-0.0000,0.0000,-0.0000,-0.0000,0.0000,-0.0000,0.0000
65.304,-0.0000,0.0000,-0.0000,-0.0000,0.0000,-0.0000,0.0000
65.316,-0.0000,0.0000,-0.0000,-0.0000,0.0000,-0.0000,0.0000
65.328,-0.0000,0.0000,-0.0000,-0.0000,0.0000,-0.0000,0.0000
65.340,-0.0000,0.0000,-0.0000,-0.0000,0.0000,-0.0000,0.0000
65.352,-0.0000,0.0000,-0.0000,-0.0000,0.0000,-0.0000,0.0000
65.364,-0.0000,0.0000,-0.0000,-0.0000,0.0000,-0.0000,0.0000
65.376,-0.0000,0.0000,-0.0000,-0.0000,0.0000,-0.0000,0.0000
65.388,-0.0000,0.0000,-0.0000,-0.0000,0.0000,-0.0000,0.0000
65.400,-0.0000,0.0000,-0.0000,-0.0000,0.0000,-0.0000,0.0000
65.412,-0.0000,0.0000,-0.0000,-0.0000,0.0000,-0.0000,0.0000
65.424,-0.0000,0.0000,-0.0000,-0.0000,0.0000,-0.0000,0.0000
65.436,-0.0000,0.0000,-0.0000,-0.0000,0.0000,-0.0000,0.0000
65.448,-0.0000,0.0000,-0.0000,-0.0000,0.0000,-0.0000,0.0000
65.460,-0.0000,0.0000,-0.0000,-0.0000,0.0000,-0.0000,0.0000
65.472,-0.0000,0.0000,-0.0000,-0.0000,0.0000,-0.0000,0.0000
65.484,-0.0000,0.0000,-0.0000,-0.0000,0.0000,-0.0000,0.0000
65.496,-0.0000,0.0000,-0.0000,-0.0000,0.0000,-0.0000,0.0000
65.508,-0.0000,0.0000,-0.0000,-0.0000,0.0000,-0.0000,0.0000
65.520,-0.0000,0.0000,-0.0000,-0.0000,0.0000,-0.0000,0.0000
65.532,-0.0000,0.0000,-0.0000,-0.0000,0.0000,-0.0000,0.0000
65.544,-0.0000,0.0000,-0.0000,-0.0000,0.0000,-0.0000,0.0000
65.556,-0.0000,0.0000,-0.0000,-0.0000,0.0000,-0.0000,0.0000
65.568,-0.0000,0.0000,-0.0000,-0.0000,0.0000,-0.0000,0.0000
65.580,-0.0000,0.0000,-0.0000,-0.0000,0.0000,-0.0000,0.0000
65.592,-0.0000,0.0000,-0.0000,-0.0000,0.0000,-0.0000,0.0000
65.604,-0.0000,0.0000,-0.0000,-0.0000,0.0000,-0.0000,0.0000
65.616,-0.0000,0.0000,-0.0000,-0.0000,0.0000,-0.0000,0.0000
65.628,-0.0000,0.0000,-0.0000,-0.0000,0.0000,-0.0000,0.0000
65.640,-0.0000,0.0000,-0.0000,-0.0000,0.0000,-0.0000,0.0000
65.652,-0.0000,0.0000,-0.0000,-0.0000,0.0000,-0.0000,0.0000
65.664,-0.0000,0.0000,-0.0000,-0.0000,0.0000,-0.0000,0.0000
65.676,-0.0000,0.0000,-0.0000,-0.0000,0.0000,-0.0000,0.0000
65.688,-0.0000,0.0000,-0.0000,-0.0000,0.0000,-0.0000,0.0000
65.700,-0.0000,0.0000,-0.0000,-0.0000,0.0000,-0.0000,0.0000
65.712,-0.0000,0.0000,-0.0000,-0.0000,0.0000,-0.0000,0.0000
65.724,-0.0000,0.0000,-0.0000,-0.0000,0.0000,-0.0000,0.0000
65.736,-0.0000,0.0000,-0.0000,-0.0000,0.0000,-0.0000,0.0000
65.748,-0.0000,0.0000,-0.0000,-0.0000,0.0000,-0.0000,0.0000
65.760,-0.0000,0.0000,-0.0000,-0.0000,0.0000,-0.0000,0.0000
65.772,-0.0000,0.0000,-0.0000,-0.0000,0.0000,-0.0000,0.0000
65.784,-0.0000,0.0000,-0.0000,-0.0000,0.0000,-0.0000,0.0000
65.796,-0.0000,0.0000,-0.0000,-0.0000,0.0000,-0.0000,0.0000
65.808,-0.0000,0.0000,-0.0000,-0.0000,0.0000,-0.0000,0.0000
65.820,-0.0000,0.0000,-0.0000,-0.0000,0.0000,-0.0000,0.0000
65.832,-0.0000,0.0000,-0.0000,-0.0000,0.0000,-0.0000,0.0000
65.844,-0.0000,0.0000,-0.0000,-0.0000,0.0000,-0.0000,0.0000
65.856,-0.0000,0.0000,-0.0000,-0.0000,0.0000,-0.0000,0.0000
65.868,-0.0000,0.0000,-0.0000,-0.0000,0.0000,-0.0000,0.0000
65.880,-0.0000,0.0000,-0.0000,-0.0000,0.0000,-0.0000,0.0000
65.892,-0.0000,0.0000,-0.0000,-0.0000,0.0000,-0.0000,0.0000
65.904,-0.0000,0.0000,-0.0000,-0.0000,0.0000,-0.0000,0.0000
65.916,-0.0000,0.0000,-0.0000,-0.0000,0.0000,-0.0000,0.0000
65.928,-0.0000,0.0000,-0.0000,-0.0000,0.0000,-0.0000,0.0000
65.940,-0.0000,0.0000,-0.0000,-0.0000,0.0000,-0.0000,0.0000
65.952,-0.0000,0.0000,-0.0000,-0.0000,0.0000,-0.0000,0.0000
65.964,-0.0000,0.0000,-0.0000,-0.0000,0.0000,-0.0000,0.0000
65.976,-0.0000,0.0000,-0.0000,-0.0000,0.0000,-0.0000,0.0000
65.988,-0.0000,0.0000,-0.0000,-0.0000,0.0000,-0.0000,0.0000
66.000,-0.0000,0.0000,-0.0000,-0.0000,0.0000,-0.0000,0.0000
66.012,-0.0000,0.0000,-0.0000,-0.0000,0.0000,-0.0000,0.0000
66.024,-0.0000,0.0000,-0.0000,-0.0000,0.0000,-0.0000,0.0000
66.036,-0.0000,0.0000,-0.0000,-0.0000,0.0000,-0.0000,0.0000
66.048,-0.0000,0.0000,-0.0000,-0.0000,0.0000,-0.0000,0.0000
66.060,-0.0000,0.0000,-0.0000,-0.0000,0.0000,-0.0000,0.0000
66.072,-0.0000,0.0000,-0.0000,-0.0000,0.0000,-0.0000,0.0000
66.084,-0.0000,0.0000,-0.0000,-0.0000,0.0000,-0.0000,0.0000
66.096,-0.0000,0.0000,-0.0000,-0.0000,0.0000,-0.0000,0.0000
66.108,-0.0000,0.0000,-0.0000,-0.0000,0.0000,-0.0000,0.0000
66.120,-0.0000,0.0000,-0.0000,-0.0000,0.0000,-0.0000,0.0000
66.132,-0.0000,0.0000,-0.0000,-0.0000,0.0000,-0.0000,0.0000
66.144,-0.0000,0.0000,-0.0000,-0.0000,0.0000,-0.0000,0.0000
66.156,-0.0000,0.0000,-0.0000,-0.0000,0.0000,-0.0000,0.0000
66.168,-0.0000,0.0000,-0.0000,-0.0000,0.0000,-0.0000,0.0000
66.180,-0.0000,0.0000,-0.0000,-0.0000,0.0000,-0.0000,0.0000
66.192,-0.0000,0.0000,-0.0000,-0.0000,0.0000,-0.0000,0.0000
66.204,-0.0000,0.0000,-0.0000,-0.0000,0.0000,-0.0000,0.0000
66.216,-0.0000,0.0000,-0.0000,-0.0000,0.0000,-0.0000,0.0000
66.228,-0.0000,0.0000,-0.0000,-0.0000,0.0000,-0.0000,0.0000
66.240,-0.0000,0.0000,-0.0000,-0.0000,0.0000,-0.0000,0.0000
66.252,-0.0000,0.0000,-0.0000,-0.0000,0.0000,-0.0000,0.0000
66.264,-0.0000,0.0000,-0.0000,-0.0000,0.0000,-0.0000,0.0000
66.276,-0.0000,0.0000,-0.0000,-0.0000,0.0000,-0.0000,0.0000
66.288,-0.0000,0.0000,-0.0000,-0.0000,0.0000,-0.0000,0.0000
66.300,-0.0000,0.0000,-0.0000,-0.0000,0.0000,-0.0000,0.0000
66.312,-0.0000,0.0000,0.0000,-0.0000,0.0000,-0.0000,0.0000
66.324,-0.0000,0.0000,0.0000,-0.0000,0.0000,-0.0000,0.0000
66.336,-0.0000,0.0000,0.0000,-0.0000,0.0000,-0.0000,0.0000
66.348,-0.0000,0.0000,0.0000,-0.0000,0.0000,-0.0000,0.0000
66.360,-0.0000,0.0000,0.0000,-0.0000,0.0000,-0.0000,0.0000
66.372,-0.0000,0.0000,0.0000,-0.0000,0.0000,-0.0000,0.0000
66.384,-0.0000,0.0000,0.0000,-0.0000,0.0000,-0.0000,0.0000
66.396,-0.0000,0.0000,0.0000,-0.0000,0.0000,-0.0000,0.0000
66.408,-0.0000,0.0000,0.0000,-0.0000,0.0000,-0.0000,0.0000
66.420,-0.0000,0.0000,0.0000,-0.0000,0.0000,-0.0000,0.0000
66.432,-0.0000,0.0000,0.0000,-0.0000,0.0000,-0.0000,0.0000
66.444,-0.0000,0.0000,0.0000,-0.0000,0.0000,-0.0000,0.0000
66.456,-0.0000,0.0000,0.0000,-0.0000,0.0000,-0.0000,0.0000
66.468,-0.0000,0.0000,0.0000,-0.0000,0.0000,-0.0000,0.0000
66.480,-0.0000,0.0000,0.0000,-0.0000,0.0000,-0.0000,0.0000
66.492,-0.0000,0.0000,0.0000,-0.0000,0.0000,-0.0000,0.0000
66.504,-0.0000,0.0000,0.0000,-0.0000,0.0000,-0.0000,0.0000
66.516,-0.0000,0.0000,0.0000,-0.0000,0.0000,-0.0000,0.0000
66.528,-0.0000,0.0000,0.0000,-0.0000,0.0000,-0.0000,0.0000
66.540,-0.0000,0.0000,0.0000,-0.0000,0.0000,-0.0000,0.0000
66.552,-0.0000,0.0000,0.0000,-0.0000,0.0000,-0.0000,0.0000
66.564,-0.0000,0.0000,0.0000,-0.0000,0.0000,-0.0000,0.0000
66.576,-0.0000,0.0000,0.0000,-0.0000,0.0000,-0.0000,0.0000
66.588,-0.0000,0.0000,0.0000,-0.0000,0.0000,-0.0000,0.0000
66.600,-0.0000,0.0000,0.0000,-0.0000,0.0000,-0.0000,0.0000
66.612,-0.0000,0.0000,0.0000,-0.0000,0.0000,-0.0000,0.0000
66.624,-0.0000,0.0000,0.0000,-0.0000,0.0000,-0.0000,0.0000
66.636,-0.0000,0.0000,0.0000,-0.0000,0.0000,-0.0000,0.0000
66.648,-0.0000,0.0000,0.0000,-0.0000,0.0000,-0.0000,0.0000
66.660,-0.0000,0.0000,0.0000,-0.0000,0.0000,-0.0000,0.0000
66.672,-0.0000,0.0000,0.0000,-0.0000,0.0000,-0.0000,0.0000
66.684,-0.0000,0.0000,0.0000,-0.0000,0.0000,-0.0000,0.0000
66.696,-0.0000,0.0000,0.0000,-0.0000,0.0000,-0.0000,0.0000
66.708,-0.0000,0.0000,0.0000,-0.0000,0.0000,-0.0000,0.0000
66.720,-0.0000,0.0000,0.0000,-0.0000,0.0000,-0.0000,0.0000
66.732,-0.0000,0.0000,0.0000,-0.0000,0.0000,-0.0000,0.0000
66.744,-0.0000,0.0000,0.0000,-0.0000,0.0000,-0.0000,0.0000
66.756,-0.0000,0.0000,0.0000,-0.0000,0.0000,-0.0000,0.0000
66.768,-0.0000,0.0000,0.0000,-0.0000,0.0000,-0.0000,0.0000
66.780,-0.0000,0.0000,0.0000,-0.0000,0.0000,-0.0000,0.0000
66.792,-0.0000,0.0000,0.0000,-0.0000,0.0000,-0.0000,0.0000
66.804,-0.0000,0.0000,0.0000,-0.0000,0.0000,-0.0000,0.0000
66.816,-0.0000,0.0000,0.0000,-0.0000,0.0000,-0.0000,0.0000
66.828,-0.0000,0.0000,0.0000,-0.0000,0.0000,-0.0000,0.0000
66.840,-0.0000,0.0000,0.0000,-0.0000,0.0000,-0.0000,0.0000
66.852,-0.0000,0.0000,0.0000,-0.0000,0.0000,-0.0000,0.0000
66.864,-0.0000,0.0000,0.0000,-0.0000,0.0000,-0.0000,0.0000
66.876,-0.0000,0.0000,0.0000,-0.0000,0.0000,-0.0000,0.0000
66.888,-0.0000,0.0000,0.0000,-0.0000,0.0000,-0.0000,0.0000
66.900,-0.0000,0.0000,0.0000,-0.0000,0.0000,-0.0000,0.0000
66.912,-0.0000,0.0000,0.0000,-0.0000,0.0000,-0.0000,0.0000
66.924,-0.0000,0.0000,0.0000,-0.0000,0.0000,-0.0000,0.0000
66.936,-0.0000,0.0000,0.0000,-0.0000,0.0000,-0.0000,0.0000
66.948,-0.0000,0.0000,0.0000,-0.0000,0.0000,-0.0000,0.0000
66.960,-0.0000,0.0000,0.0000,-0.0000,0.0000,-0.0000,0.0000
66.972,-0.0000,0.0000,0.0000,-0.0000,0.0000,-0.0000,0.0000
66.984,-0.0000,0.0000,0.0000,-0.0000,0.0000,-0.0000,0.0000
66.996,-0.0000,0.0000,0.0000,-0.0000,0.0000,-0.0000,0.0000
67.008,-0.0000,0.0000,0.0000,-0.0000,0.0000,-0.0000,0.0000
67.020,-0.0000,0.0000,0.0000,-0.0000,0.0000,-0.0000,0.0000
67.032,-0.0000,0.0000,0.0000,-0.0000,0.0000,-0.0000,0.0000
67.044,-0.0000,0.0000,0.0000,-0.0000,0.0000,-0.0000,0.0000
67.056,-0.0000,0.0000,0.0000,-0.0000,0.0000,-0.0000,0.0000
67.068,-0.0000,0.0000,0.0000,-0.0000,0.0000,-0.0000,0.0000
67.080,-0.0000,0.0000,0.0000,-0.0000,0.0000,-0.0000,0.0000
67.092,-0.0000,0.0000,0.0000,-0.0000,0.0000,-0.0000,0.0000
67.104,-0.0000,0.0000,0.0000,-0.0000,0.0000,-0.0000,0.0000
67.116,-0.0000,0.0000,0.0000,-0.0000,0.0000,-0.0000,0.0000
67.128,-0.0000,0.0000,0.0000,-0.0000,0.0000,-0.0000,0.0000
67.140,-0.0000,0.0000,0.0000,-0.0000,0.0000,-0.0000,0.0000
67.152,-0.0000,0.0000,0.0000,-0.0000,0.0000,-0.0000,0.0000
67.164,-0.0000,0.0000,0.0000,-0.0000,0.0000,-0.0000,0.0000
67.176,-0.0000,0.0000,0.0000,-0.0000,0.0000,-0.0000,0.0000
67.188,-0.0000,0.0000,0.0000,-0.0000,0.0000,-0.0000,0.0000
67.200,-0.0000,0.0000,0.0000,-0.0000,0.0000,-0.0000,0.0000
67.212,-0.0000,0.0000,0.0000,-0.0000,0.0000,-0.0000,0.0000
67.224,-0.0000,0.0000,0.0000,-0.0000,0.0000,-0.0000,0.0000
67.236,-0.0000,0.0000,0.0000,-0.0000,0.0000,-0.0000,0.0000
67.248,-0.0000,0.0000,0.0000,-0.0000,0.0000,-0.0000,0.0000
67.260,-0.0000,0.0000,0.0000,-0.0000,0.0000,-0.0000,0.0000
67.272,-0.0000,0.0000,0.0000,-0.0000,0.0000,-0.0000,0.0000
67.284,-0.0000,0.0000,0.0000,-0.0000,0.0000,-0.0000,0.0000
67.296,-0.0000,0.0000,0.0000,-0.0000,0.0000,-0.0000,0.0000
67.308,-0.0000,0.0000,0.0000,-0.0000,0.0000,-0.0000,0.0000
67.320,-0.0000,0.0000,0.0000,-0.0000,0.0000,-0.0000,0.0000
67.332,-0.0000,0.0000,0.0000,-0.0000,0.0000,-0.0000,0.0000
67.344,-0.0000,0.0000,0.0000,-0.0000,0.0000,-0.0000,0.0000
67.356,-0.0000,0.0000,0.0000,-0.0000,0.0000,-0.0000,0.0000
67.368,-0.0000,0.0000,0.0000,-0.0000,0.0000,-0.0000,0.0000
67.380,-0.0000,0.0000,0.0000,-0.0000,0.0000,-0.0000,0.0000
67.392,-0.0000,0.0000,0.0000,-0.0000,0.0000,-0.0000,0.0000
67.404,-0.0000,0.0000,0.0000,-0.0000,0.0000,-0.0000,0.0000
67.416,-0.0000,0.0000,0.0000,-0.0000,0.0000,-0.0000,0.0000
67.428,-0.0000,0.0000,0.0000,-0.0000,0.0000,-0.0000,0.0000
67.440,-0.0000,0.0000,0.0000,-0.0000,0.0000,-0.0000,0.0000
67.452,-0.0000,0.0000,0.0000,-0.0000,0.0000,-0.0000,0.0000
67.464,-0.0000,0.0000,0.0000,-0.0000,0.0000,-0.0000,0.0000
67.476,-0.0000,0.0000,0.0000,-0.0000,0.0000,-0.0000,0.0000
67.488,-0.0000,0.0000,0.0000,-0.0000,0.0000,-0.0000,0.0000
67.500,-0.0000,0.0000,0.0000,-0.0000,0.0000,-0.0000,0.0000
67.512,-0.0000,0.0000,0.0000,-0.0000,0.0000,-0.0000,0.0000
67.524,-0.0000,0.0000,0.0000,-0.0000,0.0000,-0.0000,0.0000
67.536,-0.0000,0.0000,0.0000,-0.0000,0.0000,-0.0000,0.0000
67.548,-0.0000,0.0000,0.0000,-0.0000,0.0000,-0.0000,0.0000
67.560,-0.0000,0.0000,0.0000,-0.0000,0.0000,-0.0000,0.0000
67.572,-0.0000,0.0000,0.0000,-0.0000,0.0000,-0.0000,0.0000
67.584,-0.0000,0.0000,0.0000,-0.0000,0.0000,-0.0000,0.0000
67.596,-0.0000,0.0000,0.0000,-0.0000,0.0000,-0.0000,0.0000
67.608,-0.0000,0.0000,0.0000,-0.0000,0.0000,-0.0000,0.0000
67.620,-0.0000,0.0000,0.0000,-0.0000,0.0000,-0.0000,0.0000
67.632,-0.0000,0.0000,0.0000,-0.0000,0.0000,-0.0000,0.0000
67.644,-0.0000,0.0000,0.0000,-0.0000,0.0000,-0.0000,0.0000
67.656,-0.0000,0.0000,0.0000,-0.0000,0.0000,-0.0000,0.0000
67.668,-0.0000,0.0000,0.0000,-0.0000,0.0000,-0.0000,0.0000
67.680,-0.0000,0.0000,0.0000,-0.0000,0.0000,-0.0000,0.0000
67.692,-0.0000,0.0000,0.0000,-0.0000,0.0000,-0.0000,0.0000
67.704,-0.0000,0.0000,0.0000,-0.0000,0.0000,-0.0000,0.0000
67.716,-0.0000,0.0000,0.0000,-0.0000,0.0000,-0.0000,0.0000
67.728,-0.0000,0.0000,0.0000,-0.0000,0.0000,-0.0000,0.0000
67.740,-0.0000,0.0000,0.0000,-0.0000,0.0000,-0.0000,0.0000
67.752,-0.0000,0.0000,0.0000,-0.0000,0.0000,-0.0000,0.0000
67.764,-0.0000,0.0000,0.0000,-0.0000,0.0000,-0.0000,0.0000
67.776,-0.0000,0.0000,0.0000,-0.0000,0.0000,-0.0000,0.0000
67.788,-0.0000,0.0000,0.0000,-0.0000,0.0000,-0.0000,0.0000
67.800,-0.0000,0.0000,0.0000,-0.0000,0.0000,-0.0000,0.0000
67.812,-0.0000,0.0000,0.0000,-0.0000,0.0000,-0.0000,0.0000
67.824,-0.0000,0.0000,0.0000,-0.0000,0.0000,-0.0000,0.0000
67.836,-0.0000,0.0000,0.0000,-0.0000,0.0000,-0.0000,0.0000
67.848,-0.0000,0.0000,0.0000,-0.0000,0.0000,-0.0000,0.0000
67.860,-0.0000,0.0004,-0.0004,0.0000,0.0011,0.0000,0.0000
67.872,-0.0000,0.0013,-0.0012,0.0000,0.0032,0.0000,0.0000
67.884,-0.0000,0.0024,-0.0024,0.0000,0.0062,0.0000,0.0000
67.896,-0.0000,0.0039,-0.0038,0.0000,0.0100,0.0000,0.0000
67.908,-0.0000,0.0056,-0.0055,0.0000,0.0144,0.0000,0.0000
67.920,-0.0000,0.0075,-0.0074,0.0000,0.0194,0.0000,0.0000
67.932,-0.0000,0.0097,-0.0094,0.0000,0.0250,0.0000,0.0000
67.944,-0.0000,0.0120,-0.0117,0.0000,0.0310,0.0000,0.0000
67.956,-0.0000,0.0145,-0.0141,0.0000,0.0374,0.0000,0.0000
67.968,-0.0000,0.0172,-0.0167,0.0000,0.0442,0.0000,0.0000
67.980,-0.0000,0.0199,-0.0194,0.0000,0.0512,0.0000,-0.0000
67.992,-0.0000,0.0228,-0.0222,0.0000,0.0586,0.0000,-0.0000
68.004,-0.0000,0.0257,-0.0250,0.0000,0.0662,0.0000,-0.0000
68.016,-0.0000,0.0287,-0.0280,0.0000,0.0740,0.0000,-0.0000
68.028,-0.0000,0.0319,-0.0310,0.0000,0.0820,0.0000,-0.0000
68.040,-0.0000,0.0350,-0.0341,0.0000,0.0902,0.0000,-0.0000
68.052,-0.0000,0.0382,-0.0373,0.0000,0.0985,0.0000,-0.0000
68.064,-0.0000,0.0415,-0.0404,0.0000,0.1069,0.0000,-0.0000
68.076,-0.0000,0.0448,-0.0437,0.0000,0.1155,0.0000,-0.0000
68.088,-0.0000,0.0482,-0.0470,0.0000,0.1241,0.0000,-0.0000
68.100,-0.0000,0.0516,-0.0503,0.0000,0.1328,0.0000,-0.0000
68.112,-0.0000,0.0550,-0.0536,0.0000,0.1416,0.0000,-0.0000
68.124,-0.0000,0.0585,-0.0570,0.0000,0.1505,0.0000,-0.0000
68.136,-0.0000,0.0619,-0.0603,0.0000,0.1595,0.0000,-0.0000
68.148,-0.0000,0.0654,-0.0637,0.0000,0.1685,0.0000,-0.0000
68.160,-0.0000,0.0690,-0.0672,0.0000,0.1775,0.0000,-0.0000
68.172,-0.0000,0.0725,-0.0706,0.0000,0.1866,0.0000,-0.0000
68.184,-0.0000,0.0760,-0.0740,0.0000,0.1957,0.0000,-0.0000
68.196,-0.0000,0.0796,-0.0775,0.0000,0.2048,0.0000,-0.0000
68.208,-0.0000,0.0831,-0.0810,0.0000,0.2140,0.0000,-0.0000
68.220,-0.0000,0.0867,-0.0845,0.0000,0.2232,0.0000,-0.0000
68.232,-0.0000,0.0903,-0.0879,0.0000,0.2324,0.0000,-0.0000
68.244,-0.0000,0.0939,-0.0914,0.0000,0.2417,0.0000,-0.0000
68.256,-0.0000,0.0975,-0.0949,0.0000,0.2509,0.0000,-0.0000
68.268,-0.0000,0.1011,-0.0984,0.0000,0.2602,0.0000,-0.0000
68.280,-0.0000,0.1047,-0.1020,0.0000,0.2695,0.0000,-0.0000
68.292,-0.0000,0.1083,-0.1055,0.0000,0.2788,0.0000,-0.0000
68.304,-0.0000,0.1119,-0.1090,0.0000,0.2881,0.0000,-0.0000
68.316,-0.0000,0.1155,-0.1125,0.0000,0.2974,0.0000,-0.0000
68.328,-0.0000,0.1191,-0.1160,0.0000,0.3067,0.0000,-0.0000
68.340,-0.0000,0.1228,-0.1196,0.0000,0.3160,0.0000,-0.0000
68.352,-0.0000,0.1264,-0.1231,0.0000,0.3254,0.0000,-0.0000
68.364,-0.0000,0.1300,-0.1266,0.0000,0.3347,0.0000,-0.0000
68.376,-0.0000,0.1336,-0.1302,0.0000,0.3440,0.0000,-0.0000
68.388,-0.0000,0.1373,-0.1337,0.0000,0.3534,0.0000,-0.0000
68.400,-0.0000,0.1409,-0.1372,0.0000,0.3627,0.0000,-0.0000
68.412,-0.0000,0.1445,-0.1408,0.0000,0.3721,0.0000,-0.0000
68.424,-0.0000,0.1482,-0.1443,0.0000,0.3815,0.0000,-0.0000
68.436,-0.0000,0.1518,-0.1479,0.0000,0.3908,0.0000,-0.0000
68.448,-0.0000,0.1555,-0.1514,0.0000,0.4002,0.0000,-0.0000
68.460,-0.0000,0.1591,-0.1550,0.0000,0.4095,0.0000,-0.0000
68.472,-0.0000,0.1627,-0.1585,0.0000,0.4189,0.0000,-0.0000
68.484,-0.0000,0.1664,-0.1620,0.0000,0.4283,0.0000,-0.0000
68.496,-0.0000,0.1700,-0.1656,0.0000,0.4376,0.0000,-0.0000
68.508,-0.0000,0.1736,-0.1691,0.0000,0.4470,0.0000,-0.0000
68.520,-0.0000,0.1773,-0.1727,0.0000,0.4564,0.0000,-0.0000
68.532,-0.0000,0.1809,-0.1762,0.0000,0.4657,0.0000,-0.0000
68.544,-0.0000,0.1846,-0.1798,0.0000,0.4751,0.0000,-0.0000
68.556,-0.0000,0.1882,-0.1833,0.0000,0.4845,0.0000,-0.0000
68.568,-0.0000,0.1918,-0.1869,0.0000,0.4939,0.0000,-0.0000
68.580,-0.0000,0.1955,-0.1904,0.0000,0.5032,0.0000,-0.0000
68.592,-0.0000,0.1991,-0.1939,0.0000,0.5126,0.0000,-0.0000
68.604,-0.0000,0.2028,-0.1975,0.0000,0.5220,0.0000,-0.0000
68.616,-0.0000,0.2064,-0.2010,0.0000,0.5313,0.0000,-0.0000
68.628,-0.0000,0.2100,-0.2046,0.0000,0.5407,0.0000,-0.0000
68.640,-0.0000,0.2137,-0.2081,0.0000,0.5501,0.0000,-0.0000
68.652,-0.0000,0.2173,-0.2117,0.0000,0.5595,0.0000,-0.0000
68.664,-0.0000,0.2210,-0.2152,0.0000,0.5688,0.0000,-0.0000
68.676,-0.0000,0.2246,-0.2188,0.0000,0.5782,0.0000,-0.0000
68.688,-0.0000,0.2283,-0.2223,0.0000,0.5876,0.0000,-0.0000
68.700,-0.0000,0.2319,-0.2259,0.0000,0.5970,0.0000,-0.0000
68.712,-0.0000,0.2355,-0.2294,0.0000,0.6063,0.0000,-0.0000
68.724,-0.0000,0.2392,-0.2330,0.0000,0.6157,0.0000,-0.0000
68.736,-0.0000,0.2428,-0.2365,0.0000,0.6251,0.0000,-0.0000
68.748,-0.0000,0.2465,-0.2401,0.0000,0.6345,0.0000,-0.0000
68.760,-0.0000,0.2501,-0.2436,0.0000,0.6438,0.0000,-0.0000
68.772,-0.0000,0.2537,-0.2472,0.0000,0.6532,0.0000,-0.0000
68.784,-0.0000,0.2574,-0.2507,0.0000,0.6626,0.0000,-0.0000
68.796,-0.0000,0.2610,-0.2542,0.0000,0.6720,0.0000,-0.0000
68.808,-0.0000,0.2647,-0.2578,0.0000,0.6813,0.0000,-0.0000
68.820,-0.0000,0.2683,-0.2613,0.0000,0.6907,0.0000,-0.0000
68.832,-0.0000,0.2720,-0.2649,0.0000,0.7001,0.0000,-0.0000
68.844,-0.0000,0.2756,-0.2684,0.0000,0.7095,0.0000,-0.0000
68.856,-0.0000,0.2792,-0.2720,0.0000,0.7189,0.0000,-0.0000
68.868,-0.0000,0.2829,-0.2755,0.0000,0.7282,0.0000,-0.0000
68.880,-0.0000,0.2865,-0.2791,0.0000,0.7376,0.0000,-0.0000
68.892,-0.0000,0.2902,-0.2826,0.0000,0.7470,0.0000,-0.0000
68.904,-0.0000,0.2938,-0.2862,0.0000,0.7564,0.0000,-0.0000
68.916,-0.0000,0.2975,-0.2897,0.0000,0.7657,0.0000,-0.0000
68.928,-0.0000,0.3011,-0.2933,0.0000,0.7751,0.0000,-0.0000
68.940,-0.0000,0.3047,-0.2968,0.0000,0.7845,0.0000,-0.0000
68.952,-0.0000,0.3084,-0.3004,0.0000,0.7939,0.0000,-0.0000
68.964,-0.0000,0.3120,-0.3039,0.0000,0.8032,0.0000,-0.0000
68.976,-0.0000,0.3157,-0.3075,0.0000,0.8126,0.0000,-0.0000
68.988,-0.0000,0.3193,-0.3110,0.0000,0.8220,0.0000,-0.0000
69.000,-0.0000,0.3230,-0.3146,0.0000,0.8314,0.0000,-0.0000
69.012,-0.0000,0.3266,-0.3181,0.0000,0.8407,0.0000,-0.0000
69.024,-0.0000,0.3302,-0.3217,0.0000,0.8501,0.0001,-0.0000
69.036,-0.0000,0.3339,-0.3252,0.0000,0.8595,0.0001,-0.0000
69.048,-0.0000,0.3375,-0.3287,0.0000,0.8689,0.0001,-0.0000
69.060,-0.0000,0.3412,-0.3323,0.0000,0.8783,0.0001,-0.0000
69.072,-0.0000,0.3448,-0.3358,0.0000,0.8876,0.0001,-0.0000
69.084,-0.0000,0.3484,-0.3394,0.0000,0.8970,0.0001,-0.0000
69.096,-0.0000,0.3521,-0.3429,0.0000,0.9064,0.0001,-0.0000
69.108,-0.0000,0.3557,-0.3465,0.0000,0.9158,0.0001,-0.0000
69.120,-0.0000,0.3594,-0.3500,0.0000,0.9251,0.0001,-0.0000
69.132,-0.0000,0.3630,-0.3536,0.0000,0.9345,0.0001,-0.0000
69.144,-0.0000,0.3667,-0.3571,0.0000,0.9439,0.0001,-0.0000
69.156,-0.0000,0.3703,-0.3607,0.0000,0.9533,0.0001,-0.0000
69.168,-0.0000,0.3739,-0.3642,0.0000,0.9626,0.0001,-0.0000
69.180,-0.0000,0.3776,-0.3678,0.0000,0.9720,0.0001,-0.0000
69.192,-0.0000,0.3812,-0.3713,0.0000,0.9814,0.0001,-0.0000
69.204,-0.0000,0.3849,-0.3749,0.0000,0.9908,0.0001,-0.0000
69.216,-0.0000,0.3885,-0.3784,0.0000,1.0001,0.0001,-0.0000
69.228,-0.0000,0.3922,-0.3820,0.0000,1.0095,0.0001,-0.0000
69.240,-0.0000,0.3958,-0.3855,0.0000,1.0189,0.0001,-0.0000
69.252,-0.0000,0.3994,-0.3891,0.0000,1.0283,0.0001,-0.0000
69.264,-0.0000,0.4031,-0.3926,0.0000,1.0376,0.0001,-0.0000
69.276,-0.0000,0.4067,-0.3962,0.0000,1.0470,0.0001,-0.0000
69.288,-0.0000,0.4104,-0.3997,0.0000,1.0564,0.0001,-0.0000
69.300,-0.0000,0.4140,-0.4032,0.0000,1.0658,0.0001,-0.0000
69.312,-0.0000,0.4177,-0.4068,0.0000,1.0752,0.0001,-0.0000
69.324,-0.0000,0.4213,-0.4103,0.0000,1.0845,0.0001,-0.0000
69.336,-0.0000,0.4249,-0.4139,0.0000,1.0939,0.0001,-0.0000
69.348,-0.0000,0.4286,-0.4174,0.0000,1.1033,0.0001,-0.0000
69.360,-0.0000,0.4322,-0.4210,0.0000,1.1127,0.0001,-0.0000
69.372,-0.0000,0.4359,-0.4245,0.0000,1.1220,0.0001,-0.0000
69.384,-0.0000,0.4395,-0.4281,0.0000,1.1314,0.0001,-0.0000
69.396,-0.0000,0.4431,-0.4316,0.0000,1.1408,0.0001,-0.0000
69.408,-0.0000,0.4468,-0.4352,0.0000,1.1502,0.0001,-0.0000
69.420,-0.0000,0.4504,-0.4387,0.0000,1.1595,0.0001,-0.0000
69.432,-0.0000,0.4541,-0.4423,0.0000,1.1689,0.0001,-0.0000
69.444,-0.0000,0.4577,-0.4458,0.0000,1.1783,0.0001,-0.0000
69.456,-0.0000,0.4614,-0.4494,0.0000,1.1877,0.0001,-0.0000
69.468,-0.0000,0.4650,-0.4529,0.0000,1.1970,0.0001,-0.0000
69.480,-0.0000,0.4686,-0.4565,0.0000,1.2064,0.0001,-0.0000
69.492,-0.0000,0.4723,-0.4600,0.0000,1.2158,0.0001,-0.0000
69.504,-0.0000,0.4759,-0.4636,0.0000,1.2252,0.0001,-0.0000
69.516,-0.0000,0.4796,-0.4671,0.0000,1.2346,0.0001,-0.0000
69.528,-0.0000,0.4832,-0.4707,0.0000,1.2439,0.0001,-0.0000
69.540,-0.0000,0.4869,-0.4742,0.0000,1.2533,0.0001,-0.0000
69.552,-0.0000,0.4905,-0.4777,0.0000,1.2627,0.0001,-0.0000
69.564,-0.0000,0.4941,-0.4813,0.0000,1.2721,0.0001,-0.0000
69.576,-0.0000,0.4978,-0.4848,0.0000,1.2814,0.0001,-0.0000
69.588,-0.0000,0.5014,-0.4884,0.0000,1.2908,0.0001,-0.0000
69.600,-0.0000,0.5051,-0.4919,0.0000,1.3002,0.0001,-0.0000
69.612,-0.0000,0.5087,-0.4955,0.0000,1.3096,0.0001,-0.0000
69.624,-0.0000,0.5124,-0.4990,0.0000,1.3189,0.0001,-0.0000
69.636,-0.0000,0.5160,-0.5026,0.0000,1.3283,0.0001,-0.0000
69.648,-0.0000,0.5196,-0.5061,0.0000,1.3377,0.0001,-0.0000
69.660,-0.0000,0.5233,-0.5097,0.0000,1.3471,0.0001,-0.0000
69.672,-0.0000,0.5269,-0.5132,0.0000,1.3564,0.0001,-0.0000
69.684,-0.0000,0.5306,-0.5168,0.0000,1.3658,0.0001,-0.0000
69.696,-0.0000,0.5342,-0.5203,0.0000,1.3752,0.0001,-0.0000
69.708,-0.0000,0.5378,-0.5239,0.0000,1.3846,0.0001,-0.0000
69.720,-0.0000,0.5415,-0.5274,0.0000,1.3939,0.0001,-0.0000
69.732,-0.0000,0.5451,-0.5310,0.0000,1.4033,0.0001,-0.0000
69.744,-0.0000,0.5488,-0.5345,0.0000,1.4127,0.0001,-0.0000
69.756,-0.0000,0.5524,-0.5381,0.0000,1.4221,0.0001,-0.0000
69.768,-0.0000,0.5561,-0.5416,0.0000,1.4315,0.0001,-0.0000
69.780,-0.0000,0.5597,-0.5452,0.0000,1.4408,0.0001,-0.0000
69.792,-0.0000,0.5633,-0.5487,0.0000,1.4502,0.0001,-0.0000
69.804,-0.0000,0.5670,-0.5522,0.0000,1.4596,0.0001,-0.0000
69.816,-0.0000,0.5706,-0.5558,0.0000,1.4690,0.0001,-0.0000
69.828,-0.0000,0.5743,-0.5593,0.0000,1.4783,0.0001,-0.0000
69.840,-0.0000,0.5779,-0.5629,0.0000,1.4877,0.0001,-0.0000
69.852,-0.0000,0.5814,-0.5663,0.0000,1.4967,0.0001,-0.0000
69.864,-0.0000,0.5845,-0.5693,0.0000,1.5046,0.0001,-0.0000
69.876,-0.0000,0.5872,-0.5719,0.0000,1.5116,0.0001,-0.0000
69.888,-0.0000,0.5896,-0.5743,0.0000,1.5177,0.0001,-0.0000
69.900,-0.0000,0.5917,-0.5763,0.0000,1.5231,0.0001,-0.0000
69.912,-0.0000,0.5935,-0.5781,0.0000,1.5279,0.0001,-0.0000
69.924,-0.0000,0.5951,-0.5797,0.0000,1.5321,0.0001,-0.0000
69.936,-0.0000,0.5966,-0.5811,0.0000,1.5357,0.0001,-0.0000
69.948,-0.0000,0.5978,-0.5823,0.0000,1.5390,0.0001,-0.0000
69.960,-0.0000,0.5989,-0.5834,0.0000,1.5418,0.0001,-0.0000
69.972,-0.0000,0.5999,-0.5843,0.0000,1.5443,0.0001,-0.0000
69.984,-0.0000,0.6008,-0.5852,0.0000,1.5465,0.0001,-0.0000
69.996,-0.0000,0.6015,-0.5859,0.0000,1.5485,0.0001,-0.0000
70.008,-0.0000,0.6022,-0.5865,0.0000,1.5502,0.0001,-0.0000
70.020,-0.0000,0.6028,-0.5871,0.0000,1.5517,0.0001,-0.0000
70.032,-0.0000,0.6033,-0.5876,0.0000,1.5530,0.0001,-0.0000
70.044,-0.0000,0.6033,-0.5876,0.0000,1.5530,0.0001,-0.0000
70.056,-0.0000,0.6034,-0.5872,0.0000,1.5526,0.0001,-0.0000
70.068,-0.0000,0.6036,-0.5866,0.0000,1.5517,0.0001,-0.0000
70.080,-0.0000,0.6040,-0.5857,0.0000,1.5505,0.0001,-0.0000
70.092,-0.0000,0.6044,-0.5845,0.0000,1.5489,0.0001,-0.0000
70.104,-0.0000,0.6048,-0.5831,0.0000,1.5471,0.0001,-0.0000
70.116,-0.0000,0.6054,-0.5815,0.0000,1.5450,0.0001,-0.0000
70.128,-0.0000,0.6060,-0.5798,0.0000,1.5428,0.0001,-0.0000
70.140,-0.0000,0.6066,-0.5779,0.0000,1.5403,0.0001,-0.0000
70.152,-0.0000,0.6073,-0.5759,0.0000,1.5377,0.0001,-0.0000
70.164,-0.0000,0.6081,-0.5738,0.0000,1.5349,0.0001,-0.0000
70.176,-0.0000,0.6088,-0.5715,0.0000,1.5320,0.0001,-0.0000
70.188,-0.0000,0.6096,-0.5692,0.0000,1.5289,0.0001,-0.0000
70.200,-0.0000,0.6105,-0.5669,0.0000,1.5258,0.0001,-0.0000
70.212,-0.0000,0.6113,-0.5644,0.0000,1.5226,0.0001,-0.0000
70.224,-0.0000,0.6122,-0.5619,0.0000,1.5193,0.0001,-0.0000
70.236,-0.0000,0.6131,-0.5593,0.0000,1.5160,0.0001,-0.0000
70.248,-0.0000,0.6140,-0.5567,0.0000,1.5125,0.0001,-0.0000
70.260,-0.0000,0.6149,-0.5541,0.0000,1.5091,0.0001,-0.0000
70.272,-0.0000,0.6158,-0.5514,0.0000,1.5056,0.0001,-0.0000
70.284,-0.0000,0.6167,-0.5487,0.0000,1.5020,0.0001,-0.0000
70.296,-0.0000,0.6177,-0.5459,0.0000,1.4984,0.0001,-0.0000
70.308,-0.0000,0.6186,-0.5432,0.0000,1.4948,0.0001,-0.0000
70.320,-0.0000,0.6196,-0.5404,0.0000,1.4911,0.0001,-0.0000
70.332,-0.0000,0.6206,-0.5376,0.0000,1.4875,0.0001,-0.0000
70.344,-0.0000,0.6216,-0.5348,0.0000,1.4838,0.0001,-0.0000
70.356,-0.0000,0.6225,-0.5319,0.0000,1.4801,0.0001,-0.0000
70.368,-0.0000,0.6235,-0.5291,0.0000,1.4763,0.0001,-0.0000
70.380,-0.0000,0.6245,-0.5262,0.0000,1.4726,0.0001,-0.0000
70.392,-0.0000,0.6255,-0.5234,0.0000,1.4688,0.0001,-0.0000
70.404,-0.0000,0.6265,-0.5205,0.0000,1.4650,0.0001,-0.0000
70.416,-0.0000,0.6275,-0.5176,0.0000,1.4613,0.0001,-0.0000
70.428,-0.0000,0.6285,-0.5147,0.0000,1.4575,0.0001,-0.0000
70.440,-0.0000,0.6295,-0.5118,0.0000,1.4537,0.0001,-0.0000
70.452,-0.0000,0.6305,-0.5089,0.0000,1.4499,0.0001,-0.0000
70.464,-0.0000,0.6315,-0.5060,0.0000,1.4461,0.0001,-0.0000
70.476,-0.0000,0.6325,-0.5031,0.0000,1.4422,0.0001,-0.0000
70.488,-0.0000,0.6335,-0.5002,0.0000,1.4384,0.0001,-0.0000
70.500,-0.0000,0.6345,-0.4973,0.0000,1.4346,0.0001,-0.0000
70.512,-0.0000,0.6355,-0.4944,0.0000,1.4308,0.0001,-0.0000
70.524,-0.0000,0.6366,-0.4914,0.0000,1.4269,0.0001,-0.0000
70.536,-0.0000,0.6376,-0.4885,0.0000,1.4231,0.0001,-0.0000
70.548,-0.0000,0.6386,-0.4856,0.0000,1.4193,0.0001,-0.0000
70.560,-0.0000,0.6396,-0.4827,0.0000,1.4154,0.0001,-0.0000
70.572,-0.0000,0.6406,-0.4797,0.0000,1.4116,0.0001,-0.0000
70.584,-0.0000,0.6416,-0.4768,0.0000,1.4078,0.0001,-0.0000
70.596,-0.0000,0.6426,-0.4739,0.0000,1.4039,0.0001,-0.0000
70.608,-0.0000,0.6436,-0.4709,0.0000,1.4001,0.0001,-0.0000
70.620,-0.0000,0.6447,-0.4680,0.0000,1.3962,0.0001,-0.0000
70.632,-0.0000,0.6457,-0.4651,0.0000,1.3924,0.0001,-0.0000
70.644,-0.0000,0.6467,-0.4621,0.0000,1.3885,0.0001,-0.0000
70.656,-0.0000,0.6477,-0.4592,0.0000,1.3847,0.0001,-0.0000
70.668,-0.0000,0.6487,-0.4563,0.0000,1.3808,0.0001,-0.0000
70.680,-0.0000,0.6497,-0.4533,0.0000,1.3770,0.0001,-0.0000
70.692,-0.0000,0.6508,-0.4504,0.0000,1.3731,0.0000,-0.0000
70.704,-0.0000,0.6518,-0.4474,0.0000,1.3693,0.0000,-0.0000
70.716,-0.0000,0.6528,-0.4445,0.0000,1.3654,0.0000,-0.0000
70.728,-0.0000,0.6538,-0.4416,0.0000,1.3616,0.0000,-0.0000
70.740,-0.0000,0.6548,-0.4386,0.0000,1.3577,0.0000,-0.0000
70.752,-0.0000,0.6558,-0.4357,0.0000,1.3539,0.0000,-0.0000
70.764,-0.0000,0.6569,-0.4327,0.0000,1.3500,0.0000,-0.0000
70.776,-0.0000,0.6579,-0.4298,0.0000,1.3462,0.0000,-0.0000
70.788,-0.0000,0.6589,-0.4269,0.0000,1.3423,0.0000,-0.0000
70.800,-0.0000,0.6599,-0.4239,0.0000,1.3385,0.0000,-0.0000
70.812,-0.0000,0.6609,-0.4210,0.0000,1.3346,0.0000,-0.0000
70.824,-0.0000,0.6619,-0.4181,0.0000,1.3307,0.0000,-0.0000
70.836,-0.0000,0.6630,-0.4151,0.0000,1.3269,0.0000,-0.0000
70.848,-0.0000,0.6640,-0.4122,0.0000,1.3230,0.0000,-0.0000
70.860,-0.0000,0.6650,-0.4092,0.0000,1.3192,0.0000,-0.0000
70.872,-0.0000,0.6660,-0.4063,0.0000,1.3153,0.0000,-0.0000
70.884,-0.0000,0.6670,-0.4034,0.0000,1.3115,0.0000,-0.0000
70.896,-0.0000,0.6680,-0.4004,0.0000,1.3076,0.0000,-0.0000
70.908,-0.0000,0.6691,-0.3975,0.0000,1.3038,0.0000,-0.0000
70.920,-0.0000,0.6701,-0.3945,0.0000,1.2999,0.0000,-0.0000
70.932,-0.0000,0.6711,-0.3916,0.0000,1.2961,0.0000,-0.0000
70.944,-0.0000,0.6721,-0.3887,0.0000,1.2922,0.0000,-0.0000
70.956,-0.0000,0.6731,-0.3857,0.0000,1.2884,0.0000,-0.0000
70.968,-0.0000,0.6741,-0.3828,0.0000,1.2845,0.0000,-0.0000
70.980,-0.0000,0.6752,-0.3798,0.0000,1.2806,0.0000,-0.0000
70.992,-0.0000,0.6762,-0.3769,0.0000,1.2768,0.0000,-0.0000
71.004,-0.0000,0.6772,-0.3740,0.0000,1.2729,0.0000,-0.0000
71.016,-0.0000,0.6782,-0.3710,0.0000,1.2691,0.0000,-0.0000
71.028,-0.0000,0.6792,-0.3681,0.0000,1.2652,0.0000,-0.0000
71.040,-0.0000,0.6802,-0.3651,0.0000,1.2614,0.0000,-0.0000
71.052,-0.0000,0.6813,-0.3622,0.0000,1.2575,0.0000,-0.0000
71.064,-0.0000,0.6823,-0.3593,0.0000,1.2537,0.0000,-0.0000
71.076,-0.0000,0.6833,-0.3563,0.0000,1.2498,0.0000,-0.0000
71.088,-0.0000,0.6843,-0.3534,0.0000,1.2460,0.0000,-0.0000
71.100,-0.0000,0.6853,-0.3504,0.0000,1.2421,0.0000,-0.0000
71.112,-0.0000,0.6863,-0.3475,0.0000,1.2382,0.0000,-0.0000
71.124,-0.0000,0.6874,-0.3446,0.0000,1.2344,0.0000,-0.0000
71.136,-0.0000,0.6884,-0.3416,0.0000,1.2305,0.0000,-0.0000
71.148,-0.0000,0.6894,-0.3387,0.0000,1.2267,0.0000,-0.0000
71.160,-0.0000,0.6904,-0.3357,0.0000,1.2228,0.0000,-0.0000
71.172,-0.0000,0.6914,-0.3328,0.0000,1.2190,0.0000,-0.0000
71.184,-0.0000,0.6924,-0.3299,0.0000,1.2151,0.0000,-0.0000
71.196,-0.0000,0.6935,-0.3269,0.0000,1.2113,0.0000,-0.0000
71.208,-0.0000,0.6945,-0.3240,0.0000,1.2074,0.0000,-0.0000
71.220,-0.0000,0.6955,-0.3210,0.0000,1.2036,0.0000,-0.0000
71.232,-0.0000,0.6965,-0.3181,0.0000,1.1997,0.0000,-0.0000
71.244,-0.0000,0.6975,-0.3152,0.0000,1.1959,0.0000,-0.0000
71.256,-0.0000,0.6984,-0.3126,0.0000,1.1925,0.0000,-0.0000
71.268,-0.0000,0.6992,-0.3103,0.0000,1.1895,0.0000,-0.0000
71.280,-0.0000,0.6999,-0.3083,0.0000,1.1868,0.0000,-0.0000
71.292,-0.0000,0.7005,-0.3065,0.0000,1.1845,0.0000,-0.0000
71.304,-0.0000,0.7011,-0.3050,0.0000,1.1825,0.0000,-0.0000
71.316,-0.0000,0.7015,-0.3036,0.0000,1.1807,0.0000,-0.0000
71.328,-0.0000,0.7019,-0.3024,0.0000,1.1791,0.0000,-0.0000
71.340,-0.0000,0.7023,-0.3013,0.0000,1.1778,0.0000,-0.0000
71.352,-0.0000,0.7026,-0.3004,0.0000,1.1765,0.0000,-0.0005
71.364,-0.0000,0.7029,-0.2996,0.0000,1.1755,0.0000,-0.0015
71.376,-0.0000,0.7032,-0.2989,0.0000,1.1745,0.0000,-0.0029
71.388,-0.0000,0.7034,-0.2982,0.0000,1.1737,0.0000,-0.0047
71.400,-0.0000,0.7036,-0.2977,0.0000,1.1730,0.0000,-0.0068
71.412,-0.0000,0.7037,-0.2972,0.0000,1.1723,0.0000,-0.0091
71.424,-0.0000,0.7039,-0.2968,0.0000,1.1717,0.0000,-0.0117
71.436,-0.0000,0.7040,-0.2964,0.0000,1.1712,0.0000,-0.0145
71.448,-0.0000,0.7041,-0.2960,0.0000,1.1708,0.0000,-0.0175
71.460,-0.0000,0.7042,-0.2958,0.0000,1.1704,0.0000,-0.0207
71.472,-0.0000,0.7043,-0.2955,0.0000,1.1701,0.0000,-0.0240
71.484,-0.0000,0.7044,-0.2953,0.0000,1.1698,0.0000,-0.0275
71.496,-0.0000,0.7045,-0.2951,0.0000,1.1695,0.0000,-0.0311
71.508,-0.0000,0.7045,-0.2949,0.0000,1.1693,0.0000,-0.0347
71.520,-0.0000,0.7046,-0.2947,0.0000,1.1691,0.0000,-0.0385
71.532,-0.0000,0.7046,-0.2946,0.0000,1.1689,0.0000,-0.0423
71.544,-0.0000,0.7047,-0.2945,0.0000,1.1687,0.0000,-0.0462
71.556,-0.0000,0.7047,-0.2944,0.0000,1.1686,0.0000,-0.0502
71.568,-0.0000,0.7048,-0.2943,0.0000,1.1685,0.0000,-0.0542
71.580,-0.0000,0.7048,-0.2942,0.0000,1.1684,0.0000,-0.0582
71.592,-0.0000,0.7048,-0.2941,0.0000,1.1683,0.0000,-0.0623
71.604,-0.0000,0.7048,-0.2941,0.0000,1.1682,0.0000,-0.0665
71.616,-0.0000,0.7048,-0.2940,0.0000,1.1681,0.0000,-0.0706
71.628,-0.0000,0.7049,-0.2940,0.0000,1.1681,0.0000,-0.0748
71.640,-0.0000,0.7049,-0.2939,0.0000,1.1680,0.0000,-0.0791
71.652,-0.0000,0.7049,-0.2939,0.0000,1.1680,0.0000,-0.0833
71.664,-0.0000,0.7049,-0.2938,0.0000,1.1679,0.0000,-0.0876
71.676,-0.0000,0.7049,-0.2938,0.0000,1.1679,0.0000,-0.0918
71.688,-0.0000,0.7049,-0.2938,0.0000,1.1678,0.0000,-0.0961
71.700,-0.0000,0.7049,-0.2938,0.0000,1.1678,0.0000,-0.1004
71.712,-0.0000,0.7049,-0.2937,0.0000,1.1678,0.0000,-0.1047
71.724,-0.0000,0.7049,-0.2937,0.0000,1.1678,0.0000,-0.1091
71.736,-0.0000,0.7049,-0.2937,0.0000,1.1677,0.0000,-0.1134
71.748,-0.0000,0.7050,-0.2937,0.0000,1.1677,0.0000,-0.1178
71.760,-0.0000,0.7050,-0.2937,0.0000,1.1677,0.0000,-0.1221
71.772,-0.0000,0.7050,-0.2937,0.0000,1.1677,0.0000,-0.1265
71.784,-0.0000,0.7050,-0.2937,0.0000,1.1677,0.0000,-0.1308
71.796,-0.0000,0.7050,-0.2937,0.0000,1.1677,0.0000,-0.1352
71.808,-0.0000,0.7050,-0.2936,0.0000,1.1677,0.0000,-0.1396
71.820,-0.0000,0.7050,-0.2936,0.0000,1.1676,0.0000,-0.1439
71.832,-0.0000,0.7050,-0.2936,0.0000,1.1676,0.0000,-0.1483
71.844,-0.0000,0.7050,-0.2936,0.0000,1.1676,0.0000,-0.1527
71.856,-0.0000,0.7050,-0.2936,0.0000,1.1676,0.0000,-0.1571
71.868,-0.0000,0.7050,-0.2936,0.0000,1.1676,0.0000,-0.1614
71.880,-0.0000,0.7050,-0.2936,0.0000,1.1676,0.0000,-0.1658
71.892,-0.0000,0.7050,-0.2936,0.0000,1.1676,0.0000,-0.1702
71.904,-0.0000,0.7050,-0.2936,0.0000,1.1676,0.0000,-0.1746
71.916,-0.0000,0.7050,-0.2936,0.0000,1.1676,0.0000,-0.1790
71.928,-0.0000,0.7048,-0.2936,0.0000,1.1677,0.0000,-0.1834
71.940,-0.0000,0.7043,-0.2936,0.0000,1.1681,0.0000,-0.1878
71.952,-0.0000,0.7037,-0.2936,0.0000,1.1686,0.0000,-0.1922
71.964,-0.0000,0.7031,-0.2936,0.0000,1.1690,0.0000,-0.1966
71.976,-0.0000,0.7025,-0.2936,0.0000,1.1694,0.0000,-0.2010
71.988,-0.0000,0.7020,-0.2936,0.0000,1.1699,0.0000,-0.2054
72.000,-0.0000,0.7014,-0.2936,0.0000,1.1703,0.0000,-0.2098
72.012,-0.0000,0.7008,-0.2936,0.0000,1.1708,0.0000,-0.2142
72.024,-0.0000,0.7002,-0.2936,0.0000,1.1712,0.0000,-0.2186
72.036,-0.0000,0.6996,-0.2936,0.0000,1.1717,0.0000,-0.2230
72.048,-0.0000,0.6990,-0.2936,0.0000,1.1721,0.0000,-0.2273
72.060,-0.0000,0.6985,-0.2936,0.0000,1.1725,0.0000,-0.2317
72.072,-0.0000,0.6979,-0.2936,0.0000,1.1730,0.0000,-0.2361
72.084,-0.0000,0.6973,-0.2936,0.0000,1.1734,0.0000,-0.2405
72.096,-0.0000,0.6967,-0.2936,0.0000,1.1739,0.0000,-0.2449
72.108,-0.0000,0.6962,-0.2936,0.0000,1.1743,0.0000,-0.2493
72.120,-0.0000,0.6956,-0.2936,0.0000,1.1747,0.0000,-0.2537
72.132,-0.0000,0.6950,-0.2936,0.0000,1.1752,0.0000,-0.2581
72.144,-0.0000,0.6945,-0.2936,0.0000,1.1756,0.0000,-0.2625
72.156,-0.0000,0.6939,-0.2936,0.0000,1.1760,0.0000,-0.2669
72.168,-0.0000,0.6933,-0.2936,0.0000,1.1764,0.0000,-0.2713
72.180,-0.0000,0.6928,-0.2936,0.0000,1.1769,0.0000,-0.2757
72.192,-0.0000,0.6922,-0.2936,0.0000,1.1773,0.0000,-0.2801
72.204,-0.0000,0.6916,-0.2936,0.0000,1.1777,0.0000,-0.2845
72.216,-0.0000,0.6911,-0.2936,0.0000,1.1781,0.0000,-0.2889
72.228,-0.0000,0.6905,-0.2936,0.0000,1.1786,0.0000,-0.2933
72.240,-0.0000,0.6900,-0.2936,0.0000,1.1790,0.0000,-0.2977
72.252,-0.0000,0.6894,-0.2936,0.0000,1.1794,0.0000,-0.3021
72.264,-0.0000,0.6889,-0.2936,0.0000,1.1798,0.0000,-0.3065
72.276,-0.0000,0.6883,-0.2936,0.0000,1.1802,0.0000,-0.3109
72.288,-0.0000,0.6878,-0.2936,0.0000,1.1806,0.0000,-0.3153
72.300,-0.0000,0.6872,-0.2936,0.0000,1.1810,0.0000,-0.3197
72.312,-0.0000,0.6867,-0.2936,0.0000,1.1815,0.0000,-0.3241
72.324,-0.0000,0.6861,-0.2936,0.0000,1.1819,0.0000,-0.3285
72.336,-0.0000,0.6856,-0.2936,0.0000,1.1823,0.0000,-0.3329
72.348,-0.0000,0.6851,-0.2936,0.0000,1.1827,0.0000,-0.3373
72.360,-0.0000,0.6845,-0.2936,0.0000,1.1831,0.0000,-0.3417
72.372,-0.0000,0.6840,-0.2936,0.0000,1.1835,0.0000,-0.3461
72.384,-0.0000,0.6834,-0.2936,0.0000,1.1839,0.0000,-0.3505
72.396,-0.0000,0.6829,-0.2936,0.0000,1.1843,0.0000,-0.3549
72.408,-0.0000,0.6824,-0.2936,0.0000,1.1847,0.0000,-0.3593
72.420,-0.0000,0.6819,-0.2936,0.0000,1.1851,0.0000,-0.3637
72.432,-0.0000,0.6813,-0.2936,0.0000,1.1855,0.0000,-0.3681
72.444,-0.0000,0.6808,-0.2936,0.0000,1.1858,0.0000,-0.3725
72.456,-0.0000,0.6803,-0.2936,0.0000,1.1862,0.0000,-0.3769
72.468,-0.0000,0.6798,-0.2936,0.0000,1.1866,0.0000,-0.3813
72.480,-0.0000,0.6793,-0.2936,0.0000,1.1870,0.0000,-0.3857
72.492,-0.0000,0.6788,-0.2936,0.0000,1.1874,0.0000,-0.3901
72.504,-0.0000,0.6783,-0.2936,0.0000,1.1878,0.0000,-0.3945
72.516,-0.0000,0.6778,-0.2936,0.0000,1.1881,0.0000,-0.3989
72.528,-0.0000,0.6772,-0.2936,0.0000,1.1885,0.0000,-0.4033
72.540,-0.0000,0.6767,-0.2936,0.0000,1.1889,0.0000,-0.4077
72.552,-0.0000,0.6763,-0.2936,0.0000,1.1892,0.0000,-0.4116
72.564,-0.0000,0.6759,-0.2936,0.0000,1.1896,0.0000,-0.4150
72.576,-0.0000,0.6757,-0.2940,0.0000,1.1901,0.0000,-0.4180
72.588,-0.0000,0.6756,-0.2946,0.0000,1.1909,0.0000,-0.4206
72.600,-0.0000,0.6755,-0.2956,0.0000,1.1920,0.0000,-0.4230
72.612,-0.0000,0.6752,-0.2968,0.0000,1.1935,0.0000,-0.4250
72.624,-0.0000,0.6749,-0.2982,0.0000,1.1952,0.0000,-0.4268
72.636,-0.0000,0.6746,-0.2998,0.0000,1.1972,0.0000,-0.4284
72.648,-0.0000,0.6742,-0.3015,0.0000,1.1994,0.0000,-0.4298
72.660,-0.0000,0.6738,-0.3034,0.0000,1.2017,0.0000,-0.4310
72.672,-0.0000,0.6733,-0.3055,0.0000,1.2043,0.0000,-0.4321
72.684,-0.0000,0.6729,-0.3076,0.0000,1.2070,0.0000,-0.4330
72.696,-0.0000,0.6724,-0.3099,0.0000,1.2098,0.0000,-0.4339
72.708,-0.0000,0.6718,-0.3122,0.0000,1.2127,0.0000,-0.4346
72.720,-0.0000,0.6713,-0.3146,0.0000,1.2157,0.0000,-0.4353
72.732,-0.0000,0.6707,-0.3171,0.0000,1.2188,0.0000,-0.4358
72.744,-0.0000,0.6701,-0.3196,0.0000,1.2220,0.0000,-0.4363
72.756,-0.0000,0.6696,-0.3222,0.0000,1.2252,0.0000,-0.4368
72.768,-0.0000,0.6689,-0.3249,0.0000,1.2285,0.0000,-0.4372
72.780,-0.0000,0.6683,-0.3275,0.0000,1.2319,0.0000,-0.4375
72.792,-0.0000,0.6677,-0.3302,0.0000,1.2353,0.0000,-0.4378
72.804,-0.0000,0.6671,-0.3330,0.0000,1.2387,0.0000,-0.4381
72.816,-0.0000,0.6664,-0.3358,0.0000,1.2422,0.0000,-0.4383
72.828,-0.0000,0.6658,-0.3386,0.0000,1.2457,0.0000,-0.4385
72.840,-0.0000,0.6651,-0.3414,0.0000,1.2492,0.0000,-0.4387
72.852,-0.0000,0.6645,-0.3442,0.0000,1.2528,0.0000,-0.4388
72.864,-0.0000,0.6638,-0.3471,0.0000,1.2564,0.0000,-0.4390
72.876,-0.0000,0.6632,-0.3499,0.0000,1.2600,0.0000,-0.4391
72.888,-0.0000,0.6625,-0.3528,0.0000,1.2636,0.0000,-0.4392
72.900,-0.0000,0.6618,-0.3557,0.0000,1.2672,0.0000,-0.4393
72.912,-0.0000,0.6611,-0.3586,0.0000,1.2708,0.0000,-0.4394
72.924,-0.0000,0.6605,-0.3615,0.0000,1.2745,0.0000,-0.4395
72.936,-0.0000,0.6598,-0.3645,0.0000,1.2782,0.0000,-0.4395
72.948,-0.0000,0.6591,-0.3674,0.0000,1.2818,0.0000,-0.4396
72.960,-0.0000,0.6584,-0.3703,0.0000,1.2855,0.0000,-0.4396
72.972,-0.0000,0.6577,-0.3733,0.0000,1.2892,0.0000,-0.4397
72.984,-0.0000,0.6571,-0.3762,0.0000,1.2929,0.0000,-0.4397
72.996,-0.0000,0.6564,-0.3791,0.0000,1.2966,0.0000,-0.4397
73.008,-0.0000,0.6557,-0.3821,0.0000,1.3003,0.0000,-0.4398
73.020,-0.0000,0.6550,-0.3851,0.0000,1.3040,0.0000,-0.4398
73.032,-0.0000,0.6543,-0.3880,0.0000,1.3077,0.0000,-0.4398
73.044,-0.0000,0.6536,-0.3910,0.0000,1.3114,0.0000,-0.4398
73.056,-0.0000,0.6529,-0.3939,0.0000,1.3151,0.0000,-0.4399
73.068,-0.0000,0.6523,-0.3969,0.0000,1.3188,0.0000,-0.4399
73.080,-0.0000,0.6516,-0.3999,0.0000,1.3226,0.0000,-0.4399
73.092,-0.0000,0.6509,-0.4028,0.0000,1.3263,0.0000,-0.4399
73.104,-0.0000,0.6502,-0.4058,0.0000,1.3300,0.0000,-0.4399
73.116,-0.0000,0.6495,-0.4088,0.0000,1.3337,0.0000,-0.4399
73.128,-0.0000,0.6488,-0.4117,0.0000,1.3375,0.0000,-0.4399
73.140,-0.0000,0.6481,-0.4147,0.0000,1.3412,0.0000,-0.4399
73.152,-0.0000,0.6474,-0.4177,0.0000,1.3449,0.0000,-0.4400
73.164,-0.0000,0.6467,-0.4206,0.0000,1.3486,0.0000,-0.4400
73.176,-0.0000,0.6460,-0.4236,0.0000,1.3524,0.0000,-0.4400
73.188,-0.0000,0.6454,-0.4266,0.0000,1.3561,0.0000,-0.4400
73.200,-0.0000,0.6447,-0.4296,0.0000,1.3598,0.0000,-0.4400
73.212,-0.0000,0.6440,-0.4325,0.0000,1.3636,0.0000,-0.4400
73.224,-0.0000,0.6433,-0.4355,0.0000,1.3673,0.0000,-0.4400
73.236,-0.0000,0.6426,-0.4385,0.0000,1.3710,0.0000,-0.4400
73.248,-0.0000,0.6419,-0.4415,0.0000,1.3748,0.0000,-0.4400
73.260,-0.0000,0.6412,-0.4444,0.0000,1.3785,0.0000,-0.4400
73.272,-0.0000,0.6405,-0.4474,0.0000,1.3822,0.0000,-0.4400
73.284,-0.0000,0.6398,-0.4504,0.0000,1.3860,0.0000,-0.4400
73.296,-0.0000,0.6391,-0.4534,0.0000,1.3897,0.0000,-0.4400
73.308,-0.0000,0.6384,-0.4563,0.0000,1.3934,0.0001,-0.4400
73.320,-0.0000,0.6377,-0.4593,0.0000,1.3972,0.0001,-0.4400
73.332,-0.0000,0.6370,-0.4623,0.0000,1.4009,0.0001,-0.4400
73.344,-0.0000,0.6364,-0.4653,0.0000,1.4046,0.0001,-0.4400
73.356,-0.0000,0.6357,-0.4682,0.0000,1.4084,0.0001,-0.4400
73.368,-0.0000,0.6350,-0.4712,0.0000,1.4121,0.0001,-0.4400
73.380,-0.0000,0.6343,-0.4742,0.0000,1.4158,0.0001,-0.4400
73.392,-0.0000,0.6336,-0.4772,0.0000,1.4196,0.0001,-0.4400
73.404,-0.0000,0.6329,-0.4801,0.0000,1.4233,0.0001,-0.4400
73.416,-0.0000,0.6322,-0.4831,0.0000,1.4270,0.0001,-0.4400
73.428,-0.0000,0.6315,-0.4861,0.0000,1.4308,0.0001,-0.4400
73.440,-0.0000,0.6308,-0.4891,0.0000,1.4345,0.0001,-0.4400
73.452,-0.0000,0.6301,-0.4920,0.0000,1.4382,0.0001,-0.4400
73.464,-0.0000,0.6294,-0.4950,0.0000,1.4420,0.0001,-0.4400
73.476,-0.0000,0.6287,-0.4980,0.0000,1.4457,0.0001,-0.4400
73.488,-0.0000,0.6281,-0.5010,0.0000,1.4494,0.0001,-0.4400
73.500,-0.0000,0.6274,-0.5040,0.0000,1.4532,0.0001,-0.4400
73.512,-0.0000,0.6267,-0.5069,0.0000,1.4569,0.0001,-0.4400
73.524,-0.0000,0.6260,-0.5099,0.0000,1.4606,0.0001,-0.4400
73.536,-0.0000,0.6253,-0.5129,0.0000,1.4644,0.0001,-0.4400
73.548,-0.0000,0.6246,-0.5159,0.0000,1.4681,0.0001,-0.4400
73.560,-0.0000,0.6239,-0.5188,0.0000,1.4718,0.0001,-0.4400
73.572,-0.0000,0.6232,-0.5218,0.0000,1.4756,0.0001,-0.4400
73.584,-0.0000,0.6225,-0.5248,0.0000,1.4793,0.0001,-0.4400
73.596,-0.0000,0.6218,-0.5278,0.0000,1.4830,0.0001,-0.4400
73.608,-0.0000,0.6211,-0.5307,0.0000,1.4868,0.0001,-0.4400
73.620,-0.0000,0.6204,-0.5337,0.0000,1.4905,0.0001,-0.4400
73.632,-0.0000,0.6197,-0.5367,0.0000,1.4943,0.0001,-0.4400
73.644,-0.0000,0.6191,-0.5397,0.0000,1.4980,0.0001,-0.4400
73.656,-0.0000,0.6184,-0.5427,0.0000,1.5017,0.0001,-0.4400
73.668,-0.0000,0.6177,-0.5456,0.0000,1.5055,0.0001,-0.4400
73.680,-0.0000,0.6170,-0.5486,0.0000,1.5092,0.0001,-0.4400
73.692,-0.0000,0.6163,-0.5516,0.0000,1.5129,0.0001,-0.4400
73.704,-0.0000,0.6156,-0.5546,0.0000,1.5167,0.0001,-0.4400
73.716,-0.0000,0.6149,-0.5575,0.0000,1.5204,0.0001,-0.4400
73.728,-0.0000,0.6142,-0.5605,0.0000,1.5241,0.0001,-0.4400
73.740,-0.0000,0.6135,-0.5635,0.0000,1.5279,0.0001,-0.4400
73.752,-0.0000,0.6128,-0.5665,0.0000,1.5316,0.0001,-0.4400
73.764,-0.0000,0.6121,-0.5694,0.0000,1.5353,0.0001,-0.4400
73.776,-0.0000,0.6115,-0.5721,0.0000,1.5386,0.0001,-0.4400
73.788,-0.0000,0.6110,-0.5744,0.0000,1.5415,0.0001,-0.4400
73.800,-0.0000,0.6105,-0.5764,0.0000,1.5441,0.0001,-0.4400
73.812,-0.0000,0.6101,-0.5782,0.0000,1.5463,0.0001,-0.4400
73.824,-0.0000,0.6097,-0.5798,0.0000,1.5483,0.0001,-0.4400
73.836,-0.0000,0.6094,-0.5811,0.0000,1.5500,0.0001,-0.4400
73.848,-0.0000,0.6094,-0.5811,0.0000,1.5500,0.0001,-0.4400
73.860,-0.0000,0.6095,-0.5817,0.0000,1.5505,0.0001,-0.4400
73.872,-0.0000,0.6097,-0.5829,0.0000,1.5514,0.0001,-0.4400
73.884,-0.0000,0.6101,-0.5845,0.0000,1.5527,0.0001,-0.4400
73.896,-0.0000,0.6104,-0.5865,0.0000,1.5543,0.0001,-0.4400
73.908,-0.0000,0.6109,-0.5889,0.0000,1.5563,0.0001,-0.4400
73.920,-0.0000,0.6114,-0.5916,0.0000,1.5585,0.0001,-0.4400
73.932,-0.0000,0.6120,-0.5946,0.0000,1.5609,0.0001,-0.4400
73.944,-0.0000,0.6126,-0.5978,0.0000,1.5635,0.0001,-0.4400
73.956,-0.0000,0.6133,-0.6013,0.0000,1.5663,0.0001,-0.4400
73.968,-0.0000,0.6140,-0.6049,0.0000,1.5692,0.0001,-0.4400
73.980,-0.0000,0.6147,-0.6087,0.0000,1.5723,0.0001,-0.4400
73.992,-0.0000,0.6155,-0.6127,0.0000,1.5755,0.0001,-0.4400
74.004,-0.0000,0.6163,-0.6168,0.0000,1.5788,0.0001,-0.4400
74.016,-0.0000,0.6171,-0.6210,0.0000,1.5822,0.0001,-0.4400
74.028,-0.0000,0.6179,-0.6253,0.0000,1.5856,0.0001,-0.4400
74.040,-0.0000,0.6188,-0.6297,0.0000,1.5892,0.0001,-0.4400
74.052,-0.0000,0.6196,-0.6341,0.0000,1.5928,0.0001,-0.4400
74.064,-0.0000,0.6205,-0.6387,0.0000,1.5965,0.0001,-0.4400
74.076,-0.0000,0.6214,-0.6433,0.0000,1.6002,0.0001,-0.4400
74.088,-0.0000,0.6223,-0.6479,0.0000,1.6040,0.0001,-0.4400
74.100,-0.0000,0.6232,-0.6526,0.0000,1.6078,0.0001,-0.4400
74.112,-0.0000,0.6241,-0.6574,0.0000,1.6116,0.0001,-0.4400
74.124,-0.0000,0.6250,-0.6621,0.0000,1.6154,0.0001,-0.4400
74.136,-0.0000,0.6259,-0.6670,0.0000,1.6193,0.0001,-0.4400
74.148,-0.0000,0.6269,-0.6718,0.0000,1.6232,0.0001,-0.4400
74.160,-0.0000,0.6278,-0.6767,0.0000,1.6272,0.0001,-0.4400
74.172,-0.0000,0.6288,-0.6815,0.0000,1.6311,0.0001,-0.4400
74.184,-0.0000,0.6297,-0.6864,0.0000,1.6351,0.0001,-0.4400
74.196,-0.0000,0.6307,-0.6914,0.0000,1.6391,0.0001,-0.4400
74.208,-0.0000,0.6316,-0.6963,0.0000,1.6430,0.0001,-0.4400
74.220,-0.0000,0.6326,-0.7013,0.0000,1.6470,0.0001,-0.4400
74.232,-0.0000,0.6335,-0.7062,0.0000,1.6510,0.0001,-0.4400
74.244,-0.0000,0.6345,-0.7112,0.0000,1.6551,0.0001,-0.4400
74.256,-0.0000,0.6354,-0.7162,0.0000,1.6591,0.0001,-0.4400
74.268,-0.0000,0.6364,-0.7212,0.0000,1.6631,0.0001,-0.4400
74.280,-0.0000,0.6374,-0.7262,0.0000,1.6672,0.0001,-0.4400
74.292,-0.0000,0.6383,-0.7312,0.0000,1.6712,0.0001,-0.4400
74.304,-0.0000,0.6393,-0.7362,0.0000,1.6752,0.0001,-0.4400
74.316,-0.0000,0.6403,-0.7412,0.0000,1.6793,0.0001,-0.4400
74.328,-0.0000,0.6412,-0.7462,0.0000,1.6833,0.0001,-0.4400
74.340,-0.0000,0.6422,-0.7512,0.0000,1.6874,0.0001,-0.4400
74.352,-0.0000,0.6432,-0.7562,0.0000,1.6914,0.0001,-0.4400
74.364,-0.0000,0.6441,-0.7613,0.0000,1.6955,0.0001,-0.4400
74.376,-0.0000,0.6451,-0.7663,0.0000,1.6996,0.0001,-0.4400
74.388,-0.0000,0.6461,-0.7713,0.0000,1.7036,0.0001,-0.4400
74.400,-0.0000,0.6470,-0.7763,0.0000,1.7077,0.0001,-0.4400
74.412,-0.0000,0.6480,-0.7814,0.0000,1.7118,0.0001,-0.4400
74.424,-0.0000,0.6490,-0.7864,0.0000,1.7158,0.0001,-0.4400
74.436,-0.0000,0.6499,-0.7914,0.0000,1.7199,0.0001,-0.4400
74.448,-0.0000,0.6509,-0.7965,0.0000,1.7240,0.0001,-0.4400
74.460,-0.0000,0.6519,-0.8015,0.0000,1.7280,0.0001,-0.4400
74.472,-0.0000,0.6529,-0.8066,0.0000,1.7321,0.0001,-0.4400
74.484,-0.0000,0.6538,-0.8116,0.0000,1.7362,0.0001,-0.4400
74.496,-0.0000,0.6548,-0.8166,0.0000,1.7403,0.0001,-0.4400
74.508,-0.0000,0.6558,-0.8217,0.0000,1.7443,0.0001,-0.4400
74.520,-0.0000,0.6567,-0.8267,0.0000,1.7484,0.0001,-0.4400
74.532,-0.0000,0.6577,-0.8318,0.0000,1.7525,0.0001,-0.4400
74.544,-0.0000,0.6587,-0.8368,0.0000,1.7565,0.0001,-0.4400
74.556,-0.0000,0.6597,-0.8419,0.0000,1.7606,0.0001,-0.4400
74.568,-0.0000,0.6606,-0.8469,0.0000,1.7647,0.0001,-0.4400
74.580,-0.0000,0.6616,-0.8519,0.0000,1.7688,0.0001,-0.4400
74.592,-0.0000,0.6626,-0.8570,0.0000,1.7728,0.0001,-0.4400
74.604,-0.0000,0.6635,-0.8620,0.0000,1.7769,0.0001,-0.4400
74.616,-0.0000,0.6645,-0.8671,0.0000,1.7810,0.0001,-0.4400
74.628,-0.0000,0.6655,-0.8721,0.0000,1.7851,0.0001,-0.4400
74.640,-0.0000,0.6665,-0.8772,0.0000,1.7891,0.0001,-0.4400
74.652,-0.0000,0.6674,-0.8822,0.0000,1.7932,0.0001,-0.4400
74.664,-0.0000,0.6684,-0.8872,0.0000,1.7973,0.0001,-0.4400
74.676,-0.0000,0.6694,-0.8923,0.0000,1.8014,0.0001,-0.4400
74.688,-0.0000,0.6704,-0.8973,0.0000,1.8054,0.0002,-0.4400
74.700,-0.0000,0.6713,-0.9024,0.0000,1.8095,0.0002,-0.4400
74.712,-0.0000,0.6723,-0.9074,0.0000,1.8136,0.0002,-0.4400
74.724,-0.0000,0.6733,-0.9125,0.0000,1.8177,0.0002,-0.4400
74.736,-0.0000,0.6742,-0.9175,0.0000,1.8217,0.0002,-0.4400
74.748,-0.0000,0.6752,-0.9226,0.0000,1.8258,0.0002,-0.4400
74.760,-0.0000,0.6762,-0.9276,0.0000,1.8299,0.0002,-0.4400
74.772,-0.0000,0.6772,-0.9327,0.0000,1.8340,0.0002,-0.4400
74.784,-0.0000,0.6781,-0.9377,0.0000,1.8381,0.0002,-0.4400
74.796,-0.0000,0.6791,-0.9427,0.0000,1.8421,0.0002,-0.4400
74.808,-0.0000,0.6801,-0.9478,0.0000,1.8462,0.0002,-0.4400
74.820,-0.0000,0.6811,-0.9528,0.0000,1.8503,0.0002,-0.4400
74.832,-0.0000,0.6820,-0.9579,0.0000,1.8544,0.0002,-0.4400
74.844,-0.0000,0.6830,-0.9629,0.0000,1.8584,0.0002,-0.4400
74.856,-0.0000,0.6839,-0.9676,0.0000,1.8622,0.0002,-0.4400
74.868,-0.0000,0.6847,-0.9717,0.0000,1.8655,0.0002,-0.4400
74.880,-0.0000,0.6854,-0.9753,0.0000,1.8684,0.0002,-0.4400
74.892,-0.0000,0.6860,-0.9784,0.0000,1.8709,0.0002,-0.4400
74.904,-0.0000,0.6865,-0.9812,0.0000,1.8732,0.0002,-0.4400
74.916,-0.0000,0.6870,-0.9836,0.0000,1.8752,0.0002,-0.4400
74.928,-0.0000,0.6874,-0.9858,0.0000,1.8769,0.0002,-0.4400
74.940,-0.0000,0.6878,-0.9877,0.0000,1.8784,0.0002,-0.4400
74.952,-0.0000,0.6881,-0.9894,0.0000,1.8798,0.0002,-0.4400
74.964,-0.0000,0.6884,-0.9908,0.0000,1.8810,0.0002,-0.4400
74.976,-0.0000,0.6884,-0.9908,0.0000,1.8810,0.0002,-0.4400
74.988,-0.0001,0.6884,-0.9908,0.0000,1.8810,0.0002,-0.4400
75.000,-0.0003,0.6884,-0.9909,0.0000,1.8810,0.0002,-0.4400
75.012,-0.0005,0.6884,-0.9909,0.0000,1.8810,0.0002,-0.4400
75.024,-0.0009,0.6884,-0.9909,0.0000,1.8810,0.0002,-0.4400
75.036,-0.0012,0.6884,-0.9909,0.0000,1.8811,0.0002,-0.4400
75.048,-0.0016,0.6884,-0.9910,0.0000,1.8811,0.0002,-0.4400
75.060,-0.0021,0.6884,-0.9910,0.0000,1.8811,0.0002,-0.4400
75.072,-0.0026,0.6884,-0.9911,0.0000,1.8812,0.0002,-0.4400
75.084,-0.0032,0.6884,-0.9911,0.0000,1.8812,0.0002,-0.4400
75.096,-0.0037,0.6884,-0.9911,0.0000,1.8812,0.0002,-0.4400
75.108,-0.0043,0.6884,-0.9912,0.0000,1.8813,0.0002,-0.4400
75.120,-0.0049,0.6885,-0.9912,0.0000,1.8813,0.0002,-0.4400
75.132,-0.0056,0.6885,-0.9913,0.0000,1.8813,0.0002,-0.4400
75.144,-0.0062,0.6885,-0.9913,0.0000,1.8814,0.0002,-0.4400
75.156,-0.0069,0.6885,-0.9914,0.0000,1.8814,0.0002,-0.4400
75.168,-0.0076,0.6885,-0.9915,0.0000,1.8815,0.0002,-0.4400
75.180,-0.0083,0.6885,-0.9915,0.0000,1.8815,0.0002,-0.4400
75.192,-0.0090,0.6885,-0.9916,0.0000,1.8816,0.0002,-0.4400
75.204,-0.0097,0.6885,-0.9916,0.0000,1.8816,0.0002,-0.4400
75.216,-0.0104,0.6885,-0.9917,0.0000,1.8817,0.0002,-0.4400
75.228,-0.0112,0.6886,-0.9918,0.0000,1.8817,0.0002,-0.4400
75.240,-0.0119,0.6886,-0.9918,0.0000,1.8818,0.0002,-0.4400
75.252,-0.0126,0.6886,-0.9919,0.0000,1.8818,0.0002,-0.4400
75.264,-0.0134,0.6886,-0.9919,0.0000,1.8819,0.0002,-0.4400
75.276,-0.0142,0.6886,-0.9920,0.0000,1.8819,0.0002,-0.4400
75.288,-0.0149,0.6886,-0.9921,0.0000,1.8820,0.0002,-0.4400
75.300,-0.0157,0.6886,-0.9921,0.0000,1.8820,0.0002,-0.4400
75.312,-0.0164,0.6886,-0.9922,0.0000,1.8821,0.0002,-0.4400
75.324,-0.0172,0.6886,-0.9923,0.0000,1.8821,0.0002,-0.4400
75.336,-0.0180,0.6887,-0.9923,0.0000,1.8822,0.0002,-0.4400
75.348,-0.0187,0.6887,-0.9924,0.0000,1.8822,0.0002,-0.4400
75.360,-0.0195,0.6887,-0.9924,0.0000,1.8823,0.0002,-0.4400
75.372,-0.0203,0.6887,-0.9925,0.0000,1.8823,0.0002,-0.4400
75.384,-0.0211,0.6887,-0.9926,0.0000,1.8824,0.0002,-0.4400
75.396,-0.0218,0.6887,-0.9926,0.0000,1.8824,0.0002,-0.4400
75.408,-0.0226,0.6887,-0.9927,0.0000,1.8825,0.0002,-0.4400
75.420,-0.0234,0.6887,-0.9928,0.0000,1.8825,0.0002,-0.4400
75.432,-0.0242,0.6888,-0.9928,0.0000,1.8826,0.0002,-0.4400
75.444,-0.0250,0.6888,-0.9929,0.0000,1.8826,0.0002,-0.4400
75.456,-0.0257,0.6888,-0.9930,0.0000,1.8827,0.0002,-0.4400
75.468,-0.0265,0.6888,-0.9930,0.0000,1.8827,0.0002,-0.4400
75.480,-0.0273,0.6888,-0.9931,0.0000,1.8828,0.0002,-0.4400
75.492,-0.0281,0.6888,-0.9931,0.0000,1.8828,0.0002,-0.4400
75.504,-0.0289,0.6888,-0.9932,0.0000,1.8829,0.0002,-0.4400
75.516,-0.0297,0.6888,-0.9933,0.0000,1.8829,0.0002,-0.4400
75.528,-0.0305,0.6889,-0.9933,0.0000,1.8830,0.0002,-0.4400
75.540,-0.0312,0.6889,-0.9934,0.0000,1.8831,0.0002,-0.4400
75.552,-0.0320,0.6889,-0.9935,0.0000,1.8831,0.0002,-0.4400
75.564,-0.0328,0.6889,-0.9935,0.0000,1.8832,0.0002,-0.4400
75.576,-0.0336,0.6889,-0.9936,0.0000,1.8832,0.0002,-0.4400
75.588,-0.0344,0.6889,-0.9937,0.0000,1.8833,0.0002,-0.4400
75.600,-0.0352,0.6889,-0.9937,0.0000,1.8833,0.0002,-0.4400
75.612,-0.0359,0.6889,-0.9938,0.0000,1.8834,0.0002,-0.4400
75.624,-0.0367,0.6890,-0.9939,0.0000,1.8834,0.0002,-0.4400
75.636,-0.0375,0.6890,-0.9939,0.0000,1.8835,0.0002,-0.4400
75.648,-0.0383,0.6890,-0.9940,0.0000,1.8835,0.0002,-0.4400
75.660,-0.0391,0.6890,-0.9941,0.0000,1.8836,0.0002,-0.4400
75.672,-0.0399,0.6890,-0.9941,0.0000,1.8836,0.0002,-0.4400
75.684,-0.0407,0.6890,-0.9942,0.0000,1.8837,0.0002,-0.4400
75.696,-0.0415,0.6890,-0.9942,0.0000,1.8837,0.0002,-0.4400
75.708,-0.0422,0.6890,-0.9943,0.0000,1.8838,0.0002,-0.4400
75.720,-0.0430,0.6891,-0.9944,0.0000,1.8838,0.0002,-0.4400
75.732,-0.0438,0.6891,-0.9944,0.0000,1.8839,0.0002,-0.4400
75.744,-0.0446,0.6891,-0.9945,0.0000,1.8839,0.0002,-0.4400
75.756,-0.0454,0.6891,-0.9946,0.0000,1.8840,0.0002,-0.4400
75.768,-0.0462,0.6891,-0.9946,0.0000,1.8840,0.0002,-0.4400
75.780,-0.0470,0.6891,-0.9947,0.0000,1.8841,0.0002,-0.4400
75.792,-0.0477,0.6891,-0.9948,0.0000,1.8841,0.0002,-0.4400
75.804,-0.0485,0.6891,-0.9948,0.0000,1.8842,0.0002,-0.4400
75.816,-0.0493,0.6892,-0.9949,0.0000,1.8843,0.0002,-0.4400
75.828,-0.0501,0.6892,-0.9950,0.0000,1.8843,0.0002,-0.4400
75.840,-0.0509,0.6892,-0.9950,0.0000,1.8844,0.0002,-0.4400
75.852,-0.0517,0.6892,-0.9951,0.0000,1.8844,0.0002,-0.4400
75.864,-0.0525,0.6892,-0.9951,0.0000,1.8845,0.0002,-0.4400
75.876,-0.0532,0.6892,-0.9952,0.0000,1.8845,0.0002,-0.4400
75.888,-0.0540,0.6892,-0.9953,0.0000,1.8846,0.0002,-0.4400
75.900,-0.0548,0.6892,-0.9953,0.0000,1.8846,0.0002,-0.4400
75.912,-0.0556,0.6893,-0.9954,0.0000,1.8847,0.0002,-0.4400
75.924,-0.0564,0.6893,-0.9955,0.0000,1.8847,0.0002,-0.4400
75.936,-0.0572,0.6893,-0.9955,0.0000,1.8848,0.0002,-0.4400
75.948,-0.0580,0.6893,-0.9956,0.0000,1.8848,0.0002,-0.4400
75.960,-0.0588,0.6893,-0.9957,0.0000,1.8849,0.0002,-0.4400
75.972,-0.0595,0.6893,-0.9957,0.0000,1.8849,0.0002,-0.4400
75.984,-0.0603,0.6893,-0.9958,0.0000,1.8850,0.0002,-0.4400
75.996,-0.0611,0.6893,-0.9959,0.0000,1.8850,0.0002,-0.4400
76.008,-0.0619,0.6894,-0.9959,0.0000,1.8851,0.0002,-0.4400
76.020,-0.0627,0.6894,-0.9960,0.0000,1.8851,0.0002,-0.4400
76.032,-0.0635,0.6894,-0.9961,0.0000,1.8852,0.0002,-0.4400
76.044,-0.0643,0.6894,-0.9961,0.0000,1.8852,0.0002,-0.4400
76.056,-0.0650,0.6894,-0.9962,0.0000,1.8853,0.0002,-0.4400
76.068,-0.0658,0.6894,-0.9962,0.0000,1.8853,0.0002,-0.4400
76.080,-0.0666,0.6894,-0.9963,0.0000,1.8854,0.0002,-0.4400
76.092,-0.0674,0.6894,-0.9964,0.0000,1.8855,0.0002,-0.4400
76.104,-0.0682,0.6895,-0.9964,0.0000,1.8855,0.0002,-0.4400
76.116,-0.0690,0.6895,-0.9965,0.0000,1.8856,0.0002,-0.4400
76.128,-0.0698,0.6895,-0.9966,0.0000,1.8856,0.0002,-0.4400
76.140,-0.0706,0.6895,-0.9966,0.0000,1.8857,0.0002,-0.4400
76.152,-0.0713,0.6895,-0.9967,0.0000,1.8857,0.0002,-0.4400
76.164,-0.0721,0.6895,-0.9968,0.0000,1.8858,0.0002,-0.4400
76.176,-0.0729,0.6895,-0.9968,0.0000,1.8858,0.0002,-0.4400
76.188,-0.0737,0.6895,-0.9969,0.0000,1.8859,0.0002,-0.4400
76.200,-0.0745,0.6896,-0.9970,0.0000,1.8859,0.0002,-0.4400
76.212,-0.0753,0.6896,-0.9970,0.0000,1.8860,0.0002,-0.4400
76.224,-0.0761,0.6896,-0.9971,0.0000,1.8860,0.0002,-0.4400
76.236,-0.0768,0.6896,-0.9972,0.0000,1.8861,0.0002,-0.4400
76.248,-0.0776,0.6896,-0.9972,0.0000,1.8861,0.0002,-0.4400
76.260,-0.0784,0.6896,-0.9973,0.0000,1.8862,0.0002,-0.4400
76.272,-0.0792,0.6896,-0.9973,0.0000,1.8862,0.0002,-0.4400
76.284,-0.0800,0.6896,-0.9974,0.0000,1.8863,0.0002,-0.4400
76.296,-0.0808,0.6897,-0.9975,0.0000,1.8863,0.0002,-0.4400
76.308,-0.0816,0.6897,-0.9975,0.0000,1.8864,0.0002,-0.4400
76.320,-0.0824,0.6897,-0.9976,0.0000,1.8864,0.0002,-0.4400
76.332,-0.0831,0.6897,-0.9977,0.0000,1.8865,0.0002,-0.4400
76.344,-0.0839,0.6897,-0.9977,0.0000,1.8865,0.0002,-0.4400
76.356,-0.0847,0.6897,-0.9978,0.0000,1.8866,0.0002,-0.4400
76.368,-0.0855,0.6897,-0.9979,0.0000,1.8867,0.0002,-0.4400
76.380,-0.0863,0.6897,-0.9979,0.0000,1.8867,0.0002,-0.4400
76.392,-0.0871,0.6898,-0.9980,0.0000,1.8868,0.0002,-0.4400
76.404,-0.0879,0.6898,-0.9981,0.0000,1.8868,0.0002,-0.4400
76.416,-0.0886,0.6898,-0.9981,0.0000,1.8869,0.0002,-0.4400
76.428,-0.0894,0.6898,-0.9982,0.0000,1.8869,0.0002,-0.4400
76.440,-0.0902,0.6898,-0.9983,0.0000,1.8870,0.0002,-0.4400
76.452,-0.0910,0.6898,-0.9983,0.0000,1.8870,0.0002,-0.4400
76.464,-0.0918,0.6898,-0.9984,0.0000,1.8871,0.0002,-0.4400
76.476,-0.0926,0.6898,-0.9984,0.0000,1.8871,0.0002,-0.4400
76.488,-0.0934,0.6899,-0.9985,0.0000,1.8872,0.0002,-0.4400
76.500,-0.0942,0.6899,-0.9986,0.0000,1.8872,0.0002,-0.4400
76.512,-0.0949,0.6899,-0.9986,0.0000,1.8873,0.0002,-0.4400
76.524,-0.0957,0.6899,-0.9987,0.0000,1.8873,0.0002,-0.4400
76.536,-0.0965,0.6899,-0.9988,0.0000,1.8874,0.0002,-0.4400
76.548,-0.0973,0.6899,-0.9988,0.0000,1.8874,0.0002,-0.4400
76.560,-0.0981,0.6899,-0.9989,0.0000,1.8875,0.0002,-0.4400
76.572,-0.0989,0.6899,-0.9990,0.0000,1.8875,0.0002,-0.4400
76.584,-0.0997,0.6900,-0.9990,0.0000,1.8876,0.0002,-0.4400
76.596,-0.1004,0.6900,-0.9991,0.0000,1.8876,0.0002,-0.4400
76.608,-0.1012,0.6900,-0.9992,0.0000,1.8877,0.0002,-0.4400
76.620,-0.1020,0.6900,-0.9992,0.0000,1.8878,0.0002,-0.4400
76.632,-0.1028,0.6900,-0.9993,0.0000,1.8878,0.0002,-0.4400
76.644,-0.1036,0.6900,-0.9994,0.0000,1.8879,0.0002,-0.4400
76.656,-0.1044,0.6900,-0.9994,0.0000,1.8879,0.0002,-0.4400
76.668,-0.1052,0.6900,-0.9995,0.0000,1.8880,0.0002,-0.4400
76.680,-0.1060,0.6901,-0.9995,0.0000,1.8880,0.0002,-0.4400
76.692,-0.1067,0.6901,-0.9996,0.0000,1.8881,0.0002,-0.4400
76.704,-0.1075,0.6901,-0.9997,0.0000,1.8881,0.0002,-0.4400
76.716,-0.1083,0.6901,-0.9997,0.0000,1.8882,0.0002,-0.4400
76.728,-0.1091,0.6901,-0.9998,0.0000,1.8882,0.0002,-0.4400
76.740,-0.1099,0.6901,-0.9999,0.0000,1.8883,0.0002,-0.4400
76.752,-0.1107,0.6901,-0.9999,0.0000,1.8883,0.0002,-0.4400
76.764,-0.1115,0.6901,-1.0000,0.0000,1.8884,0.0002,-0.4400
76.776,-0.1122,0.6902,-1.0001,0.0000,1.8884,0.0002,-0.4400
76.788,-0.1130,0.6902,-1.0001,0.0000,1.8885,0.0002,-0.4400
76.800,-0.1138,0.6902,-1.0002,0.0000,1.8885,0.0002,-0.4400
76.812,-0.1146,0.6902,-1.0003,0.0000,1.8886,0.0002,-0.4400
76.824,-0.1154,0.6902,-1.0003,0.0000,1.8886,0.0002,-0.4400
76.836,-0.1162,0.6902,-1.0004,0.0000,1.8887,0.0002,-0.4400
76.848,-0.1170,0.6902,-1.0004,0.0000,1.8887,0.0002,-0.4400
76.860,-0.1178,0.6902,-1.0005,0.0000,1.8888,0.0002,-0.4400
76.872,-0.1185,0.6903,-1.0006,0.0000,1.8888,0.0002,-0.4400
76.884,-0.1193,0.6903,-1.0006,0.0000,1.8889,0.0002,-0.4400
76.896,-0.1201,0.6903,-1.0007,0.0000,1.8890,0.0002,-0.4400
76.908,-0.1209,0.6903,-1.0008,0.0000,1.8890,0.0002,-0.4400
76.920,-0.1217,0.6903,-1.0008,0.0000,1.8891,0.0002,-0.4400
76.932,-0.1225,0.6903,-1.0009,0.0000,1.8891,0.0002,-0.4400
76.944,-0.1233,0.6903,-1.0010,0.0000,1.8892,0.0002,-0.4400
76.956,-0.1240,0.6903,-1.0010,0.0000,1.8892,0.0002,-0.4400
76.968,-0.1248,0.6904,-1.0011,0.0000,1.8893,0.0002,-0.4400
76.980,-0.1256,0.6904,-1.0012,0.0000,1.8893,0.0002,-0.4400
76.992,-0.1263,0.6904,-1.0012,0.0000,1.8894,0.0002,-0.4400
77.004,-0.1263,0.6904,-1.0012,0.0000,1.8894,0.0002,-0.4400
77.016,-0.1263,0.6908,-1.0017,0.0000,1.8894,0.0015,-0.4400
77.028,-0.1263,0.6916,-1.0026,0.0000,1.8895,0.0039,-0.4400
77.040,-0.1263,0.6927,-1.0038,0.0000,1.8896,0.0074,-0.4400
77.052,-0.1263,0.6941,-1.0054,0.0001,1.8897,0.0117,-0.4400
77.064,-0.1263,0.6957,-1.0072,0.0001,1.8899,0.0168,-0.4400
77.076,-0.1263,0.6975,-1.0093,0.0001,1.8901,0.0226,-0.4400
77.088,-0.1264,0.6996,-1.0117,0.0001,1.8903,0.0290,-0.4400
77.100,-0.1264,0.7018,-1.0142,0.0001,1.8905,0.0359,-0.4400
77.112,-0.1264,0.7042,-1.0169,0.0002,1.8907,0.0433,-0.4400
77.124,-0.1264,0.7067,-1.0197,0.0002,1.8910,0.0511,-0.4400
77.136,-0.1265,0.7093,-1.0227,0.0002,1.8912,0.0592,-0.4400
77.148,-0.1265,0.7120,-1.0257,0.0003,1.8915,0.0677,-0.4400
77.160,-0.1265,0.7148,-1.0289,0.0003,1.8918,0.0765,-0.4400
77.172,-0.1265,0.7177,-1.0322,0.0003,1.8921,0.0855,-0.4400
77.184,-0.1266,0.7206,-1.0355,0.0003,1.8924,0.0947,-0.4400
77.196,-0.1266,0.7236,-1.0389,0.0004,1.8927,0.1041,-0.4400
77.208,-0.1266,0.7267,-1.0424,0.0004,1.8930,0.1137,-0.4400
77.220,-0.1267,0.7298,-1.0459,0.0005,1.8933,0.1234,-0.4400
77.232,-0.1267,0.7329,-1.0495,0.0005,1.8936,0.1333,-0.4400
77.244,-0.1267,0.7361,-1.0531,0.0005,1.8939,0.1432,-0.4400
77.256,-0.1268,0.7394,-1.0568,0.0006,1.8942,0.1533,-0.4400
77.268,-0.1268,0.7426,-1.0605,0.0006,1.8946,0.1635,-0.4400
77.280,-0.1268,0.7459,-1.0642,0.0006,1.8949,0.1737,-0.4400
77.292,-0.1269,0.7492,-1.0679,0.0007,1.8952,0.1840,-0.4400
77.304,-0.1269,0.7525,-1.0717,0.0007,1.8956,0.1944,-0.4400
77.316,-0.1269,0.7558,-1.0755,0.0007,1.8959,0.2048,-0.4400
77.328,-0.1270,0.7592,-1.0793,0.0008,1.8962,0.2153,-0.4400
77.340,-0.1270,0.7625,-1.0831,0.0008,1.8966,0.2258,-0.4400
77.352,-0.1271,0.7659,-1.0869,0.0009,1.8969,0.2363,-0.4400
77.364,-0.1271,0.7693,-1.0908,0.0009,1.8972,0.2469,-0.4400
77.376,-0.1271,0.7727,-1.0946,0.0009,1.8976,0.2575,-0.4400
77.388,-0.1272,0.7761,-1.0985,0.0010,1.8979,0.2681,-0.4400
77.400,-0.1272,0.7795,-1.1023,0.0010,1.8983,0.2788,-0.4400
77.412,-0.1272,0.7829,-1.1062,0.0010,1.8986,0.2895,-0.4400
77.424,-0.1273,0.7863,-1.1101,0.0011,1.8989,0.3001,-0.4400
77.436,-0.1273,0.7897,-1.1140,0.0011,1.8993,0.3108,-0.4400
77.448,-0.1273,0.7932,-1.1179,0.0012,1.8996,0.3216,-0.4400
77.460,-0.1274,0.7966,-1.1218,0.0012,1.9000,0.3323,-0.4400
77.472,-0.1274,0.8000,-1.1257,0.0012,1.9003,0.3430,-0.4400
77.484,-0.1275,0.8035,-1.1296,0.0013,1.9006,0.3538,-0.4400
77.496,-0.1275,0.8069,-1.1335,0.0013,1.9010,0.3645,-0.4400
77.508,-0.1275,0.8103,-1.1374,0.0014,1.9013,0.3753,-0.4400
77.520,-0.1276,0.8138,-1.1413,0.0014,1.9017,0.3860,-0.4400
77.532,-0.1276,0.8172,-1.1452,0.0014,1.9020,0.3968,-0.4400
77.544,-0.1276,0.8207,-1.1491,0.0015,1.9024,0.4076,-0.4400
77.556,-0.1277,0.8241,-1.1530,0.0015,1.9027,0.4184,-0.4400
77.568,-0.1277,0.8276,-1.1569,0.0015,1.9030,0.4292,-0.4400
77.580,-0.1277,0.8310,-1.1608,0.0016,1.9034,0.4399,-0.4400
77.592,-0.1278,0.8345,-1.1648,0.0016,1.9037,0.4507,-0.4400
77.604,-0.1278,0.8379,-1.1687,0.0017,1.9041,0.4615,-0.4400
77.616,-0.1279,0.8414,-1.1726,0.0017,1.9044,0.4723,-0.4400
77.628,-0.1279,0.8448,-1.1765,0.0017,1.9048,0.4831,-0.4400
77.640,-0.1279,0.8483,-1.1804,0.0018,1.9051,0.4939,-0.4400
77.652,-0.1280,0.8517,-1.1844,0.0018,1.9055,0.5047,-0.4400
77.664,-0.1280,0.8552,-1.1883,0.0019,1.9058,0.5155,-0.4400
77.676,-0.1280,0.8587,-1.1922,0.0019,1.9062,0.5263,-0.4400
77.688,-0.1281,0.8621,-1.1961,0.0019,1.9065,0.5371,-0.4400
77.700,-0.1281,0.8656,-1.2000,0.0020,1.9068,0.5479,-0.4400
77.712,-0.1281,0.8690,-1.2040,0.0020,1.9072,0.5587,-0.4400
77.724,-0.1282,0.8725,-1.2079,0.0020,1.9075,0.5695,-0.4400
77.736,-0.1282,0.8759,-1.2118,0.0021,1.9079,0.5803,-0.4400
77.748,-0.1283,0.8794,-1.2157,0.0021,1.9082,0.5911,-0.4400
77.760,-0.1283,0.8828,-1.2196,0.0022,1.9086,0.6019,-0.4400
77.772,-0.1283,0.8863,-1.2236,0.0022,1.9089,0.6127,-0.4400
77.784,-0.1284,0.8898,-1.2275,0.0022,1.9093,0.6236,-0.4400
77.796,-0.1284,0.8932,-1.2314,0.0023,1.9096,0.6344,-0.4400
77.808,-0.1284,0.8967,-1.2353,0.0023,1.9099,0.6452,-0.4400
77.820,-0.1285,0.9001,-1.2393,0.0024,1.9103,0.6560,-0.4400
77.832,-0.1285,0.9036,-1.2432,0.0024,1.9106,0.6668,-0.4400
77.844,-0.1285,0.9070,-1.2471,0.0024,1.9110,0.6776,-0.4400
77.856,-0.1286,0.9105,-1.2510,0.0025,1.9113,0.6884,-0.4400
77.868,-0.1286,0.9140,-1.2550,0.0025,1.9117,0.6992,-0.4400
77.880,-0.1287,0.9174,-1.2589,0.0025,1.9120,0.7100,-0.4400
77.892,-0.1287,0.9209,-1.2628,0.0026,1.9124,0.7208,-0.4400
77.904,-0.1287,0.9243,-1.2667,0.0026,1.9127,0.7316,-0.4400
77.916,-0.1288,0.9278,-1.2706,0.0027,1.9130,0.7424,-0.4400
77.928,-0.1288,0.9312,-1.2746,0.0027,1.9134,0.7533,-0.4400
77.940,-0.1288,0.9347,-1.2785,0.0027,1.9137,0.7641,-0.4400
77.952,-0.1289,0.9382,-1.2824,0.0028,1.9141,0.7749,-0.4400
77.964,-0.1289,0.9416,-1.2863,0.0028,1.9144,0.7857,-0.4400
77.976,-0.1289,0.9451,-1.2903,0.0029,1.9148,0.7965,-0.4400
77.988,-0.1290,0.9485,-1.2942,0.0029,1.9151,0.8073,-0.4400
78.000,-0.1290,0.9520,-1.2981,0.0029,1.9155,0.8181,-0.4400
78.012,-0.1291,0.9554,-1.3020,0.0030,1.9158,0.8289,-0.4400
78.024,-0.1291,0.9589,-1.3060,0.0030,1.9162,0.8397,-0.4400
78.036,-0.1291,0.9624,-1.3099,0.0030,1.9165,0.8505,-0.4400
78.048,-0.1292,0.9658,-1.3138,0.0031,1.9168,0.8613,-0.4400
78.060,-0.1292,0.9693,-1.3177,0.0031,1.9172,0.8722,-0.4400
78.072,-0.1292,0.9727,-1.3217,0.0032,1.9175,0.8830,-0.4400
78.084,-0.1293,0.9762,-1.3256,0.0032,1.9179,0.8938,-0.4400
78.096,-0.1293,0.9796,-1.3295,0.0032,1.9182,0.9046,-0.4400
78.108,-0.1294,0.9831,-1.3334,0.0033,1.9186,0.9154,-0.4400
78.120,-0.1294,0.9866,-1.3373,0.0033,1.9189,0.9262,-0.4400
78.132,-0.1294,0.9900,-1.3413,0.0034,1.9193,0.9370,-0.4400
78.144,-0.1295,0.9935,-1.3452,0.0034,1.9196,0.9478,-0.4400
78.156,-0.1295,0.9969,-1.3491,0.0034,1.9199,0.9586,-0.4400
78.168,-0.1295,1.0004,-1.3530,0.0035,1.9203,0.9694,-0.4400
78.180,-0.1296,1.0038,-1.3570,0.0035,1.9206,0.9803,-0.4400
78.192,-0.1296,1.0073,-1.3609,0.0036,1.9210,0.9911,-0.4400
78.204,-0.1296,1.0108,-1.3648,0.0036,1.9213,1.0019,-0.4400
78.216,-0.1297,1.0142,-1.3687,0.0036,1.9217,1.0127,-0.4400
78.228,-0.1297,1.0177,-1.3727,0.0037,1.9220,1.0235,-0.4400
78.240,-0.1298,1.0211,-1.3766,0.0037,1.9224,1.0343,-0.4400
78.252,-0.1298,1.0246,-1.3805,0.0037,1.9227,1.0451,-0.4400
78.264,-0.1298,1.0280,-1.3844,0.0038,1.9231,1.0559,-0.4400
78.276,-0.1299,1.0315,-1.3884,0.0038,1.9234,1.0667,-0.4400
78.288,-0.1299,1.0350,-1.3923,0.0039,1.9237,1.0775,-0.4400
78.300,-0.1299,1.0384,-1.3962,0.0039,1.9241,1.0884,-0.4400
78.312,-0.1300,1.0419,-1.4001,0.0039,1.9244,1.0992,-0.4400
78.324,-0.1300,1.0453,-1.4041,0.0040,1.9248,1.1100,-0.4400
78.336,-0.1300,1.0488,-1.4080,0.0040,1.9251,1.1208,-0.4400
78.348,-0.1301,1.0522,-1.4119,0.0041,1.9255,1.1316,-0.4400
78.360,-0.1301,1.0557,-1.4158,0.0041,1.9258,1.1424,-0.4400
78.372,-0.1302,1.0592,-1.4197,0.0041,1.9262,1.1532,-0.4400
78.384,-0.1302,1.0626,-1.4237,0.0042,1.9265,1.1640,-0.4400
78.396,-0.1302,1.0661,-1.4276,0.0042,1.9268,1.1748,-0.4400
78.408,-0.1303,1.0695,-1.4315,0.0042,1.9272,1.1856,-0.4400
78.420,-0.1303,1.0730,-1.4354,0.0043,1.9275,1.1965,-0.4400
78.432,-0.1303,1.0765,-1.4394,0.0043,1.9279,1.2073,-0.4400
78.444,-0.1304,1.0799,-1.4433,0.0044,1.9282,1.2181,-0.4400
78.456,-0.1304,1.0834,-1.4472,0.0044,1.9286,1.2289,-0.4400
78.468,-0.1304,1.0868,-1.4511,0.0044,1.9289,1.2397,-0.4400
78.480,-0.1305,1.0903,-1.4551,0.0045,1.9293,1.2505,-0.4400
78.492,-0.1305,1.0937,-1.4590,0.0045,1.9296,1.2613,-0.4400
78.504,-0.1306,1.0972,-1.4629,0.0046,1.9300,1.2721,-0.4400
78.516,-0.1306,1.1007,-1.4668,0.0046,1.9303,1.2829,-0.4400
78.528,-0.1306,1.1041,-1.4708,0.0046,1.9306,1.2937,-0.4400
78.540,-0.1307,1.1076,-1.4747,0.0047,1.9310,1.3045,-0.4400
78.552,-0.1307,1.1110,-1.4786,0.0047,1.9313,1.3154,-0.4400
78.564,-0.1307,1.1145,-1.4825,0.0047,1.9317,1.3262,-0.4400
78.576,-0.1308,1.1179,-1.4865,0.0048,1.9320,1.3370,-0.4400
78.588,-0.1308,1.1214,-1.4904,0.0048,1.9324,1.3478,-0.4400
78.600,-0.1308,1.1249,-1.4943,0.0049,1.9327,1.3586,-0.4400
78.612,-0.1309,1.1280,-1.4979,0.0049,1.9330,1.3685,-0.4400
78.624,-0.1309,1.1308,-1.5011,0.0049,1.9333,1.3773,-0.4400
78.636,-0.1309,1.1333,-1.5039,0.0050,1.9336,1.3850,-0.4400
78.648,-0.1310,1.1355,-1.5063,0.0050,1.9338,1.3918,-0.4400
78.660,-0.1310,1.1374,-1.5085,0.0050,1.9340,1.3977,-0.4400
78.672,-0.1310,1.1391,-1.5104,0.0050,1.9341,1.4030,-0.4400
78.684,-0.1310,1.1405,-1.5121,0.0050,1.9343,1.4076,-0.4400
78.696,-0.1310,1.1418,-1.5136,0.0051,1.9344,1.4117,-0.4400
78.708,-0.1310,1.1430,-1.5149,0.0051,1.9345,1.4152,-0.4400
78.720,-0.1311,1.1440,-1.5160,0.0051,1.9346,1.4184,-0.4400
78.732,-0.1311,1.1449,-1.5170,0.0051,1.9347,1.4212,-0.4400
78.744,-0.1311,1.1456,-1.5179,0.0051,1.9348,1.4236,-0.4400
78.756,-0.1311,1.1463,-1.5187,0.0051,1.9349,1.4257,-0.4400
78.768,-0.1311,1.1469,-1.5194,0.0051,1.9349,1.4276,-0.4400
78.780,-0.1311,1.1469,-1.5194,0.0051,1.9349,1.4276,-0.4400
78.792,-0.1311,1.1472,-1.5194,0.0051,1.9347,1.4276,-0.4400
78.804,-0.1312,1.1477,-1.5193,0.0051,1.9342,1.4276,-0.4400
78.816,-0.1312,1.1483,-1.5193,0.0051,1.9336,1.4276,-0.4400
78.828,-0.1313,1.1492,-1.5193,0.0051,1.9328,1.4276,-0.4400
78.840,-0.1314,1.1502,-1.5193,0.0052,1.9318,1.4275,-0.4400
78.852,-0.1315,1.1513,-1.5193,0.0052,1.9308,1.4275,-0.4400
78.864,-0.1316,1.1525,-1.5192,0.0052,1.9296,1.4274,-0.4400
78.876,-0.1318,1.1539,-1.5192,0.0052,1.9283,1.4274,-0.4400
78.888,-0.1319,1.1553,-1.5192,0.0052,1.9269,1.4274,-0.4400
78.900,-0.1320,1.1568,-1.5191,0.0052,1.9255,1.4273,-0.4400
78.912,-0.1322,1.1584,-1.5191,0.0053,1.9240,1.4273,-0.4400
78.924,-0.1324,1.1600,-1.5191,0.0053,1.9224,1.4272,-0.4400
78.936,-0.1325,1.1617,-1.5190,0.0053,1.9208,1.4271,-0.4400
78.948,-0.1327,1.1635,-1.5190,0.0053,1.9191,1.4271,-0.4400
78.960,-0.1329,1.1652,-1.5190,0.0054,1.9174,1.4270,-0.4400
78.972,-0.1330,1.1671,-1.5189,0.0054,1.9157,1.4270,-0.4400
78.984,-0.1332,1.1689,-1.5189,0.0054,1.9139,1.4269,-0.4400
78.996,-0.1334,1.1708,-1.5188,0.0054,1.9121,1.4268,-0.4400
79.008,-0.1336,1.1727,-1.5188,0.0055,1.9103,1.4268,-0.4400
79.020,-0.1338,1.1746,-1.5187,0.0055,1.9085,1.4267,-0.4400
79.032,-0.1340,1.1766,-1.5187,0.0055,1.9066,1.4266,-0.4400
79.044,-0.1342,1.1786,-1.5187,0.0056,1.9047,1.4266,-0.4400
79.056,-0.1343,1.1805,-1.5186,0.0056,1.9028,1.4265,-0.4400
79.068,-0.1345,1.1825,-1.5186,0.0056,1.9009,1.4264,-0.4400
79.080,-0.1347,1.1845,-1.5185,0.0056,1.8990,1.4264,-0.4400
79.092,-0.1349,1.1866,-1.5185,0.0057,1.8971,1.4263,-0.4400
79.104,-0.1351,1.1886,-1.5184,0.0057,1.8951,1.4262,-0.4400
79.116,-0.1353,1.1906,-1.5184,0.0057,1.8932,1.4262,-0.4400
79.128,-0.1355,1.1927,-1.5183,0.0057,1.8913,1.4261,-0.4400
79.140,-0.1357,1.1947,-1.5183,0.0058,1.8893,1.4260,-0.4400
79.152,-0.1359,1.1968,-1.5183,0.0058,1.8873,1.4260,-0.4400
79.164,-0.1361,1.1988,-1.5182,0.0058,1.8854,1.4259,-0.4400
79.176,-0.1363,1.2009,-1.5182,0.0059,1.8834,1.4258,-0.4400
79.188,-0.1365,1.2030,-1.5181,0.0059,1.8814,1.4258,-0.4400
79.200,-0.1367,1.2050,-1.5181,0.0059,1.8795,1.4257,-0.4400
79.212,-0.1369,1.2071,-1.5180,0.0059,1.8775,1.4256,-0.4400
79.224,-0.1371,1.2092,-1.5180,0.0060,1.8755,1.4256,-0.4400
79.236,-0.1373,1.2112,-1.5179,0.0060,1.8735,1.4255,-0.4400
79.248,-0.1375,1.2133,-1.5179,0.0060,1.8715,1.4254,-0.4400
79.260,-0.1377,1.2154,-1.5178,0.0061,1.8695,1.4254,-0.4400
79.272,-0.1379,1.2175,-1.5178,0.0061,1.8676,1.4253,-0.4400
79.284,-0.1381,1.2196,-1.5178,0.0061,1.8656,1.4252,-0.4400
79.296,-0.1383,1.2217,-1.5177,0.0062,1.8636,1.4252,-0.4400
79.308,-0.1385,1.2237,-1.5177,0.0062,1.8616,1.4251,-0.4400
79.320,-0.1387,1.2258,-1.5176,0.0062,1.8596,1.4250,-0.4400
79.332,-0.1390,1.2279,-1.5176,0.0062,1.8576,1.4249,-0.4400
79.344,-0.1392,1.2300,-1.5175,0.0063,1.8556,1.4249,-0.4400
79.356,-0.1394,1.2321,-1.5175,0.0063,1.8536,1.4248,-0.4400
79.368,-0.1396,1.2342,-1.5174,0.0063,1.8516,1.4247,-0.4400
79.380,-0.1398,1.2363,-1.5174,0.0064,1.8496,1.4247,-0.4400
79.392,-0.1400,1.2384,-1.5173,0.0064,1.8476,1.4246,-0.4400
79.404,-0.1402,1.2405,-1.5173,0.0064,1.8456,1.4245,-0.4400
79.416,-0.1404,1.2425,-1.5172,0.0064,1.8436,1.4245,-0.4400
79.428,-0.1406,1.2446,-1.5172,0.0065,1.8416,1.4244,-0.4400
79.440,-0.1408,1.2467,-1.5172,0.0065,1.8396,1.4243,-0.4400
79.452,-0.1410,1.2488,-1.5171,0.0065,1.8376,1.4242,-0.4400
79.464,-0.1412,1.2509,-1.5171,0.0066,1.8356,1.4242,-0.4400
79.476,-0.1414,1.2530,-1.5170,0.0066,1.8336,1.4241,-0.4400
79.488,-0.1416,1.2551,-1.5170,0.0066,1.8317,1.4240,-0.4400
79.500,-0.1418,1.2572,-1.5169,0.0066,1.8297,1.4240,-0.4400
79.512,-0.1420,1.2593,-1.5169,0.0067,1.8277,1.4239,-0.4400
79.524,-0.1422,1.2614,-1.5168,0.0067,1.8257,1.4238,-0.4400
79.536,-0.1424,1.2635,-1.5168,0.0067,1.8237,1.4238,-0.4400
79.548,-0.1426,1.2656,-1.5167,0.0068,1.8217,1.4237,-0.4400
79.560,-0.1428,1.2677,-1.5167,0.0068,1.8197,1.4236,-0.4400
79.572,-0.1430,1.2697,-1.5166,0.0068,1.8177,1.4236,-0.4400
79.584,-0.1432,1.2718,-1.5166,0.0069,1.8157,1.4235,-0.4400
79.596,-0.1434,1.2739,-1.5166,0.0069,1.8137,1.4234,-0.4400
79.608,-0.1436,1.2760,-1.5165,0.0069,1.8117,1.4233,-0.4400
79.620,-0.1438,1.2781,-1.5165,0.0069,1.8097,1.4233,-0.4400
79.632,-0.1440,1.2802,-1.5164,0.0070,1.8077,1.4232,-0.4400
79.644,-0.1442,1.2823,-1.5164,0.0070,1.8057,1.4231,-0.4400
79.656,-0.1444,1.2844,-1.5163,0.0070,1.8037,1.4231,-0.4400
79.668,-0.1446,1.2865,-1.5163,0.0071,1.8017,1.4230,-0.4400
79.680,-0.1448,1.2886,-1.5162,0.0071,1.7997,1.4229,-0.4400
79.692,-0.1450,1.2907,-1.5162,0.0071,1.7977,1.4229,-0.4400
79.704,-0.1453,1.2928,-1.5161,0.0071,1.7957,1.4228,-0.4400
79.716,-0.1455,1.2949,-1.5161,0.0072,1.7937,1.4227,-0.4400
79.728,-0.1457,1.2970,-1.5160,0.0072,1.7917,1.4227,-0.4400
79.740,-0.1459,1.2990,-1.5160,0.0072,1.7897,1.4226,-0.4400
79.752,-0.1461,1.3011,-1.5160,0.0073,1.7877,1.4225,-0.4400
79.764,-0.1463,1.3032,-1.5159,0.0073,1.7857,1.4224,-0.4400
79.776,-0.1465,1.3053,-1.5159,0.0073,1.7837,1.4224,-0.4400
79.788,-0.1467,1.3074,-1.5158,0.0073,1.7817,1.4223,-0.4400
79.800,-0.1469,1.3095,-1.5158,0.0074,1.7797,1.4222,-0.4400
79.812,-0.1471,1.3116,-1.5157,0.0074,1.7777,1.4222,-0.4400
79.824,-0.1473,1.3137,-1.5157,0.0074,1.7757,1.4221,-0.4400
79.836,-0.1475,1.3158,-1.5156,0.0075,1.7737,1.4220,-0.4400
79.848,-0.1477,1.3179,-1.5156,0.0075,1.7717,1.4220,-0.4400
79.860,-0.1479,1.3200,-1.5155,0.0075,1.7697,1.4219,-0.4400
79.872,-0.1481,1.3221,-1.5155,0.0076,1.7677,1.4218,-0.4400
79.884,-0.1483,1.3242,-1.5154,0.0076,1.7657,1.4217,-0.4400
79.896,-0.1485,1.3263,-1.5154,0.0076,1.7637,1.4217,-0.4400
79.908,-0.1487,1.3284,-1.5153,0.0076,1.7617,1.4216,-0.4400
79.920,-0.1489,1.3304,-1.5153,0.0077,1.7597,1.4215,-0.4400
79.932,-0.1491,1.3325,-1.5153,0.0077,1.7577,1.4215,-0.4400
79.944,-0.1493,1.3346,-1.5152,0.0077,1.7557,1.4214,-0.4400
79.956,-0.1495,1.3367,-1.5152,0.0078,1.7537,1.4213,-0.4400
79.968,-0.1497,1.3388,-1.5151,0.0078,1.7517,1.4213,-0.4400
79.980,-0.1499,1.3409,-1.5151,0.0078,1.7497,1.4212,-0.4400
79.992,-0.1501,1.3428,-1.5150,0.0078,1.7480,1.4211,-0.4400
80.004,-0.1503,1.3444,-1.5150,0.0079,1.7464,1.4211,-0.4400
80.016,-0.1504,1.3458,-1.5150,0.0079,1.7451,1.4210,-0.4400
80.028,-0.1505,1.3471,-1.5149,0.0079,1.7439,1.4210,-0.4400
80.040,-0.1506,1.3482,-1.5149,0.0079,1.7428,1.4210,-0.4395
80.052,-0.1507,1.3491,-1.5149,0.0079,1.7419,1.4209,-0.4385
80.064,-0.1508,1.3500,-1.5149,0.0079,1.7411,1.4209,-0.4371
80.076,-0.1509,1.3507,-1.5149,0.0080,1.7403,1.4209,-0.4353
80.088,-0.1510,1.3514,-1.5148,0.0080,1.7397,1.4208,-0.4332
80.100,-0.1510,1.3520,-1.5148,0.0080,1.7391,1.4208,-0.4309
80.112,-0.1511,1.3525,-1.5148,0.0080,1.7387,1.4208,-0.4283
80.124,-0.1511,1.3530,-1.5148,0.0080,1.7382,1.4208,-0.4255
80.136,-0.1511,1.3533,-1.5148,0.0080,1.7378,1.4208,-0.4225
80.148,-0.1512,1.3537,-1.5148,0.0080,1.7375,1.4208,-0.4193
80.160,-0.1512,1.3540,-1.5148,0.0080,1.7372,1.4208,-0.4160
80.172,-0.1512,1.3543,-1.5148,0.0080,1.7370,1.4208,-0.4125
80.184,-0.1513,1.3545,-1.5148,0.0080,1.7367,1.4207,-0.4089
80.196,-0.1513,1.3547,-1.5148,0.0080,1.7365,1.4207,-0.4053
80.208,-0.1513,1.3549,-1.5148,0.0080,1.7364,1.4207,-0.4015
80.220,-0.1513,1.3551,-1.5148,0.0080,1.7362,1.4207,-0.3977
80.232,-0.1513,1.3552,-1.5148,0.0080,1.7361,1.4207,-0.3938
80.244,-0.1513,1.3553,-1.5148,0.0080,1.7359,1.4207,-0.3898
80.256,-0.1513,1.3555,-1.5148,0.0080,1.7358,1.4207,-0.3858
80.268,-0.1514,1.3555,-1.5147,0.0080,1.7357,1.4207,-0.3818
80.280,-0.1514,1.3556,-1.5147,0.0080,1.7357,1.4207,-0.3777
80.292,-0.1514,1.3557,-1.5147,0.0080,1.7356,1.4207,-0.3735
80.304,-0.1514,1.3558,-1.5147,0.0080,1.7355,1.4207,-0.3694
80.316,-0.1514,1.3558,-1.5147,0.0080,1.7355,1.4207,-0.3652
80.328,-0.1514,1.3559,-1.5147,0.0080,1.7354,1.4207,-0.3609
80.340,-0.1514,1.3559,-1.5147,0.0080,1.7354,1.4207,-0.3567
80.352,-0.1514,1.3560,-1.5147,0.0080,1.7353,1.4207,-0.3524
80.364,-0.1514,1.3560,-1.5147,0.0080,1.7353,1.4207,-0.3482
80.376,-0.1514,1.3560,-1.5147,0.0080,1.7353,1.4207,-0.3439
80.388,-0.1514,1.3561,-1.5147,0.0080,1.7353,1.4207,-0.3396
80.400,-0.1514,1.3561,-1.5147,0.0080,1.7352,1.4207,-0.3353
80.412,-0.1514,1.3561,-1.5147,0.0080,1.7352,1.4207,-0.3309
80.424,-0.1514,1.3561,-1.5147,0.0080,1.7352,1.4207,-0.3266
80.436,-0.1514,1.3561,-1.5147,0.0080,1.7352,1.4207,-0.3222
80.448,-0.1514,1.3562,-1.5147,0.0080,1.7352,1.4207,-0.3179
80.460,-0.1514,1.3562,-1.5147,0.0080,1.7352,1.4207,-0.3135
80.472,-0.1514,1.3562,-1.5147,0.0080,1.7351,1.4207,-0.3092
80.484,-0.1514,1.3562,-1.5147,0.0080,1.7351,1.4207,-0.3048
80.496,-0.1514,1.3562,-1.5147,0.0080,1.7351,1.4207,-0.3004
80.508,-0.1514,1.3562,-1.5147,0.0080,1.7351,1.4207,-0.2961
80.520,-0.1514,1.3562,-1.5147,0.0080,1.7351,1.4207,-0.2917
80.532,-0.1514,1.3562,-1.5147,0.0080,1.7351,1.4207,-0.2873
80.544,-0.1514,1.3562,-1.5147,0.0080,1.7351,1.4207,-0.2829
80.556,-0.1514,1.3562,-1.5147,0.0080,1.7351,1.4207,-0.2786
80.568,-0.1514,1.3562,-1.5147,0.0080,1.7351,1.4207,-0.2742
80.580,-0.1514,1.3562,-1.5147,0.0080,1.7351,1.4207,-0.2698
80.592,-0.1514,1.3562,-1.5147,0.0080,1.7351,1.4207,-0.2654
80.604,-0.1514,1.3562,-1.5147,0.0080,1.7351,1.4207,-0.2610
80.616,-0.1514,1.3562,-1.5147,0.0080,1.7351,1.4207,-0.2566
80.628,-0.1514,1.3562,-1.5147,0.0080,1.7351,1.4207,-0.2522
80.640,-0.1514,1.3562,-1.5147,0.0080,1.7351,1.4207,-0.2478
80.652,-0.1514,1.3563,-1.5147,0.0080,1.7351,1.4207,-0.2434
80.664,-0.1514,1.3563,-1.5147,0.0080,1.7351,1.4207,-0.2390
80.676,-0.1514,1.3563,-1.5147,0.0080,1.7351,1.4207,-0.2346
80.688,-0.1514,1.3563,-1.5147,0.0080,1.7351,1.4207,-0.2302
80.700,-0.1514,1.3563,-1.5147,0.0080,1.7351,1.4207,-0.2258
80.712,-0.1514,1.3563,-1.5147,0.0080,1.7351,1.4207,-0.2214
80.724,-0.1514,1.3563,-1.5147,0.0080,1.7351,1.4207,-0.2170
80.736,-0.1514,1.3563,-1.5147,0.0080,1.7351,1.4207,-0.2126
80.748,-0.1514,1.3563,-1.5147,0.0080,1.7351,1.4207,-0.2083
80.760,-0.1514,1.3563,-1.5147,0.0080,1.7351,1.4207,-0.2039
80.772,-0.1514,1.3563,-1.5147,0.0080,1.7351,1.4207,-0.1995
80.784,-0.1514,1.3563,-1.5147,0.0080,1.7351,1.4207,-0.1951
80.796,-0.1514,1.3563,-1.5147,0.0080,1.7351,1.4207,-0.1907
80.808,-0.1514,1.3563,-1.5147,0.0080,1.7351,1.4207,-0.1863
80.820,-0.1514,1.3563,-1.5147,0.0080,1.7351,1.4207,-0.1819
80.832,-0.1514,1.3563,-1.5147,0.0080,1.7351,1.4207,-0.1775
80.844,-0.1514,1.3563,-1.5147,0.0080,1.7351,1.4207,-0.1731
80.856,-0.1514,1.3563,-1.5147,0.0080,1.7351,1.4207,-0.1687
80.868,-0.1514,1.3563,-1.5147,0.0080,1.7351,1.4207,-0.1643
80.880,-0.1514,1.3563,-1.5147,0.0080,1.7351,1.4207,-0.1599
80.892,-0.1514,1.3563,-1.5147,0.0080,1.7351,1.4207,-0.1555
80.904,-0.1514,1.3563,-1.5147,0.0080,1.7351,1.4207,-0.1511
80.916,-0.1514,1.3563,-1.5147,0.0080,1.7351,1.4207,-0.1467
80.928,-0.1514,1.3563,-1.5147,0.0080,1.7351,1.4207,-0.1423
80.940,-0.1514,1.3563,-1.5147,0.0080,1.7351,1.4207,-0.1379
80.952,-0.1514,1.3563,-1.5147,0.0080,1.7351,1.4207,-0.1335
80.964,-0.1514,1.3563,-1.5147,0.0080,1.7351,1.4207,-0.1291
80.976,-0.1514,1.3563,-1.5147,0.0080,1.7351,1.4207,-0.1247
80.988,-0.1514,1.3563,-1.5147,0.0080,1.7351,1.4207,-0.1203
81.000,-0.1514,1.3563,-1.5147,0.0080,1.7351,1.4207,-0.1159
81.012,-0.1514,1.3563,-1.5147,0.0080,1.7351,1.4207,-0.1115
81.024,-0.1514,1.3563,-1.5147,0.0080,1.7351,1.4207,-0.1071
81.036,-0.1514,1.3563,-1.5147,0.0080,1.7351,1.4207,-0.1027
81.048,-0.1514,1.3563,-1.5147,0.0080,1.7351,1.4207,-0.0983
81.060,-0.1514,1.3563,-1.5147,0.0080,1.7351,1.4207,-0.0939
81.072,-0.1514,1.3563,-1.5147,0.0080,1.7351,1.4207,-0.0895
81.084,-0.1514,1.3563,-1.5147,0.0080,1.7351,1.4207,-0.0851
81.096,-0.1514,1.3563,-1.5147,0.0080,1.7351,1.4207,-0.0807
81.108,-0.1514,1.3563,-1.5147,0.0080,1.7351,1.4207,-0.0763
81.120,-0.1514,1.3563,-1.5147,0.0080,1.7351,1.4207,-0.0719
81.132,-0.1514,1.3563,-1.5147,0.0080,1.7351,1.4207,-0.0675
81.144,-0.1514,1.3563,-1.5147,0.0080,1.7351,1.4207,-0.0631
81.156,-0.1514,1.3563,-1.5147,0.0080,1.7351,1.4207,-0.0587
81.168,-0.1514,1.3563,-1.5147,0.0080,1.7351,1.4207,-0.0543
81.180,-0.1514,1.3563,-1.5147,0.0080,1.7351,1.4207,-0.0499
81.192,-0.1514,1.3563,-1.5147,0.0080,1.7351,1.4207,-0.0455
81.204,-0.1514,1.3563,-1.5147,0.0080,1.7351,1.4207,-0.0411
81.216,-0.1514,1.3563,-1.5147,0.0080,1.7351,1.4207,-0.0367
81.228,-0.1514,1.3563,-1.5147,0.0080,1.7351,1.4207,-0.0323
81.240,-0.1514,1.3563,-1.5147,0.0080,1.7351,1.4207,-0.0284
81.252,-0.1514,1.3563,-1.5147,0.0080,1.7351,1.4207,-0.0250
81.264,-0.1514,1.3560,-1.5147,0.0080,1.7353,1.4207,-0.0220
81.276,-0.1514,1.3556,-1.5148,0.0080,1.7358,1.4208,-0.0194
81.288,-0.1513,1.3549,-1.5148,0.0080,1.7364,1.4208,-0.0170
81.300,-0.1512,1.3541,-1.5148,0.0080,1.7372,1.4209,-0.0150
81.312,-0.1511,1.3531,-1.5149,0.0080,1.7381,1.4210,-0.0132
81.324,-0.1510,1.3520,-1.5149,0.0080,1.7392,1.4211,-0.0116
81.336,-0.1509,1.3508,-1.5150,0.0080,1.7404,1.4212,-0.0102
81.348,-0.1508,1.3495,-1.5151,0.0079,1.7417,1.4214,-0.0090
81.360,-0.1506,1.3481,-1.5151,0.0079,1.7431,1.4215,-0.0079
81.372,-0.1505,1.3466,-1.5152,0.0079,1.7445,1.4217,-0.0070
81.384,-0.1503,1.3451,-1.5153,0.0079,1.7460,1.4218,-0.0061
81.396,-0.1502,1.3435,-1.5153,0.0078,1.7476,1.4220,-0.0054
81.408,-0.1500,1.3418,-1.5154,0.0078,1.7492,1.4222,-0.0047
81.420,-0.1498,1.3401,-1.5155,0.0078,1.7509,1.4223,-0.0042
81.432,-0.1496,1.3383,-1.5156,0.0078,1.7526,1.4225,-0.0037
81.444,-0.1495,1.3366,-1.5157,0.0078,1.7543,1.4227,-0.0032
81.456,-0.1493,1.3347,-1.5157,0.0077,1.7561,1.4229,-0.0028
81.468,-0.1491,1.3329,-1.5158,0.0077,1.7579,1.4231,-0.0025
81.480,-0.1489,1.3310,-1.5159,0.0077,1.7597,1.4232,-0.0022
81.492,-0.1487,1.3291,-1.5160,0.0076,1.7616,1.4234,-0.0019
81.504,-0.1485,1.3272,-1.5161,0.0076,1.7634,1.4236,-0.0017
81.516,-0.1484,1.3253,-1.5162,0.0076,1.7653,1.4238,-0.0015
81.528,-0.1482,1.3234,-1.5163,0.0076,1.7672,1.4240,-0.0013
81.540,-0.1480,1.3214,-1.5164,0.0075,1.7691,1.4242,-0.0012
81.552,-0.1478,1.3194,-1.5165,0.0075,1.7711,1.4244,-0.0010
81.564,-0.1476,1.3175,-1.5166,0.0075,1.7730,1.4246,-0.0009
81.576,-0.1474,1.3155,-1.5167,0.0075,1.7749,1.4248,-0.0008
81.588,-0.1472,1.3135,-1.5167,0.0074,1.7769,1.4250,-0.0007
81.600,-0.1470,1.3115,-1.5168,0.0074,1.7788,1.4252,-0.0006
81.612,-0.1468,1.3095,-1.5169,0.0074,1.7808,1.4254,-0.0005
81.624,-0.1466,1.3075,-1.5170,0.0073,1.7827,1.4256,-0.0005
81.636,-0.1464,1.3055,-1.5171,0.0073,1.7847,1.4258,-0.0004
81.648,-0.1462,1.3035,-1.5172,0.0073,1.7867,1.4260,-0.0004
81.660,-0.1460,1.3014,-1.5173,0.0073,1.7887,1.4262,-0.0003
81.672,-0.1458,1.2994,-1.5174,0.0072,1.7906,1.4265,-0.0003
81.684,-0.1456,1.2974,-1.5175,0.0072,1.7926,1.4267,-0.0003
81.696,-0.1454,1.2953,-1.5176,0.0072,1.7946,1.4269,-0.0002
81.708,-0.1452,1.2933,-1.5177,0.0071,1.7966,1.4271,-0.0002
81.720,-0.1450,1.2913,-1.5178,0.0071,1.7986,1.4273,-0.0002
81.732,-0.1448,1.2892,-1.5179,0.0071,1.8006,1.4275,-0.0002
81.744,-0.1446,1.2872,-1.5180,0.0071,1.8026,1.4277,-0.0001
81.756,-0.1444,1.2852,-1.5181,0.0070,1.8046,1.4279,-0.0001
81.768,-0.1442,1.2831,-1.5182,0.0070,1.8066,1.4281,-0.0001
81.780,-0.1440,1.2811,-1.5183,0.0070,1.8086,1.4283,-0.0001
81.792,-0.1438,1.2790,-1.5184,0.0069,1.8106,1.4285,-0.0001
81.804,-0.1436,1.2770,-1.5185,0.0069,1.8126,1.4287,-0.0001
81.816,-0.1434,1.2749,-1.5186,0.0069,1.8146,1.4289,-0.0001
81.828,-0.1432,1.2729,-1.5187,0.0069,1.8165,1.4291,-0.0001
81.840,-0.1430,1.2709,-1.5188,0.0068,1.8185,1.4293,-0.0000
81.852,-0.1428,1.2688,-1.5189,0.0068,1.8205,1.4296,-0.0000
81.864,-0.1426,1.2668,-1.5189,0.0068,1.8225,1.4298,-0.0000
81.876,-0.1424,1.2647,-1.5190,0.0067,1.8245,1.4300,-0.0000
81.888,-0.1422,1.2627,-1.5191,0.0067,1.8265,1.4302,-0.0000
81.900,-0.1420,1.2606,-1.5192,0.0067,1.8286,1.4304,-0.0000
81.912,-0.1417,1.2586,-1.5193,0.0067,1.8306,1.4306,-0.0000
81.924,-0.1415,1.2565,-1.5194,0.0066,1.8326,1.4308,-0.0000
81.936,-0.1413,1.2545,-1.5195,0.0066,1.8346,1.4310,-0.0000
81.948,-0.1411,1.2524,-1.5196,0.0066,1.8366,1.4312,-0.0000
81.960,-0.1409,1.2504,-1.5197,0.0065,1.8386,1.4314,-0.0000
81.972,-0.1407,1.2483,-1.5198,0.0065,1.8406,1.4316,-0.0000
81.984,-0.1405,1.2463,-1.5199,0.0065,1.8426,1.4318,-0.0000
81.996,-0.1403,1.2442,-1.5200,0.0065,1.8446,1.4320,-0.0000
82.008,-0.1401,1.2422,-1.5201,0.0064,1.8466,1.4323,-0.0000
82.020,-0.1399,1.2401,-1.5202,0.0064,1.8486,1.4325,-0.0000
82.032,-0.1397,1.2381,-1.5203,0.0064,1.8506,1.4327,-0.0000
82.044,-0.1395,1.2361,-1.5204,0.0063,1.8526,1.4329,-0.0000
82.056,-0.1393,1.2340,-1.5205,0.0063,1.8546,1.4331,-0.0000
82.068,-0.1391,1.2320,-1.5206,0.0063,1.8566,1.4333,-0.0000
82.080,-0.1389,1.2299,-1.5207,0.0063,1.8586,1.4335,-0.0000
82.092,-0.1387,1.2279,-1.5208,0.0062,1.8606,1.4337,-0.0000
82.104,-0.1385,1.2258,-1.5209,0.0062,1.8626,1.4339,-0.0000
82.116,-0.1383,1.2238,-1.5210,0.0062,1.8646,1.4341,-0.0000
82.128,-0.1381,1.2217,-1.5211,0.0061,1.8666,1.4343,-0.0000
82.140,-0.1379,1.2197,-1.5212,0.0061,1.8686,1.4345,-0.0000
82.152,-0.1377,1.2176,-1.5213,0.0061,1.8706,1.4348,-0.0000
82.164,-0.1375,1.2156,-1.5214,0.0061,1.8726,1.4350,-0.0000
82.176,-0.1373,1.2135,-1.5215,0.0060,1.8746,1.4352,-0.0000
82.188,-0.1371,1.2115,-1.5216,0.0060,1.8766,1.4354,-0.0000
82.200,-0.1369,1.2094,-1.5216,0.0060,1.8786,1.4356,-0.0000
82.212,-0.1367,1.2074,-1.5217,0.0059,1.8806,1.4358,-0.0000
82.224,-0.1365,1.2053,-1.5218,0.0059,1.8826,1.4360,-0.0000
82.236,-0.1363,1.2033,-1.5219,0.0059,1.8846,1.4362,-0.0000
82.248,-0.1361,1.2012,-1.5220,0.0059,1.8866,1.4364,-0.0000
82.260,-0.1359,1.1992,-1.5221,0.0058,1.8886,1.4366,-0.0000
82.272,-0.1357,1.1971,-1.5222,0.0058,1.8906,1.4368,-0.0000
82.284,-0.1355,1.1951,-1.5223,0.0058,1.8926,1.4370,-0.0000
82.296,-0.1353,1.1930,-1.5224,0.0057,1.8946,1.4372,-0.0000
82.308,-0.1351,1.1910,-1.5225,0.0057,1.8966,1.4375,-0.0000
82.320,-0.1348,1.1889,-1.5226,0.0057,1.8986,1.4377,-0.0000
82.332,-0.1346,1.1869,-1.5227,0.0057,1.9006,1.4379,-0.0000
82.344,-0.1344,1.1848,-1.5228,0.0056,1.9026,1.4381,-0.0000
82.356,-0.1342,1.1828,-1.5229,0.0056,1.9046,1.4383,-0.0000
82.368,-0.1340,1.1807,-1.5230,0.0056,1.9066,1.4385,-0.0000
82.380,-0.1338,1.1787,-1.5231,0.0055,1.9087,1.4387,-0.0000
82.392,-0.1336,1.1766,-1.5232,0.0055,1.9107,1.4389,-0.0000
82.404,-0.1334,1.1746,-1.5233,0.0055,1.9127,1.4391,-0.0000
82.416,-0.1332,1.1725,-1.5234,0.0055,1.9147,1.4393,-0.0000
82.428,-0.1330,1.1705,-1.5235,0.0054,1.9167,1.4395,-0.0000
82.440,-0.1328,1.1684,-1.5236,0.0054,1.9187,1.4397,-0.0000
82.452,-0.1326,1.1664,-1.5237,0.0054,1.9207,1.4399,-0.0000
82.464,-0.1324,1.1646,-1.5238,0.0053,1.9224,1.4401,-0.0000
82.476,-0.1323,1.1630,-1.5238,0.0053,1.9240,1.4403,-0.0000
82.488,-0.1323,1.1630,-1.5238,0.0053,1.9240,1.4403,-0.0000
82.500,-0.1322,1.1630,-1.5238,0.0053,1.9240,1.4403,-0.0000
82.512,-0.1320,1.1630,-1.5238,0.0053,1.9240,1.4403,-0.0000
82.524,-0.1318,1.1630,-1.5238,0.0053,1.9240,1.4403,-0.0000
82.536,-0.1314,1.1629,-1.5238,0.0053,1.9241,1.4403,-0.0000
82.548,-0.1311,1.1629,-1.5238,0.0053,1.9241,1.4403,-0.0000
82.560,-0.1306,1.1629,-1.5238,0.0053,1.9241,1.4403,-0.0000
82.572,-0.1302,1.1628,-1.5238,0.0053,1.9242,1.4403,-0.0000
82.584,-0.1297,1.1628,-1.5238,0.0053,1.9242,1.4403,-0.0000
82.596,-0.1291,1.1627,-1.5238,0.0053,1.9243,1.4403,-0.0000
82.608,-0.1285,1.1627,-1.5238,0.0053,1.9243,1.4403,-0.0000
82.620,-0.1279,1.1626,-1.5239,0.0053,1.9244,1.4403,-0.0000
82.632,-0.1273,1.1626,-1.5239,0.0053,1.9244,1.4403,-0.0000
82.644,-0.1267,1.1625,-1.5239,0.0053,1.9245,1.4403,-0.0000
82.656,-0.1260,1.1624,-1.5239,0.0053,1.9245,1.4403,-0.0000
82.668,-0.1253,1.1624,-1.5239,0.0053,1.9246,1.4404,-0.0000
82.680,-0.1247,1.1623,-1.5239,0.0053,1.9246,1.4404,-0.0000
82.692,-0.1239,1.1623,-1.5239,0.0053,1.9247,1.4404,-0.0000
82.704,-0.1232,1.1622,-1.5239,0.0053,1.9248,1.4404,-0.0000
82.716,-0.1225,1.1621,-1.5239,0.0053,1.9248,1.4404,-0.0000
82.728,-0.1218,1.1621,-1.5239,0.0053,1.9249,1.4404,-0.0000
82.740,-0.1210,1.1620,-1.5239,0.0053,1.9249,1.4404,-0.0000
82.752,-0.1203,1.1619,-1.5239,0.0053,1.9250,1.4404,-0.0000
82.764,-0.1195,1.1619,-1.5239,0.0053,1.9251,1.4404,-0.0000
82.776,-0.1188,1.1618,-1.5239,0.0053,1.9251,1.4404,-0.0000
82.788,-0.1180,1.1617,-1.5239,0.0053,1.9252,1.4404,-0.0000
82.800,-0.1173,1.1617,-1.5239,0.0053,1.9253,1.4404,-0.0000
82.812,-0.1165,1.1616,-1.5239,0.0053,1.9253,1.4404,-0.0000
82.824,-0.1157,1.1615,-1.5239,0.0053,1.9254,1.4404,-0.0000
82.836,-0.1149,1.1615,-1.5239,0.0053,1.9255,1.4404,-0.0000
82.848,-0.1142,1.1614,-1.5239,0.0053,1.9255,1.4405,-0.0000
82.860,-0.1134,1.1613,-1.5239,0.0053,1.9256,1.4405,-0.0000
82.872,-0.1126,1.1613,-1.5239,0.0053,1.9257,1.4405,-0.0000
82.884,-0.1118,1.1612,-1.5239,0.0053,1.9257,1.4405,-0.0000
82.896,-0.1110,1.1611,-1.5239,0.0053,1.9258,1.4405,-0.0000
82.908,-0.1103,1.1611,-1.5239,0.0053,1.9259,1.4405,-0.0000
82.920,-0.1095,1.1610,-1.5239,0.0053,1.9259,1.4405,-0.0000
82.932,-0.1087,1.1609,-1.5239,0.0053,1.9260,1.4405,-0.0000
82.944,-0.1079,1.1609,-1.5239,0.0053,1.9261,1.4405,-0.0000
82.956,-0.1071,1.1608,-1.5239,0.0053,1.9261,1.4405,-0.0000
82.968,-0.1063,1.1607,-1.5239,0.0053,1.9262,1.4405,-0.0000
82.980,-0.1055,1.1606,-1.5239,0.0053,1.9263,1.4405,-0.0000
82.992,-0.1047,1.1606,-1.5239,0.0053,1.9264,1.4405,-0.0000
83.004,-0.1039,1.1605,-1.5240,0.0053,1.9264,1.4405,-0.0000
83.016,-0.1032,1.1604,-1.5240,0.0053,1.9265,1.4406,-0.0000
83.028,-0.1024,1.1604,-1.5240,0.0053,1.9266,1.4406,-0.0000
83.040,-0.1016,1.1603,-1.5240,0.0053,1.9266,1.4406,-0.0000
83.052,-0.1008,1.1602,-1.5240,0.0053,1.9267,1.4406,-0.0000
83.064,-0.1000,1.1602,-1.5240,0.0053,1.9268,1.4406,-0.0000
83.076,-0.0992,1.1601,-1.5240,0.0053,1.9268,1.4406,-0.0000
83.088,-0.0984,1.1600,-1.5240,0.0053,1.9269,1.4406,-0.0000
83.100,-0.0976,1.1599,-1.5240,0.0053,1.9270,1.4406,-0.0000
83.112,-0.0968,1.1599,-1.5240,0.0053,1.9270,1.4406,-0.0000
83.124,-0.0960,1.1598,-1.5240,0.0053,1.9271,1.4406,-0.0000
83.136,-0.0952,1.1597,-1.5240,0.0053,1.9272,1.4406,-0.0000
83.148,-0.0944,1.1597,-1.5240,0.0053,1.9272,1.4406,-0.0000
83.160,-0.0937,1.1596,-1.5240,0.0053,1.9273,1.4406,-0.0000
83.172,-0.0929,1.1595,-1.5240,0.0053,1.9274,1.4406,-0.0000
83.184,-0.0921,1.1595,-1.5240,0.0053,1.9274,1.4406,-0.0000
83.196,-0.0913,1.1594,-1.5240,0.0053,1.9275,1.4407,-0.0000
83.208,-0.0905,1.1593,-1.5240,0.0053,1.9276,1.4407,-0.0000
83.220,-0.0897,1.1593,-1.5240,0.0053,1.9276,1.4407,-0.0000
83.232,-0.0889,1.1592,-1.5240,0.0053,1.9277,1.4407,-0.0000
83.244,-0.0881,1.1591,-1.5240,0.0053,1.9278,1.4407,-0.0000
83.256,-0.0873,1.1590,-1.5240,0.0053,1.9278,1.4407,-0.0000
83.268,-0.0865,1.1590,-1.5240,0.0053,1.9279,1.4407,-0.0000
83.280,-0.0857,1.1589,-1.5240,0.0053,1.9280,1.4407,-0.0000
83.292,-0.0849,1.1588,-1.5240,0.0053,1.9281,1.4407,-0.0000
83.304,-0.0841,1.1588,-1.5240,0.0053,1.9281,1.4407,-0.0000
83.316,-0.0833,1.1587,-1.5240,0.0053,1.9282,1.4407,-0.0000
83.328,-0.0825,1.1586,-1.5240,0.0053,1.9283,1.4407,-0.0000
83.340,-0.0817,1.1586,-1.5240,0.0053,1.9283,1.4407,-0.0000
83.352,-0.0810,1.1585,-1.5240,0.0053,1.9284,1.4407,-0.0000
83.364,-0.0802,1.1584,-1.5240,0.0053,1.9285,1.4408,-0.0000
83.376,-0.0794,1.1583,-1.5241,0.0053,1.9285,1.4408,-0.0000
83.388,-0.0786,1.1583,-1.5241,0.0053,1.9286,1.4408,-0.0000
83.400,-0.0778,1.1582,-1.5241,0.0053,1.9287,1.4408,-0.0000
83.412,-0.0770,1.1581,-1.5241,0.0053,1.9287,1.4408,-0.0000
83.424,-0.0762,1.1581,-1.5241,0.0053,1.9288,1.4408,-0.0000
83.436,-0.0754,1.1580,-1.5241,0.0053,1.9289,1.4408,-0.0000
83.448,-0.0746,1.1579,-1.5241,0.0053,1.9289,1.4408,-0.0000
83.460,-0.0738,1.1579,-1.5241,0.0053,1.9290,1.4408,-0.0000
83.472,-0.0730,1.1578,-1.5241,0.0052,1.9291,1.4408,-0.0000
83.484,-0.0722,1.1577,-1.5241,0.0052,1.9291,1.4408,-0.0000
83.496,-0.0714,1.1576,-1.5241,0.0052,1.9292,1.4408,-0.0000
83.508,-0.0706,1.1576,-1.5241,0.0052,1.9293,1.4408,-0.0000
83.520,-0.0698,1.1575,-1.5241,0.0052,1.9294,1.4408,-0.0000
83.532,-0.0691,1.1574,-1.5241,0.0052,1.9294,1.4409,-0.0000
83.544,-0.0683,1.1574,-1.5241,0.0052,1.9295,1.4409,-0.0000
83.556,-0.0675,1.1573,-1.5241,0.0052,1.9296,1.4409,-0.0000
83.568,-0.0667,1.1572,-1.5241,0.0052,1.9296,1.4409,-0.0000
83.580,-0.0659,1.1572,-1.5241,0.0052,1.9297,1.4409,-0.0000
83.592,-0.0651,1.1571,-1.5241,0.0052,1.9298,1.4409,-0.0000
83.604,-0.0643,1.1570,-1.5241,0.0052,1.9298,1.4409,-0.0000
83.616,-0.0635,1.1569,-1.5241,0.0052,1.9299,1.4409,-0.0000
83.628,-0.0627,1.1569,-1.5241,0.0052,1.9300,1.4409,-0.0000
83.640,-0.0619,1.1568,-1.5241,0.0052,1.9300,1.4409,-0.0000
83.652,-0.0611,1.1567,-1.5241,0.0052,1.9301,1.4409,-0.0000
83.664,-0.0603,1.1567,-1.5241,0.0052,1.9302,1.4409,-0.0000
83.676,-0.0595,1.1566,-1.5241,0.0052,1.9302,1.4409,-0.0000
83.688,-0.0587,1.1565,-1.5241,0.0052,1.9303,1.4409,-0.0000
83.700,-0.0579,1.1565,-1.5241,0.0052,1.9304,1.4410,-0.0000
83.712,-0.0571,1.1564,-1.5241,0.0052,1.9304,1.4410,-0.0000
83.724,-0.0564,1.1563,-1.5241,0.0052,1.9305,1.4410,-0.0000
83.736,-0.0556,1.1562,-1.5242,0.0052,1.9306,1.4410,-0.0000
83.748,-0.0548,1.1562,-1.5242,0.0052,1.9306,1.4410,-0.0000
83.760,-0.0540,1.1561,-1.5242,0.0052,1.9307,1.4410,-0.0000
83.772,-0.0532,1.1560,-1.5242,0.0052,1.9308,1.4410,-0.0000
83.784,-0.0524,1.1560,-1.5242,0.0052,1.9309,1.4410,-0.0000
83.796,-0.0516,1.1559,-1.5242,0.0052,1.9309,1.4410,-0.0000
83.808,-0.0508,1.1558,-1.5242,0.0052,1.9310,1.4410,-0.0000
83.820,-0.0500,1.1558,-1.5242,0.0052,1.9311,1.4410,-0.0000
83.832,-0.0492,1.1557,-1.5242,0.0052,1.9311,1.4410,-0.0000
83.844,-0.0484,1.1556,-1.5242,0.0052,1.9312,1.4410,-0.0000
83.856,-0.0476,1.1556,-1.5242,0.0052,1.9313,1.4410,-0.0000
83.868,-0.0468,1.1555,-1.5242,0.0052,1.9313,1.4411,-0.0000
83.880,-0.0460,1.1554,-1.5242,0.0052,1.9314,1.4411,-0.0000
83.892,-0.0452,1.1553,-1.5242,0.0052,1.9315,1.4411,-0.0000
83.904,-0.0444,1.1553,-1.5242,0.0052,1.9315,1.4411,-0.0000
83.916,-0.0437,1.1552,-1.5242,0.0052,1.9316,1.4411,-0.0000
83.928,-0.0429,1.1551,-1.5242,0.0052,1.9317,1.4411,-0.0000
83.940,-0.0421,1.1551,-1.5242,0.0052,1.9317,1.4411,-0.0000
83.952,-0.0413,1.1550,-1.5242,0.0052,1.9318,1.4411,-0.0000
83.964,-0.0405,1.1549,-1.5242,0.0052,1.9319,1.4411,-0.0000
83.976,-0.0397,1.1549,-1.5242,0.0052,1.9319,1.4411,-0.0000
83.988,-0.0389,1.1548,-1.5242,0.0052,1.9320,1.4411,-0.0000
84.000,-0.0381,1.1547,-1.5242,0.0052,1.9321,1.4411,-0.0000
84.012,-0.0373,1.1546,-1.5242,0.0052,1.9321,1.4411,-0.0000
84.024,-0.0365,1.1546,-1.5242,0.0052,1.9322,1.4411,-0.0000
84.036,-0.0357,1.1545,-1.5242,0.0052,1.9323,1.4412,-0.0000
84.048,-0.0349,1.1544,-1.5242,0.0052,1.9324,1.4412,-0.0000
84.060,-0.0341,1.1544,-1.5242,0.0052,1.9324,1.4412,-0.0000
84.072,-0.0333,1.1543,-1.5242,0.0052,1.9325,1.4412,-0.0000
84.084,-0.0325,1.1542,-1.5242,0.0052,1.9326,1.4412,-0.0000
84.096,-0.0317,1.1542,-1.5243,0.0052,1.9326,1.4412,-0.0000
84.108,-0.0310,1.1541,-1.5243,0.0052,1.9327,1.4412,-0.0000
84.120,-0.0302,1.1540,-1.5243,0.0052,1.9328,1.4412,-0.0000
84.132,-0.0294,1.1539,-1.5243,0.0052,1.9328,1.4412,-0.0000
84.144,-0.0286,1.1539,-1.5243,0.0052,1.9329,1.4412,-0.0000
84.156,-0.0278,1.1538,-1.5243,0.0052,1.9330,1.4412,-0.0000
84.168,-0.0270,1.1537,-1.5243,0.0052,1.9330,1.4412,-0.0000
84.180,-0.0262,1.1537,-1.5243,0.0052,1.9331,1.4412,-0.0000
84.192,-0.0254,1.1536,-1.5243,0.0052,1.9332,1.4412,-0.0000
84.204,-0.0246,1.1535,-1.5243,0.0052,1.9332,1.4413,-0.0000
84.216,-0.0238,1.1535,-1.5243,0.0052,1.9333,1.4413,-0.0000
84.228,-0.0230,1.1534,-1.5243,0.0052,1.9334,1.4413,-0.0000
84.240,-0.0222,1.1533,-1.5243,0.0052,1.9334,1.4413,-0.0000
84.252,-0.0214,1.1532,-1.5243,0.0052,1.9335,1.4413,-0.0000
84.264,-0.0206,1.1532,-1.5243,0.0052,1.9336,1.4413,-0.0000
84.276,-0.0198,1.1531,-1.5243,0.0052,1.9337,1.4413,-0.0000
84.288,-0.0190,1.1530,-1.5243,0.0052,1.9337,1.4413,-0.0000
84.300,-0.0183,1.1530,-1.5243,0.0052,1.9338,1.4413,-0.0000
84.312,-0.0175,1.1529,-1.5243,0.0052,1.9339,1.4413,-0.0000
84.324,-0.0167,1.1528,-1.5243,0.0052,1.9339,1.4413,-0.0000
84.336,-0.0159,1.1528,-1.5243,0.0052,1.9340,1.4413,-0.0000
84.348,-0.0151,1.1527,-1.5243,0.0052,1.9341,1.4413,-0.0000
84.360,-0.0143,1.1526,-1.5243,0.0052,1.9341,1.4413,-0.0000
84.372,-0.0135,1.1525,-1.5243,0.0052,1.9342,1.4414,-0.0000
84.384,-0.0127,1.1525,-1.5243,0.0052,1.9343,1.4414,-0.0000
84.396,-0.0119,1.1524,-1.5243,0.0052,1.9343,1.4414,-0.0000
84.408,-0.0111,1.1523,-1.5243,0.0052,1.9344,1.4414,-0.0000
84.420,-0.0103,1.1523,-1.5243,0.0052,1.9345,1.4414,-0.0000
84.432,-0.0095,1.1522,-1.5243,0.0052,1.9345,1.4414,-0.0000
84.444,-0.0087,1.1521,-1.5243,0.0052,1.9346,1.4414,-0.0000
84.456,-0.0079,1.1521,-1.5243,0.0052,1.9347,1.4414,-0.0000
84.468,-0.0071,1.1520,-1.5244,0.0052,1.9347,1.4414,-0.0000
84.480,-0.0063,1.1519,-1.5244,0.0052,1.9348,1.4414,-0.0000
84.492,-0.0056,1.1519,-1.5244,0.0052,1.9349,1.4414,-0.0000
84.504,-0.0049,1.1518,-1.5244,0.0052,1.9349,1.4414,-0.0000
84.516,-0.0043,1.1517,-1.5244,0.0052,1.9350,1.4414,-0.0000
84.528,-0.0038,1.1517,-1.5244,0.0052,1.9350,1.4414,-0.0000
84.540,-0.0038,1.1517,-1.5244,0.0052,1.9350,1.4414,-0.0000
84.552,-0.0038,1.1509,-1.5233,0.0052,1.9336,1.4404,-0.0000
84.564,-0.0038,1.1493,-1.5212,0.0052,1.9310,1.4384,-0.0000
84.576,-0.0038,1.1471,-1.5183,0.0051,1.9273,1.4357,-0.0000
84.588,-0.0038,1.1443,-1.5146,0.0051,1.9227,1.4322,-0.0000
84.600,-0.0038,1.1411,-1.5103,0.0051,1.9172,1.4281,-0.0000
84.612,-0.0038,1.1374,-1.5054,0.0051,1.9110,1.4235,-0.0000
84.624,-0.0037,1.1333,-1.5000,0.0051,1.9041,1.4184,-0.0000
84.636,-0.0037,1.1289,-1.4941,0.0051,1.8967,1.4129,-0.0000
84.648,-0.0037,1.1241,-1.4879,0.0050,1.8887,1.4070,-0.0000
84.660,-0.0037,1.1192,-1.4813,0.0050,1.8804,1.4007,-0.0000
84.672,-0.0037,1.1139,-1.4744,0.0050,1.8716,1.3942,-0.0000
84.684,-0.0037,1.1085,-1.4672,0.0050,1.8625,1.3874,-0.0000
84.696,-0.0036,1.1029,-1.4598,0.0049,1.8531,1.3804,-0.0000
84.708,-0.0036,1.0972,-1.4522,0.0049,1.8434,1.3732,-0.0000
84.720,-0.0036,1.0913,-1.4444,0.0049,1.8335,1.3658,-0.0000
84.732,-0.0036,1.0853,-1.4364,0.0049,1.8234,1.3583,-0.0000
84.744,-0.0036,1.0791,-1.4283,0.0048,1.8131,1.3506,-0.0000
84.756,-0.0035,1.0729,-1.4201,0.0048,1.8027,1.3428,-0.0000
84.768,-0.0035,1.0666,-1.4117,0.0048,1.7921,1.3349,-0.0000
84.780,-0.0035,1.0602,-1.4033,0.0048,1.7814,1.3270,-0.0000
84.792,-0.0035,1.0538,-1.3948,0.0047,1.7705,1.3189,-0.0000
84.804,-0.0035,1.0473,-1.3862,0.0047,1.7596,1.3108,-0.0000
84.816,-0.0034,1.0408,-1.3775,0.0047,1.7486,1.3026,-0.0000
84.828,-0.0034,1.0342,-1.3688,0.0046,1.7376,1.2943,-0.0000
84.840,-0.0034,1.0275,-1.3600,0.0046,1.7264,1.2860,-0.0000
84.852,-0.0034,1.0209,-1.3512,0.0046,1.7152,1.2777,-0.0000
84.864,-0.0034,1.0142,-1.3424,0.0045,1.7040,1.2693,-0.0000
84.876,-0.0033,1.0075,-1.3335,0.0045,1.6927,1.2609,-0.0000
84.888,-0.0033,1.0007,-1.3246,0.0045,1.6814,1.2525,-0.0000
84.900,-0.0033,0.9940,-1.3156,0.0045,1.6700,1.2440,-0.0000
84.912,-0.0033,0.9872,-1.3066,0.0044,1.6586,1.2355,-0.0000
84.924,-0.0032,0.9804,-1.2976,0.0044,1.6472,1.2270,-0.0000
84.936,-0.0032,0.9736,-1.2886,0.0044,1.6358,1.2185,-0.0000
84.948,-0.0032,0.9668,-1.2796,0.0043,1.6243,1.2100,-0.0000
84.960,-0.0032,0.9599,-1.2706,0.0043,1.6128,1.2014,-0.0000
84.972,-0.0032,0.9531,-1.2615,0.0043,1.6014,1.1929,-0.0000
84.984,-0.0031,0.9462,-1.2524,0.0042,1.5898,1.1843,-0.0000
84.996,-0.0031,0.9394,-1.2434,0.0042,1.5783,1.1757,-0.0000
85.008,-0.0031,0.9325,-1.2343,0.0042,1.5668,1.1671,-0.0000
85.020,-0.0031,0.9257,-1.2252,0.0042,1.5553,1.1585,-0.0000
85.032,-0.0030,0.9188,-1.2161,0.0041,1.5437,1.1499,-0.0000
85.044,-0.0030,0.9119,-1.2070,0.0041,1.5321,1.1413,-0.0000
85.056,-0.0030,0.9050,-1.1979,0.0041,1.5206,1.1327,-0.0000
85.068,-0.0030,0.8981,-1.1888,0.0040,1.5090,1.1241,-0.0000
85.080,-0.0029,0.8913,-1.1796,0.0040,1.4974,1.1155,-0.0000
85.092,-0.0029,0.8844,-1.1705,0.0040,1.4859,1.1068,-0.0000
85.104,-0.0029,0.8775,-1.1614,0.0039,1.4743,1.0982,-0.0000
85.116,-0.0029,0.8706,-1.1523,0.0039,1.4627,1.0896,-0.0000
85.128,-0.0029,0.8637,-1.1431,0.0039,1.4511,1.0810,-0.0000
85.140,-0.0028,0.8568,-1.1340,0.0038,1.4395,1.0723,-0.0000
85.152,-0.0028,0.8499,-1.1249,0.0038,1.4279,1.0637,-0.0000
85.164,-0.0028,0.8430,-1.1157,0.0038,1.4163,1.0550,-0.0000
85.176,-0.0028,0.8361,-1.1066,0.0037,1.4047,1.0464,-0.0000
85.188,-0.0027,0.8292,-1.0975,0.0037,1.3931,1.0378,-0.0000
85.200,-0.0027,0.8223,-1.0883,0.0037,1.3815,1.0291,-0.0000
85.212,-0.0027,0.8154,-1.0792,0.0037,1.3699,1.0205,-0.0000
85.224,-0.0027,0.8085,-1.0701,0.0036,1.3583,1.0118,-0.0000
85.236,-0.0027,0.8016,-1.0609,0.0036,1.3467,1.0032,-0.0000
85.248,-0.0026,0.7946,-1.0518,0.0036,1.3351,0.9946,-0.0000
85.260,-0.0026,0.7877,-1.0426,0.0035,1.3235,0.9859,-0.0000
85.272,-0.0026,0.7808,-1.0335,0.0035,1.3119,0.9773,-0.0000
85.284,-0.0026,0.7739,-1.0243,0.0035,1.3003,0.9686,-0.0000
85.296,-0.0025,0.7670,-1.0152,0.0034,1.2887,0.9600,-0.0000
85.308,-0.0025,0.7601,-1.0061,0.0034,1.2771,0.9513,-0.0000
85.320,-0.0025,0.7532,-0.9969,0.0034,1.2655,0.9427,-0.0000
85.332,-0.0025,0.7463,-0.9878,0.0033,1.2539,0.9340,-0.0000
85.344,-0.0024,0.7394,-0.9786,0.0033,1.2423,0.9254,-0.0000
85.356,-0.0024,0.7325,-0.9695,0.0033,1.2307,0.9167,-0.0000
85.368,-0.0024,0.7256,-0.9603,0.0033,1.2191,0.9081,-0.0000
85.380,-0.0024,0.7187,-0.9512,0.0032,1.2074,0.8994,-0.0000
85.392,-0.0024,0.7117,-0.9421,0.0032,1.1958,0.8908,-0.0000
85.404,-0.0023,0.7048,-0.9329,0.0032,1.1842,0.8822,-0.0000
85.416,-0.0023,0.6979,-0.9238,0.0031,1.1726,0.8735,-0.0000
85.428,-0.0023,0.6910,-0.9146,0.0031,1.1610,0.8649,-0.0000
85.440,-0.0023,0.6841,-0.9055,0.0031,1.1494,0.8562,-0.0000
85.452,-0.0022,0.6772,-0.8963,0.0030,1.1378,0.8476,-0.0000
85.464,-0.0022,0.6703,-0.8872,0.0030,1.1262,0.8389,-0.0000
85.476,-0.0022,0.6634,-0.8780,0.0030,1.1146,0.8303,-0.0000
85.488,-0.0022,0.6565,-0.8689,0.0029,1.1030,0.8216,-0.0000
85.500,-0.0021,0.6496,-0.8597,0.0029,1.0914,0.8130,-0.0000
85.512,-0.0021,0.6426,-0.8506,0.0029,1.0797,0.8043,-0.0000
85.524,-0.0021,0.6357,-0.8414,0.0029,1.0681,0.7957,-0.0000
85.536,-0.0021,0.6288,-0.8323,0.0028,1.0565,0.7870,-0.0000
85.548,-0.0021,0.6219,-0.8232,0.0028,1.0449,0.7784,-0.0000
85.560,-0.0020,0.6150,-0.8140,0.0028,1.0333,0.7697,-0.0000
85.572,-0.0020,0.6081,-0.8049,0.0027,1.0217,0.7611,-0.0000
85.584,-0.0020,0.6012,-0.7957,0.0027,1.0101,0.7524,-0.0000
85.596,-0.0020,0.5943,-0.7866,0.0027,0.9985,0.7438,-0.0000
85.608,-0.0019,0.5874,-0.7774,0.0026,0.9869,0.7351,-0.0000
85.620,-0.0019,0.5805,-0.7683,0.0026,0.9753,0.7265,-0.0000
85.632,-0.0019,0.5735,-0.7591,0.0026,0.9636,0.7178,-0.0000
85.644,-0.0019,0.5666,-0.7500,0.0025,0.9520,0.7092,-0.0000
85.656,-0.0019,0.5597,-0.7408,0.0025,0.9404,0.7005,-0.0000
85.668,-0.0018,0.5528,-0.7317,0.0025,0.9288,0.6919,-0.0000
85.680,-0.0018,0.5459,-0.7225,0.0024,0.9172,0.6832,-0.0000
85.692,-0.0018,0.5390,-0.7134,0.0024,0.9056,0.6746,-0.0000
85.704,-0.0018,0.5321,-0.7043,0.0024,0.8940,0.6659,-0.0000
85.716,-0.0017,0.5252,-0.6951,0.0024,0.8824,0.6573,-0.0000
85.728,-0.0017,0.5183,-0.6860,0.0023,0.8708,0.6486,-0.0000
85.740,-0.0017,0.5114,-0.6768,0.0023,0.8592,0.6400,-0.0000
85.752,-0.0017,0.5044,-0.6677,0.0023,0.8475,0.6313,-0.0000
85.764,-0.0016,0.4975,-0.6585,0.0022,0.8359,0.6227,-0.0000
85.776,-0.0016,0.4906,-0.6494,0.0022,0.8243,0.6141,-0.0000
85.788,-0.0016,0.4837,-0.6402,0.0022,0.8127,0.6054,-0.0000
85.800,-0.0016,0.4768,-0.6311,0.0021,0.8011,0.5968,-0.0000
85.812,-0.0016,0.4699,-0.6219,0.0021,0.7895,0.5881,-0.0000
85.824,-0.0015,0.4630,-0.6128,0.0021,0.7779,0.5795,-0.0000
85.836,-0.0015,0.4561,-0.6036,0.0020,0.7663,0.5708,-0.0000
85.848,-0.0015,0.4492,-0.5945,0.0020,0.7547,0.5622,-0.0000
85.860,-0.0015,0.4423,-0.5854,0.0020,0.7431,0.5535,-0.0000
85.872,-0.0014,0.4353,-0.5762,0.0020,0.7314,0.5449,-0.0000
85.884,-0.0014,0.4284,-0.5671,0.0019,0.7198,0.5362,-0.0000
85.896,-0.0014,0.4215,-0.5579,0.0019,0.7082,0.5276,-0.0000
85.908,-0.0014,0.4146,-0.5488,0.0019,0.6966,0.5189,-0.0000
85.920,-0.0013,0.4077,-0.5396,0.0018,0.6850,0.5103,-0.0000
85.932,-0.0013,0.4008,-0.5305,0.0018,0.6734,0.5016,-0.0000
85.944,-0.0013,0.3939,-0.5213,0.0018,0.6618,0.4930,-0.0000
85.956,-0.0013,0.3870,-0.5122,0.0017,0.6502,0.4843,-0.0000
85.968,-0.0013,0.3801,-0.5030,0.0017,0.6386,0.4757,-0.0000
85.980,-0.0012,0.3731,-0.4939,0.0017,0.6269,0.4670,-0.0000
85.992,-0.0012,0.3662,-0.4847,0.0016,0.6153,0.4584,-0.0000
86.004,-0.0012,0.3593,-0.4756,0.0016,0.6037,0.4497,-0.0000
86.016,-0.0012,0.3524,-0.4665,0.0016,0.5921,0.4411,-0.0000
86.028,-0.0011,0.3455,-0.4573,0.0015,0.5805,0.4324,-0.0000
86.040,-0.0011,0.3386,-0.4482,0.0015,0.5689,0.4238,-0.0000
86.052,-0.0011,0.3317,-0.4390,0.0015,0.5573,0.4151,-0.0000
86.064,-0.0011,0.3248,-0.4299,0.0015,0.5457,0.4065,-0.0000
86.076,-0.0011,0.3179,-0.4207,0.0014,0.5341,0.3978,-0.0000
86.088,-0.0010,0.3110,-0.4116,0.0014,0.5225,0.3892,-0.0000
86.100,-0.0010,0.3040,-0.4024,0.0014,0.5108,0.3805,-0.0000
86.112,-0.0010,0.2971,-0.3933,0.0013,0.4992,0.3719,-0.0000
86.124,-0.0010,0.2902,-0.3841,0.0013,0.4876,0.3632,-0.0000
86.136,-0.0009,0.2833,-0.3750,0.0013,0.4760,0.3546,-0.0000
86.148,-0.0009,0.2764,-0.3658,0.0012,0.4644,0.3459,-0.0000
86.160,-0.0009,0.2695,-0.3567,0.0012,0.4528,0.3373,-0.0000
86.172,-0.0009,0.2626,-0.3476,0.0012,0.4412,0.3286,-0.0000
86.184,-0.0008,0.2557,-0.3384,0.0011,0.4296,0.3200,-0.0000
86.196,-0.0008,0.2488,-0.3293,0.0011,0.4180,0.3114,-0.0000
86.208,-0.0008,0.2419,-0.3201,0.0011,0.4064,0.3027,-0.0000
86.220,-0.0008,0.2349,-0.3110,0.0011,0.3947,0.2941,-0.0000
86.232,-0.0008,0.2280,-0.3018,0.0010,0.3831,0.2854,-0.0000
86.244,-0.0007,0.2211,-0.2927,0.0010,0.3715,0.2768,-0.0000
86.256,-0.0007,0.2142,-0.2835,0.0010,0.3599,0.2681,-0.0000
86.268,-0.0007,0.2073,-0.2744,0.0009,0.3483,0.2595,-0.0000
86.280,-0.0007,0.2004,-0.2652,0.0009,0.3367,0.2508,-0.0000
86.292,-0.0006,0.1935,-0.2561,0.0009,0.3251,0.2422,-0.0000
86.304,-0.0006,0.1866,-0.2469,0.0008,0.3135,0.2335,-0.0000
86.316,-0.0006,0.1797,-0.2378,0.0008,0.3019,0.2249,-0.0000
86.328,-0.0006,0.1728,-0.2287,0.0008,0.2903,0.2162,-0.0000
86.340,-0.0005,0.1658,-0.2195,0.0007,0.2786,0.2076,-0.0000
86.352,-0.0005,0.1589,-0.2104,0.0007,0.2670,0.1989,-0.0000
86.364,-0.0005,0.1520,-0.2012,0.0007,0.2554,0.1903,-0.0000
86.376,-0.0005,0.1451,-0.1921,0.0007,0.2438,0.1816,-0.0000
86.388,-0.0005,0.1382,-0.1829,0.0006,0.2322,0.1730,-0.0000
86.400,-0.0004,0.1313,-0.1738,0.0006,0.2206,0.1643,-0.0000
86.412,-0.0004,0.1244,-0.1646,0.0006,0.2090,0.1557,-0.0000
86.424,-0.0004,0.1175,-0.1555,0.0005,0.1974,0.1470,-0.0000
86.436,-0.0004,0.1106,-0.1463,0.0005,0.1858,0.1384,-0.0000
86.448,-0.0003,0.1037,-0.1372,0.0005,0.1742,0.1297,-0.0000
86.460,-0.0003,0.0967,-0.1280,0.0004,0.1625,0.1211,-0.0000
86.472,-0.0003,0.0898,-0.1189,0.0004,0.1509,0.1124,-0.0000
86.484,-0.0003,0.0829,-0.1098,0.0004,0.1393,0.1038,-0.0000
86.496,-0.0003,0.0760,-0.1006,0.0003,0.1277,0.0951,-0.0000
86.508,-0.0002,0.0691,-0.0915,0.0003,0.1161,0.0865,-0.0000
86.520,-0.0002,0.0622,-0.0823,0.0003,0.1045,0.0778,-0.0000
86.532,-0.0002,0.0553,-0.0732,0.0002,0.0929,0.0692,-0.0000
86.544,-0.0002,0.0486,-0.0644,0.0002,0.0817,0.0609,-0.0000
86.556,-0.0001,0.0428,-0.0567,0.0002,0.0719,0.0536,-0.0000
86.568,-0.0001,0.0377,-0.0499,0.0002,0.0633,0.0472,-0.0000
86.580,-0.0001,0.0332,-0.0439,0.0001,0.0557,0.0415,-0.0000
86.592,-0.0001,0.0292,-0.0386,0.0001,0.0490,0.0365,-0.0000
86.604,-0.0001,0.0257,-0.0340,0.0001,0.0431,0.0321,-0.0000
86.616,-0.0001,0.0226,-0.0299,0.0001,0.0380,0.0283,-0.0000
86.628,-0.0001,0.0199,-0.0263,0.0001,0.0334,0.0249,-0.0000
86.640,-0.0001,0.0175,-0.0232,0.0001,0.0294,0.0219,-0.0000
86.652,-0.0001,0.0154,-0.0204,0.0001,0.0259,0.0193,-0.0000
86.664,-0.0000,0.0135,-0.0179,0.0001,0.0228,0.0170,-0.0000
86.676,-0.0000,0.0119,-0.0158,0.0001,0.0200,0.0149,-0.0000
86.688,-0.0000,0.0105,-0.0139,0.0000,0.0176,0.0131,-0.0000
86.700,-0.0000,0.0092,-0.0122,0.0000,0.0155,0.0116,-0.0000
86.712,-0.0000,0.0081,-0.0108,0.0000,0.0137,0.0102,-0.0000
86.724,-0.0000,0.0071,-0.0095,0.0000,0.0120,0.0089,-0.0000
86.736,-0.0000,0.0063,-0.0083,0.0000,0.0106,0.0079,-0.0000
86.748,-0.0000,0.0055,-0.0073,0.0000,0.0093,0.0069,-0.0000
86.760,-0.0000,0.0049,-0.0064,0.0000,0.0082,0.0061,-0.0000
86.772,-0.0000,0.0043,-0.0057,0.0000,0.0072,0.0054,-0.0000
86.784,-0.0000,0.0038,-0.0050,0.0000,0.0063,0.0047,-0.0000
86.796,-0.0000,0.0033,-0.0044,0.0000,0.0056,0.0042,-0.0000
86.808,-0.0000,0.0029,-0.0039,0.0000,0.0049,0.0037,-0.0000
86.820,-0.0000,0.0026,-0.0034,0.0000,0.0043,0.0032,-0.0000
86.832,-0.0000,0.0023,-0.0030,0.0000,0.0038,0.0028,-0.0000
86.844,-0.0000,0.0020,-0.0026,0.0000,0.0033,0.0025,-0.0000
86.856,-0.0000,0.0018,-0.0023,0.0000,0.0029,0.0022,-0.0000
86.868,-0.0000,0.0015,-0.0020,0.0000,0.0026,0.0019,-0.0000
86.880,-0.0000,0.0014,-0.0018,0.0000,0.0023,0.0017,-0.0000
86.892,-0.0000,0.0012,-0.0016,0.0000,0.0020,0.0015,-0.0000
86.904,-0.0000,0.0011,-0.0014,0.0000,0.0018,0.0013,-0.0000
86.916,-0.0000,0.0009,-0.0012,0.0000,0.0016,0.0012,0.0000
86.928,-0.0000,0.0008,-0.0011,0.0000,0.0014,0.0010,0.0000
86.940,-0.0000,0.0007,-0.0009,0.0000,0.0012,0.0009,0.0000
86.952,-0.0000,0.0006,-0.0008,0.0000,0.0011,0.0008,0.0000
86.964,-0.0000,0.0006,-0.0007,0.0000,0.0009,0.0007,0.0000
86.976,-0.0000,0.0005,-0.0006,0.0000,0.0008,0.0006,0.0000
86.988,-0.0000,0.0004,-0.0006,0.0000,0.0007,0.0005,0.0000
87.000,-0.0000,0.0004,-0.0005,0.0000,0.0006,0.0005,0.0000
87.012,-0.0000,0.0003,-0.0004,0.0000,0.0006,0.0004,0.0000
87.024,-0.0000,0.0003,-0.0004,0.0000,0.0005,0.0004,0.0000
87.036,-0.0000,0.0003,-0.0003,0.0000,0.0004,0.0003,0.0000
87.048,-0.0000,0.0002,-0.0003,0.0000,0.0004,0.0003,0.0000
87.060,-0.0000,0.0002,-0.0003,0.0000,0.0003,0.0002,0.0000
87.072,-0.0000,0.0002,-0.0002,0.0000,0.0003,0.0002,0.0000
87.084,-0.0000,0.0002,-0.0002,0.0000,0.0003,0.0002,0.0000
87.096,-0.0000,0.0001,-0.0002,0.0000,0.0002,0.0002,0.0000
87.108,-0.0000,0.0001,-0.0002,0.0000,0.0002,0.0001,0.0000
87.120,-0.0000,0.0001,-0.0001,0.0000,0.0002,0.0001,0.0000
87.132,-0.0000,0.0001,-0.0001,0.0000,0.0002,0.0001,0.0000
87.144,-0.0000,0.0001,-0.0001,0.0000,0.0001,0.0001,0.0000
87.156,-0.0000,0.0001,-0.0001,0.0000,0.0001,0.0001,0.0000
87.168,-0.0000,0.0001,-0.0001,0.0000,0.0001,0.0001,0.0000
87.180,-0.0000,0.0001,-0.0001,0.0000,0.0001,0.0001,0.0000
87.192,-0.0000,0.0000,-0.0001,0.0000,0.0001,0.0001,0.0000
87.204,-0.0000,0.0000,-0.0001,0.0000,0.0001,0.0001,0.0000
87.216,-0.0000,0.0000,-0.0001,0.0000,0.0001,0.0000,0.0000
87.228,-0.0000,0.0000,-0.0000,0.0000,0.0001,0.0000,0.0000
87.240,-0.0000,0.0000,-0.0000,0.0000,0.0000,0.0000,0.0000
87.252,-0.0000,0.0000,-0.0000,0.0000,0.0000,0.0000,0.0000
87.264,-0.0000,0.0000,-0.0000,0.0000,0.0000,0.0000,0.0000
87.276,-0.0000,0.0000,-0.0000,0.0000,0.0000,0.0000,0.0000
87.288,-0.0000,0.0000,-0.0000,0.0000,0.0000,0.0000,0.0000
87.300,-0.0000,0.0000,-0.0000,0.0000,0.0000,0.0000,0.0000
87.312,-0.0000,0.0000,-0.0000,0.0000,0.0000,0.0000,0.0000
87.324,-0.0000,0.0000,-0.0000,0.0000,0.0000,0.0000,0.0000
87.336,-0.0000,0.0000,-0.0000,0.0000,0.0000,0.0000,0.0000
87.348,-0.0000,0.0000,-0.0000,0.0000,0.0000,0.0000,0.0000
87.360,-0.0000,0.0000,-0.0000,0.0000,0.0000,0.0000,0.0000
87.372,-0.0000,0.0000,-0.0000,0.0000,0.0000,0.0000,0.0000
87.384,-0.0000,0.0000,-0.0000,0.0000,0.0000,0.0000,0.0000
87.396,-0.0000,0.0000,-0.0000,0.0000,0.0000,0.0000,0.0000
87.408,-0.0000,0.0000,-0.0000,0.0000,0.0000,0.0000,0.0000
87.420,-0.0000,0.0000,-0.0000,0.0000,0.0000,0.0000,0.0000
87.432,-0.0000,0.0000,-0.0000,0.0000,0.0000,0.0000,0.0000
87.444,-0.0000,0.0000,-0.0000,0.0000,0.0000,0.0000,0.0000
87.456,-0.0000,0.0000,-0.0000,0.0000,0.0000,0.0000,0.0000
87.468,-0.0000,0.0000,-0.0000,0.0000,0.0000,0.0000,0.0000
87.480,-0.0000,0.0000,-0.0000,0.0000,0.0000,0.0000,0.0000
87.492,-0.0000,0.0000,-0.0000,0.0000,0.0000,0.0000,0.0000
87.504,-0.0000,0.0000,-0.0000,0.0000,0.0000,0.0000,0.0000
87.516,-0.0000,0.0000,-0.0000,0.0000,0.0000,0.0000,0.0000
87.528,-0.0000,0.0000,-0.0000,0.0000,0.0000,0.0000,0.0000
87.540,-0.0000,0.0000,-0.0000,0.0000,0.0000,0.0000,0.0000
87.552,-0.0000,0.0000,-0.0000,0.0000,0.0000,0.0000,0.0000
87.564,-0.0000,0.0000,-0.0000,0.0000,0.0000,0.0000,0.0000
87.576,-0.0000,0.0000,-0.0000,0.0000,0.0000,0.0000,0.0000
87.588,-0.0000,0.0000,-0.0000,0.0000,0.0000,0.0000,0.0000
87.600,-0.0000,0.0000,-0.0000,0.0000,0.0000,0.0000,0.0000
87.612,-0.0000,0.0000,-0.0000,0.0000,0.0000,0.0000,0.0000
87.624,-0.0000,0.0000,-0.0000,0.0000,0.0000,0.0000,0.0000
87.636,-0.0000,0.0000,-0.0000,0.0000,0.0000,0.0000,0.0000
87.648,-0.0000,0.0000,-0.0000,0.0000,0.0000,0.0000,0.0000
87.660,-0.0000,0.0000,-0.0000,0.0000,0.0000,0.0000,0.0000
87.672,-0.0000,0.0000,-0.0000,0.0000,0.0000,0.0000,0.0000
87.684,-0.0000,0.0000,-0.0000,0.0000,0.0000,0.0000,0.0000
87.696,-0.0000,0.0000,-0.0000,0.0000,0.0000,0.0000,0.0000
87.708,-0.0000,0.0000,-0.0000,0.0000,0.0000,0.0000,0.0000
87.720,-0.0000,0.0000,-0.0000,0.0000,0.0000,0.0000,0.0000
87.732,-0.0000,0.0000,-0.0000,0.0000,0.0000,0.0000,0.0000
87.744,-0.0000,0.0000,-0.0000,0.0000,0.0000,0.0000,0.0000
87.756,-0.0000,0.0000,-0.0000,0.0000,0.0000,0.0000,0.0000
87.768,-0.0000,0.0000,-0.0000,0.0000,0.0000,0.0000,0.0000
87.780,-0.0000,0.0000,-0.0000,0.0000,0.0000,0.0000,0.0000
87.792,-0.0000,0.0000,-0.0000,0.0000,0.0000,0.0000,0.0000
87.804,-0.0000,0.0000,-0.0000,0.0000,0.0000,0.0000,0.0000
87.816,-0.0000,0.0000,-0.0000,0.0000,0.0000,0.0000,0.0000
87.828,-0.0000,0.0000,-0.0000,0.0000,0.0000,0.0000,0.0000
87.840,-0.0000,0.0000,-0.0000,0.0000,0.0000,0.0000,0.0000
87.852,-0.0000,0.0000,-0.0000,0.0000,0.0000,0.0000,0.0000
87.864,-0.0000,0.0000,-0.0000,0.0000,0.0000,0.0000,0.0000
87.876,-0.0000,0.0000,-0.0000,0.0000,0.0000,0.0000,0.0000
87.888,-0.0000,0.0000,-0.0000,0.0000,0.0000,0.0000,0.0000
87.900,-0.0000,0.0000,-0.0000,0.0000,0.0000,0.0000,0.0000
87.912,-0.0000,0.0000,-0.0000,0.0000,0.0000,0.0000,0.0000
87.924,-0.0000,0.0000,-0.0000,0.0000,0.0000,0.0000,0.0000
87.936,-0.0000,0.0000,-0.0000,0.0000,0.0000,0.0000,0.0000
87.948,-0.0000,0.0000,-0.0000,0.0000,0.0000,0.0000,0.0000
87.960,-0.0000,0.0000,-0.0000,0.0000,0.0000,0.0000,0.0000
87.972,-0.0000,0.0000,-0.0000,0.0000,0.0000,0.0000,0.0000
87.984,-0.0000,0.0000,-0.0000,0.0000,0.0000,0.0000,0.0000
87.996,-0.0000,0.0000,-0.0000,0.0000,0.0000,0.0000,0.0000
88.008,-0.0000,0.0000,-0.0000,0.0000,0.0000,0.0000,0.0000
88.020,-0.0000,0.0000,-0.0000,0.0000,0.0000,0.0000,0.0000
88.032,-0.0000,0.0000,-0.0000,0.0000,0.0000,0.0000,0.0000
88.044,-0.0000,0.0000,-0.0000,0.0000,0.0000,0.0000,0.0000
88.056,-0.0000,0.0000,-0.0000,0.0000,0.0000,0.0000,0.0000
88.068,-0.0000,0.0000,-0.0000,0.0000,0.0000,0.0000,0.0000
88.080,-0.0000,0.0000,-0.0000,0.0000,0.0000,0.0000,0.0000
88.092,-0.0000,0.0000,-0.0000,0.0000,0.0000,0.0000,0.0000
88.104,-0.0000,0.0000,-0.0000,0.0000,0.0000,0.0000,0.0000
88.116,-0.0000,0.0000,-0.0000,0.0000,0.0000,0.0000,0.0000
88.128,-0.0000,0.0000,-0.0000,0.0000,0.0000,0.0000,0.0000
88.140,-0.0000,0.0000,-0.0000,0.0000,0.0000,0.0000,0.0000
88.152,-0.0000,0.0000,-0.0000,0.0000,0.0000,0.0000,0.0000
88.164,-0.0000,0.0000,-0.0000,0.0000,0.0000,0.0000,0.0000
88.176,-0.0000,0.0000,-0.0000,0.0000,0.0000,0.0000,0.0000
88.188,-0.0000,0.0000,-0.0000,0.0000,0.0000,0.0000,0.0000
88.200,-0.0000,0.0000,-0.0000,0.0000,0.0000,0.0000,0.0000
88.212,-0.0000,0.0000,-0.0000,-0.0000,0.0000,0.0000,0.0000
88.224,-0.0000,0.0000,-0.0000,-0.0000,0.0000,0.0000,0.0000
88.236,-0.0000,0.0000,-0.0000,-0.0000,0.0000,0.0000,0.0000
88.248,-0.0000,0.0000,-0.0000,-0.0000,0.0000,0.0000,0.0000
88.260,-0.0000,0.0000,-0.0000,-0.0000,0.0000,0.0000,0.0000
88.272,-0.0000,0.0000,-0.0000,-0.0000,0.0000,0.0000,0.0000
88.284,-0.0000,0.0000,-0.0000,-0.0000,0.0000,0.0000,0.0000
88.296,-0.0000,0.0000,-0.0000,-0.0000,0.0000,0.0000,0.0000
88.308,-0.0000,0.0000,-0.0000,-0.0000,0.0000,0.0000,0.0000
88.320,-0.0000,0.0000,-0.0000,-0.0000,0.0000,0.0000,0.0000
88.332,-0.0000,0.0000,-0.0000,-0.0000,0.0000,0.0000,0.0000
88.344,-0.0000,0.0000,-0.0000,-0.0000,0.0000,0.0000,0.0000
88.356,-0.0000,0.0000,-0.0000,-0.0000,0.0000,0.0000,0.0000
88.368,-0.0000,0.0000,-0.0000,-0.0000,0.0000,0.0000,0.0000
88.380,-0.0000,0.0000,-0.0000,-0.0000,0.0000,0.0000,0.0000
88.392,-0.0000,0.0000,-0.0000,-0.0000,0.0000,0.0000,0.0000
88.404,-0.0000,0.0000,-0.0000,-0.0000,0.0000,0.0000,0.0000
88.416,-0.0000,0.0000,-0.0000,-0.0000,0.0000,0.0000,0.0000
88.428,-0.0000,0.0000,0.0000,-0.0000,0.0000,0.0000,0.0000
88.440,-0.0000,0.0000,0.0000,-0.0000,0.0000,0.0000,0.0000
88.452,-0.0000,0.0000,0.0000,-0.0000,0.0000,0.0000,0.0000
88.464,-0.0000,0.0000,0.0000,-0.0000,0.0000,0.0000,0.0000
88.476,-0.0000,0.0000,0.0000,-0.0000,0.0000,0.0000,0.0000
88.488,-0.0000,0.0000,0.0000,-0.0000,0.0000,0.0000,0.0000
88.500,-0.0000,0.0000,0.0000,-0.0000,0.0000,0.0000,0.0000
88.512,-0.0000,0.0000,0.0000,-0.0000,0.0000,0.0000,0.0000
88.524,-0.0000,0.0000,0.0000,-0.0000,0.0000,0.0000,0.0000
88.536,-0.0000,0.0000,0.0000,-0.0000,0.0000,0.0000,0.0000
88.548,-0.0000,0.0000,0.0000,-0.0000,0.0000,0.0000,0.0000
88.560,-0.0000,0.0000,0.0000,-0.0000,0.0000,0.0000,0.0000
88.572,-0.0000,0.0000,0.0000,-0.0000,0.0000,0.0000,0.0000
88.584,-0.0000,0.0000,0.0000,-0.0000,0.0000,0.0000,0.0000
88.596,-0.0000,0.0000,0.0000,-0.0000,0.0000,0.0000,0.0000
88.608,-0.0000,0.0000,0.0000,-0.0000,0.0000,0.0000,0.0000
88.620,-0.0000,0.0000,0.0000,-0.0000,0.0000,0.0000,0.0000
88.632,-0.0000,0.0000,0.0000,-0.0000,0.0000,0.0000,0.0000
88.644,-0.0000,0.0000,0.0000,-0.0000,0.0000,0.0000,0.0000
88.656,-0.0000,0.0000,0.0000,-0.0000,0.0000,0.0000,0.0000
88.668,-0.0000,0.0000,0.0000,-0.0000,0.0000,0.0000,0.0000
88.680,-0.0000,0.0000,0.0000,-0.0000,0.0000,0.0000,0.0000
88.692,-0.0000,0.0000,0.0000,-0.0000,0.0000,0.0000,0.0000
88.704,-0.0000,0.0000,0.0000,-0.0000,0.0000,0.0000,0.0000
88.716,-0.0000,0.0000,0.0000,-0.0000,0.0000,0.0000,0.0000
88.728,-0.0000,0.0000,0.0000,-0.0000,0.0000,0.0000,0.0000
88.740,-0.0000,0.0000,0.0000,-0.0000,0.0000,0.0000,0.0000
88.752,-0.0000,0.0000,0.0000,-0.0000,0.0000,0.0000,0.0000
88.764,-0.0000,0.0000,0.0000,-0.0000,0.0000,0.0000,0.0000
88.776,-0.0000,0.0000,0.0000,-0.0000,0.0000,0.0000,0.0000
88.788,-0.0000,0.0000,0.0000,-0.0000,0.0000,0.0000,0.0000
88.800,-0.0000,0.0000,0.0000,-0.0000,0.0000,0.0000,0.0000
88.812,-0.0000,0.0000,0.0000,-0.0000,0.0000,0.0000,0.0000
88.824,-0.0000,0.0000,0.0000,-0.0000,0.0000,0.0000,0.0000
88.836,-0.0000,0.0000,0.0000,-0.0000,0.0000,0.0000,0.0000
88.848,-0.0000,0.0000,0.0000,-0.0000,0.0000,0.0000,0.0000
88.860,-0.0000,0.0000,0.0000,-0.0000,0.0000,0.0000,0.0000
88.872,-0.0000,0.0000,0.0000,-0.0000,0.0000,0.0000,0.0000
88.884,-0.0000,0.0000,0.0000,-0.0000,0.0000,0.0000,0.0000
88.896,-0.0000,0.0000,0.0000,-0.0000,0.0000,0.0000,0.0000
88.908,-0.0000,0.0000,0.0000,-0.0000,0.0000,0.0000,0.0000
88.920,-0.0000,0.0000,0.0000,-0.0000,0.0000,0.0000,0.0000
88.932,-0.0000,0.0000,0.0000,-0.0000,0.0000,0.0000,0.0000
88.944,-0.0000,0.0000,0.0000,-0.0000,0.0000,0.0000,0.0000
88.956,-0.0000,0.0000,0.0000,-0.0000,0.0000,0.0000,0.0000
88.968,-0.0000,0.0000,0.0000,-0.0000,0.0000,0.0000,0.0000
88.980,-0.0000,0.0000,0.0000,-0.0000,0.0000,0.0000,0.0000
88.992,-0.0000,0.0000,0.0000,-0.0000,0.0000,0.0000,0.0000
89.004,-0.0000,0.0000,0.0000,-0.0000,0.0000,0.0000,0.0000
89.016,-0.0000,0.0000,0.0000,-0.0000,0.0000,0.0000,0.0000
89.028,-0.0000,0.0000,0.0000,-0.0000,0.0000,0.0000,0.0000
89.040,-0.0000,0.0000,0.0000,-0.0000,0.0000,0.0000,0.0000
89.052,-0.0000,0.0000,0.0000,-0.0000,0.0000,0.0000,0.0000
89.064,-0.0000,0.0000,0.0000,-0.0000,0.0000,0.0000,0.0000
89.076,-0.0000,0.0000,0.0000,-0.0000,0.0000,0.0000,0.0000
89.088,-0.0000,0.0000,0.0000,-0.0000,0.0000,0.0000,0.0000
89.100,-0.0000,0.0000,0.0000,-0.0000,0.0000,0.0000,0.0000
89.112,-0.0000,0.0000,0.0000,-0.0000,0.0000,0.0000,0.0000
89.124,-0.0000,0.0000,0.0000,-0.0000,0.0000,0.0000,0.0000
89.136,-0.0000,0.0000,0.0000,-0.0000,0.0000,0.0000,0.0000
89.148,-0.0000,0.0000,0.0000,-0.0000,0.0000,0.0000,0.0000
89.160,-0.0000,0.0000,0.0000,-0.0000,0.0000,0.0000,0.0000
89.172,-0.0000,0.0000,0.0000,-0.0000,0.0000,0.0000,0.0000
89.184,-0.0000,0.0000,0.0000,-0.0000,0.0000,0.0000,0.0000
89.196,-0.0000,0.0000,0.0000,-0.0000,0.0000,0.0000,0.0000
89.208,-0.0000,0.0000,0.0000,-0.0000,0.0000,0.0000,0.0000
89.220,-0.0000,0.0000,0.0000,-0.0000,0.0000,0.0000,0.0000
89.232,-0.0000,0.0000,0.0000,-0.0000,0.0000,0.0000,0.0000
89.244,-0.0000,0.0000,0.0000,-0.0000,0.0000,0.0000,0.0000
89.256,-0.0000,0.0000,0.0000,-0.0000,0.0000,0.0000,0.0000
89.268,-0.0000,0.0000,0.0000,-0.0000,0.0000,0.0000,0.0000
89.280,-0.0000,0.0000,0.0000,-0.0000,0.0000,0.0000,0.0000
89.292,-0.0000,0.0000,0.0000,-0.0000,0.0000,0.0000,0.0000
89.304,-0.0000,0.0000,0.0000,-0.0000,0.0000,0.0000,0.0000
89.316,-0.0000,0.0000,0.0000,-0.0000,0.0000,0.0000,0.0000
89.328,-0.0000,0.0000,0.0000,-0.0000,0.0000,0.0000,0.0000
89.340,-0.0000,0.0000,0.0000,-0.0000,0.0000,0.0000,0.0000
89.352,-0.0000,0.0000,0.0000,-0.0000,0.0000,0.0000,0.0000
89.364,-0.0000,0.0000,0.0000,-0.0000,0.0000,0.0000,0.0000
89.376,-0.0000,0.0000,0.0000,-0.0000,0.0000,0.0000,0.0000
89.388,-0.0000,0.0000,0.0000,-0.0000,0.0000,0.0000,0.0000
89.400,-0.0000,0.0000,0.0000,-0.0000,0.0000,0.0000,0.0000
89.412,-0.0000,0.0000,0.0000,-0.0000,0.0000,0.0000,0.0000
89.424,-0.0000,0.0000,0.0000,-0.0000,0.0000,0.0000,0.0000
89.436,-0.0000,0.0000,0.0000,-0.0000,0.0000,0.0000,0.0000
89.448,-0.0000,0.0000,0.0000,-0.0000,0.0000,0.0000,0.0000
89.460,-0.0000,0.0000,0.0000,-0.0000,0.0000,0.0000,0.0000
89.472,-0.0000,0.0000,0.0000,-0.0000,0.0000,0.0000,0.0000
89.484,-0.0000,0.0000,0.0000,-0.0000,0.0000,0.0000,0.0000
89.496,-0.0000,0.0000,0.0000,-0.0000,0.0000,0.0000,0.0000
89.508,-0.0000,0.0000,0.0000,-0.0000,0.0000,0.0000,0.0000
89.520,-0.0000,0.0000,0.0000,-0.0000,0.0000,0.0000,0.0000
89.532,-0.0000,0.0000,0.0000,-0.0000,0.0000,0.0000,0.0000
89.544,-0.0000,0.0000,0.0000,-0.0000,0.0000,0.0000,0.0000
89.556,-0.0000,0.0000,0.0000,-0.0000,0.0000,0.0000,0.0000
89.568,-0.0000,0.0000,0.0000,-0.0000,0.0000,0.0000,0.0000
89.580,-0.0000,0.0000,0.0000,-0.0000,0.0000,0.0000,0.0000
89.592,-0.0000,0.0000,0.0000,-0.0000,0.0000,0.0000,0.0000
89.604,-0.0000,0.0000,0.0000,-0.0000,0.0000,0.0000,0.0000
89.616,-0.0000,0.0000,0.0000,-0.0000,0.0000,0.0000,0.0000
89.628,-0.0000,0.0000,0.0000,-0.0000,0.0000,0.0000,0.0000
89.640,-0.0000,0.0000,0.0000,-0.0000,0.0000,0.0000,0.0000
89.652,-0.0000,0.0000,0.0000,-0.0000,0.0000,0.0000,0.0000
89.664,-0.0000,0.0000,0.0000,-0.0000,0.0000,0.0000,0.0000
89.676,-0.0000,0.0000,0.0000,-0.0000,0.0000,0.0000,0.0000
89.688,-0.0000,0.0000,0.0000,-0.0000,0.0000,0.0000,0.0000
89.700,-0.0000,0.0000,0.0000,-0.0000,0.0000,0.0000,0.0000
89.712,-0.0000,0.0000,0.0000,-0.0000,0.0000,0.0000,0.0000
89.724,-0.0000,0.0000,0.0000,-0.0000,0.0000,0.0000,0.0000
89.736,-0.0000,0.0000,0.0000,-0.0000,0.0000,0.0000,0.0000
89.748,-0.0000,0.0000,0.0000,-0.0000,0.0000,0.0000,0.0000
89.760,-0.0000,0.0000,0.0000,-0.0000,0.0000,0.0000,0.0000
89.772,-0.0000,0.0000,0.0000,-0.0000,0.0000,0.0000,0.0000
89.784,-0.0000,0.0000,0.0000,-0.0000,0.0000,0.0000,0.0000
89.796,-0.0000,0.0000,0.0000,-0.0000,0.0000,0.0000,0.0000
89.808,-0.0000,0.0000,0.0000,-0.0000,0.0000,0.0000,0.0000
89.820,-0.0000,0.0000,0.0000,-0.0000,0.0000,0.0000,0.0000
89.832,-0.0000,0.0000,0.0000,-0.0000,0.0000,0.0000,0.0000
89.844,-0.0000,0.0000,0.0000,-0.0000,0.0000,0.0000,0.0000
89.856,-0.0000,0.0000,0.0000,-0.0000,0.0000,0.0000,0.0000
89.868,-0.0000,0.0000,0.0000,-0.0000,0.0000,0.0000,0.0000
89.880,-0.0000,0.0000,0.0000,-0.0000,0.0000,0.0000,0.0000
89.892,-0.0000,0.0000,0.0000,-0.0000,0.0000,0.0000,0.0000
89.904,-0.0000,0.0000,0.0000,-0.0000,0.0000,0.0000,0.0000
89.916,-0.0000,0.0000,0.0000,-0.0000,0.0000,0.0000,0.0000
89.928,-0.0000,0.0000,0.0000,-0.0000,0.0000,0.0000,0.0000
89.940,-0.0000,0.0000,0.0000,-0.0000,0.0000,0.0000,0.0000
89.952,-0.0000,0.0000,0.0000,-0.0000,0.0000,0.0000,0.0000
89.964,-0.0000,0.0000,0.0000,-0.0000,0.0000,0.0000,0.0000
89.976,-0.0000,0.0000,0.0000,-0.0000,0.0000,0.0000,0.0000
89.988,-0.0000,0.0000,0.0000,-0.0000,0.0000,0.0000,0.0000
90.000,-0.0000,0.0000,0.0000,-0.0000,0.0000,0.0000,0.0000
90.012,-0.0000,0.0000,0.0000,-0.0000,0.0000,0.0000,0.0000
90.024,-0.0000,0.0000,0.0000,-0.0000,0.0000,0.0000,0.0000
90.036,-0.0000,0.0000,0.0000,-0.0000,0.0000,0.0000,0.0000
90.048,-0.0000,0.0000,0.0000,-0.0000,0.0000,0.0000,0.0000
90.060,-0.0000,0.0000,0.0000,-0.0000,0.0000,0.0000,0.0000
90.072,-0.0000,0.0000,0.0000,-0.0000,0.0000,0.0000,0.0000
90.084,-0.0000,0.0000,0.0000,-0.0000,0.0000,0.0000,0.0000
90.096,-0.0000,0.0000,0.0000,-0.0000,0.0000,0.0000,0.0000
90.108,-0.0000,0.0000,0.0000,-0.0000,0.0000,0.0000,0.0000
90.120,-0.0000,0.0000,0.0000,-0.0000,0.0000,0.0000,0.0000
90.132,-0.0000,0.0000,0.0000,-0.0000,0.0000,0.0000,0.0000
90.144,-0.0000,0.0000,0.0000,-0.0000,0.0000,0.0000,0.0000
90.156,-0.0000,0.0000,0.0000,-0.0000,0.0000,0.0000,0.0000
90.168,-0.0000,0.0000,0.0000,-0.0000,0.0000,0.0000,0.0000
90.180,-0.0000,0.0000,0.0000,-0.0000,0.0000,0.0000,0.0000
90.192,-0.0000,0.0000,0.0000,-0.0000,0.0000,0.0000,0.0000
90.204,-0.0000,0.0000,0.0000,-0.0000,0.0000,0.0000,0.0000
90.216,-0.0000,0.0000,0.0000,-0.0000,0.0000,0.0000,0.0000
90.228,-0.0000,0.0000,0.0000,-0.0000,0.0000,0.0000,0.0000
90.240,-0.0000,0.0000,0.0000,-0.0000,0.0000,0.0000,0.0000
90.252,-0.0000,0.0000,0.0000,-0.0000,0.0000,0.0000,0.0000
90.264,-0.0000,0.0000,0.0000,-0.0000,0.0000,0.0000,0.0000
90.276,-0.0000,0.0000,0.0000,-0.0000,0.0000,0.0000,0.0000
90.288,-0.0000,0.0000,0.0000,-0.0000,0.0000,0.0000,0.0000
90.300,-0.0000,0.0000,0.0000,-0.0000,0.0000,0.0000,0.0000
90.312,-0.0000,0.0000,0.0000,-0.0000,0.0000,0.0000,0.0000
90.324,-0.0000,0.0000,0.0000,-0.0000,0.0000,0.0000,0.0000
90.336,-0.0000,0.0000,0.0000,-0.0000,0.0000,0.0000,0.0000
90.348,-0.0000,0.0000,0.0000,-0.0000,0.0000,0.0000,0.0000
90.360,-0.0000,0.0000,0.0000,-0.0000,0.0000,0.0000,0.0000
90.372,-0.0000,0.0000,0.0000,-0.0000,0.0000,0.0000,0.0000
90.384,-0.0000,0.0000,0.0000,-0.0000,0.0000,0.0000,0.0000
90.396,-0.0000,0.0000,0.0000,-0.0000,0.0000,0.0000,0.0000
90.408,-0.0000,0.0000,0.0000,-0.0000,0.0000,0.0000,0.0000
90.420,-0.0000,0.0000,0.0000,-0.0000,0.0000,0.0000,0.0000
90.432,-0.0000,0.0000,0.0000,-0.0000,0.0000,0.0000,0.0000
90.444,-0.0000,0.0000,0.0000,-0.0000,0.0000,0.0000,0.0000
90.456,-0.0000,0.0000,0.0000,-0.0000,0.0000,0.0000,0.0000
90.468,-0.0000,0.0000,0.0000,-0.0000,0.0000,0.0000,0.0000
90.480,-0.0000,0.0000,0.0000,-0.0000,0.0000,0.0000,0.0000
90.492,-0.0000,0.0000,0.0000,-0.0000,0.0000,0.0000,0.0000
90.504,-0.0000,0.0000,0.0000,-0.0000,0.0000,0.0000,0.0000
90.516,-0.0000,0.0000,0.0000,-0.0000,0.0000,0.0000,0.0000
90.528,-0.0000,0.0000,0.0000,-0.0000,0.0000,0.0000,0.0000
90.540,-0.0000,0.0000,0.0000,-0.0000,0.0000,0.0000,0.0000
90.552,-0.0000,0.0000,0.0000,-0.0000,0.0000,0.0000,0.0000
90.564,-0.0000,0.0000,0.0000,-0.0000,0.0000,0.0000,0.0000
90.576,-0.0000,0.0000,0.0000,-0.0000,0.0000,0.0000,0.0000
90.588,-0.0000,0.0000,0.0000,-0.0000,0.0000,0.0000,0.0000
90.600,-0.0000,0.0000,0.0000,-0.0000,0.0000,0.0000,0.0000
90.612,-0.0000,0.0000,0.0000,-0.0000,0.0000,0.0000,0.0000
90.624,-0.0000,0.0000,0.0000,-0.0000,0.0000,0.0000,0.0000
90.636,-0.0000,0.0000,0.0000,-0.0000,0.0000,0.0000,0.0000
90.648,-0.0000,0.0000,0.0000,-0.0000,0.0000,0.0000,0.0000
90.660,-0.0000,0.0000,0.0000,-0.0000,0.0000,0.0000,0.0000
90.672,-0.0000,0.0000,0.0000,-0.0000,0.0000,0.0000,0.0000
90.684,-0.0000,0.0000,0.0000,-0.0000,0.0000,0.0000,0.0000
90.696,-0.0000,0.0000,0.0000,-0.0000,0.0000,0.0000,0.0000
90.708,-0.0000,0.0000,0.0000,-0.0000,0.0000,0.0000,0.0000
90.720,-0.0000,0.0000,0.0000,-0.0000,0.0000,0.0000,0.0000
90.732,-0.0000,0.0000,0.0000,-0.0000,0.0000,0.0000,0.0000
90.744,-0.0000,0.0000,0.0000,-0.0000,0.0000,0.0000,0.0000
90.756,-0.0000,0.0000,0.0000,-0.0000,0.0000,0.0000,0.0000
90.768,-0.0000,0.0000,0.0000,-0.0000,0.0000,0.0000,0.0000
90.780,-0.0000,0.0000,0.0000,-0.0000,0.0000,0.0000,0.0000
90.792,-0.0000,0.0000,0.0000,-0.0000,0.0000,0.0000,0.0000
90.804,-0.0000,0.0000,0.0000,-0.0000,0.0000,0.0000,0.0000
90.816,-0.0000,0.0000,0.0000,-0.0000,0.0000,0.0000,0.0000
90.828,-0.0000,0.0000,0.0000,-0.0000,0.0000,0.0000,0.0000
90.840,-0.0000,0.0000,0.0000,-0.0000,0.0000,0.0000,0.0000
90.852,-0.0000,0.0000,0.0000,-0.0000,0.0000,0.0000,0.0000
90.864,-0.0000,0.0000,0.0000,-0.0000,0.0000,0.0000,0.0000
90.876,-0.0000,0.0000,0.0000,-0.0000,0.0000,0.0000,0.0000
90.888,-0.0000,0.0000,0.0000,-0.0000,0.0000,0.0000,0.0000
90.900,-0.0000,0.0000,0.0000,-0.0000,0.0000,0.0000,0.0000
90.912,-0.0000,0.0000,0.0000,-0.0000,0.0000,0.0000,0.0000
90.924,-0.0000,0.0000,0.0000,-0.0000,0.0000,0.0000,0.0000
90.936,-0.0000,0.0000,0.0000,-0.0000,0.0000,0.0000,0.0000
90.948,-0.0000,0.0000,0.0000,-0.0000,0.0000,0.0000,0.0000
90.960,-0.0000,0.0000,0.0000,-0.0000,0.0000,0.0000,0.0000
90.972,-0.0000,0.0000,0.0000,-0.0000,0.0000,0.0000,0.0000
90.984,-0.0000,0.0000,0.0000,-0.0000,0.0000,0.0000,0.0000
90.996,-0.0000,0.0000,0.0000,-0.0000,0.0000,0.0000,0.0000
91.008,-0.0000,0.0000,0.0000,-0.0000,0.0000,0.0000,0.0000
91.020,-0.0000,0.0000,0.0000,-0.0000,0.0000,0.0000,0.0000
91.032,-0.0000,0.0000,0.0000,-0.0000,0.0000,0.0000,0.0000
91.044,-0.0000,0.0000,0.0000,-0.0000,0.0000,0.0000,0.0000
91.056,-0.0000,0.0000,0.0000,-0.0000,0.0000,0.0000,0.0000
91.068,-0.0000,0.0000,0.0000,-0.0000,0.0000,0.0000,0.0000
91.080,-0.0000,0.0000,0.0000,-0.0000,0.0000,0.0000,0.0000
91.092,-0.0000,0.0000,0.0000,-0.0000,0.0000,0.0000,0.0000
91.104,-0.0000,0.0000,0.0000,-0.0000,0.0000,0.0000,0.0000
91.116,-0.0000,0.0000,0.0000,-0.0000,0.0000,0.0000,0.0000
91.128,-0.0000,0.0000,0.0000,-0.0000,0.0000,0.0000,0.0000
91.140,-0.0000,0.0000,0.0000,-0.0000,0.0000,0.0000,0.0000
91.152,-0.0000,0.0000,0.0000,-0.0000,0.0000,0.0000,0.0000
91.164,-0.0000,0.0000,0.0000,-0.0000,0.0000,0.0000,0.0000
91.176,-0.0000,0.0000,0.0000,-0.0000,0.0000,0.0000,0.0000
91.188,-0.0000,0.0000,0.0000,-0.0000,0.0000,0.0000,0.0000
91.200,-0.0000,0.0000,0.0000,-0.0000,0.0000,0.0000,0.0000
91.212,-0.0000,0.0000,0.0000,-0.0000,0.0000,0.0000,0.0000
91.224,-0.0000,0.0000,0.0000,-0.0000,0.0000,0.0000,0.0000
91.236,-0.0000,0.0000,0.0000,-0.0000,0.0000,0.0000,0.0000
91.248,-0.0000,0.0000,0.0000,-0.0000,0.0000,0.0000,0.0000
91.260,-0.0000,0.0000,0.0000,-0.0000,0.0000,0.0000,0.0000
91.272,-0.0000,0.0000,0.0000,-0.0000,0.0000,0.0000,0.0000
91.284,-0.0000,0.0000,0.0000,-0.0000,0.0000,0.0000,0.0000
91.296,-0.0000,0.0000,0.0000,-0.0000,0.0000,0.0000,0.0000
91.308,-0.0000,0.0000,0.0000,-0.0000,0.0000,0.0000,0.0000
91.320,-0.0000,0.0000,0.0000,-0.0000,0.0000,0.0000,0.0000
91.332,-0.0000,0.0000,0.0000,-0.0000,0.0000,0.0000,0.0000
91.344,-0.0000,0.0000,0.0000,-0.0000,0.0000,0.0000,0.0000
91.356,-0.0000,0.0000,0.0000,-0.0000,0.0000,0.0000,0.0000
91.368,-0.0000,0.0000,0.0000,-0.0000,0.0000,0.0000,0.0000
91.380,-0.0000,0.0000,0.0000,-0.0000,0.0000,0.0000,0.0000
91.392,-0.0000,0.0000,0.0000,-0.0000,0.0000,0.0000,0.0000
91.404,-0.0000,0.0000,0.0000,-0.0000,0.0000,0.0000,0.0000
91.416,-0.0000,0.0000,0.0000,-0.0000,0.0000,0.0000,0.0000
91.428,-0.0000,0.0000,0.0000,-0.0000,0.0000,0.0000,0.0000
91.440,-0.0000,0.0000,0.0000,-0.0000,0.0000,0.0000,0.0000
91.452,-0.0000,0.0000,0.0000,-0.0000,0.0000,0.0000,0.0000
91.464,-0.0000,0.0000,0.0000,-0.0000,0.0000,0.0000,0.0000
91.476,-0.0000,0.0000,0.0000,-0.0000,0.0000,0.0000,0.0000
91.488,-0.0000,0.0000,0.0000,-0.0000,0.0000,0.0000,0.0000
91.500,-0.0000,0.0000,0.0000,-0.0000,0.0000,0.0000,0.0000
91.512,-0.0000,0.0000,0.0000,-0.0000,0.0000,0.0000,0.0000
91.524,-0.0000,0.0000,0.0000,-0.0000,0.0000,0.0000,0.0000
91.536,-0.0000,0.0000,0.0000,-0.0000,0.0000,0.0000,0.0000
91.548,-0.0000,0.0000,0.0000,-0.0000,0.0000,0.0000,0.0000
91.560,-0.0000,0.0000,0.0000,-0.0000,0.0000,0.0000,0.0000
91.572,-0.0000,0.0000,0.0000,-0.0000,0.0000,0.0000,0.0000
91.584,-0.0000,0.0000,0.0000,-0.0000,0.0000,0.0000,0.0000
91.596,-0.0000,0.0000,0.0000,-0.0000,0.0000,0.0000,0.0000
91.608,-0.0000,0.0000,0.0000,-0.0000,0.0000,0.0000,0.0000
91.620,-0.0000,0.0000,0.0000,-0.0000,0.0000,0.0000,0.0000
91.632,-0.0000,0.0000,0.0000,-0.0000,0.0000,0.0000,0.0000
91.644,-0.0000,0.0000,0.0000,-0.0000,0.0000,0.0000,0.0000
91.656,-0.0000,0.0000,0.0000,-0.0000,0.0000,0.0000,0.0000
91.668,-0.0000,0.0000,0.0000,-0.0000,0.0000,0.0000,0.0000
91.680,-0.0000,0.0000,0.0000,-0.0000,0.0000,0.0000,0.0000
91.692,-0.0000,0.0000,0.0000,-0.0000,0.0000,0.0000,0.0000
91.704,-0.0000,0.0000,0.0000,-0.0000,0.0000,0.0000,0.0000
91.716,-0.0000,0.0000,0.0000,-0.0000,0.0000,0.0000,0.0000
91.728,-0.0000,0.0000,0.0000,-0.0000,0.0000,0.0000,0.0000
91.740,-0.0000,0.0000,0.0000,-0.0000,0.0000,0.0000,0.0000
91.752,-0.0000,0.0000,0.0000,-0.0000,0.0000,0.0000,0.0000
91.764,-0.0000,0.0000,0.0000,-0.0000,0.0000,0.0000,0.0000
91.776,-0.0000,0.0000,0.0000,-0.0000,0.0000,0.0000,0.0000
91.788,-0.0000,0.0000,0.0000,-0.0000,0.0000,0.0000,0.0000
91.800,-0.0000,0.0000,0.0000,-0.0000,0.0000,0.0000,0.0000
91.812,-0.0000,0.0000,0.0000,-0.0000,0.0000,-0.0000,0.0000
91.824,-0.0000,0.0000,0.0000,-0.0000,0.0000,-0.0000,0.0000
91.836,-0.0000,0.0000,0.0000,-0.0000,0.0000,-0.0000,0.0000
91.848,-0.0000,0.0000,0.0000,-0.0000,0.0000,-0.0000,0.0000
91.860,-0.0000,0.0000,0.0000,-0.0000,0.0000,-0.0000,0.0000
91.872,0.0000,0.0000,0.0000,-0.0000,0.0000,-0.0000,0.0000
91.884,0.0000,0.0000,0.0000,-0.0000,0.0000,-0.0000,0.0000
91.896,0.0000,0.0000,0.0000,-0.0000,0.0000,-0.0000,0.0000
91.908,0.0000,0.0000,0.0000,-0.0000,0.0000,-0.0000,0.0000
91.920,0.0000,0.0000,0.0000,-0.0000,0.0000,-0.0000,0.0000
91.932,0.0000,0.0000,0.0000,-0.0000,0.0000,-0.0000,0.0000
91.944,0.0000,0.0000,0.0000,-0.0000,0.0000,-0.0000,0.0000
91.956,0.0000,0.0000,0.0000,-0.0000,0.0000,-0.0000,0.0000
91.968,0.0000,0.0000,0.0000,-0.0000,0.0000,-0.0000,0.0000
91.980,0.0000,0.0000,0.0000,-0.0000,0.0000,-0.0000,0.0000
91.992,0.0000,0.0000,0.0000,-0.0000,0.0000,-0.0000,0.0000
92.004,0.0000,0.0000,0.0000,-0.0000,0.0000,-0.0000,0.0000
92.016,0.0000,0.0000,0.0000,-0.0000,0.0000,-0.0000,0.0000
92.028,0.0000,0.0000,0.0000,-0.0000,0.0000,-0.0000,0.0000
92.040,0.0000,0.0000,0.0000,-0.0000,0.0000,-0.0000,0.0000
92.052,0.0000,0.0000,0.0000,-0.0000,0.0000,-0.0000,0.0000
92.064,0.0000,0.0000,0.0000,-0.0000,0.0000,-0.0000,0.0000
92.076,0.0000,0.0000,0.0000,-0.0000,0.0000,-0.0000,0.0000
92.088,0.0000,0.0000,0.0000,-0.0000,0.0000,-0.0000,0.0000
92.100,0.0000,0.0000,0.0000,-0.0000,0.0000,-0.0000,0.0000
92.112,0.0000,0.0000,0.0000,-0.0000,0.0000,-0.0000,0.0000
92.124,0.0000,0.0000,0.0000,-0.0000,0.0000,-0.0000,0.0000
92.136,0.0000,0.0000,0.0000,-0.0000,0.0000,-0.0000,0.0000
92.148,0.0000,0.0000,0.0000,-0.0000,0.0000,-0.0000,0.0000
92.160,0.0000,0.0000,0.0000,-0.0000,0.0000,-0.0000,0.0000
92.172,0.0000,0.0000,0.0000,-0.0000,0.0000,-0.0000,0.0000
92.184,0.0000,0.0000,0.0000,-0.0000,0.0000,-0.0000,0.0000
92.196,0.0000,0.0000,0.0000,-0.0000,0.0000,-0.0000,0.0000
92.208,0.0000,0.0000,0.0000,-0.0000,0.0000,-0.0000,0.0000
92.220,0.0000,0.0000,0.0000,-0.0000,0.0000,-0.0000,0.0000
92.232,0.0000,0.0000,0.0000,-0.0000,0.0000,-0.0000,0.0000
92.244,0.0000,0.0000,0.0000,-0.0000,0.0000,-0.0000,0.0000
92.256,0.0000,0.0000,0.0000,-0.0000,0.0000,-0.0000,0.0000
92.268,0.0000,0.0000,0.0000,-0.0000,0.0000,-0.0000,0.0000
92.280,0.0000,0.0000,0.0000,-0.0000,0.0000,-0.0000,0.0000
92.292,0.0000,0.0000,0.0000,-0.0000,0.0000,-0.0000,0.0000
92.304,0.0000,0.0000,0.0000,-0.0000,0.0000,-0.0000,0.0000
92.316,0.0000,0.0000,0.0000,-0.0000,0.0000,-0.0000,0.0000
92.328,0.0000,0.0000,0.0000,-0.0000,0.0000,-0.0000,0.0000
92.340,0.0000,0.0000,0.0000,-0.0000,0.0000,-0.0000,0.0000
92.352,0.0000,0.0000,0.0000,-0.0000,0.0000,-0.0000,0.0000
92.364,0.0000,0.0000,0.0000,-0.0000,0.0000,-0.0000,0.0000
92.376,0.0000,0.0000,0.0000,-0.0000,0.0000,-0.0000,0.0000
92.388,0.0000,0.0000,0.0000,-0.0000,0.0000,-0.0000,0.0000
92.400,0.0000,0.0000,0.0000,-0.0000,0.0000,-0.0000,0.0000
92.412,0.0000,0.0000,0.0000,-0.0000,0.0000,-0.0000,0.0000
92.424,0.0000,0.0000,0.0000,-0.0000,0.0000,-0.0000,0.0000
92.436,0.0000,0.0000,0.0000,-0.0000,0.0000,-0.0000,0.0000
92.448,0.0000,0.0000,0.0000,-0.0000,0.0000,-0.0000,0.0000
92.460,0.0000,0.0000,0.0000,-0.0000,0.0000,-0.0000,0.0000
92.472,0.0000,0.0000,0.0000,-0.0000,0.0000,-0.0000,0.0000
92.484,0.0000,0.0000,0.0000,-0.0000,0.0000,-0.0000,0.0000
92.496,0.0000,0.0000,0.0000,-0.0000,0.0000,-0.0000,0.0000
92.508,0.0000,0.0000,0.0000,-0.0000,0.0000,-0.0000,0.0000
92.520,0.0000,0.0000,0.0000,-0.0000,0.0000,-0.0000,0.0000
92.532,0.0000,0.0000,0.0000,-0.0000,0.0000,-0.0000,0.0000
92.544,0.0000,0.0000,0.0000,-0.0000,0.0000,-0.0000,0.0000
92.556,0.0000,0.0000,0.0000,-0.0000,0.0000,-0.0000,0.0000
92.568,0.0000,0.0000,0.0000,-0.0000,0.0000,-0.0000,0.0000
92.580,0.0000,0.0000,0.0000,-0.0000,0.0000,-0.0000,0.0000
92.592,0.0000,0.0000,0.0000,-0.0000,0.0000,-0.0000,0.0000
92.604,0.0000,0.0000,0.0000,-0.0000,0.0000,-0.0000,0.0000
92.616,0.0000,0.0000,0.0000,-0.0000,0.0000,-0.0000,0.0000
92.628,0.0000,0.0000,0.0000,-0.0000,0.0000,-0.0000,0.0000
92.640,0.0000,0.0000,0.0000,-0.0000,0.0000,-0.0000,0.0000
92.652,0.0000,0.0000,0.0000,-0.0000,0.0000,-0.0000,0.0000
92.664,0.0000,0.0000,0.0000,-0.0000,0.0000,-0.0000,0.0000
92.676,0.0000,0.0000,0.0000,-0.0000,0.0000,-0.0000,0.0000
92.688,0.0000,0.0000,0.0000,-0.0000,0.0000,-0.0000,0.0000
92.700,0.0000,0.0000,0.0000,-0.0000,0.0000,-0.0000,0.0000
92.712,0.0000,0.0000,0.0000,-0.0000,0.0000,-0.0000,0.0000
92.724,0.0000,0.0000,0.0000,-0.0000,0.0000,-0.0000,0.0000
92.736,0.0000,0.0000,0.0000,-0.0000,0.0000,-0.0000,0.0000
92.748,0.0000,0.0000,0.0000,-0.0000,0.0000,-0.0000,0.0000
92.760,0.0000,0.0000,0.0000,-0.0000,0.0000,-0.0000,0.0000
92.772,0.0000,0.0000,0.0000,-0.0000,0.0000,-0.0000,0.0000
92.784,0.0000,0.0000,0.0000,-0.0000,0.0000,-0.0000,0.0000
92.796,0.0000,0.0000,0.0000,-0.0000,0.0000,-0.0000,0.0000
92.808,0.0000,0.0000,0.0000,-0.0000,0.0000,-0.0000,0.0000
92.820,0.0000,0.0000,0.0000,-0.0000,0.0000,-0.0000,0.0000
92.832,0.0000,0.0000,0.0000,-0.0000,0.0000,-0.0000,0.0000
92.844,0.0000,0.0000,0.0000,-0.0000,0.0000,-0.0000,0.0000
92.856,0.0000,0.0000,0.0000,-0.0000,0.0000,-0.0000,0.0000
92.868,0.0000,0.0000,0.0000,-0.0000,0.0000,-0.0000,0.0000
92.880,0.0000,0.0000,0.0000,-0.0000,0.0000,-0.0000,0.0000
92.892,0.0000,0.0000,0.0000,-0.0000,0.0000,-0.0000,0.0000
92.904,0.0000,0.0000,0.0000,-0.0000,0.0000,-0.0000,0.0000
92.916,0.0000,0.0000,0.0000,-0.0000,0.0000,-0.0000,0.0000
92.928,0.0000,0.0000,0.0000,-0.0000,0.0000,-0.0000,0.0000
92.940,0.0000,0.0000,0.0000,-0.0000,0.0000,-0.0000,0.0000
92.952,0.0000,0.0000,0.0000,-0.0000,0.0000,-0.0000,0.0000
92.964,0.0000,0.0000,0.0000,-0.0000,0.0000,-0.0000,0.0000
92.976,0.0000,0.0000,0.0000,-0.0000,0.0000,-0.0000,0.0000
92.988,0.0000,0.0000,0.0000,-0.0000,0.0000,-0.0000,0.0000
93.000,0.0000,0.0000,0.0000,-0.0000,0.0000,-0.0000,0.0000
93.012,0.0000,0.0000,0.0000,-0.0000,0.0000,-0.0000,0.0000
93.024,0.0000,0.0000,0.0000,-0.0000,0.0000,-0.0000,0.0000
93.036,0.0000,0.0000,0.0000,-0.0000,0.0000,-0.0000,0.0000
93.048,0.0000,0.0000,0.0000,-0.0000,0.0000,-0.0000,0.0000
93.060,0.0000,0.0000,0.0000,-0.0000,0.0000,-0.0000,0.0000
93.072,0.0000,0.0000,0.0000,-0.0000,0.0000,-0.0000,0.0000
93.084,0.0000,0.0000,0.0000,-0.0000,0.0000,-0.0000,0.0000
93.096,0.0000,0.0000,0.0000,-0.0000,0.0000,-0.0000,0.0000
93.108,0.0000,0.0000,0.0000,-0.0000,0.0000,-0.0000,0.0000
93.120,0.0000,0.0000,0.0000,-0.0000,0.0000,-0.0000,0.0000
93.132,0.0000,0.0000,0.0000,-0.0000,0.0000,-0.0000,0.0000
93.144,0.0000,0.0000,0.0000,-0.0000,0.0000,-0.0000,0.0000
93.156,0.0000,0.0000,0.0000,-0.0000,0.0000,-0.0000,0.0000
93.168,0.0000,0.0000,0.0000,-0.0000,0.0000,-0.0000,0.0000
93.180,0.0000,0.0000,0.0000,-0.0000,0.0000,-0.0000,0.0000
93.192,0.0000,0.0000,0.0000,-0.0000,0.0000,-0.0000,0.0000
93.204,0.0000,0.0000,0.0000,-0.0000,0.0000,-0.0000,0.0000
93.216,0.0000,0.0000,0.0000,-0.0000,0.0000,-0.0000,0.0000
93.228,0.0000,0.0000,0.0000,-0.0000,0.0000,-0.0000,0.0000
93.240,0.0000,0.0000,0.0000,-0.0000,0.0000,-0.0000,0.0000
93.252,0.0000,0.0000,0.0000,-0.0000,0.0000,-0.0000,0.0000
93.264,0.0000,0.0000,0.0000,-0.0000,0.0000,-0.0000,0.0000
93.276,0.0000,0.0000,0.0000,-0.0000,0.0000,-0.0000,0.0000
93.288,0.0000,0.0000,0.0000,-0.0000,0.0000,-0.0000,0.0000
93.300,0.0000,0.0000,0.0000,-0.0000,0.0000,-0.0000,0.0000
93.312,0.0000,0.0000,0.0000,-0.0000,0.0000,-0.0000,0.0000
93.324,0.0000,0.0000,0.0000,-0.0000,0.0000,-0.0000,0.0000
93.336,0.0000,0.0000,0.0000,-0.0000,0.0000,-0.0000,0.0000
93.348,0.0000,0.0000,0.0000,-0.0000,0.0000,-0.0000,0.0000
93.360,0.0000,0.0000,0.0000,-0.0000,0.0000,-0.0000,0.0000
93.372,0.0000,0.0000,0.0000,-0.0000,0.0000,-0.0000,0.0000
93.384,0.0000,0.0000,0.0000,-0.0000,0.0000,-0.0000,0.0000
93.396,0.0000,0.0000,0.0000,-0.0000,0.0000,-0.0000,0.0000
93.408,0.0000,0.0000,0.0000,-0.0000,0.0000,-0.0000,0.0000
93.420,0.0000,0.0000,0.0000,-0.0000,0.0000,-0.0000,0.0000
93.432,0.0000,0.0000,0.0000,-0.0000,0.0000,-0.0000,0.0000
93.444,0.0000,0.0000,0.0000,-0.0000,0.0000,-0.0000,0.0000
93.456,0.0000,0.0000,0.0000,-0.0000,0.0000,-0.0000,0.0000
93.468,0.0000,0.0000,0.0000,-0.0000,0.0000,-0.0000,0.0000
93.480,0.0000,0.0000,0.0000,-0.0000,0.0000,-0.0000,0.0000
93.492,0.0000,0.0000,0.0000,-0.0000,0.0000,-0.0000,0.0000
93.504,0.0000,0.0000,0.0000,-0.0000,0.0000,-0.0000,0.0000
93.516,0.0000,0.0000,0.0000,-0.0000,0.0000,-0.0000,0.0000
93.528,0.0000,0.0000,0.0000,-0.0000,0.0000,-0.0000,0.0000
93.540,0.0000,0.0000,0.0000,-0.0000,0.0000,-0.0000,0.0000
93.552,0.0000,0.0000,0.0000,-0.0000,0.0000,-0.0000,0.0000
93.564,0.0000,0.0000,0.0000,-0.0000,0.0000,-0.0000,0.0000
93.576,0.0000,0.0000,0.0000,-0.0000,0.0000,-0.0000,0.0000
93.588,0.0000,0.0000,0.0000,-0.0000,0.0000,-0.0000,0.0000
93.600,0.0000,0.0000,0.0000,-0.0000,0.0000,-0.0000,0.0000
93.612,0.0000,0.0000,0.0000,-0.0000,0.0000,-0.0000,0.0000
93.624,0.0000,0.0000,0.0000,-0.0000,0.0000,-0.0000,0.0000
93.636,0.0000,0.0000,0.0000,-0.0000,0.0000,-0.0000,0.0000
93.648,0.0000,0.0000,0.0000,-0.0000,0.0000,-0.0000,0.0000
93.660,0.0000,0.0000,0.0000,-0.0000,0.0000,-0.0000,0.0000
93.672,0.0000,0.0000,0.0000,-0.0000,0.0000,-0.0000,0.0000
93.684,0.0000,0.0000,0.0000,-0.0000,0.0000,-0.0000,0.0000
93.696,0.0000,0.0000,0.0000,-0.0000,0.0000,-0.0000,0.0000
93.708,0.0000,0.0000,0.0000,-0.0000,0.0000,-0.0000,0.0000
93.720,0.0000,0.0000,0.0000,-0.0000,0.0000,-0.0000,0.0000
93.732,0.0000,0.0000,0.0000,-0.0000,0.0000,-0.0000,0.0000
93.744,0.0000,0.0000,0.0000,-0.0000,0.0000,-0.0000,0.0000
93.756,0.0000,0.0000,0.0000,-0.0000,0.0000,-0.0000,0.0000
93.768,0.0000,0.0000,0.0000,-0.0000,0.0000,-0.0000,0.0000
93.780,0.0000,0.0000,0.0000,-0.0000,0.0000,-0.0000,0.0000
93.792,0.0000,0.0000,0.0000,-0.0000,0.0000,-0.0000,0.0000
93.804,0.0000,0.0000,0.0000,-0.0000,0.0000,-0.0000,0.0000
93.816,0.0000,0.0000,0.0000,-0.0000,0.0000,-0.0000,0.0000
93.828,0.0000,0.0000,0.0000,-0.0000,0.0000,-0.0000,0.0000
93.840,0.0000,0.0000,0.0000,-0.0000,0.0000,-0.0000,0.0000
