stamp,joint1_to_base,joint2_to_joint1,joint3_to_joint2,joint4_to_joint3,joint5_to_joint4,joint6_to_joint5,gripper_controller
1.284,-0.0000,-0.0000,0.0013,-0.0000,-0.0011,0.0000,0.0000
1.296,-0.0000,-0.0000,0.0013,-0.0000,-0.0011,0.0000,0.0000
1.308,-0.0000,-0.0000,0.0013,-0.0000,-0.0011,0.0000,0.0000
1.320,-0.0000,-0.0000,0.0013,-0.0000,-0.0011,0.0000,0.0000
1.332,-0.0000,-0.0000,0.0013,-0.0000,-0.0011,0.0000,0.0000
1.344,-0.0000,-0.0000,0.0013,-0.0000,-0.0011,0.0000,0.0000
1.356,-0.0000,-0.0000,0.0013,-0.0000,-0.0011,0.0000,0.0000
1.368,-0.0000,-0.0000,0.0013,-0.0000,-0.0011,0.0000,0.0000
1.380,-0.0000,-0.0000,0.0013,-0.0000,-0.0011,0.0000,0.0000
1.392,-0.0000,-0.0000,0.0013,-0.0000,-0.0011,0.0000,0.0000
1.404,-0.0000,-0.0000,0.0013,-0.0000,-0.0011,0.0000,0.0000
1.416,-0.0000,-0.0000,0.0013,-0.0000,-0.0011,0.0000,0.0000
1.428,-0.0000,-0.0000,0.0013,-0.0000,-0.0011,0.0000,0.0000
1.440,-0.0000,-0.0000,0.0013,-0.0000,-0.0011,0.0000,0.0000
1.452,-0.0000,-0.0000,0.0013,-0.0000,-0.0011,0.0000,0.0000
1.464,-0.0000,-0.0000,0.0013,-0.0000,-0.0011,0.0000,0.0000
1.476,-0.0000,-0.0000,0.0013,-0.0000,-0.0011,0.0000,0.0000
1.488,-0.0000,-0.0000,0.0013,-0.0000,-0.0011,0.0000,0.0000
1.500,-0.0000,-0.0000,0.0013,-0.0000,-0.0011,0.0000,0.0000
1.512,-0.0000,-0.0000,0.0013,-0.0000,-0.0011,0.0000,0.0000
1.524,-0.0000,-0.0000,0.0013,-0.0000,-0.0011,0.0000,0.0000
1.536,-0.0000,-0.0000,0.0013,-0.0000,-0.0011,0.0000,0.0000
1.548,-0.0000,-0.0000,0.0013,-0.0000,-0.0011,0.0000,0.0000
1.560,-0.0000,-0.0000,0.0013,-0.0000,-0.0011,0.0000,0.0000
1.572,-0.0000,-0.0000,0.0013,-0.0000,-0.0011,0.0000,0.0000
1.584,-0.0000,-0.0000,0.0013,-0.0000,-0.0011,0.0000,0.0000
1.596,-0.0000,-0.0000,0.0013,-0.0000,-0.0011,0.0000,0.0000
1.608,-0.0000,-0.0000,0.0013,-0.0000,-0.0011,0.0000,0.0000
1.620,-0.0000,-0.0000,0.0013,-0.0000,-0.0011,0.0000,0.0000
1.632,-0.0000,-0.0000,0.0013,-0.0000,-0.0011,0.0000,0.0000
1.644,-0.0000,-0.0000,0.0013,-0.0000,-0.0011,0.0000,0.0000
1.656,-0.0000,-0.0000,0.0013,-0.0000,-0.0011,0.0000,0.0000
1.668,-0.0000,-0.0000,0.0013,-0.0000,-0.0011,0.0000,0.0000
1.680,-0.0000,-0.0000,0.0013,-0.0000,-0.0011,0.0000,0.0000
1.692,-0.0000,-0.0000,0.0013,-0.0000,-0.0011,0.0000,0.0000
1.704,-0.0000,-0.0000,0.0013,-0.0000,-0.0011,0.0000,0.0000
1.716,-0.0000,-0.0000,0.0013,-0.0000,-0.0011,0.0000,0.0000
1.728,-0.0000,-0.0000,0.0013,-0.0000,-0.0011,0.0000,0.0000
1.740,-0.0000,-0.0000,0.0013,-0.0000,-0.0011,0.0000,0.0000
1.752,-0.0000,-0.0000,0.0013,-0.0000,-0.0011,0.0000,0.0000
1.764,-0.0000,-0.0000,0.0013,-0.0000,-0.0011,0.0000,0.0000
1.776,-0.0000,-0.0000,0.0013,-0.0000,-0.0011,0.0000,0.0000
1.788,-0.0000,-0.0000,0.0013,-0.0000,-0.0011,0.0000,0.0000
1.800,-0.0000,-0.0000,0.0013,-0.0000,-0.0011,0.0000,0.0000
1.812,-0.0000,-0.0000,0.0013,-0.0000,-0.0011,0.0000,0.0000
1.824,-0.0000,-0.0000,0.0013,-0.0000,-0.0011,0.0000,0.0000
1.836,-0.0000,-0.0000,0.0013,-0.0000,-0.0011,0.0000,0.0000
1.848,-0.0000,-0.0000,0.0013,-0.0000,-0.0011,0.0000,0.0000
1.860,-0.0000,-0.0000,0.0013,-0.0000,-0.0011,0.0000,0.0000
1.872,-0.0000,-0.0000,0.0013,-0.0000,-0.0011,0.0000,0.0000
1.884,-0.0000,-0.0000,0.0013,-0.0000,-0.0011,0.0000,0.0000
1.896,-0.0000,-0.0000,0.0013,-0.0000,-0.0011,0.0000,0.0000
1.908,-0.0000,-0.0000,0.0013,-0.0000,-0.0011,0.0000,0.0000
1.920,-0.0000,-0.0000,0.0013,-0.0000,-0.0011,0.0000,0.0000
1.932,-0.0000,-0.0000,0.0013,-0.0000,-0.0011,0.0000,0.0000
1.944,-0.0000,-0.0000,0.0013,-0.0000,-0.0011,0.0000,0.0000
1.956,-0.0000,-0.0000,0.0013,-0.0000,-0.0011,0.0000,0.0000
1.968,-0.0000,-0.0000,0.0013,-0.0000,-0.0011,0.0000,0.0000
1.980,-0.0000,-0.0000,0.0013,-0.0000,-0.0011,0.0000,0.0000
1.992,-0.0000,-0.0000,0.0013,-0.0000,-0.0011,0.0000,0.0000
2.004,-0.0000,-0.0000,0.0013,-0.0000,-0.0011,0.0000,0.0000
2.016,-0.0000,-0.0000,0.0013,-0.0000,-0.0011,0.0000,0.0000
2.028,-0.0000,-0.0000,0.0013,-0.0000,-0.0011,0.0000,0.0000
2.040,-0.0000,-0.0000,0.0013,-0.0000,-0.0011,0.0000,0.0000
2.052,-0.0000,-0.0000,0.0013,-0.0000,-0.0011,0.0000,0.0000
2.064,-0.0000,-0.0000,0.0013,-0.0000,-0.0011,0.0000,0.0000
2.076,-0.0000,-0.0000,0.0013,-0.0000,-0.0011,0.0000,0.0000
2.088,-0.0000,-0.0000,0.0013,-0.0000,-0.0011,0.0000,0.0000
2.100,-0.0000,-0.0000,0.0013,-0.0000,-0.0011,0.0000,0.0000
2.112,-0.0000,-0.0000,0.0013,-0.0000,-0.0011,0.0000,0.0000
2.124,-0.0000,-0.0000,0.0013,-0.0000,-0.0011,0.0000,0.0000
2.136,-0.0000,-0.0000,0.0013,-0.0000,-0.0011,0.0000,0.0000
2.148,-0.0000,-0.0000,0.0013,-0.0000,-0.0011,0.0000,0.0000
2.160,-0.0000,-0.0000,0.0013,-0.0000,-0.0011,0.0000,0.0000
2.172,-0.0000,-0.0000,0.0013,-0.0000,-0.0011,0.0000,0.0000
2.184,-0.0000,-0.0000,0.0013,-0.0000,-0.0011,0.0000,0.0000
2.196,-0.0000,-0.0000,0.0013,-0.0000,-0.0011,0.0000,0.0000
2.208,-0.0000,-0.0000,0.0013,-0.0000,-0.0011,0.0000,0.0000
2.220,-0.0000,-0.0000,0.0013,-0.0000,-0.0011,0.0000,0.0000
2.232,-0.0000,-0.0000,0.0013,-0.0000,-0.0011,0.0000,0.0000
2.244,-0.0000,-0.0000,0.0013,-0.0000,-0.0011,0.0000,0.0000
2.256,-0.0000,-0.0000,0.0013,-0.0000,-0.0011,0.0000,0.0000
2.268,-0.0000,-0.0000,0.0013,-0.0000,-0.0011,0.0000,0.0000
2.280,-0.0000,-0.0000,0.0013,-0.0000,-0.0011,0.0000,0.0000
2.292,-0.0000,-0.0000,0.0013,-0.0000,-0.0011,0.0000,0.0000
2.304,-0.0000,-0.0000,0.0013,-0.0000,-0.0011,0.0000,0.0000
2.316,-0.0000,-0.0000,0.0013,-0.0000,-0.0011,0.0000,0.0000
2.328,-0.0000,-0.0000,0.0013,-0.0000,-0.0011,0.0000,0.0000
2.340,-0.0000,-0.0000,0.0013,-0.0000,-0.0011,0.0000,0.0000
2.352,-0.0000,-0.0000,0.0013,-0.0000,-0.0011,0.0000,0.0000
2.364,-0.0000,-0.0000,0.0013,-0.0000,-0.0011,0.0000,0.0000
2.376,-0.0000,-0.0000,0.0013,-0.0000,-0.0011,0.0000,0.0000
2.388,-0.0000,-0.0000,0.0013,-0.0000,-0.0011,0.0000,0.0000
2.400,-0.0000,-0.0000,0.0013,-0.0000,-0.0011,0.0000,0.0000
2.412,-0.0000,-0.0000,0.0013,-0.0000,-0.0011,0.0000,0.0000
2.424,-0.0000,-0.0000,0.0013,-0.0000,-0.0011,0.0000,0.0000
2.436,-0.0000,-0.0000,0.0013,-0.0000,-0.0011,0.0000,0.0000
2.448,-0.0000,-0.0000,0.0013,-0.0000,-0.0011,0.0000,0.0000
2.460,-0.0000,-0.0000,0.0013,-0.0000,-0.0011,0.0000,0.0000
2.472,-0.0000,-0.0000,0.0013,-0.0000,-0.0011,0.0000,0.0000
2.484,-0.0000,-0.0000,0.0013,-0.0000,-0.0011,0.0000,0.0000
2.496,-0.0000,-0.0000,0.0013,-0.0000,-0.0011,0.0000,0.0000
2.508,-0.0000,-0.0000,0.0013,-0.0000,-0.0011,0.0000,0.0000
2.520,-0.0000,-0.0000,0.0013,-0.0000,-0.0011,0.0000,0.0000
2.532,-0.0000,-0.0000,0.0013,-0.0000,-0.0011,0.0000,0.0000
2.544,-0.0000,-0.0000,0.0013,-0.0000,-0.0011,0.0000,0.0000
2.556,-0.0000,-0.0000,0.0013,-0.0000,-0.0011,0.0000,0.0000
2.568,-0.0000,-0.0000,0.0013,-0.0000,-0.0011,0.0000,0.0000
2.580,-0.0000,-0.0000,0.0013,-0.0000,-0.0011,0.0000,0.0000
2.592,-0.0000,-0.0000,0.0013,-0.0000,-0.0011,0.0000,0.0000
2.604,-0.0000,-0.0000,0.0013,-0.0000,-0.0011,0.0000,0.0000
2.616,-0.0000,-0.0000,0.0013,-0.0000,-0.0011,0.0000,0.0000
2.628,-0.0000,-0.0000,0.0013,-0.0000,-0.0011,0.0000,0.0000
2.640,-0.0000,-0.0000,0.0013,-0.0000,-0.0011,0.0000,0.0000
2.652,-0.0000,-0.0000,0.0013,-0.0000,-0.0011,0.0000,0.0000
2.664,-0.0000,-0.0000,0.0013,-0.0000,-0.0011,0.0000,0.0000
2.676,-0.0000,-0.0000,0.0013,-0.0000,-0.0011,0.0000,0.0000
2.688,-0.0000,-0.0000,0.0013,-0.0000,-0.0011,0.0000,0.0000
2.700,-0.0000,-0.0000,0.0013,-0.0000,-0.0011,0.0000,0.0000
2.712,-0.0000,-0.0000,0.0013,-0.0000,-0.0011,0.0000,0.0000
2.724,-0.0000,-0.0000,0.0013,-0.0000,-0.0011,0.0000,0.0000
2.736,-0.0000,-0.0000,0.0013,-0.0000,-0.0011,0.0000,0.0000
2.748,-0.0000,-0.0000,0.0013,-0.0000,-0.0011,0.0000,0.0000
2.760,-0.0000,-0.0000,0.0013,-0.0000,-0.0011,0.0000,0.0000
2.772,-0.0000,-0.0000,0.0013,-0.0000,-0.0011,0.0000,0.0000
2.784,-0.0000,-0.0000,0.0013,-0.0000,-0.0011,0.0000,0.0000
2.796,-0.0000,-0.0000,0.0013,-0.0000,-0.0011,0.0000,0.0000
2.808,-0.0000,-0.0000,0.0013,-0.0000,-0.0011,0.0000,0.0000
2.820,-0.0000,-0.0000,0.0013,-0.0000,-0.0011,0.0000,0.0000
2.832,-0.0000,-0.0000,0.0013,-0.0000,-0.0011,0.0000,0.0000
2.844,-0.0000,-0.0000,0.0013,-0.0000,-0.0011,0.0000,0.0000
2.856,-0.0000,-0.0000,0.0013,-0.0000,-0.0011,0.0000,0.0000
2.868,-0.0000,-0.0000,0.0013,-0.0000,-0.0011,0.0000,0.0000
2.880,-0.0000,-0.0000,0.0013,-0.0000,-0.0011,0.0000,0.0000
2.892,-0.0000,-0.0000,0.0013,-0.0000,-0.0011,0.0000,0.0000
2.904,-0.0000,-0.0000,0.0013,-0.0000,-0.0011,0.0000,0.0000
2.916,-0.0000,-0.0000,0.0013,-0.0000,-0.0011,0.0000,0.0000
2.928,-0.0000,-0.0000,0.0013,-0.0000,-0.0011,0.0000,0.0000
2.940,-0.0000,-0.0000,0.0013,-0.0000,-0.0011,0.0000,0.0000
2.952,-0.0000,-0.0000,0.0013,-0.0000,-0.0011,0.0000,0.0000
2.964,-0.0000,-0.0000,0.0013,-0.0000,-0.0011,0.0000,0.0000
2.976,-0.0000,-0.0000,0.0013,-0.0000,-0.0011,0.0000,0.0000
2.988,-0.0000,-0.0000,0.0013,-0.0000,-0.0011,0.0000,0.0000
3.000,-0.0000,-0.0000,0.0013,-0.0000,-0.0011,0.0000,0.0000
3.012,-0.0000,-0.0000,0.0013,-0.0000,-0.0011,0.0000,0.0000
3.024,-0.0000,-0.0000,0.0013,-0.0000,-0.0011,0.0000,0.0000
3.036,-0.0000,-0.0000,0.0013,-0.0000,-0.0011,0.0000,0.0000
3.048,-0.0000,-0.0000,0.0013,-0.0000,-0.0011,0.0000,0.0000
3.060,-0.0000,-0.0000,0.0013,-0.0000,-0.0011,0.0000,0.0000
3.072,-0.0000,-0.0000,0.0013,-0.0000,-0.0011,0.0000,0.0000
3.084,-0.0000,-0.0000,0.0013,-0.0000,-0.0011,0.0000,0.0000
3.096,-0.0000,-0.0000,0.0013,-0.0000,-0.0011,0.0000,0.0000
3.108,-0.0000,-0.0000,0.0013,-0.0000,-0.0011,0.0000,0.0000
3.120,-0.0000,-0.0000,0.0013,-0.0000,-0.0011,0.0000,0.0000
3.132,-0.0000,-0.0000,0.0013,-0.0000,-0.0011,0.0000,0.0000
3.144,-0.0000,-0.0000,0.0013,-0.0000,-0.0011,0.0000,0.0000
3.156,-0.0000,-0.0000,0.0013,-0.0000,-0.0011,0.0000,0.0000
3.168,-0.0000,-0.0000,0.0013,-0.0000,-0.0011,0.0000,0.0000
3.180,-0.0000,-0.0000,0.0013,-0.0000,-0.0011,0.0000,0.0000
3.192,-0.0000,-0.0000,0.0013,-0.0000,-0.0011,0.0000,0.0000
3.204,-0.0000,-0.0000,0.0013,-0.0000,-0.0011,0.0000,0.0000
3.216,-0.0000,-0.0000,0.0013,-0.0000,-0.0011,0.0000,0.0000
3.228,-0.0000,-0.0000,0.0013,-0.0000,-0.0011,0.0000,0.0000
3.240,-0.0000,-0.0000,0.0013,-0.0000,-0.0011,0.0000,0.0000
3.252,-0.0000,-0.0000,0.0013,-0.0000,-0.0011,0.0000,0.0000
3.264,-0.0000,-0.0000,0.0013,-0.0000,-0.0011,0.0000,0.0000
3.276,-0.0000,-0.0000,0.0013,-0.0000,-0.0011,0.0000,0.0000
3.288,-0.0000,-0.0000,0.0013,-0.0000,-0.0011,0.0000,0.0000
3.300,-0.0000,-0.0000,0.0013,-0.0000,-0.0011,0.0000,0.0000
3.312,-0.0000,-0.0000,0.0013,-0.0000,-0.0011,0.0000,0.0000
3.324,-0.0000,-0.0000,0.0013,-0.0000,-0.0011,0.0000,0.0000
3.336,-0.0000,-0.0000,0.0013,-0.0000,-0.0011,0.0000,0.0000
3.348,-0.0000,-0.0000,0.0013,-0.0000,-0.0011,0.0000,0.0000
3.360,-0.0000,-0.0000,0.0013,-0.0000,-0.0011,0.0000,0.0000
3.372,-0.0000,-0.0000,0.0013,-0.0000,-0.0011,0.0000,0.0000
3.384,-0.0000,-0.0000,0.0013,-0.0000,-0.0011,0.0000,0.0000
3.396,-0.0000,-0.0000,0.0013,-0.0000,-0.0011,0.0000,0.0000
3.408,-0.0000,-0.0000,0.0013,-0.0000,-0.0011,0.0000,0.0000
3.420,-0.0000,-0.0000,0.0013,-0.0000,-0.0011,0.0000,0.0000
3.432,-0.0000,-0.0000,0.0013,-0.0000,-0.0011,0.0000,0.0000
3.444,-0.0000,-0.0000,0.0013,-0.0000,-0.0011,0.0000,0.0000
3.456,-0.0000,-0.0000,0.0013,-0.0000,-0.0011,0.0000,0.0000
3.468,-0.0000,-0.0000,0.0013,-0.0000,-0.0011,0.0000,0.0000
3.480,-0.0000,-0.0000,0.0013,-0.0000,-0.0011,0.0000,0.0000
3.492,-0.0000,-0.0000,0.0013,-0.0000,-0.0011,0.0000,0.0000
3.504,-0.0000,-0.0000,0.0013,-0.0000,-0.0011,0.0000,0.0000
3.516,-0.0000,-0.0000,0.0013,-0.0000,-0.0011,0.0000,0.0000
3.528,-0.0000,-0.0000,0.0013,-0.0000,-0.0011,0.0000,0.0000
3.540,-0.0000,-0.0000,0.0013,-0.0000,-0.0011,0.0000,0.0000
3.552,-0.0000,-0.0000,0.0013,-0.0000,-0.0011,0.0000,0.0000
3.564,-0.0000,-0.0000,0.0013,-0.0000,-0.0011,0.0000,0.0000
3.576,-0.0000,-0.0000,0.0013,-0.0000,-0.0011,0.0000,0.0000
3.588,-0.0000,-0.0000,0.0013,-0.0000,-0.0011,0.0000,0.0000
3.600,-0.0000,-0.0000,0.0013,-0.0000,-0.0011,0.0000,0.0000
3.612,-0.0000,-0.0000,0.0013,-0.0000,-0.0011,0.0000,0.0000
3.624,-0.0000,-0.0000,0.0013,-0.0000,-0.0011,0.0000,0.0000
3.636,-0.0000,-0.0000,0.0013,-0.0000,-0.0011,0.0000,0.0000
3.648,-0.0000,-0.0000,0.0013,-0.0000,-0.0011,0.0000,0.0000
3.660,-0.0000,-0.0000,0.0013,-0.0000,-0.0011,0.0000,0.0000
3.672,-0.0000,-0.0000,0.0013,-0.0000,-0.0011,0.0000,0.0000
3.684,-0.0000,-0.0000,0.0013,-0.0000,-0.0011,0.0000,0.0000
3.696,-0.0000,-0.0000,0.0013,-0.0000,-0.0011,0.0000,0.0000
3.708,-0.0000,-0.0000,0.0013,-0.0000,-0.0011,0.0000,0.0000
3.720,-0.0000,-0.0000,0.0013,-0.0000,-0.0011,0.0000,0.0000
3.732,-0.0000,-0.0000,0.0013,-0.0000,-0.0011,0.0000,0.0000
3.744,-0.0000,-0.0000,0.0013,-0.0000,-0.0011,0.0000,0.0000
3.756,-0.0000,-0.0000,0.0013,-0.0000,-0.0011,0.0000,0.0000
3.768,-0.0000,-0.0000,0.0013,-0.0000,-0.0011,0.0000,0.0000
3.780,-0.0000,-0.0000,0.0013,-0.0000,-0.0011,0.0000,0.0000
3.792,-0.0000,-0.0000,0.0013,-0.0000,-0.0011,0.0000,0.0000
3.804,-0.0000,-0.0000,0.0013,-0.0000,-0.0011,0.0000,0.0000
3.816,-0.0000,-0.0000,0.0013,-0.0000,-0.0011,0.0000,0.0000
3.828,-0.0000,-0.0000,0.0013,-0.0000,-0.0011,0.0000,0.0000
3.840,-0.0000,-0.0000,0.0013,-0.0000,-0.0011,0.0000,0.0000
3.852,-0.0000,-0.0000,0.0013,-0.0000,-0.0011,0.0000,0.0000
3.864,-0.0000,-0.0000,0.0013,-0.0000,-0.0011,0.0000,0.0000
3.876,-0.0000,-0.0000,0.0013,-0.0000,-0.0011,0.0000,0.0000
3.888,-0.0000,-0.0000,0.0013,-0.0000,-0.0011,0.0000,0.0000
3.900,-0.0000,-0.0000,0.0013,-0.0000,-0.0011,0.0000,0.0000
3.912,-0.0000,-0.0000,0.0013,-0.0000,-0.0011,0.0000,0.0000
3.924,-0.0000,-0.0000,0.0013,-0.0000,-0.0011,0.0000,0.0000
3.936,-0.0000,-0.0000,0.0013,-0.0000,-0.0011,0.0000,0.0000
3.948,-0.0000,-0.0000,0.0013,-0.0000,-0.0011,0.0000,0.0000
3.960,-0.0000,-0.0000,0.0013,-0.0000,-0.0011,0.0000,0.0000
3.972,-0.0000,-0.0000,0.0013,-0.0000,-0.0011,0.0000,0.0000
3.984,-0.0000,-0.0000,0.0013,-0.0000,-0.0011,0.0000,0.0000
3.996,-0.0000,-0.0000,0.0013,-0.0000,-0.0011,0.0000,0.0000
4.008,-0.0000,-0.0000,0.0013,-0.0000,-0.0011,0.0000,0.0000
4.020,-0.0000,-0.0000,0.0013,-0.0000,-0.0011,0.0000,0.0000
4.032,-0.0000,-0.0000,0.0013,-0.0000,-0.0011,0.0000,0.0000
4.044,-0.0000,-0.0000,0.0013,-0.0000,-0.0011,0.0000,0.0000
4.056,-0.0000,-0.0000,0.0013,-0.0000,-0.0011,0.0000,0.0000
4.068,-0.0000,-0.0000,0.0013,-0.0000,-0.0011,0.0000,0.0000
4.080,-0.0000,-0.0000,0.0013,-0.0000,-0.0011,0.0000,0.0000
4.092,-0.0000,-0.0000,0.0013,-0.0000,-0.0011,0.0000,0.0000
4.104,-0.0000,-0.0000,0.0013,-0.0000,-0.0011,0.0000,0.0000
4.116,-0.0000,-0.0000,0.0013,-0.0000,-0.0011,0.0000,0.0000
4.128,-0.0000,-0.0000,0.0013,-0.0000,-0.0011,0.0000,0.0000
4.140,-0.0000,-0.0000,0.0013,-0.0000,-0.0011,0.0000,0.0000
4.152,-0.0000,-0.0000,0.0013,-0.0000,-0.0011,0.0000,0.0000
4.164,-0.0000,-0.0000,0.0013,-0.0000,-0.0011,0.0000,0.0000
4.176,-0.0000,-0.0000,0.0013,-0.0000,-0.0011,0.0000,0.0000
4.188,-0.0000,-0.0000,0.0013,-0.0000,-0.0011,0.0000,0.0000
4.200,-0.0000,-0.0000,0.0013,-0.0000,-0.0011,0.0000,0.0000
4.212,-0.0000,-0.0000,0.0013,-0.0000,-0.0011,0.0000,0.0000
4.224,-0.0000,-0.0000,0.0013,-0.0000,-0.0011,0.0000,0.0000
4.236,-0.0000,-0.0000,0.0013,-0.0000,-0.0011,0.0000,0.0000
4.248,-0.0000,-0.0000,0.0013,-0.0000,-0.0011,0.0000,0.0000
4.260,-0.0000,-0.0000,0.0013,-0.0000,-0.0011,0.0000,0.0000
4.272,-0.0000,-0.0000,0.0013,-0.0000,-0.0011,0.0000,0.0000
4.284,-0.0000,-0.0000,0.0013,-0.0000,-0.0011,0.0000,0.0000
4.296,-0.0000,-0.0000,0.0013,-0.0000,-0.0011,0.0000,0.0000
4.308,-0.0000,-0.0000,0.0013,-0.0000,-0.0011,0.0000,0.0000
4.320,-0.0000,-0.0000,0.0013,-0.0000,-0.0011,0.0000,0.0000
4.332,-0.0000,-0.0000,0.0013,-0.0000,-0.0011,0.0000,0.0000
4.344,-0.0000,-0.0000,0.0013,-0.0000,-0.0011,0.0000,0.0000
4.356,-0.0000,-0.0000,0.0013,-0.0000,-0.0011,0.0000,0.0000
4.368,-0.0000,-0.0000,0.0013,-0.0000,-0.0011,0.0000,0.0000
4.380,-0.0000,-0.0000,0.0013,-0.0000,-0.0011,0.0000,0.0000
4.392,-0.0000,-0.0000,0.0013,-0.0000,-0.0011,0.0000,0.0000
4.404,-0.0000,-0.0000,0.0013,-0.0000,-0.0011,0.0000,0.0000
4.416,-0.0000,-0.0000,0.0013,-0.0000,-0.0011,0.0000,0.0000
4.428,-0.0000,-0.0000,0.0013,-0.0000,-0.0011,0.0000,0.0000
4.440,-0.0000,-0.0000,0.0013,-0.0000,-0.0011,0.0000,0.0000
4.452,-0.0000,-0.0000,0.0013,-0.0000,-0.0011,0.0000,0.0000
4.464,-0.0000,-0.0000,0.0013,-0.0000,-0.0011,0.0000,0.0000
4.476,-0.0000,-0.0000,0.0013,-0.0000,-0.0011,0.0000,0.0000
4.488,-0.0000,-0.0000,0.0013,-0.0000,-0.0011,0.0000,0.0000
4.500,-0.0000,-0.0000,0.0013,-0.0000,-0.0011,0.0000,0.0000
4.512,-0.0000,-0.0000,0.0013,-0.0000,-0.0011,0.0000,0.0000
4.524,-0.0000,-0.0000,0.0013,-0.0000,-0.0011,0.0000,0.0000
4.536,-0.0000,-0.0000,0.0013,-0.0000,-0.0011,0.0000,0.0000
4.548,-0.0000,-0.0000,0.0013,-0.0000,-0.0011,0.0000,0.0000
4.560,-0.0000,-0.0000,0.0013,-0.0000,-0.0011,0.0000,0.0000
4.572,-0.0000,-0.0000,0.0013,-0.0000,-0.0011,0.0000,0.0000
4.584,-0.0000,-0.0000,0.0012,-0.0000,-0.0011,0.0000,0.0000
4.596,-0.0000,-0.0000,0.0012,-0.0000,-0.0011,0.0000,0.0000
4.608,-0.0000,-0.0000,0.0012,-0.0000,-0.0010,0.0000,0.0000
4.620,-0.0000,-0.0000,0.0012,-0.0000,-0.0010,0.0000,0.0000
4.632,-0.0000,-0.0000,0.0012,-0.0000,-0.0010,0.0000,0.0000
4.644,-0.0000,-0.0000,0.0012,-0.0000,-0.0010,0.0000,0.0000
4.656,-0.0000,-0.0000,0.0012,-0.0000,-0.0010,0.0000,0.0000
4.668,-0.0000,-0.0000,0.0012,-0.0000,-0.0010,0.0000,0.0000
4.680,-0.0000,-0.0000,0.0012,-0.0000,-0.0010,0.0000,0.0000
4.692,-0.0000,-0.0000,0.0012,-0.0000,-0.0010,0.0000,0.0000
4.704,-0.0000,-0.0000,0.0012,-0.0000,-0.0010,0.0000,0.0000
4.716,-0.0000,-0.0000,0.0012,-0.0000,-0.0010,0.0000,0.0000
4.728,-0.0000,-0.0000,0.0012,-0.0000,-0.0010,0.0000,0.0000
4.740,-0.0000,-0.0000,0.0011,-0.0000,-0.0010,0.0000,0.0000
4.752,-0.0000,-0.0000,0.0011,-0.0000,-0.0010,0.0000,0.0000
4.764,-0.0000,-0.0000,0.0011,-0.0000,-0.0010,0.0000,0.0000
4.776,-0.0000,-0.0000,0.0011,-0.0000,-0.0010,0.0000,0.0000
4.788,-0.0000,-0.0000,0.0011,-0.0000,-0.0009,0.0000,0.0000
4.800,-0.0000,-0.0000,0.0011,-0.0000,-0.0009,0.0000,0.0000
4.812,-0.0000,-0.0000,0.0011,-0.0000,-0.0009,0.0000,0.0000
4.824,-0.0000,-0.0000,0.0011,-0.0000,-0.0009,0.0000,0.0000
4.836,-0.0000,-0.0000,0.0011,-0.0000,-0.0009,0.0000,0.0000
4.848,-0.0000,-0.0000,0.0011,-0.0000,-0.0009,0.0000,0.0000
4.860,-0.0000,-0.0000,0.0011,-0.0000,-0.0009,0.0000,0.0000
4.872,-0.0000,-0.0000,0.0011,-0.0000,-0.0009,0.0000,0.0000
4.884,-0.0000,-0.0000,0.0010,-0.0000,-0.0009,0.0000,0.0000
4.896,-0.0000,-0.0000,0.0010,-0.0000,-0.0009,0.0000,0.0000
4.908,-0.0000,-0.0000,0.0010,-0.0000,-0.0009,0.0000,0.0000
4.920,-0.0000,-0.0000,0.0010,-0.0000,-0.0009,0.0000,0.0000
4.932,-0.0000,-0.0000,0.0010,-0.0000,-0.0009,0.0000,0.0000
4.944,-0.0000,-0.0000,0.0010,-0.0000,-0.0009,0.0000,0.0000
4.956,-0.0000,-0.0000,0.0010,-0.0000,-0.0009,0.0000,0.0000
4.968,-0.0000,-0.0000,0.0010,-0.0000,-0.0008,0.0000,0.0000
4.980,-0.0000,-0.0000,0.0010,-0.0000,-0.0008,0.0000,0.0000
4.992,-0.0000,-0.0000,0.0010,-0.0000,-0.0008,0.0000,0.0000
5.004,-0.0000,-0.0000,0.0010,-0.0000,-0.0008,0.0000,0.0000
5.016,-0.0000,-0.0000,0.0010,-0.0000,-0.0008,0.0000,0.0000
5.028,-0.0000,-0.0000,0.0010,-0.0000,-0.0008,0.0000,0.0000
5.040,-0.0000,-0.0000,0.0009,-0.0000,-0.0008,0.0000,0.0000
5.052,-0.0000,-0.0000,0.0009,-0.0000,-0.0008,0.0000,0.0000
5.064,-0.0000,-0.0000,0.0009,-0.0000,-0.0008,0.0000,0.0000
5.076,-0.0000,-0.0000,0.0009,-0.0000,-0.0008,0.0000,0.0000
5.088,-0.0000,-0.0000,0.0009,-0.0000,-0.0008,0.0000,0.0000
5.100,-0.0000,-0.0000,0.0009,-0.0000,-0.0008,0.0000,0.0000
5.112,-0.0000,-0.0000,0.0009,-0.0000,-0.0008,0.0000,0.0000
5.124,-0.0000,-0.0000,0.0009,-0.0000,-0.0008,0.0000,0.0000
5.136,-0.0000,-0.0000,0.0009,-0.0000,-0.0008,0.0000,0.0000
5.148,-0.0000,-0.0000,0.0009,-0.0000,-0.0007,0.0000,0.0000
5.160,-0.0000,-0.0000,0.0009,-0.0000,-0.0007,0.0000,0.0000
5.172,-0.0000,-0.0000,0.0009,-0.0000,-0.0007,0.0000,0.0000
5.184,-0.0000,-0.0000,0.0008,-0.0000,-0.0007,0.0000,0.0000
5.196,-0.0000,-0.0000,0.0008,-0.0000,-0.0007,0.0000,0.0000
5.208,-0.0000,-0.0000,0.0008,-0.0000,-0.0007,0.0000,0.0000
5.220,-0.0000,-0.0000,0.0008,-0.0000,-0.0007,0.0000,0.0000
5.232,-0.0000,-0.0000,0.0008,-0.0000,-0.0007,0.0000,0.0000
5.244,-0.0000,-0.0000,0.0008,-0.0000,-0.0007,0.0000,0.0000
5.256,-0.0000,-0.0000,0.0008,-0.0000,-0.0007,0.0000,0.0000
5.268,-0.0000,-0.0000,0.0008,-0.0000,-0.0007,0.0000,0.0000
5.280,-0.0000,-0.0000,0.0008,-0.0000,-0.0007,0.0000,0.0000
5.292,-0.0000,-0.0000,0.0008,-0.0000,-0.0007,0.0000,0.0000
5.304,-0.0000,-0.0000,0.0008,-0.0000,-0.0007,0.0000,0.0000
5.316,-0.0000,-0.0000,0.0008,-0.0000,-0.0006,0.0000,0.0000
5.328,-0.0000,-0.0000,0.0008,-0.0000,-0.0006,0.0000,0.0000
5.340,-0.0000,-0.0000,0.0007,-0.0000,-0.0006,0.0000,0.0000
5.352,-0.0000,-0.0000,0.0007,-0.0000,-0.0006,0.0000,0.0000
5.364,-0.0000,-0.0000,0.0007,-0.0000,-0.0006,0.0000,0.0000
5.376,-0.0000,-0.0000,0.0007,-0.0000,-0.0006,0.0000,0.0000
5.388,-0.0000,-0.0000,0.0007,-0.0000,-0.0006,0.0000,0.0000
5.400,-0.0000,-0.0000,0.0007,-0.0000,-0.0006,0.0000,0.0000
5.412,-0.0000,-0.0000,0.0007,-0.0000,-0.0006,0.0000,0.0000
5.424,-0.0000,-0.0000,0.0007,-0.0000,-0.0006,0.0000,0.0000
5.436,-0.0000,-0.0000,0.0007,-0.0000,-0.0006,0.0000,0.0000
5.448,-0.0000,-0.0000,0.0007,-0.0000,-0.0006,0.0000,0.0000
5.460,-0.0000,-0.0000,0.0007,-0.0000,-0.0006,0.0000,0.0000
5.472,-0.0000,-0.0000,0.0007,-0.0000,-0.0006,0.0000,0.0000
5.484,-0.0000,-0.0000,0.0006,-0.0000,-0.0006,0.0000,0.0000
5.496,-0.0000,-0.0000,0.0006,-0.0000,-0.0005,0.0000,0.0000
5.508,-0.0000,-0.0000,0.0006,-0.0000,-0.0005,0.0000,0.0000
5.520,-0.0000,-0.0000,0.0006,-0.0000,-0.0005,0.0000,0.0000
5.532,-0.0000,-0.0000,0.0006,-0.0000,-0.0005,0.0000,0.0000
5.544,-0.0000,-0.0000,0.0006,-0.0000,-0.0005,0.0000,0.0000
5.556,-0.0000,-0.0000,0.0006,-0.0000,-0.0005,0.0000,0.0000
5.568,-0.0000,-0.0000,0.0006,-0.0000,-0.0005,0.0000,0.0000
5.580,-0.0000,-0.0000,0.0006,-0.0000,-0.0005,0.0000,0.0000
5.592,-0.0000,-0.0000,0.0006,-0.0000,-0.0005,0.0000,0.0000
5.604,-0.0000,-0.0000,0.0006,-0.0000,-0.0005,0.0000,0.0000
5.616,-0.0000,-0.0000,0.0006,-0.0000,-0.0005,0.0000,0.0000
5.628,-0.0000,-0.0000,0.0005,-0.0000,-0.0005,0.0000,0.0000
5.640,-0.0000,-0.0000,0.0005,-0.0000,-0.0005,0.0000,0.0000
5.652,-0.0000,-0.0000,0.0005,-0.0000,-0.0005,0.0000,0.0000
5.664,-0.0000,-0.0000,0.0005,-0.0000,-0.0004,0.0000,0.0000
5.676,-0.0000,-0.0000,0.0005,-0.0000,-0.0004,0.0000,0.0000
5.688,-0.0000,-0.0000,0.0005,-0.0000,-0.0004,0.0000,0.0000
5.700,-0.0000,-0.0000,0.0005,-0.0000,-0.0004,0.0000,0.0000
5.712,-0.0000,-0.0000,0.0005,-0.0000,-0.0004,0.0000,0.0000
5.724,-0.0000,-0.0000,0.0005,-0.0000,-0.0004,0.0000,0.0000
5.736,-0.0000,-0.0000,0.0005,-0.0000,-0.0004,0.0000,0.0000
5.748,-0.0000,-0.0000,0.0005,-0.0000,-0.0004,0.0000,0.0000
5.760,-0.0000,-0.0000,0.0005,-0.0000,-0.0004,0.0000,0.0000
5.772,-0.0000,-0.0000,0.0005,-0.0000,-0.0004,0.0000,0.0000
5.784,-0.0000,-0.0000,0.0004,-0.0000,-0.0004,0.0000,0.0000
5.796,-0.0000,-0.0000,0.0004,-0.0000,-0.0004,0.0000,0.0000
5.808,-0.0000,-0.0000,0.0004,-0.0000,-0.0004,0.0000,0.0000
5.820,-0.0000,-0.0000,0.0004,-0.0000,-0.0004,0.0000,0.0000
5.832,-0.0000,-0.0000,0.0004,-0.0000,-0.0004,0.0000,0.0000
5.844,-0.0000,-0.0000,0.0004,-0.0000,-0.0003,0.0000,0.0000
5.856,-0.0000,-0.0000,0.0004,-0.0000,-0.0003,0.0000,0.0000
5.868,-0.0000,-0.0000,0.0004,-0.0000,-0.0003,0.0000,0.0000
5.880,-0.0000,-0.0000,0.0004,-0.0000,-0.0003,0.0000,0.0000
5.892,-0.0000,-0.0000,0.0004,-0.0000,-0.0003,0.0000,0.0000
5.904,-0.0000,-0.0000,0.0004,-0.0000,-0.0003,0.0000,0.0000
5.916,-0.0000,-0.0000,0.0004,-0.0000,-0.0003,0.0000,0.0000
5.928,-0.0000,-0.0000,0.0003,-0.0000,-0.0003,0.0000,0.0000
5.940,-0.0000,-0.0000,0.0003,-0.0000,-0.0003,0.0000,0.0000
5.952,-0.0000,-0.0000,0.0003,-0.0000,-0.0003,0.0000,0.0000
5.964,-0.0000,-0.0000,0.0003,-0.0000,-0.0003,0.0000,0.0000
5.976,-0.0000,-0.0000,0.0003,-0.0000,-0.0003,0.0000,0.0000
5.988,-0.0000,-0.0000,0.0003,-0.0000,-0.0003,0.0000,0.0000
6.000,-0.0000,-0.0000,0.0003,-0.0000,-0.0003,0.0000,0.0000
6.012,-0.0000,-0.0000,0.0003,-0.0000,-0.0002,0.0000,0.0000
6.024,-0.0000,-0.0000,0.0003,-0.0000,-0.0002,0.0000,0.0000
6.036,-0.0000,-0.0000,0.0003,-0.0000,-0.0002,0.0000,0.0000
6.048,-0.0000,-0.0000,0.0003,-0.0000,-0.0002,0.0000,0.0000
6.060,-0.0000,-0.0000,0.0003,-0.0000,-0.0002,0.0000,0.0000
6.072,-0.0000,-0.0000,0.0003,-0.0000,-0.0002,0.0000,0.0000
6.084,-0.0000,-0.0000,0.0002,-0.0000,-0.0002,0.0000,0.0000
6.096,-0.0000,-0.0000,0.0002,-0.0000,-0.0002,0.0000,0.0000
6.108,-0.0000,-0.0000,0.0002,-0.0000,-0.0002,0.0000,0.0000
6.120,-0.0000,-0.0000,0.0002,-0.0000,-0.0002,0.0000,0.0000
6.132,-0.0000,-0.0000,0.0002,-0.0000,-0.0002,0.0000,0.0000
6.144,-0.0000,-0.0000,0.0002,-0.0000,-0.0002,0.0000,0.0000
6.156,-0.0000,-0.0000,0.0002,-0.0000,-0.0002,0.0000,0.0000
6.168,-0.0000,-0.0000,0.0002,-0.0000,-0.0002,0.0000,0.0000
6.180,-0.0000,-0.0000,0.0002,-0.0000,-0.0002,0.0000,0.0000
6.192,-0.0000,-0.0000,0.0002,-0.0000,-0.0001,0.0000,0.0000
6.204,-0.0000,-0.0000,0.0002,-0.0000,-0.0001,0.0000,0.0000
6.216,-0.0000,-0.0000,0.0002,-0.0000,-0.0001,0.0000,0.0000
6.228,-0.0000,-0.0000,0.0001,-0.0000,-0.0001,0.0000,0.0000
6.240,-0.0000,-0.0000,0.0001,-0.0000,-0.0001,0.0000,0.0000
6.252,-0.0000,-0.0000,0.0001,-0.0000,-0.0001,0.0000,0.0000
6.264,-0.0000,-0.0000,0.0001,-0.0000,-0.0001,0.0000,0.0000
6.276,-0.0000,-0.0000,0.0001,-0.0000,-0.0001,0.0000,0.0000
6.288,-0.0000,-0.0000,0.0001,-0.0000,-0.0001,0.0000,0.0000
6.300,-0.0000,-0.0000,0.0001,-0.0000,-0.0001,0.0000,0.0000
6.312,-0.0000,-0.0000,0.0001,-0.0000,-0.0001,0.0000,0.0000
6.324,-0.0000,-0.0000,0.0001,-0.0000,-0.0001,0.0000,0.0000
6.336,-0.0000,-0.0000,0.0001,-0.0000,-0.0001,0.0000,0.0000
6.348,-0.0000,-0.0000,0.0001,-0.0000,-0.0001,0.0000,0.0000
6.360,-0.0000,-0.0000,0.0001,-0.0000,-0.0000,0.0000,0.0000
6.372,-0.0000,-0.0000,0.0001,-0.0000,-0.0000,0.0000,0.0000
6.384,-0.0000,-0.0000,0.0000,-0.0000,-0.0000,0.0000,0.0000
6.396,-0.0000,-0.0000,0.0000,-0.0000,-0.0000,0.0000,0.0000
6.408,-0.0000,-0.0000,0.0000,-0.0000,-0.0000,0.0000,0.0000
6.420,-0.0000,-0.0000,0.0000,-0.0000,-0.0000,0.0000,0.0000
6.432,-0.0000,-0.0000,0.0000,-0.0000,-0.0000,0.0000,0.0000
6.444,-0.0000,-0.0000,0.0000,-0.0000,-0.0000,0.0000,0.0000
6.456,-0.0000,-0.0000,0.0000,-0.0000,-0.0000,0.0000,0.0000
6.468,-0.0000,-0.0000,0.0000,-0.0000,-0.0000,0.0000,0.0000
6.480,-0.0000,-0.0000,0.0000,-0.0000,-0.0000,0.0000,0.0000
6.492,-0.0000,-0.0000,0.0000,-0.0000,-0.0000,0.0000,0.0000
6.504,-0.0000,-0.0000,0.0000,-0.0000,-0.0000,0.0000,0.0000
6.516,-0.0000,-0.0000,0.0000,-0.0000,-0.0000,0.0000,0.0000
6.528,-0.0000,-0.0000,0.0000,-0.0000,-0.0000,0.0000,0.0000
6.540,-0.0000,-0.0000,0.0000,-0.0000,-0.0000,0.0000,0.0000
6.552,-0.0000,-0.0000,0.0000,-0.0000,-0.0000,0.0000,0.0000
6.564,-0.0000,-0.0000,0.0000,-0.0000,-0.0000,0.0000,0.0000
6.576,-0.0000,-0.0000,0.0000,-0.0000,-0.0000,0.0000,0.0000
6.588,-0.0000,-0.0000,0.0000,-0.0000,-0.0000,0.0000,0.0000
6.600,-0.0000,-0.0000,0.0000,-0.0000,-0.0000,0.0000,0.0000
6.612,-0.0000,-0.0000,0.0000,-0.0000,-0.0000,0.0000,0.0000
6.624,-0.0000,-0.0000,0.0000,-0.0000,-0.0000,0.0000,0.0000
6.636,-0.0000,-0.0000,0.0000,-0.0000,-0.0000,0.0000,0.0000
6.648,-0.0000,-0.0000,0.0000,-0.0000,-0.0000,0.0000,0.0000
6.660,-0.0000,-0.0000,0.0000,-0.0000,-0.0000,0.0000,0.0000
6.672,-0.0000,-0.0000,0.0000,-0.0000,-0.0000,0.0000,0.0000
6.684,-0.0000,-0.0000,0.0000,-0.0000,-0.0000,0.0000,0.0000
6.696,-0.0000,-0.0000,0.0000,-0.0000,-0.0000,0.0000,0.0000
6.708,-0.0000,-0.0000,0.0000,-0.0000,-0.0000,0.0000,0.0000
6.720,-0.0000,-0.0000,0.0000,-0.0000,-0.0000,0.0000,0.0000
6.732,-0.0000,-0.0000,0.0000,-0.0000,-0.0000,0.0000,0.0000
6.744,-0.0000,-0.0000,0.0000,-0.0000,-0.0000,0.0000,0.0000
6.756,-0.0000,-0.0000,0.0000,-0.0000,-0.0000,0.0000,0.0000
6.768,-0.0000,-0.0000,0.0000,-0.0000,-0.0000,0.0000,0.0000
6.780,-0.0000,-0.0000,0.0000,-0.0000,-0.0000,0.0000,0.0000
6.792,-0.0000,-0.0000,0.0000,-0.0000,-0.0000,0.0000,0.0000
6.804,-0.0000,-0.0000,0.0000,-0.0000,-0.0000,0.0000,0.0000
6.816,-0.0000,-0.0000,0.0000,-0.0000,-0.0000,0.0000,0.0000
6.828,-0.0000,-0.0000,0.0000,-0.0000,-0.0000,0.0000,0.0000
6.840,-0.0000,-0.0000,0.0000,-0.0000,-0.0000,0.0000,0.0000
6.852,-0.0000,-0.0000,0.0000,-0.0000,-0.0000,0.0000,0.0000
6.864,-0.0000,-0.0000,0.0000,-0.0000,-0.0000,0.0000,0.0000
6.876,-0.0000,-0.0000,0.0000,-0.0000,-0.0000,0.0000,0.0000
6.888,-0.0000,-0.0000,0.0000,-0.0000,-0.0000,0.0000,0.0000
6.900,-0.0000,-0.0000,0.0000,-0.0000,-0.0000,0.0000,0.0000
6.912,-0.0000,-0.0000,0.0000,-0.0000,-0.0000,0.0000,0.0000
6.924,-0.0000,-0.0000,0.0000,-0.0000,-0.0000,0.0000,0.0000
6.936,-0.0000,-0.0000,0.0000,-0.0000,-0.0000,0.0000,0.0000
6.948,-0.0000,-0.0000,0.0000,-0.0000,-0.0000,0.0000,0.0000
6.960,-0.0000,-0.0000,0.0000,-0.0000,-0.0000,0.0000,0.0000
6.972,-0.0000,-0.0000,0.0000,-0.0000,-0.0000,0.0000,0.0000
6.984,-0.0000,-0.0000,0.0000,-0.0000,-0.0000,0.0000,0.0000
6.996,-0.0000,-0.0000,0.0000,-0.0000,-0.0000,0.0000,0.0000
7.008,-0.0000,-0.0000,0.0000,-0.0000,-0.0000,0.0000,0.0000
7.020,-0.0000,-0.0000,0.0000,-0.0000,-0.0000,0.0000,0.0000
7.032,-0.0000,-0.0000,0.0000,-0.0000,-0.0000,0.0000,0.0000
7.044,-0.0000,-0.0000,0.0000,-0.0000,-0.0000,0.0000,0.0000
7.056,-0.0000,-0.0000,0.0000,-0.0000,-0.0000,0.0000,0.0000
7.068,-0.0000,-0.0000,0.0000,-0.0000,-0.0000,0.0000,0.0000
7.080,-0.0000,-0.0000,0.0000,-0.0000,-0.0000,0.0000,0.0000
7.092,-0.0000,-0.0000,0.0000,-0.0000,-0.0000,0.0000,0.0000
7.104,-0.0000,-0.0000,0.0000,-0.0000,-0.0000,0.0000,0.0000
7.116,-0.0000,-0.0000,0.0000,-0.0000,-0.0000,0.0000,0.0000
7.128,-0.0000,-0.0000,0.0000,-0.0000,-0.0000,0.0000,0.0000
7.140,-0.0000,-0.0000,0.0000,-0.0000,-0.0000,0.0000,0.0000
7.152,-0.0000,-0.0000,0.0000,-0.0000,-0.0000,0.0000,0.0000
7.164,-0.0000,-0.0000,0.0000,-0.0000,-0.0000,0.0000,0.0000
7.176,-0.0000,-0.0000,0.0000,-0.0000,-0.0000,0.0000,0.0000
7.188,-0.0000,-0.0000,0.0000,-0.0000,-0.0000,0.0000,0.0000
7.200,-0.0000,-0.0000,0.0000,-0.0000,-0.0000,0.0000,0.0000
7.212,-0.0000,-0.0000,0.0000,-0.0000,-0.0000,0.0000,0.0000
7.224,-0.0000,-0.0000,0.0000,-0.0000,-0.0000,0.0000,0.0000
7.236,-0.0000,-0.0000,0.0000,-0.0000,-0.0000,0.0000,0.0000
7.248,-0.0000,-0.0000,0.0000,-0.0000,-0.0000,0.0000,0.0000
7.260,-0.0000,-0.0000,0.0000,-0.0000,-0.0000,0.0000,0.0000
7.272,-0.0000,-0.0000,0.0000,-0.0000,-0.0000,0.0000,0.0000
7.284,-0.0000,-0.0000,0.0000,-0.0000,-0.0000,0.0000,0.0000
7.296,-0.0000,-0.0000,0.0000,-0.0000,-0.0000,0.0000,0.0000
7.308,-0.0000,-0.0000,0.0000,-0.0000,-0.0000,0.0000,0.0000
7.320,-0.0000,-0.0000,0.0000,-0.0000,-0.0000,0.0000,0.0000
7.332,-0.0000,-0.0000,0.0000,-0.0000,-0.0000,0.0000,0.0000
7.344,-0.0000,-0.0000,0.0000,-0.0000,-0.0000,0.0000,0.0000
7.356,-0.0000,-0.0000,0.0000,-0.0000,-0.0000,0.0000,0.0000
7.368,-0.0000,0.0000,0.0000,-0.0000,-0.0000,0.0000,0.0000
7.380,-0.0000,0.0000,0.0000,-0.0000,-0.0000,0.0000,0.0000
7.392,-0.0000,0.0000,0.0000,-0.0000,-0.0000,0.0000,0.0000
7.404,-0.0000,0.0000,0.0000,-0.0000,-0.0000,0.0000,0.0000
7.416,-0.0000,0.0000,0.0000,-0.0000,-0.0000,0.0000,0.0000
7.428,-0.0000,0.0000,0.0000,-0.0000,-0.0000,0.0000,0.0000
7.440,-0.0000,0.0000,0.0000,-0.0000,-0.0000,0.0000,0.0000
7.452,-0.0000,0.0000,0.0000,-0.0000,-0.0000,0.0000,0.0000
7.464,-0.0000,0.0000,0.0000,-0.0000,-0.0000,0.0000,0.0000
7.476,-0.0000,0.0000,0.0000,-0.0000,-0.0000,0.0000,0.0000
7.488,-0.0000,0.0000,0.0000,-0.0000,-0.0000,0.0000,0.0000
7.500,-0.0000,0.0000,0.0000,-0.0000,-0.0000,0.0000,0.0000
7.512,-0.0000,0.0000,0.0000,-0.0000,-0.0000,0.0000,0.0000
7.524,-0.0000,0.0000,0.0000,-0.0000,-0.0000,0.0000,0.0000
7.536,-0.0000,0.0000,0.0000,-0.0000,-0.0000,0.0000,0.0000
7.548,-0.0000,0.0000,0.0000,-0.0000,-0.0000,0.0000,0.0000
7.560,-0.0000,0.0000,0.0000,-0.0000,-0.0000,0.0000,0.0000
7.572,-0.0000,0.0000,0.0000,-0.0000,0.0000,0.0000,0.0000
7.584,-0.0000,0.0000,0.0000,-0.0000,0.0000,0.0000,0.0000
7.596,-0.0000,0.0000,0.0000,-0.0000,0.0000,0.0000,0.0000
7.608,-0.0000,0.0000,0.0000,-0.0000,0.0000,0.0000,0.0000
7.620,-0.0000,0.0000,0.0000,-0.0000,0.0000,0.0000,0.0000
7.632,-0.0000,0.0000,0.0000,-0.0000,0.0000,0.0000,0.0000
7.644,-0.0000,0.0000,0.0000,-0.0000,0.0000,0.0000,0.0000
7.656,-0.0000,0.0000,0.0000,-0.0000,0.0000,0.0000,0.0000
7.668,-0.0000,0.0000,0.0000,-0.0000,0.0000,0.0000,0.0000
7.680,-0.0000,0.0000,0.0000,-0.0000,0.0000,0.0000,0.0000
7.692,-0.0000,0.0000,0.0000,-0.0000,0.0000,0.0000,0.0000
7.704,-0.0000,0.0000,0.0000,-0.0000,0.0000,0.0000,0.0000
7.716,-0.0000,0.0000,0.0000,-0.0000,0.0000,0.0000,0.0000
7.728,-0.0000,0.0000,0.0000,-0.0000,0.0000,0.0000,0.0000
7.740,-0.0000,0.0000,0.0000,-0.0000,0.0000,0.0000,0.0000
7.752,-0.0000,0.0000,0.0000,-0.0000,0.0000,0.0000,0.0000
7.764,-0.0000,0.0000,0.0000,-0.0000,0.0000,0.0000,0.0000
7.776,-0.0000,0.0000,0.0000,-0.0000,0.0000,0.0000,0.0000
7.788,-0.0000,0.0000,0.0000,-0.0000,0.0000,0.0000,0.0000
7.800,-0.0000,0.0000,0.0000,-0.0000,0.0000,0.0000,0.0000
7.812,-0.0000,0.0000,0.0000,-0.0000,0.0000,0.0000,0.0000
7.824,-0.0000,0.0000,0.0000,-0.0000,0.0000,0.0000,0.0000
7.836,-0.0000,0.0000,0.0000,-0.0000,0.0000,0.0000,0.0000
7.848,-0.0000,0.0000,0.0000,-0.0000,0.0000,0.0000,0.0000
7.860,-0.0000,0.0000,0.0000,-0.0000,0.0000,0.0000,0.0000
7.872,-0.0000,0.0000,0.0000,-0.0000,0.0000,0.0000,0.0000
7.884,-0.0000,0.0000,0.0000,-0.0000,0.0000,0.0000,0.0000
7.896,-0.0000,0.0000,0.0000,-0.0000,0.0000,0.0000,0.0000
7.908,-0.0000,0.0000,0.0000,-0.0000,0.0000,0.0000,0.0000
7.920,-0.0000,0.0000,0.0000,-0.0000,0.0000,0.0000,0.0000
7.932,-0.0000,0.0000,0.0000,-0.0000,0.0000,0.0000,0.0000
7.944,-0.0000,0.0000,0.0000,-0.0000,0.0000,0.0000,0.0000
7.956,-0.0000,0.0000,0.0000,-0.0000,0.0000,0.0000,0.0000
7.968,-0.0000,0.0000,0.0000,-0.0000,0.0000,0.0000,0.0000
7.980,-0.0000,0.0000,0.0000,-0.0000,0.0000,0.0000,0.0000
7.992,-0.0000,0.0000,0.0000,-0.0000,0.0000,0.0000,0.0000
8.004,-0.0000,0.0000,0.0000,-0.0000,0.0000,0.0000,0.0000
8.016,-0.0000,0.0000,0.0000,-0.0000,0.0000,0.0000,0.0000
8.028,-0.0000,0.0000,0.0000,-0.0000,0.0000,0.0000,0.0000
8.040,-0.0000,0.0000,0.0000,-0.0000,0.0000,0.0000,0.0000
8.052,-0.0000,0.0000,0.0000,-0.0000,0.0000,0.0000,0.0000
8.064,-0.0000,0.0000,0.0000,-0.0000,0.0000,0.0000,0.0000
8.076,-0.0000,0.0000,0.0000,-0.0000,0.0000,0.0000,0.0000
8.088,-0.0000,0.0000,0.0000,-0.0000,0.0000,0.0000,0.0000
8.100,-0.0000,0.0000,0.0000,-0.0000,0.0000,0.0000,0.0000
8.112,-0.0000,0.0000,0.0000,-0.0000,0.0000,0.0000,0.0000
8.124,-0.0000,0.0000,0.0000,-0.0000,0.0000,0.0000,0.0000
8.136,-0.0000,0.0000,0.0000,-0.0000,0.0000,0.0000,0.0000
8.148,-0.0000,0.0000,0.0000,-0.0000,0.0000,0.0000,0.0000
8.160,-0.0000,0.0000,0.0000,-0.0000,0.0000,0.0000,0.0000
8.172,-0.0000,0.0000,0.0000,-0.0000,0.0000,0.0000,0.0000
8.184,-0.0000,0.0000,0.0000,-0.0000,0.0000,0.0000,0.0000
8.196,-0.0000,0.0000,0.0000,-0.0000,0.0000,0.0000,0.0000
8.208,-0.0000,0.0000,0.0000,-0.0000,0.0000,0.0000,0.0000
8.220,-0.0000,0.0000,0.0000,-0.0000,0.0000,0.0000,0.0000
8.232,-0.0000,0.0000,0.0000,-0.0000,0.0000,0.0000,0.0000
8.244,-0.0000,0.0000,0.0000,-0.0000,0.0000,0.0000,0.0000
8.256,-0.0000,0.0000,0.0000,-0.0000,0.0000,0.0000,0.0000
8.268,-0.0000,0.0000,0.0000,-0.0000,0.0000,0.0000,0.0000
8.280,-0.0000,0.0000,0.0000,-0.0000,0.0000,0.0000,0.0000
8.292,-0.0000,0.0000,0.0000,-0.0000,0.0000,0.0000,0.0000
8.304,-0.0000,0.0000,0.0000,-0.0000,0.0000,0.0000,0.0000
8.316,-0.0000,0.0000,0.0000,-0.0000,0.0000,0.0000,0.0000
8.328,-0.0000,0.0000,0.0000,-0.0000,0.0000,0.0000,0.0000
8.340,-0.0000,0.0000,0.0000,-0.0000,0.0000,0.0000,0.0000
8.352,-0.0000,0.0000,0.0000,-0.0000,0.0000,0.0000,0.0000
8.364,-0.0000,0.0000,0.0000,-0.0000,0.0000,0.0000,0.0000
8.376,-0.0000,0.0000,0.0000,-0.0000,0.0000,0.0000,0.0000
8.388,-0.0000,0.0000,0.0000,-0.0000,0.0000,0.0000,0.0000
8.400,-0.0000,0.0000,0.0000,-0.0000,0.0000,0.0000,0.0000
8.412,-0.0000,0.0000,0.0000,-0.0000,0.0000,0.0000,0.0000
8.424,-0.0000,0.0000,0.0000,-0.0000,0.0000,0.0000,0.0000
8.436,-0.0000,0.0000,0.0000,-0.0000,0.0000,0.0000,0.0000
8.448,-0.0000,0.0000,0.0000,-0.0000,0.0000,0.0000,0.0000
8.460,-0.0000,0.0000,0.0000,-0.0000,0.0000,0.0000,0.0000
8.472,-0.0000,0.0000,0.0000,-0.0000,0.0000,0.0000,0.0000
8.484,-0.0000,0.0000,0.0000,-0.0000,0.0000,0.0000,0.0000
8.496,-0.0000,0.0000,0.0000,-0.0000,0.0000,0.0000,0.0000
8.508,-0.0000,0.0000,0.0000,-0.0000,0.0000,0.0000,0.0000
8.520,-0.0000,0.0000,0.0000,-0.0000,0.0000,0.0000,0.0000
8.532,-0.0000,0.0000,0.0000,-0.0000,0.0000,0.0000,0.0000
8.544,-0.0000,0.0000,0.0000,-0.0000,0.0000,0.0000,0.0000
8.556,-0.0000,0.0000,0.0000,-0.0000,0.0000,0.0000,0.0000
8.568,-0.0000,0.0000,0.0000,-0.0000,0.0000,0.0000,0.0000
8.580,-0.0000,0.0000,0.0000,-0.0000,0.0000,0.0000,0.0000
8.592,-0.0000,0.0000,0.0000,-0.0000,0.0000,0.0000,0.0000
8.604,-0.0000,0.0000,0.0000,-0.0000,0.0000,0.0000,0.0000
8.616,-0.0000,0.0000,0.0000,-0.0000,0.0000,0.0000,0.0000
8.628,-0.0000,0.0000,0.0000,-0.0000,0.0000,0.0000,0.0000
8.640,-0.0000,0.0000,0.0000,-0.0000,0.0000,0.0000,0.0000
8.652,-0.0000,0.0000,0.0000,-0.0000,0.0000,0.0000,0.0000
8.664,-0.0000,0.0000,0.0000,-0.0000,0.0000,0.0000,0.0000
8.676,-0.0000,0.0000,0.0000,-0.0000,0.0000,0.0000,0.0000
8.688,-0.0000,0.0000,0.0000,-0.0000,0.0000,0.0000,0.0000
8.700,-0.0000,0.0000,0.0000,-0.0000,0.0000,0.0000,0.0000
8.712,-0.0000,0.0000,0.0000,-0.0000,0.0000,0.0000,0.0000
8.724,-0.0000,0.0000,0.0000,-0.0000,0.0000,0.0000,0.0000
8.736,-0.0000,0.0000,0.0000,-0.0000,0.0000,0.0000,0.0000
8.748,-0.0000,0.0000,0.0000,-0.0000,0.0000,0.0000,0.0000
8.760,-0.0000,0.0000,0.0000,-0.0000,0.0000,-0.0000,0.0000
8.772,-0.0000,0.0000,0.0000,-0.0000,0.0000,-0.0000,0.0000
8.784,-0.0000,0.0000,0.0000,-0.0000,0.0000,-0.0000,0.0000
8.796,-0.0000,0.0000,0.0000,-0.0000,0.0000,-0.0000,0.0000
8.808,-0.0000,0.0000,0.0000,-0.0000,0.0000,-0.0000,0.0000
8.820,-0.0000,0.0000,0.0000,-0.0000,0.0000,-0.0000,0.0000
8.832,-0.0000,0.0000,0.0000,-0.0000,0.0000,-0.0000,0.0000
8.844,-0.0000,0.0000,0.0000,-0.0000,0.0000,-0.0000,0.0000
8.856,-0.0000,0.0000,0.0000,-0.0000,0.0000,-0.0000,0.0000
8.868,0.0000,0.0000,0.0000,-0.0000,0.0000,-0.0000,0.0000
8.880,0.0000,0.0000,0.0000,-0.0000,0.0000,-0.0000,0.0000
8.892,0.0000,0.0000,0.0000,-0.0000,0.0000,-0.0000,0.0000
8.904,0.0000,0.0000,0.0000,-0.0000,0.0000,-0.0000,0.0000
8.916,0.0000,0.0000,0.0000,-0.0000,0.0000,-0.0000,0.0000
8.928,0.0000,0.0000,0.0000,-0.0000,0.0000,-0.0000,0.0000
8.940,0.0000,0.0000,0.0000,-0.0000,0.0000,-0.0000,0.0000
8.952,0.0000,0.0000,0.0000,-0.0000,0.0000,-0.0000,0.0000
8.964,0.0000,0.0000,0.0000,-0.0000,0.0000,-0.0000,0.0000
8.976,0.0000,0.0000,0.0000,-0.0000,0.0000,-0.0000,0.0000
8.988,0.0000,0.0000,0.0000,-0.0000,0.0000,-0.0000,0.0000
9.000,0.0000,0.0000,0.0000,-0.0000,0.0000,-0.0000,0.0000
9.012,0.0000,0.0000,0.0000,-0.0000,0.0000,-0.0000,0.0000
9.024,0.0000,0.0000,0.0000,-0.0000,0.0000,-0.0000,0.0000
9.036,0.0000,0.0000,0.0000,-0.0000,0.0000,-0.0000,0.0000
9.048,0.0000,0.0000,0.0000,-0.0000,0.0000,-0.0000,0.0000
9.060,0.0000,0.0000,0.0000,-0.0000,0.0000,-0.0000,0.0000
9.072,0.0000,0.0000,0.0000,-0.0000,0.0000,-0.0000,0.0000
9.084,0.0000,0.0000,0.0000,-0.0000,0.0000,-0.0000,0.0000
9.096,0.0000,0.0000,0.0000,-0.0000,0.0000,-0.0000,0.0000
9.108,0.0000,0.0000,0.0000,-0.0000,0.0000,-0.0000,0.0000
9.120,0.0000,0.0000,0.0000,-0.0000,0.0000,-0.0000,0.0000
9.132,0.0000,0.0000,0.0000,-0.0000,0.0000,-0.0000,0.0000
9.144,0.0000,0.0000,0.0000,-0.0000,0.0000,-0.0000,0.0000
9.156,0.0003,-0.0000,0.0001,0.0000,0.0007,0.0003,0.0000
9.168,0.0010,-0.0001,0.0004,0.0000,0.0021,0.0010,-0.0000
9.180,0.0019,-0.0002,0.0008,0.0000,0.0040,0.0019,-0.0000
9.192,0.0031,-0.0003,0.0013,0.0000,0.0064,0.0031,-0.0000
9.204,0.0044,-0.0005,0.0018,0.0000,0.0092,0.0044,-0.0000
9.216,0.0060,-0.0006,0.0024,0.0000,0.0124,0.0060,-0.0000
9.228,0.0077,-0.0008,0.0031,0.0001,0.0159,0.0077,-0.0000
9.240,0.0096,-0.0010,0.0039,0.0001,0.0198,0.0095,-0.0000
9.252,0.0115,-0.0012,0.0047,0.0001,0.0238,0.0115,-0.0000
9.264,0.0136,-0.0014,0.0055,0.0001,0.0282,0.0136,-0.0000
9.276,0.0158,-0.0017,0.0064,0.0001,0.0327,0.0157,-0.0000
9.288,0.0181,-0.0019,0.0074,0.0002,0.0374,0.0180,-0.0000
9.300,0.0204,-0.0022,0.0083,0.0002,0.0422,0.0203,-0.0000
9.312,0.0228,-0.0024,0.0093,0.0002,0.0472,0.0227,-0.0000
9.324,0.0253,-0.0027,0.0103,0.0002,0.0523,0.0252,-0.0000
9.336,0.0278,-0.0029,0.0113,0.0002,0.0575,0.0277,-0.0000
9.348,0.0304,-0.0032,0.0124,0.0003,0.0628,0.0302,-0.0000
9.360,0.0330,-0.0035,0.0134,0.0003,0.0682,0.0328,-0.0000
9.372,0.0356,-0.0038,0.0145,0.0003,0.0736,0.0354,-0.0000
9.384,0.0383,-0.0040,0.0156,0.0003,0.0792,0.0381,-0.0000
9.396,0.0410,-0.0043,0.0167,0.0003,0.0847,0.0408,-0.0000
9.408,0.0437,-0.0046,0.0178,0.0004,0.0903,0.0435,-0.0000
9.420,0.0464,-0.0049,0.0189,0.0004,0.0960,0.0462,-0.0000
9.432,0.0492,-0.0052,0.0200,0.0004,0.1017,0.0490,-0.0000
9.444,0.0520,-0.0055,0.0211,0.0004,0.1075,0.0517,-0.0000
9.456,0.0548,-0.0058,0.0223,0.0005,0.1132,0.0545,-0.0000
9.468,0.0576,-0.0061,0.0234,0.0005,0.1190,0.0573,-0.0000
9.480,0.0604,-0.0064,0.0246,0.0005,0.1248,0.0601,-0.0000
9.492,0.0632,-0.0067,0.0257,0.0005,0.1307,0.0629,-0.0000
9.504,0.0660,-0.0070,0.0269,0.0005,0.1365,0.0657,-0.0000
9.516,0.0689,-0.0073,0.0280,0.0006,0.1424,0.0685,-0.0000
9.528,0.0717,-0.0076,0.0292,0.0006,0.1483,0.0714,-0.0000
9.540,0.0745,-0.0079,0.0303,0.0006,0.1541,0.0742,-0.0000
9.552,0.0774,-0.0082,0.0315,0.0006,0.1600,0.0770,-0.0000
9.564,0.0803,-0.0085,0.0327,0.0007,0.1660,0.0799,-0.0000
9.576,0.0831,-0.0088,0.0338,0.0007,0.1719,0.0827,-0.0000
9.588,0.0860,-0.0091,0.0350,0.0007,0.1778,0.0856,-0.0000
9.600,0.0889,-0.0094,0.0362,0.0007,0.1837,0.0884,-0.0000
9.612,0.0917,-0.0097,0.0373,0.0008,0.1897,0.0913,-0.0000
9.624,0.0946,-0.0100,0.0385,0.0008,0.1956,0.0942,-0.0000
9.636,0.0975,-0.0103,0.0397,0.0008,0.2016,0.0970,-0.0000
9.648,0.1004,-0.0106,0.0408,0.0008,0.2075,0.0999,-0.0000
9.660,0.1032,-0.0109,0.0420,0.0009,0.2135,0.1028,-0.0000
9.672,0.1061,-0.0112,0.0432,0.0009,0.2194,0.1056,-0.0000
9.684,0.1090,-0.0115,0.0444,0.0009,0.2254,0.1085,-0.0000
9.696,0.1119,-0.0118,0.0455,0.0009,0.2314,0.1114,-0.0000
9.708,0.1148,-0.0121,0.0467,0.0010,0.2373,0.1142,-0.0000
9.720,0.1177,-0.0124,0.0479,0.0010,0.2433,0.1171,-0.0000
9.732,0.1206,-0.0127,0.0491,0.0010,0.2493,0.1200,-0.0000
9.744,0.1234,-0.0131,0.0502,0.0010,0.2552,0.1229,-0.0000
9.756,0.1263,-0.0134,0.0514,0.0011,0.2612,0.1257,-0.0000
9.768,0.1292,-0.0137,0.0526,0.0011,0.2672,0.1286,-0.0000
9.780,0.1321,-0.0140,0.0538,0.0011,0.2732,0.1315,-0.0000
9.792,0.1350,-0.0143,0.0549,0.0011,0.2791,0.1344,-0.0000
9.804,0.1379,-0.0146,0.0561,0.0011,0.2851,0.1372,-0.0000
9.816,0.1408,-0.0149,0.0573,0.0012,0.2911,0.1401,-0.0000
9.828,0.1437,-0.0152,0.0585,0.0012,0.2971,0.1430,-0.0000
9.840,0.1466,-0.0155,0.0596,0.0012,0.3030,0.1459,-0.0000
9.852,0.1494,-0.0158,0.0608,0.0012,0.3090,0.1487,-0.0000
9.864,0.1523,-0.0161,0.0620,0.0013,0.3150,0.1516,-0.0000
9.876,0.1552,-0.0164,0.0632,0.0013,0.3210,0.1545,-0.0000
9.888,0.1581,-0.0167,0.0643,0.0013,0.3270,0.1574,-0.0000
9.900,0.1610,-0.0170,0.0655,0.0013,0.3329,0.1603,-0.0000
9.912,0.1639,-0.0173,0.0667,0.0014,0.3389,0.1631,-0.0000
9.924,0.1668,-0.0176,0.0679,0.0014,0.3449,0.1660,-0.0000
9.936,0.1697,-0.0179,0.0691,0.0014,0.3509,0.1689,-0.0000
9.948,0.1726,-0.0182,0.0702,0.0014,0.3568,0.1718,-0.0000
9.960,0.1755,-0.0186,0.0714,0.0015,0.3628,0.1746,-0.0000
9.972,0.1784,-0.0189,0.0726,0.0015,0.3688,0.1775,-0.0000
9.984,0.1813,-0.0192,0.0738,0.0015,0.3748,0.1804,-0.0000
9.996,0.1841,-0.0195,0.0749,0.0015,0.3808,0.1833,-0.0000
10.008,0.1870,-0.0198,0.0761,0.0016,0.3867,0.1862,-0.0000
10.020,0.1899,-0.0201,0.0773,0.0016,0.3927,0.1890,-0.0000
10.032,0.1928,-0.0204,0.0785,0.0016,0.3987,0.1919,-0.0000
10.044,0.1957,-0.0207,0.0796,0.0016,0.4047,0.1948,-0.0000
10.056,0.1986,-0.0210,0.0808,0.0017,0.4107,0.1977,-0.0000
10.068,0.2015,-0.0213,0.0820,0.0017,0.4166,0.2006,-0.0000
10.080,0.2044,-0.0216,0.0832,0.0017,0.4226,0.2034,-0.0000
10.092,0.2073,-0.0219,0.0844,0.0017,0.4286,0.2063,-0.0000
10.104,0.2102,-0.0222,0.0855,0.0018,0.4346,0.2092,-0.0000
10.116,0.2131,-0.0225,0.0867,0.0018,0.4406,0.2121,-0.0000
10.128,0.2160,-0.0228,0.0879,0.0018,0.4465,0.2149,-0.0000
10.140,0.2189,-0.0231,0.0891,0.0018,0.4525,0.2178,-0.0000
10.152,0.2217,-0.0234,0.0902,0.0018,0.4585,0.2207,-0.0000
10.164,0.2246,-0.0237,0.0914,0.0019,0.4645,0.2236,-0.0000
10.176,0.2275,-0.0241,0.0926,0.0019,0.4705,0.2265,-0.0000
10.188,0.2304,-0.0244,0.0938,0.0019,0.4765,0.2293,-0.0000
10.200,0.2333,-0.0247,0.0949,0.0019,0.4824,0.2322,-0.0000
10.212,0.2362,-0.0250,0.0961,0.0020,0.4884,0.2351,-0.0000
10.224,0.2391,-0.0253,0.0973,0.0020,0.4944,0.2380,-0.0000
10.236,0.2420,-0.0256,0.0985,0.0020,0.5004,0.2409,-0.0000
10.248,0.2449,-0.0259,0.0997,0.0020,0.5064,0.2437,-0.0000
10.260,0.2478,-0.0262,0.1008,0.0021,0.5123,0.2466,-0.0000
10.272,0.2507,-0.0265,0.1020,0.0021,0.5183,0.2495,-0.0000
10.284,0.2536,-0.0268,0.1032,0.0021,0.5243,0.2524,-0.0000
10.296,0.2565,-0.0271,0.1044,0.0021,0.5303,0.2552,-0.0000
10.308,0.2593,-0.0274,0.1055,0.0022,0.5363,0.2581,-0.0000
10.320,0.2622,-0.0277,0.1067,0.0022,0.5422,0.2610,-0.0000
10.332,0.2651,-0.0280,0.1079,0.0022,0.5482,0.2639,-0.0000
10.344,0.2680,-0.0283,0.1091,0.0022,0.5542,0.2668,-0.0000
10.356,0.2709,-0.0286,0.1103,0.0023,0.5602,0.2696,-0.0000
10.368,0.2738,-0.0289,0.1114,0.0023,0.5662,0.2725,-0.0000
10.380,0.2767,-0.0293,0.1126,0.0023,0.5721,0.2754,-0.0000
10.392,0.2796,-0.0296,0.1138,0.0023,0.5781,0.2783,-0.0000
10.404,0.2825,-0.0299,0.1150,0.0024,0.5841,0.2812,-0.0000
10.416,0.2854,-0.0302,0.1161,0.0024,0.5901,0.2840,-0.0000
10.428,0.2883,-0.0305,0.1173,0.0024,0.5961,0.2869,-0.0000
10.440,0.2912,-0.0308,0.1185,0.0024,0.6020,0.2898,-0.0000
10.452,0.2941,-0.0311,0.1197,0.0024,0.6080,0.2927,-0.0000
10.464,0.2969,-0.0314,0.1208,0.0025,0.6140,0.2956,-0.0000
10.476,0.2998,-0.0317,0.1220,0.0025,0.6200,0.2984,-0.0000
10.488,0.3027,-0.0320,0.1232,0.0025,0.6260,0.3013,-0.0000
10.500,0.3056,-0.0323,0.1244,0.0025,0.6319,0.3042,-0.0000
10.512,0.3085,-0.0326,0.1256,0.0026,0.6379,0.3071,-0.0000
10.524,0.3114,-0.0329,0.1267,0.0026,0.6439,0.3099,-0.0000
10.536,0.3143,-0.0332,0.1279,0.0026,0.6499,0.3128,-0.0000
10.548,0.3172,-0.0335,0.1291,0.0026,0.6559,0.3157,-0.0000
10.560,0.3201,-0.0338,0.1303,0.0027,0.6618,0.3186,-0.0000
10.572,0.3230,-0.0341,0.1314,0.0027,0.6678,0.3215,-0.0000
10.584,0.3259,-0.0345,0.1326,0.0027,0.6738,0.3243,-0.0000
10.596,0.3288,-0.0348,0.1338,0.0027,0.6798,0.3272,-0.0000
10.608,0.3317,-0.0351,0.1350,0.0028,0.6858,0.3301,-0.0000
10.620,0.3345,-0.0354,0.1361,0.0028,0.6917,0.3330,-0.0000
10.632,0.3374,-0.0357,0.1373,0.0028,0.6977,0.3359,-0.0000
10.644,0.3403,-0.0360,0.1385,0.0028,0.7037,0.3387,-0.0000
10.656,0.3432,-0.0363,0.1397,0.0029,0.7097,0.3416,-0.0000
10.668,0.3461,-0.0366,0.1409,0.0029,0.7157,0.3445,-0.0000
10.680,0.3490,-0.0369,0.1420,0.0029,0.7217,0.3474,-0.0000
10.692,0.3519,-0.0372,0.1432,0.0029,0.7276,0.3502,-0.0000
10.704,0.3548,-0.0375,0.1444,0.0030,0.7336,0.3531,-0.0000
10.716,0.3577,-0.0378,0.1456,0.0030,0.7396,0.3560,-0.0000
10.728,0.3606,-0.0381,0.1467,0.0030,0.7456,0.3589,-0.0000
10.740,0.3635,-0.0384,0.1479,0.0030,0.7516,0.3618,-0.0000
10.752,0.3664,-0.0387,0.1491,0.0031,0.7575,0.3646,-0.0000
10.764,0.3693,-0.0390,0.1503,0.0031,0.7635,0.3675,-0.0000
10.776,0.3722,-0.0393,0.1514,0.0031,0.7695,0.3704,-0.0000
10.788,0.3750,-0.0396,0.1526,0.0031,0.7755,0.3733,-0.0000
10.800,0.3779,-0.0400,0.1538,0.0031,0.7815,0.3762,-0.0000
10.812,0.3808,-0.0403,0.1550,0.0032,0.7874,0.3790,-0.0000
10.824,0.3837,-0.0406,0.1562,0.0032,0.7934,0.3819,-0.0000
10.836,0.3866,-0.0409,0.1573,0.0032,0.7994,0.3848,-0.0000
10.848,0.3895,-0.0412,0.1585,0.0032,0.8054,0.3877,-0.0000
10.860,0.3924,-0.0415,0.1597,0.0033,0.8114,0.3905,-0.0000
10.872,0.3953,-0.0418,0.1609,0.0033,0.8173,0.3934,-0.0000
10.884,0.3982,-0.0421,0.1620,0.0033,0.8233,0.3963,-0.0000
10.896,0.4011,-0.0424,0.1632,0.0033,0.8293,0.3992,-0.0000
10.908,0.4040,-0.0427,0.1644,0.0034,0.8353,0.4021,-0.0000
10.920,0.4069,-0.0430,0.1656,0.0034,0.8413,0.4049,-0.0000
10.932,0.4098,-0.0433,0.1667,0.0034,0.8472,0.4078,-0.0000
10.944,0.4126,-0.0436,0.1679,0.0034,0.8532,0.4107,-0.0000
10.956,0.4155,-0.0439,0.1691,0.0035,0.8592,0.4136,-0.0000
10.968,0.4184,-0.0442,0.1703,0.0035,0.8652,0.4165,-0.0000
10.980,0.4213,-0.0445,0.1715,0.0035,0.8712,0.4193,-0.0000
10.992,0.4242,-0.0448,0.1726,0.0035,0.8771,0.4222,-0.0000
11.004,0.4271,-0.0452,0.1738,0.0036,0.8831,0.4251,-0.0000
11.016,0.4300,-0.0455,0.1750,0.0036,0.8891,0.4280,-0.0000
11.028,0.4329,-0.0458,0.1762,0.0036,0.8951,0.4309,-0.0000
11.040,0.4358,-0.0461,0.1773,0.0036,0.9011,0.4337,-0.0000
11.052,0.4387,-0.0464,0.1785,0.0037,0.9070,0.4366,-0.0000
11.064,0.4416,-0.0467,0.1797,0.0037,0.9130,0.4395,-0.0000
11.076,0.4445,-0.0470,0.1809,0.0037,0.9190,0.4424,-0.0000
11.088,0.4474,-0.0473,0.1821,0.0037,0.9250,0.4452,-0.0000
11.100,0.4502,-0.0476,0.1832,0.0037,0.9310,0.4481,-0.0000
11.112,0.4531,-0.0479,0.1844,0.0038,0.9370,0.4510,-0.0000
11.124,0.4560,-0.0482,0.1856,0.0038,0.9429,0.4539,-0.0000
11.136,0.4589,-0.0485,0.1868,0.0038,0.9489,0.4568,-0.0000
11.148,0.4617,-0.0488,0.1879,0.0038,0.9547,0.4595,-0.0000
11.160,0.4641,-0.0491,0.1889,0.0039,0.9597,0.4620,-0.0000
11.172,0.4663,-0.0493,0.1898,0.0039,0.9642,0.4641,-0.0000
11.184,0.4682,-0.0495,0.1905,0.0039,0.9681,0.4660,-0.0000
11.196,0.4698,-0.0497,0.1912,0.0039,0.9715,0.4676,-0.0000
11.208,0.4713,-0.0498,0.1918,0.0039,0.9745,0.4691,-0.0000
11.220,0.4726,-0.0500,0.1923,0.0039,0.9772,0.4704,-0.0000
11.232,0.4737,-0.0501,0.1928,0.0039,0.9796,0.4715,-0.0000
11.244,0.4747,-0.0502,0.1932,0.0040,0.9816,0.4725,-0.0000
11.256,0.4747,-0.0502,0.1932,0.0040,0.9816,0.4725,-0.0000
11.268,0.4747,-0.0497,0.1932,0.0040,0.9816,0.4725,-0.0000
11.280,0.4748,-0.0487,0.1932,0.0040,0.9817,0.4725,-0.0000
11.292,0.4748,-0.0473,0.1932,0.0040,0.9817,0.4726,-0.0000
11.304,0.4748,-0.0456,0.1932,0.0040,0.9818,0.4726,-0.0000
11.316,0.4748,-0.0435,0.1932,0.0040,0.9818,0.4726,-0.0000
11.328,0.4749,-0.0412,0.1933,0.0040,0.9819,0.4727,-0.0000
11.340,0.4749,-0.0386,0.1933,0.0040,0.9820,0.4727,-0.0000
11.352,0.4750,-0.0358,0.1933,0.0040,0.9821,0.4727,-0.0000
11.364,0.4750,-0.0328,0.1933,0.0040,0.9822,0.4728,-0.0000
11.376,0.4751,-0.0297,0.1933,0.0040,0.9823,0.4728,-0.0000
11.388,0.4751,-0.0264,0.1934,0.0040,0.9824,0.4729,-0.0000
11.400,0.4752,-0.0230,0.1934,0.0040,0.9826,0.4730,-0.0000
11.412,0.4753,-0.0194,0.1934,0.0040,0.9827,0.4730,-0.0000
11.424,0.4753,-0.0158,0.1934,0.0040,0.9828,0.4731,-0.0000
11.436,0.4754,-0.0121,0.1935,0.0040,0.9829,0.4731,-0.0000
11.448,0.4754,-0.0083,0.1935,0.0040,0.9831,0.4732,-0.0000
11.460,0.4755,-0.0045,0.1935,0.0040,0.9832,0.4733,-0.0000
11.472,0.4756,-0.0005,0.1935,0.0040,0.9833,0.4733,-0.0000
11.484,0.4756,0.0034,0.1936,0.0040,0.9835,0.4734,-0.0000
11.496,0.4757,0.0075,0.1936,0.0040,0.9836,0.4735,-0.0000
11.508,0.4758,0.0115,0.1936,0.0040,0.9838,0.4735,-0.0000
11.520,0.4758,0.0156,0.1936,0.0040,0.9839,0.4736,-0.0000
11.532,0.4759,0.0197,0.1937,0.0040,0.9840,0.4737,-0.0000
11.544,0.4760,0.0239,0.1937,0.0040,0.9842,0.4737,-0.0000
11.556,0.4761,0.0281,0.1937,0.0040,0.9843,0.4738,-0.0000
11.568,0.4761,0.0323,0.1938,0.0040,0.9845,0.4739,-0.0000
11.580,0.4762,0.0365,0.1938,0.0040,0.9846,0.4740,-0.0000
11.592,0.4763,0.0407,0.1938,0.0040,0.9848,0.4740,-0.0000
11.604,0.4763,0.0450,0.1938,0.0040,0.9849,0.4741,-0.0000
11.616,0.4764,0.0492,0.1939,0.0040,0.9851,0.4742,-0.0000
11.628,0.4765,0.0535,0.1939,0.0040,0.9852,0.4742,-0.0000
11.640,0.4766,0.0578,0.1939,0.0040,0.9854,0.4743,-0.0000
11.652,0.4766,0.0621,0.1940,0.0040,0.9855,0.4744,-0.0000
11.664,0.4767,0.0664,0.1940,0.0040,0.9857,0.4745,-0.0000
11.676,0.4768,0.0707,0.1940,0.0040,0.9858,0.4745,-0.0000
11.688,0.4768,0.0750,0.1941,0.0040,0.9860,0.4746,-0.0000
11.700,0.4769,0.0793,0.1941,0.0040,0.9861,0.4747,-0.0000
11.712,0.4770,0.0836,0.1941,0.0040,0.9863,0.4747,-0.0000
11.724,0.4771,0.0880,0.1941,0.0040,0.9864,0.4748,-0.0000
11.736,0.4771,0.0923,0.1942,0.0040,0.9866,0.4749,-0.0000
11.748,0.4772,0.0966,0.1942,0.0040,0.9867,0.4750,-0.0000
11.760,0.4773,0.1010,0.1942,0.0040,0.9869,0.4750,-0.0000
11.772,0.4774,0.1053,0.1943,0.0040,0.9870,0.4751,-0.0000
11.784,0.4774,0.1096,0.1943,0.0040,0.9872,0.4752,-0.0000
11.796,0.4775,0.1140,0.1943,0.0040,0.9873,0.4752,-0.0000
11.808,0.4776,0.1183,0.1943,0.0040,0.9875,0.4753,-0.0000
11.820,0.4776,0.1227,0.1944,0.0040,0.9876,0.4754,-0.0000
11.832,0.4777,0.1270,0.1944,0.0040,0.9878,0.4755,-0.0000
11.844,0.4778,0.1314,0.1944,0.0040,0.9879,0.4755,-0.0000
11.856,0.4779,0.1357,0.1945,0.0040,0.9881,0.4756,-0.0000
11.868,0.4779,0.1401,0.1945,0.0040,0.9882,0.4757,-0.0000
11.880,0.4780,0.1444,0.1945,0.0040,0.9884,0.4758,-0.0000
11.892,0.4781,0.1488,0.1946,0.0040,0.9885,0.4758,-0.0000
11.904,0.4782,0.1531,0.1946,0.0040,0.9887,0.4759,-0.0000
11.916,0.4782,0.1575,0.1946,0.0040,0.9888,0.4760,-0.0000
11.928,0.4783,0.1618,0.1946,0.0040,0.9890,0.4761,-0.0000
11.940,0.4784,0.1662,0.1947,0.0040,0.9891,0.4761,-0.0000
11.952,0.4784,0.1705,0.1947,0.0040,0.9893,0.4762,-0.0000
11.964,0.4785,0.1749,0.1947,0.0040,0.9894,0.4763,-0.0000
11.976,0.4786,0.1792,0.1948,0.0040,0.9896,0.4763,-0.0000
11.988,0.4787,0.1836,0.1948,0.0040,0.9897,0.4764,-0.0000
12.000,0.4787,0.1879,0.1948,0.0040,0.9899,0.4765,-0.0000
12.012,0.4788,0.1923,0.1949,0.0040,0.9900,0.4766,-0.0000
12.024,0.4789,0.1966,0.1949,0.0040,0.9902,0.4766,-0.0000
12.036,0.4790,0.2010,0.1949,0.0040,0.9903,0.4767,-0.0000
12.048,0.4790,0.2053,0.1949,0.0040,0.9905,0.4768,-0.0000
12.060,0.4791,0.2097,0.1950,0.0040,0.9907,0.4769,-0.0000
12.072,0.4792,0.2141,0.1950,0.0040,0.9908,0.4769,-0.0000
12.084,0.4793,0.2184,0.1950,0.0040,0.9910,0.4770,-0.0000
12.096,0.4793,0.2228,0.1951,0.0040,0.9911,0.4771,-0.0000
12.108,0.4794,0.2271,0.1951,0.0040,0.9913,0.4771,-0.0000
12.120,0.4795,0.2315,0.1951,0.0040,0.9914,0.4772,-0.0000
12.132,0.4795,0.2358,0.1952,0.0040,0.9916,0.4773,-0.0000
12.144,0.4796,0.2402,0.1952,0.0040,0.9917,0.4774,-0.0000
12.156,0.4797,0.2445,0.1952,0.0040,0.9919,0.4774,-0.0000
12.168,0.4798,0.2489,0.1952,0.0040,0.9920,0.4775,-0.0000
12.180,0.4798,0.2533,0.1953,0.0040,0.9922,0.4776,-0.0000
12.192,0.4799,0.2576,0.1953,0.0040,0.9923,0.4777,-0.0000
12.204,0.4800,0.2620,0.1953,0.0040,0.9925,0.4777,-0.0000
12.216,0.4801,0.2663,0.1954,0.0040,0.9926,0.4778,-0.0000
12.228,0.4801,0.2707,0.1954,0.0040,0.9928,0.4779,-0.0000
12.240,0.4802,0.2750,0.1954,0.0040,0.9929,0.4779,-0.0000
12.252,0.4803,0.2794,0.1954,0.0040,0.9931,0.4780,-0.0000
12.264,0.4804,0.2837,0.1955,0.0040,0.9932,0.4781,-0.0000
12.276,0.4804,0.2881,0.1955,0.0040,0.9934,0.4782,-0.0000
12.288,0.4805,0.2925,0.1955,0.0040,0.9935,0.4782,-0.0000
12.300,0.4806,0.2968,0.1956,0.0040,0.9937,0.4783,-0.0000
12.312,0.4806,0.3012,0.1956,0.0040,0.9938,0.4784,-0.0000
12.324,0.4807,0.3055,0.1956,0.0040,0.9940,0.4785,-0.0000
12.336,0.4808,0.3099,0.1957,0.0040,0.9941,0.4785,-0.0000
12.348,0.4809,0.3142,0.1957,0.0040,0.9943,0.4786,-0.0000
12.360,0.4809,0.3186,0.1957,0.0040,0.9944,0.4787,-0.0000
12.372,0.4810,0.3229,0.1957,0.0040,0.9946,0.4787,-0.0000
12.384,0.4811,0.3273,0.1958,0.0040,0.9947,0.4788,-0.0000
12.396,0.4812,0.3317,0.1958,0.0040,0.9949,0.4789,-0.0000
12.408,0.4812,0.3360,0.1958,0.0040,0.9950,0.4790,-0.0000
12.420,0.4813,0.3404,0.1959,0.0040,0.9952,0.4790,-0.0000
12.432,0.4814,0.3447,0.1959,0.0040,0.9953,0.4791,-0.0000
12.444,0.4814,0.3491,0.1959,0.0040,0.9955,0.4792,-0.0000
12.456,0.4815,0.3534,0.1960,0.0040,0.9956,0.4793,-0.0000
12.468,0.4816,0.3573,0.1960,0.0040,0.9958,0.4793,-0.0000
12.480,0.4816,0.3606,0.1960,0.0040,0.9959,0.4794,-0.0000
12.492,0.4817,0.3636,0.1960,0.0040,0.9960,0.4794,-0.0000
12.504,0.4817,0.3662,0.1960,0.0040,0.9961,0.4795,-0.0000
12.516,0.4818,0.3685,0.1961,0.0040,0.9962,0.4795,-0.0000
12.528,0.4818,0.3705,0.1961,0.0040,0.9962,0.4795,-0.0000
12.540,0.4818,0.3723,0.1961,0.0040,0.9963,0.4796,-0.0000
12.552,0.4819,0.3739,0.1961,0.0040,0.9964,0.4796,-0.0000
12.564,0.4819,0.3753,0.1961,0.0040,0.9964,0.4796,-0.0005
12.576,0.4819,0.3765,0.1961,0.0040,0.9964,0.4796,-0.0015
12.588,0.4819,0.3775,0.1961,0.0040,0.9965,0.4797,-0.0029
12.600,0.4819,0.3785,0.1961,0.0040,0.9965,0.4797,-0.0047
12.612,0.4820,0.3793,0.1961,0.0040,0.9965,0.4797,-0.0068
12.624,0.4820,0.3800,0.1961,0.0040,0.9966,0.4797,-0.0091
12.636,0.4820,0.3807,0.1961,0.0040,0.9966,0.4797,-0.0117
12.648,0.4820,0.3812,0.1961,0.0040,0.9966,0.4797,-0.0145
12.660,0.4820,0.3817,0.1962,0.0040,0.9966,0.4797,-0.0175
12.672,0.4820,0.3822,0.1962,0.0040,0.9966,0.4797,-0.0207
12.684,0.4820,0.3826,0.1962,0.0040,0.9967,0.4797,-0.0240
12.696,0.4820,0.3829,0.1962,0.0040,0.9967,0.4797,-0.0275
12.708,0.4820,0.3832,0.1962,0.0040,0.9967,0.4798,-0.0311
12.720,0.4820,0.3835,0.1962,0.0040,0.9967,0.4798,-0.0347
12.732,0.4820,0.3837,0.1962,0.0040,0.9967,0.4798,-0.0385
12.744,0.4820,0.3839,0.1962,0.0040,0.9967,0.4798,-0.0423
12.756,0.4820,0.3841,0.1962,0.0040,0.9967,0.4798,-0.0462
12.768,0.4820,0.3842,0.1962,0.0040,0.9967,0.4798,-0.0502
12.780,0.4820,0.3844,0.1962,0.0040,0.9967,0.4798,-0.0542
12.792,0.4820,0.3845,0.1962,0.0040,0.9967,0.4798,-0.0582
12.804,0.4820,0.3846,0.1962,0.0040,0.9967,0.4798,-0.0623
12.816,0.4820,0.3847,0.1962,0.0040,0.9967,0.4798,-0.0665
12.828,0.4820,0.3848,0.1962,0.0040,0.9967,0.4798,-0.0706
12.840,0.4821,0.3848,0.1962,0.0040,0.9967,0.4798,-0.0748
12.852,0.4821,0.3849,0.1962,0.0040,0.9967,0.4798,-0.0791
12.864,0.4821,0.3850,0.1962,0.0040,0.9967,0.4798,-0.0833
12.876,0.4821,0.3850,0.1962,0.0040,0.9967,0.4798,-0.0876
12.888,0.4821,0.3850,0.1962,0.0040,0.9967,0.4798,-0.0918
12.900,0.4821,0.3851,0.1962,0.0040,0.9967,0.4798,-0.0961
12.912,0.4821,0.3851,0.1962,0.0040,0.9967,0.4798,-0.1004
12.924,0.4821,0.3852,0.1962,0.0040,0.9967,0.4798,-0.1047
12.936,0.4821,0.3852,0.1962,0.0040,0.9968,0.4798,-0.1091
12.948,0.4821,0.3852,0.1962,0.0040,0.9968,0.4798,-0.1134
12.960,0.4821,0.3852,0.1962,0.0040,0.9968,0.4798,-0.1178
12.972,0.4821,0.3852,0.1962,0.0040,0.9968,0.4798,-0.1221
12.984,0.4821,0.3853,0.1962,0.0040,0.9968,0.4798,-0.1265
12.996,0.4821,0.3853,0.1962,0.0040,0.9968,0.4798,-0.1308
13.008,0.4821,0.3853,0.1962,0.0040,0.9968,0.4798,-0.1352
13.020,0.4821,0.3853,0.1962,0.0040,0.9968,0.4798,-0.1396
13.032,0.4821,0.3853,0.1962,0.0040,0.9968,0.4798,-0.1439
13.044,0.4821,0.3853,0.1962,0.0040,0.9968,0.4798,-0.1483
13.056,0.4821,0.3853,0.1962,0.0040,0.9968,0.4798,-0.1527
13.068,0.4821,0.3853,0.1962,0.0040,0.9968,0.4798,-0.1571
13.080,0.4821,0.3853,0.1962,0.0040,0.9968,0.4798,-0.1614
13.092,0.4821,0.3853,0.1962,0.0040,0.9968,0.4798,-0.1658
13.104,0.4821,0.3853,0.1962,0.0040,0.9968,0.4798,-0.1702
13.116,0.4821,0.3853,0.1962,0.0040,0.9968,0.4798,-0.1746
13.128,0.4821,0.3853,0.1962,0.0040,0.9968,0.4798,-0.1790
13.140,0.4821,0.3848,0.1962,0.0040,0.9968,0.4798,-0.1834
13.152,0.4821,0.3842,0.1962,0.0042,0.9970,0.4798,-0.1878
13.164,0.4821,0.3835,0.1962,0.0042,0.9976,0.4798,-0.1922
13.176,0.4821,0.3828,0.1962,0.0042,0.9982,0.4798,-0.1966
13.188,0.4821,0.3820,0.1962,0.0042,0.9988,0.4798,-0.2010
13.200,0.4821,0.3813,0.1962,0.0041,0.9993,0.4798,-0.2054
13.212,0.4821,0.3806,0.1962,0.0041,0.9999,0.4798,-0.2098
13.224,0.4821,0.3798,0.1962,0.0041,1.0005,0.4798,-0.2142
13.236,0.4821,0.3791,0.1962,0.0041,1.0010,0.4798,-0.2186
13.248,0.4821,0.3784,0.1962,0.0041,1.0016,0.4798,-0.2230
13.260,0.4821,0.3777,0.1962,0.0041,1.0022,0.4798,-0.2274
13.272,0.4821,0.3769,0.1962,0.0041,1.0027,0.4798,-0.2317
13.284,0.4821,0.3762,0.1962,0.0041,1.0033,0.4798,-0.2361
13.296,0.4821,0.3755,0.1962,0.0041,1.0038,0.4798,-0.2405
13.308,0.4821,0.3748,0.1962,0.0041,1.0044,0.4798,-0.2449
13.320,0.4821,0.3741,0.1962,0.0040,1.0050,0.4798,-0.2493
13.332,0.4821,0.3733,0.1962,0.0040,1.0055,0.4798,-0.2537
13.344,0.4821,0.3726,0.1962,0.0040,1.0060,0.4798,-0.2581
13.356,0.4821,0.3719,0.1962,0.0040,1.0066,0.4798,-0.2625
13.368,0.4821,0.3712,0.1962,0.0040,1.0071,0.4798,-0.2669
13.380,0.4821,0.3705,0.1962,0.0040,1.0077,0.4798,-0.2713
13.392,0.4821,0.3698,0.1962,0.0040,1.0082,0.4798,-0.2757
13.404,0.4821,0.3691,0.1962,0.0040,1.0087,0.4798,-0.2801
13.416,0.4821,0.3684,0.1962,0.0040,1.0093,0.4798,-0.2845
13.428,0.4821,0.3677,0.1962,0.0040,1.0098,0.4798,-0.2889
13.440,0.4821,0.3669,0.1962,0.0040,1.0103,0.4798,-0.2933
13.452,0.4821,0.3662,0.1962,0.0040,1.0108,0.4798,-0.2977
13.464,0.4821,0.3655,0.1962,0.0040,1.0114,0.4798,-0.3021
13.476,0.4821,0.3649,0.1962,0.0040,1.0119,0.4798,-0.3065
13.488,0.4821,0.3642,0.1962,0.0040,1.0124,0.4798,-0.3109
13.500,0.4821,0.3635,0.1962,0.0040,1.0129,0.4798,-0.3153
13.512,0.4821,0.3628,0.1962,0.0040,1.0134,0.4798,-0.3197
13.524,0.4821,0.3621,0.1962,0.0040,1.0139,0.4798,-0.3241
13.536,0.4821,0.3614,0.1962,0.0040,1.0144,0.4798,-0.3285
13.548,0.4821,0.3607,0.1962,0.0040,1.0149,0.4798,-0.3329
13.560,0.4821,0.3600,0.1962,0.0040,1.0154,0.4798,-0.3373
13.572,0.4821,0.3594,0.1962,0.0040,1.0159,0.4798,-0.3417
13.584,0.4821,0.3587,0.1962,0.0040,1.0164,0.4798,-0.3461
13.596,0.4821,0.3580,0.1962,0.0040,1.0169,0.4798,-0.3505
13.608,0.4821,0.3573,0.1962,0.0040,1.0174,0.4798,-0.3549
13.620,0.4821,0.3567,0.1962,0.0040,1.0179,0.4798,-0.3593
13.632,0.4821,0.3560,0.1962,0.0040,1.0184,0.4798,-0.3637
13.644,0.4821,0.3553,0.1962,0.0040,1.0189,0.4798,-0.3681
13.656,0.4821,0.3546,0.1962,0.0040,1.0194,0.4798,-0.3725
13.668,0.4821,0.3540,0.1962,0.0040,1.0199,0.4798,-0.3769
13.680,0.4821,0.3533,0.1962,0.0040,1.0204,0.4798,-0.3813
13.692,0.4821,0.3527,0.1962,0.0040,1.0208,0.4798,-0.3857
13.704,0.4821,0.3520,0.1962,0.0040,1.0213,0.4798,-0.3901
13.716,0.4821,0.3514,0.1962,0.0040,1.0218,0.4798,-0.3945
13.728,0.4821,0.3507,0.1962,0.0040,1.0223,0.4798,-0.3989
13.740,0.4821,0.3501,0.1962,0.0040,1.0227,0.4798,-0.4033
13.752,0.4821,0.3494,0.1962,0.0040,1.0232,0.4798,-0.4077
13.764,0.4821,0.3489,0.1962,0.0040,1.0236,0.4798,-0.4116
13.776,0.4821,0.3483,0.1962,0.0040,1.0240,0.4798,-0.4150
13.788,0.4821,0.3475,0.1962,0.0040,1.0239,0.4798,-0.4180
13.800,0.4821,0.3463,0.1962,0.0040,1.0237,0.4798,-0.4206
13.812,0.4821,0.3447,0.1962,0.0040,1.0235,0.4798,-0.4230
13.824,0.4821,0.3429,0.1962,0.0040,1.0233,0.4798,-0.4250
13.836,0.4821,0.3408,0.1962,0.0040,1.0231,0.4798,-0.4268
13.848,0.4821,0.3385,0.1962,0.0040,1.0229,0.4798,-0.4284
13.860,0.4821,0.3360,0.1962,0.0040,1.0227,0.4798,-0.4298
13.872,0.4821,0.3332,0.1962,0.0040,1.0224,0.4798,-0.4310
13.884,0.4821,0.3304,0.1962,0.0040,1.0222,0.4798,-0.4321
13.896,0.4821,0.3274,0.1962,0.0040,1.0220,0.4798,-0.4330
13.908,0.4821,0.3243,0.1962,0.0040,1.0217,0.4798,-0.4339
13.920,0.4821,0.3210,0.1962,0.0040,1.0215,0.4798,-0.4346
13.932,0.4821,0.3177,0.1962,0.0040,1.0213,0.4798,-0.4353
13.944,0.4821,0.3143,0.1962,0.0040,1.0210,0.4798,-0.4358
13.956,0.4821,0.3109,0.1962,0.0040,1.0208,0.4798,-0.4363
13.968,0.4821,0.3073,0.1962,0.0040,1.0205,0.4798,-0.4368
13.980,0.4821,0.3037,0.1962,0.0040,1.0203,0.4798,-0.4372
13.992,0.4821,0.3001,0.1962,0.0040,1.0200,0.4798,-0.4375
14.004,0.4821,0.2964,0.1962,0.0040,1.0198,0.4798,-0.4378
14.016,0.4821,0.2927,0.1962,0.0040,1.0195,0.4798,-0.4381
14.028,0.4821,0.2889,0.1962,0.0040,1.0193,0.4798,-0.4383
14.040,0.4821,0.2851,0.1962,0.0040,1.0190,0.4798,-0.4385
14.052,0.4821,0.2813,0.1962,0.0040,1.0187,0.4798,-0.4387
14.064,0.4821,0.2775,0.1962,0.0040,1.0185,0.4798,-0.4388
14.076,0.4821,0.2736,0.1962,0.0040,1.0182,0.4798,-0.4390
14.088,0.4821,0.2697,0.1962,0.0040,1.0180,0.4798,-0.4391
14.100,0.4821,0.2659,0.1962,0.0040,1.0177,0.4798,-0.4392
14.112,0.4821,0.2620,0.1962,0.0040,1.0174,0.4798,-0.4393
14.124,0.4821,0.2580,0.1962,0.0040,1.0172,0.4798,-0.4394
14.136,0.4821,0.2541,0.1962,0.0040,1.0169,0.4798,-0.4395
14.148,0.4821,0.2502,0.1962,0.0040,1.0166,0.4798,-0.4395
14.160,0.4821,0.2462,0.1962,0.0040,1.0164,0.4798,-0.4396
14.172,0.4821,0.2423,0.1962,0.0040,1.0161,0.4798,-0.4396
14.184,0.4821,0.2383,0.1962,0.0040,1.0159,0.4798,-0.4397
14.196,0.4821,0.2344,0.1962,0.0040,1.0156,0.4798,-0.4397
14.208,0.4821,0.2304,0.1962,0.0040,1.0153,0.4798,-0.4397
14.220,0.4821,0.2264,0.1962,0.0040,1.0151,0.4798,-0.4398
14.232,0.4821,0.2224,0.1962,0.0040,1.0148,0.4798,-0.4398
14.244,0.4821,0.2185,0.1962,0.0040,1.0145,0.4798,-0.4398
14.256,0.4821,0.2145,0.1962,0.0040,1.0143,0.4798,-0.4398
14.268,0.4821,0.2105,0.1962,0.0040,1.0140,0.4798,-0.4399
14.280,0.4821,0.2065,0.1962,0.0040,1.0138,0.4798,-0.4399
14.292,0.4821,0.2025,0.1962,0.0040,1.0135,0.4798,-0.4399
14.304,0.4821,0.1985,0.1962,0.0040,1.0132,0.4798,-0.4399
14.316,0.4821,0.1945,0.1962,0.0040,1.0130,0.4798,-0.4399
14.328,0.4821,0.1905,0.1962,0.0040,1.0127,0.4798,-0.4399
14.340,0.4821,0.1865,0.1962,0.0040,1.0124,0.4798,-0.4399
14.352,0.4821,0.1826,0.1962,0.0040,1.0122,0.4798,-0.4399
14.364,0.4821,0.1786,0.1962,0.0040,1.0119,0.4798,-0.4400
14.376,0.4821,0.1746,0.1962,0.0040,1.0116,0.4798,-0.4400
14.388,0.4821,0.1706,0.1962,0.0040,1.0114,0.4798,-0.4400
14.400,0.4821,0.1666,0.1962,0.0040,1.0111,0.4798,-0.4400
14.412,0.4821,0.1626,0.1962,0.0040,1.0108,0.4798,-0.4400
14.424,0.4821,0.1586,0.1962,0.0040,1.0106,0.4798,-0.4400
14.436,0.4821,0.1546,0.1962,0.0040,1.0103,0.4798,-0.4400
14.448,0.4821,0.1506,0.1962,0.0040,1.0101,0.4798,-0.4400
14.460,0.4821,0.1466,0.1962,0.0040,1.0098,0.4798,-0.4400
14.472,0.4821,0.1426,0.1962,0.0040,1.0095,0.4798,-0.4400
14.484,0.4821,0.1385,0.1962,0.0040,1.0093,0.4798,-0.4400
14.496,0.4821,0.1345,0.1962,0.0040,1.0090,0.4798,-0.4400
14.508,0.4821,0.1305,0.1962,0.0040,1.0087,0.4798,-0.4400
14.520,0.4821,0.1265,0.1962,0.0040,1.0085,0.4798,-0.4400
14.532,0.4821,0.1225,0.1962,0.0040,1.0082,0.4798,-0.4400
14.544,0.4821,0.1185,0.1962,0.0040,1.0079,0.4798,-0.4400
14.556,0.4821,0.1145,0.1962,0.0040,1.0077,0.4798,-0.4400
14.568,0.4821,0.1105,0.1962,0.0040,1.0074,0.4798,-0.4400
14.580,0.4821,0.1065,0.1962,0.0040,1.0072,0.4798,-0.4400
14.592,0.4821,0.1025,0.1962,0.0040,1.0069,0.4798,-0.4400
14.604,0.4821,0.0985,0.1962,0.0040,1.0066,0.4798,-0.4400
14.616,0.4821,0.0945,0.1962,0.0040,1.0064,0.4798,-0.4400
14.628,0.4821,0.0905,0.1962,0.0040,1.0061,0.4798,-0.4400
14.640,0.4821,0.0865,0.1962,0.0040,1.0058,0.4798,-0.4400
14.652,0.4821,0.0825,0.1962,0.0040,1.0056,0.4798,-0.4400
14.664,0.4821,0.0785,0.1962,0.0040,1.0053,0.4798,-0.4400
14.676,0.4821,0.0745,0.1962,0.0040,1.0050,0.4798,-0.4400
14.688,0.4821,0.0705,0.1962,0.0040,1.0048,0.4798,-0.4400
14.700,0.4821,0.0665,0.1962,0.0040,1.0045,0.4798,-0.4400
14.712,0.4821,0.0625,0.1962,0.0040,1.0042,0.4798,-0.4400
14.724,0.4821,0.0585,0.1962,0.0040,1.0040,0.4798,-0.4400
14.736,0.4821,0.0545,0.1962,0.0040,1.0037,0.4798,-0.4400
14.748,0.4821,0.0505,0.1962,0.0040,1.0035,0.4798,-0.4400
14.760,0.4821,0.0465,0.1962,0.0040,1.0032,0.4798,-0.4400
14.772,0.4821,0.0425,0.1962,0.0040,1.0029,0.4798,-0.4400
14.784,0.4821,0.0385,0.1962,0.0040,1.0027,0.4798,-0.4400
14.796,0.4821,0.0345,0.1962,0.0040,1.0024,0.4798,-0.4400
14.808,0.4821,0.0305,0.1962,0.0040,1.0021,0.4798,-0.4400
14.820,0.4821,0.0264,0.1962,0.0040,1.0019,0.4798,-0.4400
14.832,0.4821,0.0224,0.1962,0.0040,1.0016,0.4798,-0.4400
14.844,0.4821,0.0184,0.1962,0.0040,1.0013,0.4798,-0.4400
14.856,0.4821,0.0144,0.1962,0.0040,1.0011,0.4798,-0.4400
14.868,0.4821,0.0104,0.1962,0.0040,1.0008,0.4798,-0.4400
14.880,0.4821,0.0064,0.1962,0.0040,1.0005,0.4798,-0.4400
14.892,0.4821,0.0024,0.1962,0.0040,1.0003,0.4798,-0.4400
14.904,0.4821,-0.0016,0.1962,0.0040,1.0000,0.4798,-0.4400
14.916,0.4821,-0.0056,0.1962,0.0040,0.9998,0.4798,-0.4400
14.928,0.4821,-0.0096,0.1962,0.0040,0.9995,0.4798,-0.4400
14.940,0.4821,-0.0136,0.1962,0.0040,0.9992,0.4798,-0.4400
14.952,0.4821,-0.0176,0.1962,0.0040,0.9990,0.4798,-0.4400
14.964,0.4821,-0.0216,0.1962,0.0040,0.9987,0.4798,-0.4400
14.976,0.4821,-0.0251,0.1962,0.0040,0.9985,0.4798,-0.4400
14.988,0.4821,-0.0282,0.1962,0.0040,0.9983,0.4798,-0.4400
15.000,0.4821,-0.0310,0.1962,0.0040,0.9981,0.4798,-0.4400
15.012,0.4821,-0.0334,0.1962,0.0040,0.9979,0.4798,-0.4400
15.024,0.4821,-0.0355,0.1962,0.0040,0.9978,0.4798,-0.4400
15.036,0.4821,-0.0373,0.1962,0.0040,0.9977,0.4798,-0.4400
15.048,0.4821,-0.0390,0.1962,0.0040,0.9975,0.4798,-0.4400
15.060,0.4821,-0.0404,0.1962,0.0040,0.9975,0.4798,-0.4400
15.072,0.4821,-0.0404,0.1962,0.0040,0.9975,0.4798,-0.4400
15.084,0.4821,-0.0407,0.1962,0.0040,0.9975,0.4798,-0.4400
15.096,0.4821,-0.0412,0.1962,0.0040,0.9975,0.4798,-0.4400
15.108,0.4821,-0.0419,0.1962,0.0040,0.9974,0.4798,-0.4400
15.120,0.4821,-0.0428,0.1962,0.0040,0.9974,0.4798,-0.4400
15.132,0.4821,-0.0438,0.1962,0.0040,0.9974,0.4798,-0.4400
15.144,0.4821,-0.0450,0.1962,0.0040,0.9974,0.4798,-0.4400
15.156,0.4821,-0.0463,0.1962,0.0040,0.9974,0.4798,-0.4400
15.168,0.4821,-0.0477,0.1962,0.0040,0.9974,0.4798,-0.4400
15.180,0.4821,-0.0493,0.1962,0.0040,0.9974,0.4798,-0.4400
15.192,0.4821,-0.0509,0.1962,0.0040,0.9974,0.4798,-0.4400
15.204,0.4821,-0.0525,0.1962,0.0040,0.9974,0.4798,-0.4400
15.216,0.4821,-0.0543,0.1962,0.0040,0.9974,0.4798,-0.4400
15.228,0.4821,-0.0561,0.1962,0.0040,0.9974,0.4798,-0.4400
15.240,0.4821,-0.0579,0.1962,0.0040,0.9974,0.4798,-0.4400
15.252,0.4821,-0.0598,0.1962,0.0040,0.9974,0.4798,-0.4400
15.264,0.4821,-0.0618,0.1962,0.0040,0.9974,0.4798,-0.4400
15.276,0.4821,-0.0637,0.1962,0.0040,0.9974,0.4798,-0.4400
15.288,0.4821,-0.0657,0.1962,0.0040,0.9974,0.4798,-0.4400
15.300,0.4821,-0.0678,0.1962,0.0040,0.9974,0.4798,-0.4400
15.312,0.4821,-0.0698,0.1962,0.0040,0.9973,0.4798,-0.4400
15.324,0.4821,-0.0719,0.1962,0.0040,0.9973,0.4798,-0.4400
15.336,0.4821,-0.0740,0.1962,0.0040,0.9973,0.4798,-0.4400
15.348,0.4821,-0.0761,0.1962,0.0040,0.9973,0.4798,-0.4400
15.360,0.4821,-0.0782,0.1962,0.0040,0.9973,0.4798,-0.4400
15.372,0.4821,-0.0803,0.1962,0.0040,0.9973,0.4798,-0.4400
15.384,0.4821,-0.0825,0.1962,0.0040,0.9973,0.4798,-0.4400
15.396,0.4821,-0.0846,0.1962,0.0040,0.9973,0.4798,-0.4400
15.408,0.4821,-0.0868,0.1962,0.0040,0.9973,0.4798,-0.4400
15.420,0.4821,-0.0889,0.1962,0.0040,0.9973,0.4798,-0.4400
15.432,0.4821,-0.0911,0.1962,0.0040,0.9973,0.4798,-0.4400
15.444,0.4821,-0.0933,0.1962,0.0040,0.9973,0.4798,-0.4400
15.456,0.4821,-0.0955,0.1962,0.0040,0.9972,0.4798,-0.4400
15.468,0.4821,-0.0977,0.1962,0.0040,0.9972,0.4798,-0.4400
15.480,0.4821,-0.0998,0.1962,0.0040,0.9972,0.4798,-0.4400
15.492,0.4821,-0.1020,0.1962,0.0040,0.9972,0.4798,-0.4400
15.504,0.4821,-0.1042,0.1962,0.0040,0.9972,0.4798,-0.4400
15.516,0.4821,-0.1064,0.1962,0.0040,0.9972,0.4798,-0.4400
15.528,0.4821,-0.1086,0.1962,0.0040,0.9972,0.4798,-0.4400
15.540,0.4821,-0.1109,0.1962,0.0040,0.9972,0.4798,-0.4400
15.552,0.4821,-0.1131,0.1962,0.0040,0.9972,0.4798,-0.4400
15.564,0.4821,-0.1153,0.1962,0.0040,0.9972,0.4798,-0.4400
15.576,0.4821,-0.1175,0.1962,0.0040,0.9972,0.4798,-0.4400
15.588,0.4821,-0.1197,0.1962,0.0040,0.9972,0.4798,-0.4400
15.600,0.4821,-0.1219,0.1962,0.0040,0.9971,0.4798,-0.4400
15.612,0.4821,-0.1241,0.1962,0.0040,0.9971,0.4798,-0.4400
15.624,0.4821,-0.1263,0.1962,0.0040,0.9971,0.4798,-0.4400
15.636,0.4821,-0.1285,0.1962,0.0040,0.9971,0.4798,-0.4400
15.648,0.4821,-0.1308,0.1962,0.0040,0.9971,0.4798,-0.4400
15.660,0.4821,-0.1330,0.1962,0.0040,0.9971,0.4798,-0.4400
15.672,0.4821,-0.1352,0.1962,0.0040,0.9971,0.4798,-0.4400
15.684,0.4821,-0.1374,0.1962,0.0040,0.9971,0.4798,-0.4400
15.696,0.4821,-0.1396,0.1962,0.0040,0.9971,0.4798,-0.4400
15.708,0.4821,-0.1419,0.1962,0.0040,0.9971,0.4798,-0.4400
15.720,0.4821,-0.1441,0.1962,0.0040,0.9971,0.4798,-0.4400
15.732,0.4821,-0.1463,0.1962,0.0040,0.9971,0.4798,-0.4400
15.744,0.4821,-0.1485,0.1962,0.0040,0.9970,0.4798,-0.4400
15.756,0.4821,-0.1507,0.1962,0.0040,0.9970,0.4798,-0.4400
15.768,0.4821,-0.1529,0.1962,0.0040,0.9970,0.4798,-0.4400
15.780,0.4821,-0.1552,0.1962,0.0040,0.9970,0.4798,-0.4400
15.792,0.4821,-0.1574,0.1962,0.0040,0.9970,0.4798,-0.4400
15.804,0.4821,-0.1596,0.1962,0.0040,0.9970,0.4798,-0.4400
15.816,0.4821,-0.1618,0.1962,0.0040,0.9970,0.4798,-0.4400
15.828,0.4821,-0.1641,0.1962,0.0040,0.9970,0.4798,-0.4400
15.840,0.4821,-0.1663,0.1962,0.0040,0.9970,0.4798,-0.4400
15.852,0.4821,-0.1685,0.1962,0.0040,0.9970,0.4798,-0.4400
15.864,0.4821,-0.1707,0.1962,0.0040,0.9970,0.4798,-0.4400
15.876,0.4821,-0.1729,0.1962,0.0040,0.9970,0.4798,-0.4400
15.888,0.4821,-0.1752,0.1962,0.0040,0.9969,0.4798,-0.4400
15.900,0.4821,-0.1774,0.1962,0.0040,0.9969,0.4798,-0.4400
15.912,0.4821,-0.1796,0.1962,0.0040,0.9969,0.4798,-0.4400
15.924,0.4821,-0.1818,0.1962,0.0040,0.9969,0.4798,-0.4400
15.936,0.4821,-0.1840,0.1962,0.0040,0.9969,0.4798,-0.4400
15.948,0.4821,-0.1863,0.1962,0.0040,0.9969,0.4798,-0.4400
15.960,0.4821,-0.1885,0.1962,0.0040,0.9969,0.4798,-0.4400
15.972,0.4821,-0.1907,0.1962,0.0040,0.9969,0.4798,-0.4400
15.984,0.4821,-0.1929,0.1962,0.0040,0.9969,0.4798,-0.4400
15.996,0.4821,-0.1951,0.1962,0.0040,0.9969,0.4798,-0.4400
16.008,0.4821,-0.1974,0.1962,0.0040,0.9969,0.4798,-0.4400
16.020,0.4821,-0.1996,0.1962,0.0040,0.9969,0.4798,-0.4400
16.032,0.4821,-0.2018,0.1962,0.0040,0.9968,0.4798,-0.4400
16.044,0.4821,-0.2040,0.1962,0.0040,0.9968,0.4798,-0.4400
16.056,0.4821,-0.2062,0.1962,0.0040,0.9968,0.4798,-0.4400
16.068,0.4821,-0.2085,0.1962,0.0040,0.9968,0.4798,-0.4400
16.080,0.4821,-0.2105,0.1962,0.0040,0.9968,0.4798,-0.4400
16.092,0.4821,-0.2123,0.1962,0.0040,0.9968,0.4798,-0.4400
16.104,0.4821,-0.2123,0.1962,0.0040,0.9968,0.4798,-0.4400
16.116,0.4825,-0.2123,0.1962,0.0040,0.9968,0.4798,-0.4400
16.128,0.4834,-0.2123,0.1962,0.0040,0.9968,0.4798,-0.4400
16.140,0.4845,-0.2124,0.1962,0.0040,0.9968,0.4798,-0.4400
16.152,0.4860,-0.2124,0.1962,0.0040,0.9968,0.4798,-0.4400
16.164,0.4878,-0.2124,0.1962,0.0040,0.9968,0.4798,-0.4400
16.176,0.4898,-0.2125,0.1962,0.0040,0.9968,0.4798,-0.4400
16.188,0.4920,-0.2125,0.1962,0.0040,0.9968,0.4798,-0.4400
16.200,0.4944,-0.2126,0.1962,0.0040,0.9968,0.4798,-0.4400
16.212,0.4969,-0.2126,0.1962,0.0040,0.9968,0.4798,-0.4400
16.224,0.4996,-0.2127,0.1962,0.0040,0.9968,0.4798,-0.4400
16.236,0.5025,-0.2127,0.1962,0.0040,0.9968,0.4798,-0.4400
16.248,0.5054,-0.2128,0.1962,0.0040,0.9968,0.4798,-0.4400
16.260,0.5084,-0.2129,0.1962,0.0040,0.9968,0.4798,-0.4400
16.272,0.5115,-0.2129,0.1962,0.0040,0.9968,0.4798,-0.4400
16.284,0.5147,-0.2130,0.1962,0.0040,0.9968,0.4798,-0.4400
16.296,0.5180,-0.2131,0.1962,0.0040,0.9968,0.4798,-0.4400
16.308,0.5213,-0.2131,0.1962,0.0040,0.9968,0.4798,-0.4400
16.320,0.5246,-0.2132,0.1962,0.0040,0.9968,0.4798,-0.4400
16.332,0.5280,-0.2133,0.1962,0.0040,0.9968,0.4798,-0.4400
16.344,0.5315,-0.2134,0.1962,0.0040,0.9968,0.4798,-0.4400
16.356,0.5349,-0.2134,0.1962,0.0040,0.9968,0.4798,-0.4400
16.368,0.5385,-0.2135,0.1962,0.0040,0.9968,0.4798,-0.4400
16.380,0.5420,-0.2136,0.1962,0.0040,0.9968,0.4798,-0.4400
16.392,0.5456,-0.2137,0.1962,0.0040,0.9968,0.4798,-0.4400
16.404,0.5491,-0.2137,0.1962,0.0040,0.9968,0.4798,-0.4400
16.416,0.5527,-0.2138,0.1962,0.0040,0.9968,0.4798,-0.4400
16.428,0.5563,-0.2139,0.1962,0.0040,0.9968,0.4798,-0.4400
16.440,0.5600,-0.2140,0.1962,0.0040,0.9968,0.4798,-0.4400
16.452,0.5636,-0.2140,0.1962,0.0040,0.9968,0.4798,-0.4400
16.464,0.5673,-0.2141,0.1962,0.0040,0.9968,0.4798,-0.4400
16.476,0.5709,-0.2142,0.1962,0.0040,0.9968,0.4798,-0.4400
16.488,0.5746,-0.2143,0.1962,0.0040,0.9968,0.4798,-0.4400
16.500,0.5783,-0.2143,0.1962,0.0040,0.9968,0.4798,-0.4400
16.512,0.5820,-0.2144,0.1962,0.0040,0.9968,0.4798,-0.4400
16.524,0.5857,-0.2145,0.1962,0.0040,0.9968,0.4798,-0.4400
16.536,0.5894,-0.2146,0.1962,0.0040,0.9968,0.4798,-0.4400
16.548,0.5931,-0.2147,0.1962,0.0040,0.9968,0.4798,-0.4400
16.560,0.5968,-0.2147,0.1962,0.0040,0.9968,0.4798,-0.4400
16.572,0.6005,-0.2148,0.1962,0.0040,0.9968,0.4798,-0.4400
16.584,0.6042,-0.2149,0.1962,0.0040,0.9968,0.4798,-0.4400
16.596,0.6079,-0.2150,0.1962,0.0040,0.9968,0.4798,-0.4400
16.608,0.6116,-0.2151,0.1962,0.0040,0.9968,0.4798,-0.4400
16.620,0.6153,-0.2151,0.1962,0.0040,0.9968,0.4798,-0.4400
16.632,0.6190,-0.2152,0.1962,0.0040,0.9968,0.4798,-0.4400
16.644,0.6228,-0.2153,0.1962,0.0040,0.9968,0.4798,-0.4400
16.656,0.6265,-0.2154,0.1962,0.0040,0.9968,0.4798,-0.4400
16.668,0.6302,-0.2154,0.1962,0.0040,0.9968,0.4798,-0.4400
16.680,0.6339,-0.2155,0.1962,0.0040,0.9968,0.4798,-0.4400
16.692,0.6377,-0.2156,0.1962,0.0040,0.9968,0.4798,-0.4400
16.704,0.6414,-0.2157,0.1962,0.0040,0.9968,0.4798,-0.4400
16.716,0.6451,-0.2158,0.1962,0.0040,0.9968,0.4798,-0.4400
16.728,0.6488,-0.2158,0.1962,0.0040,0.9968,0.4798,-0.4400
16.740,0.6526,-0.2159,0.1962,0.0040,0.9968,0.4798,-0.4400
16.752,0.6563,-0.2160,0.1962,0.0040,0.9968,0.4798,-0.4400
16.764,0.6600,-0.2161,0.1962,0.0040,0.9968,0.4798,-0.4400
16.776,0.6638,-0.2162,0.1962,0.0040,0.9968,0.4798,-0.4400
16.788,0.6675,-0.2162,0.1962,0.0040,0.9968,0.4798,-0.4400
16.800,0.6712,-0.2163,0.1962,0.0040,0.9968,0.4798,-0.4400
16.812,0.6750,-0.2164,0.1962,0.0040,0.9968,0.4798,-0.4400
16.824,0.6787,-0.2165,0.1962,0.0040,0.9968,0.4798,-0.4400
16.836,0.6824,-0.2166,0.1962,0.0040,0.9968,0.4798,-0.4400
16.848,0.6862,-0.2166,0.1962,0.0040,0.9968,0.4798,-0.4400
16.860,0.6899,-0.2167,0.1962,0.0040,0.9968,0.4798,-0.4400
16.872,0.6936,-0.2168,0.1962,0.0040,0.9968,0.4798,-0.4400
16.884,0.6974,-0.2169,0.1962,0.0040,0.9968,0.4798,-0.4400
16.896,0.7011,-0.2170,0.1962,0.0040,0.9968,0.4798,-0.4400
16.908,0.7048,-0.2170,0.1962,0.0040,0.9968,0.4798,-0.4400
16.920,0.7085,-0.2171,0.1962,0.0040,0.9968,0.4798,-0.4400
16.932,0.7123,-0.2172,0.1962,0.0040,0.9968,0.4798,-0.4400
16.944,0.7160,-0.2173,0.1962,0.0040,0.9968,0.4798,-0.4400
16.956,0.7197,-0.2173,0.1962,0.0040,0.9968,0.4798,-0.4400
16.968,0.7235,-0.2174,0.1962,0.0040,0.9968,0.4798,-0.4400
16.980,0.7272,-0.2175,0.1962,0.0040,0.9968,0.4798,-0.4400
16.992,0.7309,-0.2176,0.1962,0.0040,0.9968,0.4798,-0.4400
17.004,0.7347,-0.2177,0.1962,0.0040,0.9968,0.4798,-0.4400
17.016,0.7384,-0.2177,0.1962,0.0040,0.9968,0.4798,-0.4400
17.028,0.7421,-0.2178,0.1962,0.0040,0.9968,0.4798,-0.4400
17.040,0.7459,-0.2179,0.1962,0.0040,0.9968,0.4798,-0.4400
17.052,0.7496,-0.2180,0.1962,0.0040,0.9968,0.4798,-0.4400
17.064,0.7533,-0.2181,0.1962,0.0040,0.9968,0.4798,-0.4400
17.076,0.7571,-0.2181,0.1962,0.0040,0.9968,0.4798,-0.4400
17.088,0.7608,-0.2182,0.1962,0.0040,0.9968,0.4798,-0.4400
17.100,0.7645,-0.2183,0.1962,0.0040,0.9968,0.4798,-0.4400
17.112,0.7683,-0.2184,0.1962,0.0040,0.9968,0.4798,-0.4400
17.124,0.7720,-0.2185,0.1962,0.0040,0.9968,0.4798,-0.4400
17.136,0.7757,-0.2185,0.1962,0.0040,0.9968,0.4798,-0.4400
17.148,0.7795,-0.2186,0.1962,0.0040,0.9968,0.4798,-0.4400
17.160,0.7832,-0.2187,0.1962,0.0040,0.9968,0.4798,-0.4400
17.172,0.7869,-0.2188,0.1962,0.0040,0.9968,0.4798,-0.4400
17.184,0.7907,-0.2189,0.1962,0.0040,0.9968,0.4798,-0.4400
17.196,0.7944,-0.2189,0.1962,0.0040,0.9968,0.4798,-0.4400
17.208,0.7981,-0.2190,0.1962,0.0040,0.9968,0.4798,-0.4400
17.220,0.8019,-0.2191,0.1962,0.0040,0.9968,0.4798,-0.4400
17.232,0.8056,-0.2192,0.1962,0.0040,0.9968,0.4798,-0.4400
17.244,0.8093,-0.2192,0.1962,0.0040,0.9968,0.4798,-0.4400
17.256,0.8131,-0.2193,0.1962,0.0040,0.9968,0.4798,-0.4400
17.268,0.8168,-0.2194,0.1962,0.0040,0.9968,0.4798,-0.4400
17.280,0.8205,-0.2195,0.1962,0.0040,0.9968,0.4798,-0.4400
17.292,0.8243,-0.2196,0.1962,0.0040,0.9968,0.4798,-0.4400
17.304,0.8280,-0.2196,0.1962,0.0040,0.9968,0.4798,-0.4400
17.316,0.8317,-0.2197,0.1962,0.0040,0.9968,0.4798,-0.4400
17.328,0.8355,-0.2198,0.1962,0.0040,0.9968,0.4798,-0.4400
17.340,0.8392,-0.2199,0.1962,0.0040,0.9968,0.4798,-0.4400
17.352,0.8429,-0.2200,0.1962,0.0040,0.9968,0.4798,-0.4400
17.364,0.8467,-0.2200,0.1962,0.0040,0.9968,0.4798,-0.4400
17.376,0.8504,-0.2201,0.1962,0.0040,0.9968,0.4798,-0.4400
17.388,0.8541,-0.2202,0.1962,0.0040,0.9968,0.4798,-0.4400
17.400,0.8579,-0.2203,0.1962,0.0040,0.9968,0.4798,-0.4400
17.412,0.8616,-0.2204,0.1962,0.0040,0.9968,0.4798,-0.4400
17.424,0.8653,-0.2204,0.1962,0.0040,0.9968,0.4798,-0.4400
17.436,0.8691,-0.2205,0.1962,0.0040,0.9968,0.4798,-0.4400
17.448,0.8728,-0.2206,0.1962,0.0040,0.9968,0.4798,-0.4400
17.460,0.8765,-0.2207,0.1962,0.0040,0.9968,0.4798,-0.4400
17.472,0.8803,-0.2207,0.1962,0.0040,0.9968,0.4798,-0.4400
17.484,0.8840,-0.2208,0.1962,0.0040,0.9968,0.4798,-0.4400
17.496,0.8877,-0.2209,0.1962,0.0040,0.9968,0.4798,-0.4400
17.508,0.8915,-0.2210,0.1962,0.0040,0.9968,0.4798,-0.4400
17.520,0.8952,-0.2211,0.1962,0.0040,0.9968,0.4798,-0.4400
17.532,0.8989,-0.2211,0.1962,0.0040,0.9968,0.4798,-0.4400
17.544,0.9027,-0.2212,0.1962,0.0040,0.9968,0.4798,-0.4400
17.556,0.9064,-0.2213,0.1962,0.0040,0.9968,0.4798,-0.4400
17.568,0.9101,-0.2214,0.1962,0.0040,0.9968,0.4798,-0.4400
17.580,0.9139,-0.2215,0.1962,0.0040,0.9968,0.4798,-0.4400
17.592,0.9176,-0.2215,0.1962,0.0040,0.9968,0.4798,-0.4400
17.604,0.9213,-0.2216,0.1962,0.0040,0.9968,0.4798,-0.4400
17.616,0.9251,-0.2217,0.1962,0.0040,0.9968,0.4798,-0.4400
17.628,0.9288,-0.2218,0.1962,0.0040,0.9968,0.4798,-0.4400
17.640,0.9325,-0.2219,0.1962,0.0040,0.9968,0.4798,-0.4400
17.652,0.9363,-0.2219,0.1962,0.0040,0.9968,0.4798,-0.4400
17.664,0.9400,-0.2220,0.1962,0.0040,0.9968,0.4798,-0.4400
17.676,0.9437,-0.2221,0.1962,0.0040,0.9968,0.4798,-0.4400
17.688,0.9475,-0.2222,0.1962,0.0040,0.9968,0.4798,-0.4400
17.700,0.9512,-0.2223,0.1962,0.0040,0.9968,0.4798,-0.4400
17.712,0.9549,-0.2223,0.1962,0.0040,0.9968,0.4798,-0.4400
17.724,0.9587,-0.2224,0.1962,0.0040,0.9968,0.4798,-0.4400
17.736,0.9624,-0.2225,0.1962,0.0040,0.9968,0.4798,-0.4400
17.748,0.9661,-0.2226,0.1962,0.0040,0.9968,0.4798,-0.4400
17.760,0.9699,-0.2226,0.1962,0.0040,0.9968,0.4798,-0.4400
17.772,0.9736,-0.2227,0.1962,0.0040,0.9968,0.4798,-0.4400
17.784,0.9773,-0.2228,0.1962,0.0040,0.9968,0.4798,-0.4400
17.796,0.9811,-0.2229,0.1962,0.0040,0.9968,0.4798,-0.4400
17.808,0.9848,-0.2230,0.1962,0.0040,0.9968,0.4798,-0.4400
17.820,0.9885,-0.2230,0.1962,0.0040,0.9968,0.4798,-0.4400
17.832,0.9923,-0.2231,0.1962,0.0040,0.9968,0.4798,-0.4400
17.844,0.9960,-0.2232,0.1962,0.0040,0.9968,0.4798,-0.4400
17.856,0.9997,-0.2233,0.1962,0.0040,0.9968,0.4798,-0.4400
17.868,1.0035,-0.2234,0.1962,0.0040,0.9968,0.4798,-0.4400
17.880,1.0072,-0.2234,0.1962,0.0040,0.9968,0.4798,-0.4400
17.892,1.0109,-0.2235,0.1962,0.0040,0.9968,0.4798,-0.4400
17.904,1.0147,-0.2236,0.1962,0.0040,0.9968,0.4798,-0.4400
17.916,1.0184,-0.2237,0.1962,0.0040,0.9968,0.4798,-0.4400
17.928,1.0221,-0.2238,0.1962,0.0040,0.9968,0.4798,-0.4400
17.940,1.0259,-0.2238,0.1962,0.0040,0.9968,0.4798,-0.4400
17.952,1.0296,-0.2239,0.1962,0.0040,0.9968,0.4798,-0.4400
17.964,1.0333,-0.2240,0.1962,0.0040,0.9968,0.4798,-0.4400
17.976,1.0371,-0.2241,0.1962,0.0040,0.9968,0.4798,-0.4400
17.988,1.0408,-0.2242,0.1962,0.0040,0.9968,0.4798,-0.4400
18.000,1.0445,-0.2242,0.1962,0.0040,0.9968,0.4798,-0.4400
18.012,1.0483,-0.2243,0.1962,0.0040,0.9968,0.4798,-0.4400
18.024,1.0520,-0.2244,0.1962,0.0040,0.9968,0.4798,-0.4400
18.036,1.0557,-0.2245,0.1962,0.0040,0.9968,0.4798,-0.4400
18.048,1.0595,-0.2245,0.1962,0.0040,0.9968,0.4798,-0.4400
18.060,1.0632,-0.2246,0.1962,0.0040,0.9968,0.4798,-0.4400
18.072,1.0669,-0.2247,0.1962,0.0040,0.9968,0.4798,-0.4400
18.084,1.0707,-0.2248,0.1962,0.0040,0.9968,0.4798,-0.4400
18.096,1.0744,-0.2249,0.1962,0.0040,0.9968,0.4798,-0.4400
18.108,1.0780,-0.2249,0.1962,0.0040,0.9968,0.4798,-0.4400
18.120,1.0811,-0.2250,0.1962,0.0040,0.9968,0.4798,-0.4400
18.132,1.0839,-0.2251,0.1962,0.0040,0.9968,0.4798,-0.4400
18.144,1.0864,-0.2251,0.1962,0.0040,0.9968,0.4798,-0.4400
18.156,1.0885,-0.2252,0.1962,0.0040,0.9968,0.4798,-0.4400
18.168,1.0904,-0.2252,0.1962,0.0040,0.9968,0.4798,-0.4400
18.180,1.0921,-0.2252,0.1962,0.0040,0.9968,0.4798,-0.4400
18.192,1.0921,-0.2252,0.1962,0.0040,0.9968,0.4798,-0.4400
18.204,1.0921,-0.2249,0.1958,0.0040,0.9969,0.4804,-0.4400
18.216,1.0921,-0.2242,0.1952,0.0040,0.9972,0.4814,-0.4400
18.228,1.0921,-0.2233,0.1943,0.0040,0.9976,0.4829,-0.4400
18.240,1.0922,-0.2221,0.1931,0.0040,0.9981,0.4848,-0.4400
18.252,1.0922,-0.2208,0.1918,0.0041,0.9986,0.4870,-0.4400
18.264,1.0923,-0.2192,0.1903,0.0041,0.9993,0.4895,-0.4400
18.276,1.0923,-0.2175,0.1886,0.0041,1.0000,0.4922,-0.4400
18.288,1.0924,-0.2156,0.1868,0.0041,1.0008,0.4952,-0.4400
18.300,1.0924,-0.2136,0.1848,0.0041,1.0016,0.4984,-0.4400
18.312,1.0925,-0.2115,0.1828,0.0041,1.0025,0.5017,-0.4400
18.324,1.0926,-0.2093,0.1806,0.0042,1.0034,0.5053,-0.4400
18.336,1.0926,-0.2071,0.1784,0.0042,1.0043,0.5089,-0.4400
18.348,1.0927,-0.2047,0.1761,0.0042,1.0053,0.5127,-0.4400
18.360,1.0928,-0.2023,0.1737,0.0042,1.0063,0.5166,-0.4400
18.372,1.0929,-0.1998,0.1713,0.0043,1.0074,0.5206,-0.4400
18.384,1.0929,-0.1973,0.1688,0.0043,1.0084,0.5246,-0.4400
18.396,1.0930,-0.1947,0.1663,0.0043,1.0095,0.5287,-0.4400
18.408,1.0931,-0.1921,0.1638,0.0043,1.0106,0.5329,-0.4400
18.420,1.0932,-0.1894,0.1612,0.0044,1.0117,0.5372,-0.4400
18.432,1.0933,-0.1867,0.1585,0.0044,1.0128,0.5415,-0.4400
18.444,1.0934,-0.1840,0.1559,0.0044,1.0140,0.5458,-0.4400
18.456,1.0934,-0.1813,0.1532,0.0044,1.0151,0.5502,-0.4400
18.468,1.0935,-0.1785,0.1505,0.0045,1.0163,0.5546,-0.4400
18.480,1.0936,-0.1758,0.1478,0.0045,1.0174,0.5591,-0.4400
18.492,1.0937,-0.1730,0.1451,0.0045,1.0186,0.5635,-0.4400
18.504,1.0938,-0.1702,0.1424,0.0045,1.0198,0.5680,-0.4400
18.516,1.0939,-0.1673,0.1396,0.0046,1.0209,0.5725,-0.4400
18.528,1.0940,-0.1645,0.1368,0.0046,1.0221,0.5771,-0.4400
18.540,1.0941,-0.1617,0.1341,0.0046,1.0233,0.5816,-0.4400
18.552,1.0942,-0.1588,0.1313,0.0046,1.0245,0.5862,-0.4400
18.564,1.0942,-0.1560,0.1285,0.0047,1.0257,0.5908,-0.4400
18.576,1.0943,-0.1531,0.1257,0.0047,1.0269,0.5953,-0.4400
18.588,1.0944,-0.1503,0.1229,0.0047,1.0281,0.5999,-0.4400
18.600,1.0945,-0.1474,0.1201,0.0047,1.0293,0.6045,-0.4400
18.612,1.0946,-0.1445,0.1173,0.0048,1.0305,0.6091,-0.4400
18.624,1.0947,-0.1416,0.1145,0.0048,1.0317,0.6138,-0.4400
18.636,1.0948,-0.1387,0.1116,0.0048,1.0329,0.6184,-0.4400
18.648,1.0949,-0.1359,0.1088,0.0049,1.0341,0.6230,-0.4400
18.660,1.0950,-0.1330,0.1060,0.0049,1.0353,0.6276,-0.4400
18.672,1.0951,-0.1301,0.1032,0.0049,1.0365,0.6323,-0.4400
18.684,1.0951,-0.1272,0.1003,0.0049,1.0377,0.6369,-0.4400
18.696,1.0952,-0.1243,0.0975,0.0050,1.0389,0.6415,-0.4400
18.708,1.0953,-0.1214,0.0947,0.0050,1.0401,0.6462,-0.4400
18.720,1.0954,-0.1185,0.0919,0.0050,1.0413,0.6508,-0.4400
18.732,1.0955,-0.1156,0.0890,0.0051,1.0425,0.6555,-0.4400
18.744,1.0956,-0.1127,0.0862,0.0051,1.0438,0.6601,-0.4400
18.756,1.0957,-0.1098,0.0833,0.0051,1.0450,0.6648,-0.4400
18.768,1.0958,-0.1069,0.0805,0.0051,1.0462,0.6694,-0.4400
18.780,1.0959,-0.1040,0.0777,0.0052,1.0474,0.6741,-0.4400
18.792,1.0960,-0.1011,0.0748,0.0052,1.0486,0.6787,-0.4400
18.804,1.0961,-0.0982,0.0720,0.0052,1.0498,0.6834,-0.4400
18.816,1.0962,-0.0953,0.0692,0.0052,1.0510,0.6880,-0.4400
18.828,1.0962,-0.0924,0.0663,0.0053,1.0522,0.6927,-0.4400
18.840,1.0963,-0.0895,0.0635,0.0053,1.0535,0.6974,-0.4400
18.852,1.0964,-0.0865,0.0606,0.0053,1.0547,0.7020,-0.4400
18.864,1.0965,-0.0836,0.0578,0.0054,1.0559,0.7067,-0.4400
18.876,1.0966,-0.0807,0.0550,0.0054,1.0571,0.7113,-0.4400
18.888,1.0967,-0.0778,0.0521,0.0054,1.0583,0.7160,-0.4400
18.900,1.0968,-0.0749,0.0493,0.0054,1.0595,0.7206,-0.4400
18.912,1.0969,-0.0720,0.0464,0.0055,1.0607,0.7253,-0.4400
18.924,1.0970,-0.0691,0.0436,0.0055,1.0620,0.7300,-0.4400
18.936,1.0971,-0.0662,0.0407,0.0055,1.0632,0.7346,-0.4400
18.948,1.0972,-0.0633,0.0379,0.0055,1.0644,0.7393,-0.4400
18.960,1.0973,-0.0604,0.0351,0.0056,1.0656,0.7439,-0.4400
18.972,1.0973,-0.0575,0.0322,0.0056,1.0668,0.7486,-0.4400
18.984,1.0974,-0.0546,0.0294,0.0056,1.0680,0.7533,-0.4400
18.996,1.0975,-0.0516,0.0265,0.0057,1.0692,0.7579,-0.4400
19.008,1.0976,-0.0487,0.0237,0.0057,1.0705,0.7626,-0.4400
19.020,1.0977,-0.0458,0.0208,0.0057,1.0717,0.7672,-0.4400
19.032,1.0978,-0.0429,0.0180,0.0057,1.0729,0.7719,-0.4400
19.044,1.0979,-0.0400,0.0152,0.0058,1.0741,0.7766,-0.4400
19.056,1.0980,-0.0371,0.0123,0.0058,1.0753,0.7812,-0.4400
19.068,1.0981,-0.0342,0.0095,0.0058,1.0765,0.7859,-0.4400
19.080,1.0982,-0.0313,0.0066,0.0058,1.0777,0.7905,-0.4400
19.092,1.0983,-0.0284,0.0038,0.0059,1.0790,0.7952,-0.4400
19.104,1.0984,-0.0255,0.0009,0.0059,1.0802,0.7999,-0.4400
19.116,1.0984,-0.0226,-0.0019,0.0059,1.0814,0.8045,-0.4400
19.128,1.0985,-0.0196,-0.0047,0.0060,1.0826,0.8092,-0.4400
19.140,1.0986,-0.0167,-0.0076,0.0060,1.0838,0.8139,-0.4400
19.152,1.0987,-0.0138,-0.0104,0.0060,1.0850,0.8185,-0.4400
19.164,1.0988,-0.0109,-0.0133,0.0060,1.0862,0.8232,-0.4400
19.176,1.0989,-0.0080,-0.0161,0.0061,1.0875,0.8278,-0.4400
19.188,1.0990,-0.0051,-0.0190,0.0061,1.0887,0.8325,-0.4400
19.200,1.0991,-0.0022,-0.0218,0.0061,1.0899,0.8372,-0.4400
19.212,1.0992,0.0007,-0.0246,0.0061,1.0911,0.8418,-0.4400
19.224,1.0993,0.0036,-0.0275,0.0062,1.0923,0.8465,-0.4400
19.236,1.0994,0.0065,-0.0303,0.0062,1.0935,0.8511,-0.4400
19.248,1.0994,0.0094,-0.0332,0.0062,1.0947,0.8558,-0.4400
19.260,1.0995,0.0124,-0.0360,0.0063,1.0960,0.8605,-0.4400
19.272,1.0996,0.0153,-0.0389,0.0063,1.0972,0.8651,-0.4400
19.284,1.0997,0.0182,-0.0417,0.0063,1.0984,0.8698,-0.4400
19.296,1.0998,0.0211,-0.0445,0.0063,1.0996,0.8745,-0.4400
19.308,1.0999,0.0240,-0.0474,0.0064,1.1008,0.8791,-0.4400
19.320,1.1000,0.0269,-0.0502,0.0064,1.1020,0.8838,-0.4400
19.332,1.1001,0.0298,-0.0531,0.0064,1.1033,0.8884,-0.4400
19.344,1.1002,0.0327,-0.0559,0.0065,1.1045,0.8931,-0.4400
19.356,1.1003,0.0356,-0.0588,0.0065,1.1057,0.8978,-0.4400
19.368,1.1004,0.0385,-0.0616,0.0065,1.1069,0.9024,-0.4400
19.380,1.1005,0.0414,-0.0644,0.0065,1.1081,0.9071,-0.4400
19.392,1.1005,0.0444,-0.0673,0.0066,1.1093,0.9117,-0.4400
19.404,1.1006,0.0473,-0.0701,0.0066,1.1105,0.9164,-0.4400
19.416,1.1007,0.0502,-0.0730,0.0066,1.1118,0.9211,-0.4400
19.428,1.1008,0.0531,-0.0758,0.0066,1.1130,0.9257,-0.4400
19.440,1.1009,0.0560,-0.0787,0.0067,1.1142,0.9304,-0.4400
19.452,1.1010,0.0589,-0.0815,0.0067,1.1154,0.9350,-0.4400
19.464,1.1011,0.0618,-0.0843,0.0067,1.1166,0.9397,-0.4400
19.476,1.1012,0.0647,-0.0872,0.0068,1.1178,0.9444,-0.4400
19.488,1.1013,0.0676,-0.0900,0.0068,1.1190,0.9490,-0.4400
19.500,1.1014,0.0705,-0.0929,0.0068,1.1203,0.9537,-0.4400
19.512,1.1015,0.0734,-0.0957,0.0068,1.1215,0.9584,-0.4400
19.524,1.1016,0.0764,-0.0986,0.0069,1.1227,0.9630,-0.4400
19.536,1.1016,0.0793,-0.1014,0.0069,1.1239,0.9677,-0.4400
19.548,1.1017,0.0822,-0.1043,0.0069,1.1251,0.9723,-0.4400
19.560,1.1018,0.0851,-0.1071,0.0069,1.1263,0.9770,-0.4400
19.572,1.1019,0.0880,-0.1099,0.0070,1.1275,0.9817,-0.4400
19.584,1.1020,0.0909,-0.1128,0.0070,1.1288,0.9863,-0.4400
19.596,1.1021,0.0938,-0.1156,0.0070,1.1300,0.9910,-0.4400
19.608,1.1022,0.0967,-0.1185,0.0071,1.1312,0.9956,-0.4400
19.620,1.1023,0.0996,-0.1213,0.0071,1.1324,1.0003,-0.4400
19.632,1.1024,0.1025,-0.1242,0.0071,1.1336,1.0050,-0.4400
19.644,1.1025,0.1054,-0.1270,0.0071,1.1348,1.0096,-0.4400
19.656,1.1026,0.1084,-0.1298,0.0072,1.1360,1.0143,-0.4400
19.668,1.1027,0.1113,-0.1327,0.0072,1.1373,1.0190,-0.4400
19.680,1.1027,0.1142,-0.1355,0.0072,1.1385,1.0236,-0.4400
19.692,1.1028,0.1171,-0.1384,0.0072,1.1397,1.0283,-0.4400
19.704,1.1029,0.1200,-0.1412,0.0073,1.1409,1.0329,-0.4400
19.716,1.1030,0.1229,-0.1441,0.0073,1.1421,1.0376,-0.4400
19.728,1.1031,0.1258,-0.1469,0.0073,1.1433,1.0423,-0.4400
19.740,1.1032,0.1287,-0.1497,0.0074,1.1446,1.0469,-0.4400
19.752,1.1033,0.1316,-0.1526,0.0074,1.1458,1.0516,-0.4400
19.764,1.1034,0.1345,-0.1554,0.0074,1.1470,1.0562,-0.4400
19.776,1.1035,0.1375,-0.1583,0.0074,1.1482,1.0609,-0.4400
19.788,1.1036,0.1404,-0.1611,0.0075,1.1494,1.0656,-0.4400
19.800,1.1037,0.1430,-0.1637,0.0075,1.1505,1.0699,-0.4400
19.812,1.1037,0.1454,-0.1660,0.0075,1.1515,1.0736,-0.4400
19.824,1.1038,0.1475,-0.1681,0.0075,1.1524,1.0769,-0.4400
19.836,1.1038,0.1493,-0.1698,0.0076,1.1531,1.0799,-0.4400
19.848,1.1039,0.1509,-0.1714,0.0076,1.1538,1.0824,-0.4400
19.860,1.1039,0.1523,-0.1728,0.0076,1.1544,1.0847,-0.4400
19.872,1.1040,0.1535,-0.1740,0.0076,1.1549,1.0867,-0.4400
19.884,1.1040,0.1546,-0.1751,0.0076,1.1554,1.0885,-0.4400
19.896,1.1040,0.1546,-0.1751,0.0076,1.1554,1.0885,-0.4400
19.908,1.1040,0.1552,-0.1751,0.0076,1.1554,1.0885,-0.4400
19.920,1.1040,0.1562,-0.1751,0.0076,1.1554,1.0885,-0.4400
19.932,1.1040,0.1576,-0.1751,0.0076,1.1554,1.0885,-0.4400
19.944,1.1040,0.1594,-0.1752,0.0076,1.1554,1.0886,-0.4400
19.956,1.1040,0.1615,-0.1752,0.0076,1.1554,1.0886,-0.4400
19.968,1.1040,0.1639,-0.1752,0.0076,1.1554,1.0887,-0.4400
19.980,1.1040,0.1665,-0.1753,0.0076,1.1555,1.0888,-0.4400
19.992,1.1040,0.1693,-0.1753,0.0076,1.1555,1.0889,-0.4400
20.004,1.1040,0.1724,-0.1754,0.0076,1.1555,1.0890,-0.4400
20.016,1.1040,0.1756,-0.1754,0.0076,1.1555,1.0891,-0.4400
20.028,1.1040,0.1789,-0.1755,0.0076,1.1556,1.0892,-0.4400
20.040,1.1040,0.1824,-0.1756,0.0076,1.1556,1.0893,-0.4400
20.052,1.1040,0.1860,-0.1756,0.0076,1.1556,1.0894,-0.4400
20.064,1.1040,0.1897,-0.1757,0.0076,1.1556,1.0895,-0.4400
20.076,1.1040,0.1935,-0.1758,0.0076,1.1557,1.0896,-0.4400
20.088,1.1040,0.1974,-0.1758,0.0076,1.1557,1.0897,-0.4400
20.100,1.1040,0.2013,-0.1759,0.0076,1.1557,1.0898,-0.4400
20.112,1.1040,0.2053,-0.1760,0.0076,1.1558,1.0899,-0.4400
20.124,1.1040,0.2094,-0.1760,0.0076,1.1558,1.0900,-0.4400
20.136,1.1041,0.2135,-0.1761,0.0076,1.1558,1.0902,-0.4400
20.148,1.1041,0.2176,-0.1762,0.0076,1.1558,1.0903,-0.4400
20.160,1.1041,0.2218,-0.1763,0.0076,1.1559,1.0904,-0.4400
20.172,1.1041,0.2260,-0.1763,0.0076,1.1559,1.0905,-0.4400
20.184,1.1041,0.2302,-0.1764,0.0076,1.1559,1.0906,-0.4400
20.196,1.1041,0.2345,-0.1765,0.0076,1.1560,1.0908,-0.4400
20.208,1.1041,0.2388,-0.1766,0.0076,1.1560,1.0909,-0.4400
20.220,1.1041,0.2431,-0.1766,0.0076,1.1560,1.0910,-0.4400
20.232,1.1041,0.2474,-0.1767,0.0076,1.1561,1.0911,-0.4400
20.244,1.1041,0.2517,-0.1768,0.0076,1.1561,1.0913,-0.4400
20.256,1.1041,0.2561,-0.1769,0.0076,1.1561,1.0914,-0.4400
20.268,1.1041,0.2604,-0.1769,0.0076,1.1562,1.0915,-0.4400
20.280,1.1041,0.2648,-0.1770,0.0076,1.1562,1.0916,-0.4400
20.292,1.1041,0.2692,-0.1771,0.0076,1.1562,1.0918,-0.4400
20.304,1.1041,0.2736,-0.1772,0.0076,1.1563,1.0919,-0.4400
20.316,1.1041,0.2780,-0.1772,0.0076,1.1563,1.0920,-0.4400
20.328,1.1041,0.2824,-0.1773,0.0076,1.1563,1.0921,-0.4400
20.340,1.1041,0.2868,-0.1774,0.0076,1.1564,1.0923,-0.4400
20.352,1.1041,0.2912,-0.1775,0.0076,1.1564,1.0924,-0.4400
20.364,1.1041,0.2956,-0.1776,0.0076,1.1564,1.0925,-0.4400
20.376,1.1041,0.3000,-0.1776,0.0076,1.1565,1.0927,-0.4400
20.388,1.1041,0.3044,-0.1777,0.0076,1.1565,1.0928,-0.4400
20.400,1.1041,0.3088,-0.1778,0.0076,1.1565,1.0929,-0.4400
20.412,1.1041,0.3133,-0.1779,0.0076,1.1566,1.0930,-0.4400
20.424,1.1041,0.3177,-0.1779,0.0076,1.1566,1.0932,-0.4400
20.436,1.1041,0.3221,-0.1780,0.0076,1.1566,1.0933,-0.4400
20.448,1.1041,0.3266,-0.1781,0.0076,1.1567,1.0934,-0.4400
20.460,1.1041,0.3310,-0.1782,0.0076,1.1567,1.0936,-0.4400
20.472,1.1041,0.3354,-0.1783,0.0076,1.1567,1.0937,-0.4400
20.484,1.1041,0.3399,-0.1783,0.0076,1.1568,1.0938,-0.4400
20.496,1.1041,0.3443,-0.1784,0.0076,1.1568,1.0939,-0.4400
20.508,1.1041,0.3487,-0.1785,0.0076,1.1568,1.0941,-0.4400
20.520,1.1041,0.3532,-0.1786,0.0076,1.1569,1.0942,-0.4400
20.532,1.1041,0.3576,-0.1787,0.0076,1.1569,1.0943,-0.4400
20.544,1.1041,0.3620,-0.1787,0.0076,1.1569,1.0944,-0.4400
20.556,1.1041,0.3665,-0.1788,0.0076,1.1570,1.0946,-0.4400
20.568,1.1041,0.3709,-0.1789,0.0076,1.1570,1.0947,-0.4400
20.580,1.1041,0.3754,-0.1790,0.0076,1.1570,1.0948,-0.4400
20.592,1.1041,0.3798,-0.1790,0.0076,1.1571,1.0950,-0.4400
20.604,1.1041,0.3842,-0.1791,0.0076,1.1571,1.0951,-0.4400
20.616,1.1042,0.3887,-0.1792,0.0076,1.1571,1.0952,-0.4400
20.628,1.1042,0.3931,-0.1793,0.0076,1.1572,1.0953,-0.4400
20.640,1.1042,0.3976,-0.1794,0.0076,1.1572,1.0955,-0.4400
20.652,1.1042,0.4020,-0.1794,0.0076,1.1572,1.0956,-0.4400
20.664,1.1042,0.4065,-0.1795,0.0076,1.1573,1.0957,-0.4400
20.676,1.1042,0.4109,-0.1796,0.0076,1.1573,1.0959,-0.4400
20.688,1.1042,0.4153,-0.1797,0.0076,1.1573,1.0960,-0.4400
20.700,1.1042,0.4198,-0.1797,0.0076,1.1574,1.0961,-0.4400
20.712,1.1042,0.4242,-0.1798,0.0076,1.1574,1.0962,-0.4400
20.724,1.1042,0.4287,-0.1799,0.0077,1.1574,1.0964,-0.4400
20.736,1.1042,0.4331,-0.1800,0.0077,1.1575,1.0965,-0.4400
20.748,1.1042,0.4376,-0.1801,0.0077,1.1575,1.0966,-0.4400
20.760,1.1042,0.4420,-0.1801,0.0077,1.1575,1.0968,-0.4400
20.772,1.1042,0.4464,-0.1802,0.0077,1.1576,1.0969,-0.4400
20.784,1.1042,0.4509,-0.1803,0.0077,1.1576,1.0970,-0.4400
20.796,1.1042,0.4553,-0.1804,0.0077,1.1576,1.0971,-0.4400
20.808,1.1042,0.4598,-0.1805,0.0077,1.1577,1.0973,-0.4400
20.820,1.1042,0.4642,-0.1805,0.0077,1.1577,1.0974,-0.4400
20.832,1.1042,0.4687,-0.1806,0.0077,1.1577,1.0975,-0.4400
20.844,1.1042,0.4731,-0.1807,0.0077,1.1578,1.0977,-0.4400
20.856,1.1042,0.4775,-0.1808,0.0077,1.1578,1.0978,-0.4400
20.868,1.1042,0.4820,-0.1808,0.0077,1.1578,1.0979,-0.4400
20.880,1.1042,0.4864,-0.1809,0.0077,1.1579,1.0980,-0.4400
20.892,1.1042,0.4909,-0.1810,0.0077,1.1579,1.0982,-0.4400
20.904,1.1042,0.4953,-0.1811,0.0077,1.1579,1.0983,-0.4400
20.916,1.1042,0.4998,-0.1812,0.0077,1.1580,1.0984,-0.4400
20.928,1.1042,0.5042,-0.1812,0.0077,1.1580,1.0986,-0.4400
20.940,1.1042,0.5086,-0.1813,0.0077,1.1580,1.0987,-0.4400
20.952,1.1042,0.5131,-0.1814,0.0077,1.1581,1.0988,-0.4400
20.964,1.1042,0.5175,-0.1815,0.0077,1.1581,1.0989,-0.4400
20.976,1.1042,0.5220,-0.1816,0.0077,1.1581,1.0991,-0.4400
20.988,1.1042,0.5264,-0.1816,0.0077,1.1582,1.0992,-0.4400
21.000,1.1042,0.5309,-0.1817,0.0077,1.1582,1.0993,-0.4400
21.012,1.1042,0.5353,-0.1818,0.0077,1.1582,1.0995,-0.4400
21.024,1.1042,0.5398,-0.1819,0.0077,1.1583,1.0996,-0.4400
21.036,1.1042,0.5442,-0.1819,0.0077,1.1583,1.0997,-0.4400
21.048,1.1042,0.5486,-0.1820,0.0077,1.1583,1.0998,-0.4400
21.060,1.1042,0.5531,-0.1821,0.0077,1.1584,1.1000,-0.4400
21.072,1.1042,0.5575,-0.1822,0.0077,1.1584,1.1001,-0.4400
21.084,1.1042,0.5620,-0.1823,0.0077,1.1584,1.1002,-0.4400
21.096,1.1043,0.5664,-0.1823,0.0077,1.1585,1.1004,-0.4400
21.108,1.1043,0.5703,-0.1824,0.0077,1.1585,1.1005,-0.4400
21.120,1.1043,0.5738,-0.1825,0.0077,1.1585,1.1006,-0.4400
21.132,1.1043,0.5768,-0.1825,0.0077,1.1586,1.1007,-0.4400
21.144,1.1043,0.5795,-0.1826,0.0077,1.1586,1.1007,-0.4400
21.156,1.1043,0.5818,-0.1826,0.0077,1.1586,1.1008,-0.4400
21.168,1.1043,0.5839,-0.1826,0.0077,1.1586,1.1009,-0.4400
21.180,1.1043,0.5857,-0.1827,0.0077,1.1586,1.1009,-0.4400
21.192,1.1043,0.5873,-0.1827,0.0077,1.1586,1.1010,-0.4400
21.204,1.1043,0.5887,-0.1827,0.0077,1.1586,1.1010,-0.4395
21.216,1.1043,0.5899,-0.1828,0.0077,1.1587,1.1010,-0.4385
21.228,1.1043,0.5910,-0.1828,0.0077,1.1587,1.1011,-0.4371
21.240,1.1043,0.5920,-0.1828,0.0077,1.1587,1.1011,-0.4353
21.252,1.1043,0.5928,-0.1828,0.0077,1.1587,1.1011,-0.4332
21.264,1.1043,0.5936,-0.1828,0.0077,1.1587,1.1011,-0.4309
21.276,1.1043,0.5942,-0.1828,0.0077,1.1587,1.1012,-0.4283
21.288,1.1043,0.5948,-0.1828,0.0077,1.1587,1.1012,-0.4255
21.300,1.1043,0.5953,-0.1828,0.0077,1.1587,1.1012,-0.4225
21.312,1.1043,0.5957,-0.1829,0.0077,1.1587,1.1012,-0.4193
21.324,1.1043,0.5961,-0.1829,0.0077,1.1587,1.1012,-0.4160
21.336,1.1043,0.5965,-0.1829,0.0077,1.1587,1.1012,-0.4125
21.348,1.1043,0.5968,-0.1829,0.0077,1.1587,1.1012,-0.4089
21.360,1.1043,0.5970,-0.1829,0.0077,1.1587,1.1012,-0.4053
21.372,1.1043,0.5973,-0.1829,0.0077,1.1587,1.1013,-0.4015
21.384,1.1043,0.5975,-0.1829,0.0077,1.1587,1.1013,-0.3977
21.396,1.1043,0.5977,-0.1829,0.0077,1.1587,1.1013,-0.3938
21.408,1.1043,0.5978,-0.1829,0.0077,1.1587,1.1013,-0.3898
21.420,1.1043,0.5980,-0.1829,0.0077,1.1587,1.1013,-0.3858
21.432,1.1043,0.5981,-0.1829,0.0077,1.1587,1.1013,-0.3818
21.444,1.1043,0.5982,-0.1829,0.0077,1.1587,1.1013,-0.3777
21.456,1.1043,0.5983,-0.1829,0.0077,1.1587,1.1013,-0.3735
21.468,1.1043,0.5984,-0.1829,0.0077,1.1587,1.1013,-0.3694
21.480,1.1043,0.5985,-0.1829,0.0077,1.1587,1.1013,-0.3652
21.492,1.1043,0.5985,-0.1829,0.0077,1.1587,1.1013,-0.3609
21.504,1.1043,0.5986,-0.1829,0.0077,1.1587,1.1013,-0.3567
21.516,1.1043,0.5986,-0.1829,0.0077,1.1587,1.1013,-0.3524
21.528,1.1043,0.5987,-0.1829,0.0077,1.1587,1.1013,-0.3482
21.540,1.1043,0.5987,-0.1829,0.0077,1.1587,1.1013,-0.3439
21.552,1.1043,0.5987,-0.1829,0.0077,1.1587,1.1013,-0.3396
21.564,1.1043,0.5988,-0.1829,0.0077,1.1587,1.1013,-0.3353
21.576,1.1043,0.5988,-0.1829,0.0077,1.1587,1.1013,-0.3309
21.588,1.1043,0.5988,-0.1829,0.0077,1.1587,1.1013,-0.3266
21.600,1.1043,0.5988,-0.1829,0.0077,1.1587,1.1013,-0.3222
21.612,1.1043,0.5989,-0.1829,0.0077,1.1587,1.1013,-0.3179
21.624,1.1043,0.5989,-0.1829,0.0077,1.1587,1.1013,-0.3135
21.636,1.1043,0.5989,-0.1829,0.0077,1.1587,1.1013,-0.3092
21.648,1.1043,0.5989,-0.1829,0.0077,1.1587,1.1013,-0.3048
21.660,1.1043,0.5989,-0.1829,0.0077,1.1587,1.1013,-0.3004
21.672,1.1043,0.5989,-0.1829,0.0077,1.1587,1.1013,-0.2961
21.684,1.1043,0.5989,-0.1829,0.0077,1.1587,1.1013,-0.2917
21.696,1.1043,0.5989,-0.1829,0.0077,1.1587,1.1013,-0.2873
21.708,1.1043,0.5989,-0.1829,0.0077,1.1587,1.1013,-0.2829
21.720,1.1043,0.5990,-0.1829,0.0077,1.1587,1.1013,-0.2786
21.732,1.1043,0.5990,-0.1829,0.0077,1.1587,1.1013,-0.2742
21.744,1.1043,0.5990,-0.1829,0.0077,1.1587,1.1013,-0.2698
21.756,1.1043,0.5990,-0.1829,0.0077,1.1587,1.1013,-0.2654
21.768,1.1043,0.5990,-0.1829,0.0077,1.1587,1.1013,-0.2610
21.780,1.1043,0.5990,-0.1829,0.0077,1.1587,1.1013,-0.2566
21.792,1.1043,0.5990,-0.1829,0.0077,1.1587,1.1013,-0.2522
21.804,1.1043,0.5990,-0.1829,0.0077,1.1587,1.1013,-0.2478
21.816,1.1043,0.5990,-0.1829,0.0077,1.1587,1.1013,-0.2434
21.828,1.1043,0.5990,-0.1829,0.0077,1.1587,1.1013,-0.2390
21.840,1.1043,0.5990,-0.1829,0.0077,1.1587,1.1013,-0.2346
21.852,1.1043,0.5990,-0.1829,0.0077,1.1587,1.1013,-0.2302
21.864,1.1043,0.5990,-0.1829,0.0077,1.1587,1.1013,-0.2258
21.876,1.1043,0.5990,-0.1829,0.0077,1.1587,1.1013,-0.2214
21.888,1.1043,0.5990,-0.1829,0.0077,1.1587,1.1013,-0.2170
21.900,1.1043,0.5990,-0.1829,0.0077,1.1587,1.1013,-0.2126
21.912,1.1043,0.5990,-0.1829,0.0077,1.1587,1.1013,-0.2083
21.924,1.1043,0.5990,-0.1829,0.0077,1.1587,1.1013,-0.2039
21.936,1.1043,0.5990,-0.1829,0.0077,1.1587,1.1013,-0.1995
21.948,1.1043,0.5990,-0.1829,0.0077,1.1587,1.1013,-0.1951
21.960,1.1043,0.5990,-0.1829,0.0077,1.1587,1.1013,-0.1907
21.972,1.1043,0.5990,-0.1829,0.0077,1.1587,1.1013,-0.1863
21.984,1.1043,0.5990,-0.1829,0.0077,1.1587,1.1013,-0.1819
21.996,1.1043,0.5990,-0.1829,0.0077,1.1587,1.1013,-0.1775
22.008,1.1043,0.5990,-0.1829,0.0077,1.1587,1.1013,-0.1731
22.020,1.1043,0.5990,-0.1829,0.0077,1.1587,1.1013,-0.1687
22.032,1.1043,0.5990,-0.1829,0.0077,1.1587,1.1013,-0.1643
22.044,1.1043,0.5990,-0.1829,0.0077,1.1587,1.1013,-0.1599
22.056,1.1043,0.5990,-0.1829,0.0077,1.1587,1.1013,-0.1555
22.068,1.1043,0.5990,-0.1829,0.0077,1.1587,1.1013,-0.1511
22.080,1.1043,0.5990,-0.1829,0.0077,1.1587,1.1013,-0.1467
22.092,1.1043,0.5990,-0.1829,0.0077,1.1587,1.1013,-0.1423
22.104,1.1043,0.5990,-0.1829,0.0077,1.1587,1.1013,-0.1379
22.116,1.1043,0.5990,-0.1829,0.0077,1.1587,1.1013,-0.1335
22.128,1.1043,0.5990,-0.1829,0.0077,1.1587,1.1013,-0.1291
22.140,1.1043,0.5990,-0.1829,0.0077,1.1587,1.1013,-0.1247
22.152,1.1043,0.5990,-0.1829,0.0077,1.1587,1.1013,-0.1203
22.164,1.1043,0.5990,-0.1829,0.0077,1.1587,1.1013,-0.1159
22.176,1.1043,0.5990,-0.1829,0.0077,1.1587,1.1013,-0.1115
22.188,1.1043,0.5990,-0.1829,0.0077,1.1587,1.1013,-0.1071
22.200,1.1043,0.5990,-0.1829,0.0077,1.1587,1.1013,-0.1027
22.212,1.1043,0.5990,-0.1829,0.0077,1.1587,1.1013,-0.0983
22.224,1.1043,0.5990,-0.1829,0.0077,1.1587,1.1013,-0.0939
22.236,1.1043,0.5990,-0.1829,0.0077,1.1587,1.1013,-0.0895
22.248,1.1043,0.5990,-0.1829,0.0077,1.1587,1.1013,-0.0851
22.260,1.1043,0.5990,-0.1829,0.0077,1.1587,1.1013,-0.0807
22.272,1.1043,0.5990,-0.1829,0.0077,1.1587,1.1013,-0.0763
22.284,1.1043,0.5990,-0.1829,0.0077,1.1587,1.1013,-0.0719
22.296,1.1043,0.5990,-0.1829,0.0077,1.1587,1.1013,-0.0675
22.308,1.1043,0.5990,-0.1829,0.0077,1.1587,1.1013,-0.0631
22.320,1.1043,0.5990,-0.1829,0.0077,1.1587,1.1013,-0.0587
22.332,1.1043,0.5990,-0.1829,0.0077,1.1587,1.1013,-0.0543
22.344,1.1043,0.5990,-0.1829,0.0077,1.1587,1.1013,-0.0499
22.356,1.1043,0.5990,-0.1829,0.0077,1.1587,1.1013,-0.0455
22.368,1.1043,0.5990,-0.1829,0.0077,1.1587,1.1013,-0.0411
22.380,1.1043,0.5990,-0.1829,0.0077,1.1587,1.1013,-0.0367
22.392,1.1043,0.5990,-0.1829,0.0077,1.1587,1.1013,-0.0323
22.404,1.1043,0.5990,-0.1829,0.0077,1.1587,1.1013,-0.0284
22.416,1.1043,0.5990,-0.1829,0.0077,1.1587,1.1013,-0.0250
22.428,1.1043,0.5985,-0.1829,0.0077,1.1587,1.1013,-0.0220
22.440,1.1043,0.5975,-0.1829,0.0077,1.1587,1.1013,-0.0194
22.452,1.1043,0.5961,-0.1829,0.0077,1.1587,1.1013,-0.0170
22.464,1.1043,0.5944,-0.1829,0.0077,1.1587,1.1013,-0.0150
22.476,1.1043,0.5923,-0.1829,0.0077,1.1587,1.1013,-0.0132
22.488,1.1043,0.5900,-0.1829,0.0077,1.1587,1.1013,-0.0116
22.500,1.1043,0.5874,-0.1829,0.0077,1.1587,1.1013,-0.0102
22.512,1.1043,0.5846,-0.1829,0.0077,1.1587,1.1013,-0.0090
22.524,1.1043,0.5816,-0.1829,0.0077,1.1587,1.1013,-0.0079
22.536,1.1043,0.5785,-0.1829,0.0077,1.1587,1.1013,-0.0070
22.548,1.1043,0.5752,-0.1829,0.0077,1.1587,1.1013,-0.0061
22.560,1.1043,0.5717,-0.1829,0.0077,1.1587,1.1013,-0.0054
22.572,1.1043,0.5682,-0.1829,0.0077,1.1587,1.1013,-0.0047
22.584,1.1043,0.5646,-0.1829,0.0077,1.1587,1.1013,-0.0042
22.596,1.1043,0.5608,-0.1829,0.0077,1.1587,1.1013,-0.0037
22.608,1.1043,0.5570,-0.1829,0.0077,1.1587,1.1013,-0.0032
22.620,1.1043,0.5532,-0.1829,0.0077,1.1587,1.1013,-0.0028
22.632,1.1043,0.5493,-0.1829,0.0077,1.1587,1.1013,-0.0025
22.644,1.1043,0.5453,-0.1829,0.0077,1.1587,1.1013,-0.0022
22.656,1.1043,0.5412,-0.1829,0.0077,1.1587,1.1013,-0.0019
22.668,1.1043,0.5372,-0.1829,0.0077,1.1587,1.1013,-0.0017
22.680,1.1043,0.5331,-0.1829,0.0077,1.1587,1.1013,-0.0015
22.692,1.1043,0.5289,-0.1829,0.0077,1.1587,1.1013,-0.0013
22.704,1.1043,0.5248,-0.1829,0.0077,1.1587,1.1013,-0.0012
22.716,1.1043,0.5206,-0.1829,0.0077,1.1587,1.1013,-0.0010
22.728,1.1043,0.5164,-0.1829,0.0077,1.1587,1.1013,-0.0009
22.740,1.1043,0.5122,-0.1829,0.0077,1.1587,1.1013,-0.0008
22.752,1.1043,0.5079,-0.1829,0.0077,1.1587,1.1013,-0.0007
22.764,1.1043,0.5037,-0.1829,0.0077,1.1587,1.1013,-0.0006
22.776,1.1043,0.4994,-0.1829,0.0077,1.1587,1.1013,-0.0005
22.788,1.1043,0.4951,-0.1829,0.0077,1.1587,1.1013,-0.0005
22.800,1.1043,0.4908,-0.1829,0.0077,1.1587,1.1013,-0.0004
22.812,1.1043,0.4865,-0.1829,0.0077,1.1587,1.1013,-0.0004
22.824,1.1043,0.4822,-0.1829,0.0077,1.1587,1.1013,-0.0003
22.836,1.1043,0.4779,-0.1829,0.0077,1.1587,1.1013,-0.0003
22.848,1.1043,0.4736,-0.1829,0.0077,1.1587,1.1013,-0.0003
22.860,1.1043,0.4693,-0.1829,0.0077,1.1587,1.1013,-0.0002
22.872,1.1043,0.4649,-0.1829,0.0077,1.1587,1.1013,-0.0002
22.884,1.1043,0.4606,-0.1829,0.0077,1.1587,1.1013,-0.0002
22.896,1.1043,0.4563,-0.1829,0.0077,1.1587,1.1013,-0.0002
22.908,1.1043,0.4519,-0.1829,0.0077,1.1587,1.1013,-0.0001
22.920,1.1043,0.4476,-0.1829,0.0077,1.1587,1.1013,-0.0001
22.932,1.1043,0.4432,-0.1829,0.0077,1.1587,1.1013,-0.0001
22.944,1.1043,0.4389,-0.1829,0.0077,1.1587,1.1013,-0.0001
22.956,1.1043,0.4345,-0.1829,0.0077,1.1587,1.1013,-0.0001
22.968,1.1043,0.4302,-0.1829,0.0077,1.1587,1.1013,-0.0001
22.980,1.1043,0.4258,-0.1829,0.0077,1.1587,1.1013,-0.0001
22.992,1.1043,0.4215,-0.1829,0.0077,1.1587,1.1013,-0.0001
23.004,1.1043,0.4171,-0.1829,0.0077,1.1587,1.1013,-0.0000
23.016,1.1043,0.4128,-0.1829,0.0077,1.1587,1.1013,-0.0000
23.028,1.1043,0.4084,-0.1829,0.0077,1.1587,1.1013,-0.0000
23.040,1.1043,0.4041,-0.1829,0.0077,1.1587,1.1013,-0.0000
23.052,1.1043,0.3997,-0.1829,0.0077,1.1587,1.1013,-0.0000
23.064,1.1043,0.3953,-0.1829,0.0077,1.1587,1.1013,-0.0000
23.076,1.1043,0.3910,-0.1829,0.0077,1.1587,1.1013,-0.0000
23.088,1.1043,0.3866,-0.1829,0.0077,1.1587,1.1013,-0.0000
23.100,1.1043,0.3823,-0.1829,0.0077,1.1587,1.1013,-0.0000
23.112,1.1043,0.3779,-0.1829,0.0077,1.1587,1.1013,-0.0000
23.124,1.1043,0.3735,-0.1829,0.0077,1.1587,1.1013,-0.0000
23.136,1.1043,0.3692,-0.1829,0.0077,1.1587,1.1013,-0.0000
23.148,1.1043,0.3648,-0.1829,0.0077,1.1587,1.1013,-0.0000
23.160,1.1043,0.3605,-0.1829,0.0077,1.1587,1.1013,-0.0000
23.172,1.1043,0.3561,-0.1829,0.0077,1.1587,1.1013,-0.0000
23.184,1.1043,0.3517,-0.1829,0.0077,1.1587,1.1013,-0.0000
23.196,1.1043,0.3474,-0.1829,0.0077,1.1587,1.1013,-0.0000
23.208,1.1043,0.3430,-0.1829,0.0077,1.1587,1.1013,-0.0000
23.220,1.1043,0.3386,-0.1829,0.0077,1.1587,1.1013,-0.0000
23.232,1.1043,0.3343,-0.1829,0.0077,1.1587,1.1013,-0.0000
23.244,1.1043,0.3299,-0.1829,0.0077,1.1587,1.1013,-0.0000
23.256,1.1043,0.3256,-0.1829,0.0077,1.1587,1.1013,-0.0000
23.268,1.1043,0.3212,-0.1829,0.0077,1.1587,1.1013,-0.0000
23.280,1.1043,0.3168,-0.1829,0.0077,1.1587,1.1013,-0.0000
23.292,1.1043,0.3125,-0.1829,0.0077,1.1587,1.1013,-0.0000
23.304,1.1043,0.3081,-0.1829,0.0077,1.1587,1.1013,-0.0000
23.316,1.1043,0.3037,-0.1829,0.0077,1.1587,1.1013,-0.0000
23.328,1.1043,0.2994,-0.1829,0.0077,1.1587,1.1013,-0.0000
23.340,1.1043,0.2950,-0.1829,0.0077,1.1587,1.1013,-0.0000
23.352,1.1043,0.2907,-0.1829,0.0077,1.1587,1.1013,-0.0000
23.364,1.1043,0.2863,-0.1829,0.0077,1.1587,1.1013,-0.0000
23.376,1.1043,0.2819,-0.1829,0.0077,1.1587,1.1013,-0.0000
23.388,1.1043,0.2776,-0.1829,0.0077,1.1587,1.1013,-0.0000
23.400,1.1043,0.2732,-0.1829,0.0077,1.1587,1.1013,-0.0000
23.412,1.1043,0.2688,-0.1829,0.0077,1.1587,1.1013,-0.0000
23.424,1.1043,0.2645,-0.1829,0.0077,1.1587,1.1013,-0.0000
23.436,1.1043,0.2601,-0.1829,0.0077,1.1587,1.1013,-0.0000
23.448,1.1043,0.2557,-0.1829,0.0077,1.1587,1.1013,-0.0000
23.460,1.1043,0.2514,-0.1829,0.0077,1.1587,1.1013,-0.0000
23.472,1.1043,0.2470,-0.1829,0.0077,1.1587,1.1013,-0.0000
23.484,1.1043,0.2427,-0.1829,0.0077,1.1587,1.1013,-0.0000
23.496,1.1043,0.2383,-0.1829,0.0077,1.1587,1.1013,-0.0000
23.508,1.1043,0.2339,-0.1829,0.0077,1.1587,1.1013,-0.0000
23.520,1.1043,0.2296,-0.1829,0.0077,1.1587,1.1013,-0.0000
23.532,1.1043,0.2252,-0.1829,0.0077,1.1587,1.1013,-0.0000
23.544,1.1043,0.2208,-0.1829,0.0077,1.1587,1.1013,-0.0000
23.556,1.1043,0.2165,-0.1829,0.0077,1.1587,1.1013,-0.0000
23.568,1.1043,0.2121,-0.1829,0.0077,1.1587,1.1013,-0.0000
23.580,1.1043,0.2078,-0.1829,0.0077,1.1587,1.1013,-0.0000
23.592,1.1043,0.2034,-0.1829,0.0077,1.1587,1.1013,-0.0000
23.604,1.1043,0.1990,-0.1829,0.0077,1.1587,1.1013,-0.0000
23.616,1.1043,0.1947,-0.1829,0.0077,1.1587,1.1013,-0.0000
23.628,1.1043,0.1908,-0.1829,0.0077,1.1587,1.1013,-0.0000
23.640,1.1043,0.1874,-0.1829,0.0077,1.1587,1.1013,-0.0000
23.652,1.1043,0.1845,-0.1829,0.0077,1.1587,1.1013,-0.0000
23.664,1.1043,0.1819,-0.1829,0.0077,1.1587,1.1013,-0.0000
23.676,1.1043,0.1796,-0.1829,0.0077,1.1587,1.1013,-0.0000
23.688,1.1043,0.1775,-0.1829,0.0077,1.1587,1.1013,-0.0000
23.700,1.1043,0.1757,-0.1829,0.0077,1.1587,1.1013,-0.0000
23.712,1.1043,0.1757,-0.1829,0.0077,1.1587,1.1013,-0.0000
23.724,1.1035,0.1757,-0.1829,0.0077,1.1587,1.1013,-0.0000
23.736,1.1020,0.1757,-0.1829,0.0077,1.1587,1.1013,-0.0000
23.748,1.0999,0.1757,-0.1829,0.0077,1.1587,1.1013,-0.0000
23.760,1.0972,0.1757,-0.1829,0.0077,1.1587,1.1013,-0.0000
23.772,1.0941,0.1756,-0.1829,0.0077,1.1587,1.1013,-0.0000
23.784,1.0905,0.1756,-0.1829,0.0077,1.1587,1.1013,-0.0000
23.796,1.0866,0.1755,-0.1829,0.0077,1.1587,1.1013,-0.0000
23.808,1.0824,0.1755,-0.1829,0.0077,1.1587,1.1013,-0.0000
23.820,1.0779,0.1754,-0.1829,0.0077,1.1587,1.1013,-0.0000
23.832,1.0731,0.1754,-0.1829,0.0077,1.1587,1.1013,-0.0000
23.844,1.0681,0.1753,-0.1829,0.0077,1.1587,1.1013,-0.0000
23.856,1.0629,0.1753,-0.1829,0.0077,1.1587,1.1013,-0.0000
23.868,1.0575,0.1752,-0.1829,0.0077,1.1587,1.1013,-0.0000
23.880,1.0520,0.1751,-0.1829,0.0077,1.1587,1.1013,-0.0000
23.892,1.0463,0.1751,-0.1829,0.0077,1.1587,1.1013,-0.0000
23.904,1.0406,0.1750,-0.1829,0.0077,1.1587,1.1013,-0.0000
23.916,1.0347,0.1749,-0.1829,0.0077,1.1587,1.1013,-0.0000
23.928,1.0287,0.1748,-0.1829,0.0077,1.1587,1.1013,-0.0000
23.940,1.0227,0.1748,-0.1829,0.0077,1.1587,1.1013,-0.0000
23.952,1.0166,0.1747,-0.1829,0.0077,1.1587,1.1013,-0.0000
23.964,1.0104,0.1746,-0.1829,0.0077,1.1587,1.1013,-0.0000
23.976,1.0042,0.1746,-0.1829,0.0077,1.1587,1.1013,-0.0000
23.988,0.9979,0.1745,-0.1829,0.0077,1.1587,1.1013,-0.0000
24.000,0.9916,0.1744,-0.1829,0.0077,1.1587,1.1013,-0.0000
24.012,0.9852,0.1743,-0.1829,0.0077,1.1587,1.1013,-0.0000
24.024,0.9788,0.1743,-0.1829,0.0077,1.1587,1.1013,-0.0000
24.036,0.9724,0.1742,-0.1829,0.0077,1.1587,1.1013,-0.0000
24.048,0.9660,0.1741,-0.1829,0.0077,1.1587,1.1013,-0.0000
24.060,0.9595,0.1740,-0.1829,0.0077,1.1587,1.1013,-0.0000
24.072,0.9530,0.1740,-0.1829,0.0077,1.1587,1.1013,-0.0000
24.084,0.9465,0.1739,-0.1829,0.0077,1.1587,1.1013,-0.0000
24.096,0.9400,0.1738,-0.1829,0.0077,1.1587,1.1013,-0.0000
24.108,0.9335,0.1737,-0.1829,0.0077,1.1587,1.1013,-0.0000
24.120,0.9270,0.1736,-0.1829,0.0077,1.1587,1.1013,-0.0000
24.132,0.9204,0.1736,-0.1829,0.0077,1.1587,1.1013,-0.0000
24.144,0.9138,0.1735,-0.1829,0.0077,1.1587,1.1013,-0.0000
24.156,0.9073,0.1734,-0.1829,0.0077,1.1587,1.1013,-0.0000
24.168,0.9007,0.1733,-0.1829,0.0077,1.1587,1.1013,-0.0000
24.180,0.8941,0.1733,-0.1829,0.0077,1.1587,1.1013,-0.0000
24.192,0.8875,0.1732,-0.1829,0.0077,1.1587,1.1013,-0.0000
24.204,0.8810,0.1731,-0.1829,0.0077,1.1587,1.1013,-0.0000
24.216,0.8744,0.1730,-0.1829,0.0077,1.1587,1.1013,-0.0000
24.228,0.8678,0.1729,-0.1829,0.0077,1.1587,1.1013,-0.0000
24.240,0.8612,0.1729,-0.1829,0.0077,1.1587,1.1013,-0.0000
24.252,0.8546,0.1728,-0.1829,0.0077,1.1587,1.1013,-0.0000
24.264,0.8479,0.1727,-0.1829,0.0077,1.1587,1.1013,-0.0000
24.276,0.8413,0.1726,-0.1829,0.0077,1.1587,1.1013,-0.0000
24.288,0.8347,0.1725,-0.1829,0.0077,1.1587,1.1013,-0.0000
24.300,0.8281,0.1725,-0.1829,0.0077,1.1587,1.1013,-0.0000
24.312,0.8215,0.1724,-0.1829,0.0077,1.1587,1.1013,-0.0000
24.324,0.8149,0.1723,-0.1829,0.0077,1.1587,1.1013,-0.0000
24.336,0.8083,0.1722,-0.1829,0.0077,1.1587,1.1013,-0.0000
24.348,0.8016,0.1722,-0.1829,0.0077,1.1587,1.1013,-0.0000
24.360,0.7950,0.1721,-0.1829,0.0077,1.1587,1.1013,-0.0000
24.372,0.7884,0.1720,-0.1829,0.0077,1.1587,1.1013,-0.0000
24.384,0.7818,0.1719,-0.1829,0.0077,1.1587,1.1013,-0.0000
24.396,0.7752,0.1718,-0.1829,0.0077,1.1587,1.1013,-0.0000
24.408,0.7685,0.1718,-0.1829,0.0077,1.1587,1.1013,-0.0000
24.420,0.7619,0.1717,-0.1829,0.0077,1.1587,1.1013,-0.0000
24.432,0.7553,0.1716,-0.1829,0.0077,1.1587,1.1013,-0.0000
24.444,0.7487,0.1715,-0.1829,0.0077,1.1587,1.1013,-0.0000
24.456,0.7421,0.1715,-0.1829,0.0077,1.1587,1.1013,-0.0000
24.468,0.7354,0.1714,-0.1829,0.0077,1.1587,1.1013,-0.0000
24.480,0.7288,0.1713,-0.1829,0.0077,1.1587,1.1013,-0.0000
24.492,0.7222,0.1712,-0.1829,0.0077,1.1587,1.1013,-0.0000
24.504,0.7156,0.1711,-0.1829,0.0077,1.1587,1.1013,-0.0000
24.516,0.7089,0.1711,-0.1829,0.0077,1.1587,1.1013,-0.0000
24.528,0.7023,0.1710,-0.1829,0.0077,1.1587,1.1013,-0.0000
24.540,0.6957,0.1709,-0.1829,0.0077,1.1587,1.1013,-0.0000
24.552,0.6891,0.1708,-0.1829,0.0077,1.1587,1.1013,-0.0000
24.564,0.6824,0.1707,-0.1829,0.0077,1.1587,1.1013,-0.0000
24.576,0.6758,0.1707,-0.1829,0.0077,1.1587,1.1013,-0.0000
24.588,0.6692,0.1706,-0.1829,0.0077,1.1587,1.1013,-0.0000
24.600,0.6626,0.1705,-0.1829,0.0077,1.1587,1.1013,-0.0000
24.612,0.6559,0.1704,-0.1829,0.0077,1.1587,1.1013,-0.0000
24.624,0.6493,0.1704,-0.1829,0.0077,1.1587,1.1013,-0.0000
24.636,0.6427,0.1703,-0.1829,0.0077,1.1587,1.1013,-0.0000
24.648,0.6361,0.1702,-0.1829,0.0077,1.1587,1.1013,-0.0000
24.660,0.6294,0.1701,-0.1829,0.0077,1.1587,1.1013,-0.0000
24.672,0.6228,0.1700,-0.1829,0.0077,1.1587,1.1013,-0.0000
24.684,0.6162,0.1700,-0.1829,0.0077,1.1587,1.1013,-0.0000
24.696,0.6096,0.1699,-0.1829,0.0077,1.1587,1.1013,-0.0000
24.708,0.6029,0.1698,-0.1829,0.0077,1.1587,1.1013,-0.0000
24.720,0.5963,0.1697,-0.1829,0.0077,1.1587,1.1013,-0.0000
24.732,0.5897,0.1696,-0.1829,0.0077,1.1587,1.1013,-0.0000
24.744,0.5831,0.1696,-0.1829,0.0077,1.1587,1.1013,-0.0000
24.756,0.5764,0.1695,-0.1829,0.0077,1.1587,1.1013,-0.0000
24.768,0.5698,0.1694,-0.1829,0.0077,1.1587,1.1013,-0.0000
24.780,0.5632,0.1693,-0.1829,0.0077,1.1587,1.1013,-0.0000
24.792,0.5566,0.1693,-0.1829,0.0077,1.1587,1.1013,-0.0000
24.804,0.5499,0.1692,-0.1829,0.0077,1.1587,1.1013,-0.0000
24.816,0.5433,0.1691,-0.1829,0.0077,1.1587,1.1013,-0.0000
24.828,0.5367,0.1690,-0.1829,0.0077,1.1587,1.1013,-0.0000
24.840,0.5300,0.1689,-0.1829,0.0077,1.1587,1.1013,-0.0000
24.852,0.5234,0.1689,-0.1829,0.0077,1.1587,1.1013,-0.0000
24.864,0.5168,0.1688,-0.1829,0.0077,1.1587,1.1013,-0.0000
24.876,0.5102,0.1687,-0.1829,0.0077,1.1587,1.1013,-0.0000
24.888,0.5035,0.1686,-0.1829,0.0077,1.1587,1.1013,-0.0000
24.900,0.4969,0.1685,-0.1829,0.0077,1.1587,1.1013,-0.0000
24.912,0.4903,0.1685,-0.1829,0.0077,1.1587,1.1013,-0.0000
24.924,0.4837,0.1684,-0.1829,0.0077,1.1587,1.1013,-0.0000
24.936,0.4770,0.1683,-0.1829,0.0077,1.1587,1.1013,-0.0000
24.948,0.4704,0.1682,-0.1829,0.0077,1.1587,1.1013,-0.0000
24.960,0.4638,0.1682,-0.1829,0.0077,1.1587,1.1013,-0.0000
24.972,0.4572,0.1681,-0.1829,0.0077,1.1587,1.1013,-0.0000
24.984,0.4505,0.1680,-0.1829,0.0077,1.1587,1.1013,-0.0000
24.996,0.4439,0.1679,-0.1829,0.0077,1.1587,1.1013,-0.0000
25.008,0.4373,0.1678,-0.1829,0.0077,1.1587,1.1013,-0.0000
25.020,0.4307,0.1678,-0.1829,0.0077,1.1587,1.1013,-0.0000
25.032,0.4240,0.1677,-0.1829,0.0077,1.1587,1.1013,-0.0000
25.044,0.4174,0.1676,-0.1829,0.0077,1.1587,1.1013,-0.0000
25.056,0.4108,0.1675,-0.1829,0.0077,1.1587,1.1013,-0.0000
25.068,0.4042,0.1675,-0.1829,0.0077,1.1587,1.1013,-0.0000
25.080,0.3975,0.1674,-0.1829,0.0077,1.1587,1.1013,-0.0000
25.092,0.3909,0.1673,-0.1829,0.0077,1.1587,1.1013,-0.0000
25.104,0.3843,0.1672,-0.1829,0.0077,1.1587,1.1013,-0.0000
25.116,0.3777,0.1671,-0.1829,0.0077,1.1587,1.1013,-0.0000
25.128,0.3710,0.1671,-0.1829,0.0077,1.1587,1.1013,-0.0000
25.140,0.3644,0.1670,-0.1829,0.0077,1.1587,1.1013,-0.0000
25.152,0.3578,0.1669,-0.1829,0.0077,1.1587,1.1013,-0.0000
25.164,0.3512,0.1668,-0.1829,0.0077,1.1587,1.1013,-0.0000
25.176,0.3445,0.1667,-0.1829,0.0077,1.1587,1.1013,-0.0000
25.188,0.3379,0.1667,-0.1829,0.0077,1.1587,1.1013,-0.0000
25.200,0.3313,0.1666,-0.1829,0.0077,1.1587,1.1013,-0.0000
25.212,0.3247,0.1665,-0.1829,0.0077,1.1587,1.1013,-0.0000
25.224,0.3180,0.1664,-0.1829,0.0077,1.1587,1.1013,-0.0000
25.236,0.3114,0.1664,-0.1829,0.0077,1.1587,1.1013,-0.0000
25.248,0.3048,0.1663,-0.1829,0.0077,1.1587,1.1013,-0.0000
25.260,0.2982,0.1662,-0.1829,0.0077,1.1587,1.1013,-0.0000
25.272,0.2915,0.1661,-0.1829,0.0077,1.1587,1.1013,-0.0000
25.284,0.2849,0.1660,-0.1829,0.0077,1.1587,1.1013,-0.0000
25.296,0.2783,0.1660,-0.1829,0.0077,1.1587,1.1013,-0.0000
25.308,0.2717,0.1659,-0.1829,0.0077,1.1587,1.1013,-0.0000
25.320,0.2650,0.1658,-0.1829,0.0077,1.1587,1.1013,-0.0000
25.332,0.2584,0.1657,-0.1829,0.0077,1.1587,1.1013,-0.0000
25.344,0.2518,0.1656,-0.1829,0.0077,1.1587,1.1013,-0.0000
25.356,0.2451,0.1656,-0.1829,0.0077,1.1587,1.1013,-0.0000
25.368,0.2385,0.1655,-0.1829,0.0077,1.1587,1.1013,-0.0000
25.380,0.2319,0.1654,-0.1829,0.0077,1.1587,1.1013,-0.0000
25.392,0.2253,0.1653,-0.1829,0.0077,1.1587,1.1013,-0.0000
25.404,0.2186,0.1653,-0.1829,0.0077,1.1587,1.1013,-0.0000
25.416,0.2120,0.1652,-0.1829,0.0077,1.1587,1.1013,-0.0000
25.428,0.2054,0.1651,-0.1829,0.0077,1.1587,1.1013,-0.0000
25.440,0.1988,0.1650,-0.1829,0.0077,1.1587,1.1013,-0.0000
25.452,0.1921,0.1649,-0.1829,0.0077,1.1587,1.1013,-0.0000
25.464,0.1855,0.1649,-0.1829,0.0077,1.1587,1.1013,-0.0000
25.476,0.1789,0.1648,-0.1829,0.0077,1.1587,1.1013,-0.0000
25.488,0.1723,0.1647,-0.1829,0.0077,1.1587,1.1013,-0.0000
25.500,0.1656,0.1646,-0.1829,0.0077,1.1587,1.1013,-0.0000
25.512,0.1590,0.1645,-0.1829,0.0077,1.1587,1.1013,-0.0000
25.524,0.1524,0.1645,-0.1829,0.0077,1.1587,1.1013,-0.0000
25.536,0.1458,0.1644,-0.1829,0.0077,1.1587,1.1013,-0.0000
25.548,0.1391,0.1643,-0.1829,0.0077,1.1587,1.1013,-0.0000
25.560,0.1325,0.1642,-0.1829,0.0077,1.1587,1.1013,-0.0000
25.572,0.1259,0.1642,-0.1829,0.0077,1.1587,1.1013,-0.0000
25.584,0.1193,0.1641,-0.1829,0.0077,1.1587,1.1013,-0.0000
25.596,0.1126,0.1640,-0.1829,0.0077,1.1587,1.1013,-0.0000
25.608,0.1060,0.1639,-0.1829,0.0077,1.1587,1.1013,-0.0000
25.620,0.0994,0.1638,-0.1829,0.0077,1.1587,1.1013,-0.0000
25.632,0.0928,0.1638,-0.1829,0.0077,1.1587,1.1013,-0.0000
25.644,0.0861,0.1637,-0.1829,0.0077,1.1587,1.1013,-0.0000
25.656,0.0795,0.1636,-0.1829,0.0077,1.1587,1.1013,-0.0000
25.668,0.0729,0.1635,-0.1829,0.0077,1.1587,1.1013,-0.0000
25.680,0.0663,0.1634,-0.1829,0.0077,1.1587,1.1013,-0.0000
25.692,0.0596,0.1634,-0.1829,0.0077,1.1587,1.1013,-0.0000
25.704,0.0530,0.1633,-0.1829,0.0077,1.1587,1.1013,-0.0000
25.716,0.0466,0.1632,-0.1829,0.0077,1.1587,1.1013,-0.0000
25.728,0.0410,0.1632,-0.1829,0.0077,1.1587,1.1013,-0.0000
25.740,0.0361,0.1631,-0.1829,0.0077,1.1587,1.1013,-0.0000
25.752,0.0318,0.1630,-0.1829,0.0077,1.1587,1.1013,-0.0000
25.764,0.0280,0.1630,-0.1829,0.0077,1.1587,1.1013,-0.0000
25.776,0.0246,0.1630,-0.1829,0.0077,1.1587,1.1013,-0.0000
25.788,0.0217,0.1629,-0.1829,0.0077,1.1587,1.1013,-0.0000
25.800,0.0191,0.1629,-0.1829,0.0077,1.1587,1.1013,-0.0000
25.812,0.0168,0.1629,-0.1829,0.0077,1.1587,1.1013,-0.0000
25.824,0.0168,0.1629,-0.1829,0.0077,1.1587,1.1013,-0.0000
25.836,0.0168,0.1627,-0.1828,0.0077,1.1579,1.1005,-0.0000
25.848,0.0167,0.1625,-0.1825,0.0077,1.1563,1.0990,-0.0000
25.860,0.0167,0.1622,-0.1822,0.0076,1.1541,1.0969,-0.0000
25.872,0.0167,0.1618,-0.1817,0.0076,1.1513,1.0943,-0.0000
25.884,0.0166,0.1614,-0.1812,0.0076,1.1480,1.0911,-0.0000
25.896,0.0166,0.1608,-0.1806,0.0076,1.1443,1.0876,-0.0000
25.908,0.0165,0.1603,-0.1800,0.0076,1.1402,1.0837,-0.0000
25.920,0.0164,0.1596,-0.1793,0.0075,1.1358,1.0795,-0.0000
25.932,0.0164,0.1590,-0.1785,0.0075,1.1310,1.0750,-0.0000
25.944,0.0163,0.1583,-0.1777,0.0075,1.1260,1.0702,-0.0000
25.956,0.0162,0.1575,-0.1769,0.0074,1.1207,1.0652,-0.0000
25.968,0.0161,0.1568,-0.1761,0.0074,1.1153,1.0600,-0.0000
25.980,0.0161,0.1560,-0.1752,0.0074,1.1097,1.0547,-0.0000
25.992,0.0160,0.1552,-0.1742,0.0073,1.1039,1.0492,-0.0000
26.004,0.0159,0.1543,-0.1733,0.0073,1.0979,1.0435,-0.0000
26.016,0.0158,0.1535,-0.1724,0.0072,1.0919,1.0378,-0.0000
26.028,0.0157,0.1526,-0.1714,0.0072,1.0857,1.0319,-0.0000
26.040,0.0156,0.1517,-0.1704,0.0072,1.0795,1.0260,-0.0000
26.052,0.0155,0.1508,-0.1694,0.0071,1.0731,1.0199,-0.0000
26.064,0.0154,0.1499,-0.1684,0.0071,1.0667,1.0138,-0.0000
26.076,0.0153,0.1490,-0.1674,0.0070,1.0602,1.0077,-0.0000
26.088,0.0153,0.1481,-0.1663,0.0070,1.0537,1.0015,-0.0000
26.100,0.0152,0.1472,-0.1653,0.0069,1.0471,0.9952,-0.0000
26.112,0.0151,0.1462,-0.1642,0.0069,1.0405,0.9889,-0.0000
26.124,0.0150,0.1453,-0.1632,0.0069,1.0338,0.9826,-0.0000
26.136,0.0149,0.1444,-0.1621,0.0068,1.0271,0.9762,-0.0000
26.148,0.0148,0.1434,-0.1611,0.0068,1.0204,0.9698,-0.0000
26.160,0.0147,0.1425,-0.1600,0.0067,1.0136,0.9634,-0.0000
26.172,0.0146,0.1415,-0.1589,0.0067,1.0068,0.9569,-0.0000
26.184,0.0145,0.1406,-0.1579,0.0066,1.0000,0.9505,-0.0000
26.196,0.0144,0.1396,-0.1568,0.0066,0.9932,0.9440,-0.0000
26.208,0.0143,0.1386,-0.1557,0.0065,0.9864,0.9375,-0.0000
26.220,0.0142,0.1377,-0.1546,0.0065,0.9795,0.9310,-0.0000
26.232,0.0141,0.1367,-0.1535,0.0064,0.9727,0.9245,-0.0000
26.244,0.0140,0.1357,-0.1525,0.0064,0.9658,0.9179,-0.0000
26.256,0.0139,0.1348,-0.1514,0.0064,0.9589,0.9114,-0.0000
26.268,0.0138,0.1338,-0.1503,0.0063,0.9520,0.9048,-0.0000
26.280,0.0137,0.1328,-0.1492,0.0063,0.9451,0.8983,-0.0000
26.292,0.0136,0.1319,-0.1481,0.0062,0.9382,0.8917,-0.0000
26.304,0.0135,0.1309,-0.1470,0.0062,0.9313,0.8852,-0.0000
26.316,0.0134,0.1299,-0.1459,0.0061,0.9244,0.8786,-0.0000
26.328,0.0133,0.1290,-0.1448,0.0061,0.9175,0.8720,-0.0000
26.340,0.0132,0.1280,-0.1437,0.0060,0.9105,0.8654,-0.0000
26.352,0.0131,0.1270,-0.1426,0.0060,0.9036,0.8588,-0.0000
26.364,0.0130,0.1260,-0.1415,0.0059,0.8967,0.8523,-0.0000
26.376,0.0129,0.1251,-0.1405,0.0059,0.8898,0.8457,-0.0000
26.388,0.0128,0.1241,-0.1394,0.0059,0.8828,0.8391,-0.0000
26.400,0.0127,0.1231,-0.1383,0.0058,0.8759,0.8325,-0.0000
26.412,0.0126,0.1221,-0.1372,0.0058,0.8689,0.8259,-0.0000
26.424,0.0125,0.1212,-0.1361,0.0057,0.8620,0.8193,-0.0000
26.436,0.0124,0.1202,-0.1350,0.0057,0.8551,0.8127,-0.0000
26.448,0.0123,0.1192,-0.1339,0.0056,0.8481,0.8061,-0.0000
26.460,0.0122,0.1182,-0.1328,0.0056,0.8412,0.7995,-0.0000
26.472,0.0121,0.1173,-0.1317,0.0055,0.8342,0.7929,-0.0000
26.484,0.0120,0.1163,-0.1306,0.0055,0.8273,0.7863,-0.0000
26.496,0.0119,0.1153,-0.1295,0.0054,0.8203,0.7797,-0.0000
26.508,0.0118,0.1143,-0.1284,0.0054,0.8134,0.7731,-0.0000
26.520,0.0117,0.1133,-0.1273,0.0053,0.8064,0.7665,-0.0000
26.532,0.0116,0.1124,-0.1262,0.0053,0.7995,0.7599,-0.0000
26.544,0.0115,0.1114,-0.1251,0.0053,0.7925,0.7533,-0.0000
26.556,0.0114,0.1104,-0.1240,0.0052,0.7856,0.7467,-0.0000
26.568,0.0113,0.1094,-0.1229,0.0052,0.7786,0.7401,-0.0000
26.580,0.0112,0.1085,-0.1218,0.0051,0.7717,0.7335,-0.0000
26.592,0.0111,0.1075,-0.1207,0.0051,0.7647,0.7268,-0.0000
26.604,0.0110,0.1065,-0.1196,0.0050,0.7578,0.7202,-0.0000
26.616,0.0109,0.1055,-0.1185,0.0050,0.7508,0.7136,-0.0000
26.628,0.0108,0.1046,-0.1174,0.0049,0.7439,0.7070,-0.0000
26.640,0.0107,0.1036,-0.1163,0.0049,0.7369,0.7004,-0.0000
26.652,0.0106,0.1026,-0.1152,0.0048,0.7300,0.6938,-0.0000
26.664,0.0105,0.1016,-0.1141,0.0048,0.7230,0.6872,-0.0000
26.676,0.0104,0.1006,-0.1130,0.0047,0.7161,0.6806,-0.0000
26.688,0.0103,0.0997,-0.1119,0.0047,0.7091,0.6740,-0.0000
26.700,0.0102,0.0987,-0.1108,0.0047,0.7022,0.6674,-0.0000
26.712,0.0101,0.0977,-0.1097,0.0046,0.6952,0.6608,-0.0000
26.724,0.0100,0.0967,-0.1086,0.0046,0.6883,0.6542,-0.0000
26.736,0.0099,0.0958,-0.1076,0.0045,0.6813,0.6476,-0.0000
26.748,0.0098,0.0948,-0.1065,0.0045,0.6744,0.6410,-0.0000
26.760,0.0097,0.0938,-0.1054,0.0044,0.6674,0.6343,-0.0000
26.772,0.0096,0.0928,-0.1043,0.0044,0.6605,0.6277,-0.0000
26.784,0.0095,0.0919,-0.1032,0.0043,0.6535,0.6211,-0.0000
26.796,0.0094,0.0909,-0.1021,0.0043,0.6466,0.6145,-0.0000
26.808,0.0093,0.0899,-0.1010,0.0042,0.6396,0.6079,-0.0000
26.820,0.0092,0.0889,-0.0999,0.0042,0.6327,0.6013,-0.0000
26.832,0.0091,0.0879,-0.0988,0.0041,0.6257,0.5947,-0.0000
26.844,0.0090,0.0870,-0.0977,0.0041,0.6188,0.5881,-0.0000
26.856,0.0089,0.0860,-0.0966,0.0041,0.6118,0.5815,-0.0000
26.868,0.0088,0.0850,-0.0955,0.0040,0.6049,0.5749,-0.0000
26.880,0.0087,0.0840,-0.0944,0.0040,0.5979,0.5683,-0.0000
26.892,0.0086,0.0831,-0.0933,0.0039,0.5909,0.5617,-0.0000
26.904,0.0085,0.0821,-0.0922,0.0039,0.5840,0.5551,-0.0000
26.916,0.0084,0.0811,-0.0911,0.0038,0.5770,0.5484,-0.0000
26.928,0.0083,0.0801,-0.0900,0.0038,0.5701,0.5418,-0.0000
26.940,0.0082,0.0792,-0.0889,0.0037,0.5631,0.5352,-0.0000
26.952,0.0081,0.0782,-0.0878,0.0037,0.5562,0.5286,-0.0000
26.964,0.0080,0.0772,-0.0867,0.0036,0.5492,0.5220,-0.0000
26.976,0.0079,0.0762,-0.0856,0.0036,0.5423,0.5154,-0.0000
26.988,0.0078,0.0752,-0.0845,0.0035,0.5353,0.5088,-0.0000
27.000,0.0076,0.0743,-0.0834,0.0035,0.5284,0.5022,-0.0000
27.012,0.0075,0.0733,-0.0823,0.0035,0.5214,0.4956,-0.0000
27.024,0.0074,0.0723,-0.0812,0.0034,0.5145,0.4890,-0.0000
27.036,0.0073,0.0713,-0.0801,0.0034,0.5075,0.4824,-0.0000
27.048,0.0072,0.0704,-0.0790,0.0033,0.5006,0.4758,-0.0000
27.060,0.0071,0.0694,-0.0779,0.0033,0.4936,0.4692,-0.0000
27.072,0.0070,0.0684,-0.0768,0.0032,0.4867,0.4625,-0.0000
27.084,0.0069,0.0674,-0.0757,0.0032,0.4797,0.4559,-0.0000
27.096,0.0068,0.0664,-0.0746,0.0031,0.4728,0.4493,-0.0000
27.108,0.0067,0.0655,-0.0735,0.0031,0.4658,0.4427,-0.0000
27.120,0.0066,0.0645,-0.0724,0.0030,0.4589,0.4361,-0.0000
27.132,0.0065,0.0635,-0.0713,0.0030,0.4519,0.4295,-0.0000
27.144,0.0064,0.0625,-0.0702,0.0029,0.4450,0.4229,-0.0000
27.156,0.0063,0.0616,-0.0691,0.0029,0.4380,0.4163,-0.0000
27.168,0.0062,0.0606,-0.0680,0.0029,0.4310,0.4097,-0.0000
27.180,0.0061,0.0596,-0.0669,0.0028,0.4241,0.4031,-0.0000
27.192,0.0060,0.0586,-0.0658,0.0028,0.4171,0.3965,-0.0000
27.204,0.0059,0.0577,-0.0648,0.0027,0.4102,0.3899,-0.0000
27.216,0.0058,0.0567,-0.0637,0.0027,0.4032,0.3833,-0.0000
27.228,0.0057,0.0557,-0.0626,0.0026,0.3963,0.3766,-0.0000
27.240,0.0056,0.0547,-0.0615,0.0026,0.3893,0.3700,-0.0000
27.252,0.0055,0.0537,-0.0604,0.0025,0.3824,0.3634,-0.0000
27.264,0.0054,0.0528,-0.0593,0.0025,0.3754,0.3568,-0.0000
27.276,0.0053,0.0518,-0.0582,0.0024,0.3685,0.3502,-0.0000
27.288,0.0052,0.0508,-0.0571,0.0024,0.3615,0.3436,-0.0000
27.300,0.0051,0.0498,-0.0560,0.0023,0.3546,0.3370,-0.0000
27.312,0.0050,0.0489,-0.0549,0.0023,0.3476,0.3304,-0.0000
27.324,0.0049,0.0479,-0.0538,0.0023,0.3407,0.3238,-0.0000
27.336,0.0048,0.0469,-0.0527,0.0022,0.3337,0.3172,-0.0000
27.348,0.0047,0.0459,-0.0516,0.0022,0.3268,0.3106,-0.0000
27.360,0.0046,0.0450,-0.0505,0.0021,0.3198,0.3040,-0.0000
27.372,0.0045,0.0440,-0.0494,0.0021,0.3129,0.2974,-0.0000
27.384,0.0044,0.0430,-0.0483,0.0020,0.3059,0.2907,-0.0000
27.396,0.0043,0.0420,-0.0472,0.0020,0.2990,0.2841,-0.0000
27.408,0.0042,0.0410,-0.0461,0.0019,0.2920,0.2775,-0.0000
27.420,0.0041,0.0401,-0.0450,0.0019,0.2850,0.2709,-0.0000
27.432,0.0040,0.0391,-0.0439,0.0018,0.2781,0.2643,-0.0000
27.444,0.0039,0.0381,-0.0428,0.0018,0.2711,0.2577,-0.0000
27.456,0.0038,0.0371,-0.0417,0.0018,0.2642,0.2511,-0.0000
27.468,0.0037,0.0362,-0.0406,0.0017,0.2572,0.2445,-0.0000
27.480,0.0036,0.0352,-0.0395,0.0017,0.2503,0.2379,-0.0000
27.492,0.0035,0.0342,-0.0384,0.0016,0.2433,0.2313,-0.0000
27.504,0.0034,0.0332,-0.0373,0.0016,0.2364,0.2247,-0.0000
27.516,0.0033,0.0322,-0.0362,0.0015,0.2294,0.2181,-0.0000
27.528,0.0032,0.0313,-0.0351,0.0015,0.2225,0.2115,-0.0000
27.540,0.0031,0.0303,-0.0340,0.0014,0.2155,0.2048,-0.0000
27.552,0.0030,0.0293,-0.0329,0.0014,0.2086,0.1982,-0.0000
27.564,0.0029,0.0283,-0.0318,0.0013,0.2016,0.1916,-0.0000
27.576,0.0028,0.0274,-0.0307,0.0013,0.1947,0.1850,-0.0000
27.588,0.0027,0.0264,-0.0296,0.0012,0.1877,0.1784,-0.0000
27.600,0.0026,0.0254,-0.0285,0.0012,0.1808,0.1718,-0.0000
27.612,0.0025,0.0244,-0.0274,0.0012,0.1738,0.1652,-0.0000
27.624,0.0024,0.0235,-0.0263,0.0011,0.1669,0.1586,-0.0000
27.636,0.0023,0.0225,-0.0252,0.0011,0.1599,0.1520,-0.0000
27.648,0.0022,0.0215,-0.0241,0.0010,0.1530,0.1454,-0.0000
27.660,0.0021,0.0205,-0.0230,0.0010,0.1460,0.1388,-0.0000
27.672,0.0020,0.0195,-0.0219,0.0009,0.1390,0.1322,-0.0000
27.684,0.0019,0.0186,-0.0209,0.0009,0.1321,0.1255,-0.0000
27.696,0.0018,0.0176,-0.0198,0.0008,0.1251,0.1189,-0.0000
27.708,0.0017,0.0166,-0.0187,0.0008,0.1182,0.1123,-0.0000
27.720,0.0016,0.0156,-0.0176,0.0007,0.1112,0.1057,-0.0000
27.732,0.0015,0.0147,-0.0165,0.0007,0.1043,0.0991,-0.0000
27.744,0.0014,0.0137,-0.0154,0.0006,0.0973,0.0925,-0.0000
27.756,0.0013,0.0127,-0.0143,0.0006,0.0904,0.0859,-0.0000
27.768,0.0012,0.0117,-0.0132,0.0006,0.0834,0.0793,-0.0000
27.780,0.0011,0.0107,-0.0121,0.0005,0.0765,0.0727,-0.0000
27.792,0.0010,0.0098,-0.0110,0.0005,0.0695,0.0661,-0.0000
27.804,0.0009,0.0088,-0.0099,0.0004,0.0626,0.0595,-0.0000
27.816,0.0008,0.0078,-0.0088,0.0004,0.0556,0.0529,-0.0000
27.828,0.0007,0.0069,-0.0077,0.0003,0.0489,0.0465,-0.0000
27.840,0.0006,0.0061,-0.0068,0.0003,0.0431,0.0409,-0.0000
27.852,0.0005,0.0053,-0.0060,0.0003,0.0379,0.0360,-0.0000
27.864,0.0005,0.0047,-0.0053,0.0002,0.0334,0.0317,-0.0000
27.876,0.0004,0.0041,-0.0046,0.0002,0.0294,0.0279,-0.0000
27.888,0.0004,0.0036,-0.0041,0.0002,0.0258,0.0245,-0.0000
27.900,0.0003,0.0032,-0.0036,0.0002,0.0227,0.0216,-0.0000
27.912,0.0003,0.0028,-0.0032,0.0001,0.0200,0.0190,-0.0000
27.924,0.0003,0.0025,-0.0028,0.0001,0.0176,0.0167,-0.0000
27.936,0.0002,0.0022,-0.0024,0.0001,0.0155,0.0147,-0.0000
27.948,0.0002,0.0019,-0.0022,0.0001,0.0136,0.0130,-0.0000
27.960,0.0002,0.0017,-0.0019,0.0001,0.0120,0.0114,-0.0000
27.972,0.0002,0.0015,-0.0017,0.0001,0.0106,0.0100,-0.0000
27.984,0.0001,0.0013,-0.0015,0.0001,0.0093,0.0088,-0.0000
27.996,0.0001,0.0011,-0.0013,0.0001,0.0082,0.0078,-0.0000
28.008,0.0001,0.0010,-0.0011,0.0000,0.0072,0.0068,-0.0000
28.020,0.0001,0.0009,-0.0010,0.0000,0.0063,0.0060,-0.0000
28.032,0.0001,0.0008,-0.0009,0.0000,0.0056,0.0053,-0.0000
28.044,0.0001,0.0007,-0.0008,0.0000,0.0049,0.0047,-0.0000
28.056,0.0001,0.0006,-0.0007,0.0000,0.0043,0.0041,-0.0000
28.068,0.0001,0.0005,-0.0006,0.0000,0.0038,0.0036,-0.0000
28.080,0.0000,0.0005,-0.0005,0.0000,0.0033,0.0032,-0.0000
28.092,0.0000,0.0004,-0.0005,0.0000,0.0029,0.0028,-0.0000
28.104,0.0000,0.0004,-0.0004,0.0000,0.0026,0.0025,-0.0000
28.116,0.0000,0.0003,-0.0004,0.0000,0.0023,0.0022,-0.0000
28.128,0.0000,0.0003,-0.0003,0.0000,0.0020,0.0019,-0.0000
28.140,0.0000,0.0002,-0.0003,0.0000,0.0018,0.0017,-0.0000
28.152,0.0000,0.0002,-0.0002,0.0000,0.0016,0.0015,-0.0000
28.164,0.0000,0.0002,-0.0002,0.0000,0.0014,0.0013,-0.0000
28.176,0.0000,0.0002,-0.0002,0.0000,0.0012,0.0011,-0.0000
28.188,0.0000,0.0001,-0.0002,0.0000,0.0011,0.0010,-0.0000
28.200,0.0000,0.0001,-0.0001,0.0000,0.0009,0.0009,-0.0000
28.212,0.0000,0.0001,-0.0001,0.0000,0.0008,0.0008,0.0000
28.224,0.0000,0.0001,-0.0001,0.0000,0.0007,0.0007,0.0000
28.236,0.0000,0.0001,-0.0001,0.0000,0.0006,0.0006,0.0000
28.248,0.0000,0.0001,-0.0001,0.0000,0.0006,0.0005,0.0000
28.260,0.0000,0.0001,-0.0001,0.0000,0.0005,0.0005,0.0000
28.272,0.0000,0.0001,-0.0001,0.0000,0.0004,0.0004,0.0000
28.284,0.0000,0.0001,-0.0001,0.0000,0.0004,0.0004,0.0000
28.296,0.0000,0.0000,-0.0001,0.0000,0.0003,0.0003,0.0000
28.308,0.0000,0.0000,-0.0000,0.0000,0.0003,0.0003,0.0000
28.320,0.0000,0.0000,-0.0000,0.0000,0.0003,0.0002,0.0000
28.332,0.0000,0.0000,-0.0000,0.0000,0.0002,0.0002,0.0000
28.344,0.0000,0.0000,-0.0000,0.0000,0.0002,0.0002,0.0000
28.356,0.0000,0.0000,-0.0000,0.0000,0.0002,0.0002,0.0000
28.368,0.0000,0.0000,-0.0000,0.0000,0.0002,0.0001,0.0000
28.380,0.0000,0.0000,-0.0000,0.0000,0.0001,0.0001,0.0000
28.392,0.0000,0.0000,-0.0000,0.0000,0.0001,0.0001,0.0000
28.404,0.0000,0.0000,-0.0000,0.0000,0.0001,0.0001,0.0000
28.416,0.0000,0.0000,-0.0000,0.0000,0.0001,0.0001,0.0000
28.428,0.0000,0.0000,-0.0000,0.0000,0.0001,0.0001,0.0000
28.440,0.0000,0.0000,-0.0000,0.0000,0.0001,0.0001,0.0000
28.452,0.0000,0.0000,-0.0000,0.0000,0.0001,0.0001,0.0000
28.464,0.0000,0.0000,-0.0000,0.0000,0.0001,0.0001,0.0000
28.476,0.0000,0.0000,-0.0000,0.0000,0.0000,0.0000,0.0000
28.488,0.0000,0.0000,-0.0000,0.0000,0.0000,0.0000,0.0000
28.500,0.0000,0.0000,-0.0000,0.0000,0.0000,0.0000,0.0000
28.512,0.0000,0.0000,-0.0000,0.0000,0.0000,0.0000,0.0000
28.524,0.0000,0.0000,-0.0000,0.0000,0.0000,0.0000,0.0000
28.536,0.0000,0.0000,-0.0000,0.0000,0.0000,0.0000,0.0000
28.548,0.0000,0.0000,-0.0000,0.0000,0.0000,0.0000,0.0000
28.560,0.0000,0.0000,-0.0000,0.0000,0.0000,0.0000,0.0000
28.572,0.0000,0.0000,-0.0000,0.0000,0.0000,0.0000,0.0000
28.584,0.0000,0.0000,-0.0000,0.0000,0.0000,0.0000,0.0000
28.596,0.0000,0.0000,-0.0000,0.0000,0.0000,0.0000,0.0000
28.608,0.0000,0.0000,-0.0000,0.0000,0.0000,0.0000,0.0000
28.620,0.0000,0.0000,-0.0000,0.0000,0.0000,0.0000,0.0000
28.632,0.0000,0.0000,-0.0000,0.0000,0.0000,0.0000,0.0000
28.644,0.0000,0.0000,-0.0000,0.0000,0.0000,0.0000,0.0000
28.656,0.0000,0.0000,-0.0000,0.0000,0.0000,0.0000,0.0000
28.668,0.0000,0.0000,-0.0000,0.0000,0.0000,0.0000,0.0000
28.680,0.0000,0.0000,-0.0000,0.0000,0.0000,0.0000,0.0000
28.692,0.0000,0.0000,-0.0000,0.0000,0.0000,0.0000,0.0000
28.704,0.0000,0.0000,-0.0000,0.0000,0.0000,0.0000,0.0000
28.716,0.0000,0.0000,-0.0000,0.0000,0.0000,0.0000,0.0000
28.728,0.0000,0.0000,-0.0000,0.0000,0.0000,0.0000,0.0000
28.740,0.0000,0.0000,-0.0000,0.0000,0.0000,0.0000,0.0000
28.752,0.0000,0.0000,-0.0000,0.0000,0.0000,0.0000,0.0000
28.764,0.0000,0.0000,-0.0000,0.0000,0.0000,0.0000,0.0000
28.776,0.0000,0.0000,-0.0000,0.0000,0.0000,0.0000,0.0000
28.788,0.0000,0.0000,-0.0000,0.0000,0.0000,0.0000,0.0000
28.800,0.0000,0.0000,-0.0000,0.0000,0.0000,0.0000,0.0000
28.812,0.0000,0.0000,-0.0000,0.0000,0.0000,0.0000,0.0000
28.824,0.0000,0.0000,-0.0000,0.0000,0.0000,0.0000,0.0000
28.836,0.0000,0.0000,-0.0000,0.0000,0.0000,0.0000,0.0000
28.848,0.0000,0.0000,-0.0000,0.0000,0.0000,0.0000,0.0000
28.860,0.0000,0.0000,-0.0000,0.0000,0.0000,0.0000,0.0000
28.872,0.0000,0.0000,-0.0000,0.0000,0.0000,0.0000,0.0000
28.884,0.0000,0.0000,-0.0000,0.0000,0.0000,0.0000,0.0000
28.896,0.0000,0.0000,-0.0000,0.0000,0.0000,0.0000,0.0000
28.908,0.0000,0.0000,-0.0000,0.0000,0.0000,0.0000,0.0000
28.920,0.0000,0.0000,-0.0000,0.0000,0.0000,0.0000,0.0000
28.932,0.0000,0.0000,-0.0000,0.0000,0.0000,0.0000,0.0000
28.944,0.0000,0.0000,-0.0000,0.0000,0.0000,0.0000,0.0000
28.956,0.0000,0.0000,-0.0000,0.0000,0.0000,0.0000,0.0000
28.968,0.0000,0.0000,-0.0000,0.0000,0.0000,0.0000,0.0000
28.980,0.0000,0.0000,-0.0000,0.0000,0.0000,0.0000,0.0000
28.992,0.0000,0.0000,-0.0000,0.0000,0.0000,0.0000,0.0000
29.004,0.0000,0.0000,-0.0000,0.0000,0.0000,0.0000,0.0000
29.016,0.0000,0.0000,-0.0000,0.0000,0.0000,0.0000,0.0000
29.028,0.0000,0.0000,-0.0000,0.0000,0.0000,0.0000,0.0000
29.040,0.0000,0.0000,-0.0000,0.0000,0.0000,0.0000,0.0000
29.052,0.0000,0.0000,-0.0000,0.0000,0.0000,0.0000,0.0000
29.064,0.0000,0.0000,-0.0000,0.0000,0.0000,0.0000,0.0000
29.076,0.0000,0.0000,-0.0000,0.0000,0.0000,0.0000,0.0000
29.088,0.0000,0.0000,-0.0000,0.0000,0.0000,0.0000,0.0000
29.100,0.0000,0.0000,-0.0000,0.0000,0.0000,0.0000,0.0000
29.112,0.0000,0.0000,-0.0000,0.0000,0.0000,0.0000,0.0000
29.124,0.0000,0.0000,-0.0000,0.0000,0.0000,0.0000,0.0000
29.136,0.0000,0.0000,-0.0000,0.0000,0.0000,0.0000,0.0000
29.148,0.0000,0.0000,-0.0000,0.0000,0.0000,0.0000,0.0000
29.160,0.0000,0.0000,-0.0000,0.0000,0.0000,0.0000,0.0000
29.172,0.0000,0.0000,-0.0000,0.0000,0.0000,0.0000,0.0000
29.184,0.0000,0.0000,-0.0000,0.0000,0.0000,0.0000,0.0000
29.196,0.0000,0.0000,-0.0000,0.0000,0.0000,0.0000,0.0000
29.208,0.0000,0.0000,-0.0000,0.0000,0.0000,0.0000,0.0000
29.220,0.0000,0.0000,-0.0000,0.0000,0.0000,0.0000,0.0000
29.232,0.0000,0.0000,-0.0000,0.0000,0.0000,0.0000,0.0000
29.244,0.0000,0.0000,-0.0000,0.0000,0.0000,0.0000,0.0000
29.256,0.0000,0.0000,-0.0000,0.0000,0.0000,0.0000,0.0000
29.268,0.0000,0.0000,-0.0000,0.0000,0.0000,0.0000,0.0000
29.280,0.0000,0.0000,-0.0000,0.0000,0.0000,0.0000,0.0000
29.292,0.0000,0.0000,-0.0000,0.0000,0.0000,0.0000,0.0000
29.304,0.0000,0.0000,-0.0000,0.0000,0.0000,0.0000,0.0000
29.316,0.0000,0.0000,-0.0000,0.0000,0.0000,0.0000,0.0000
29.328,0.0000,0.0000,-0.0000,0.0000,0.0000,0.0000,0.0000
29.340,0.0000,0.0000,-0.0000,0.0000,0.0000,0.0000,0.0000
29.352,0.0000,0.0000,-0.0000,0.0000,0.0000,0.0000,0.0000
29.364,0.0000,0.0000,-0.0000,0.0000,0.0000,0.0000,0.0000
29.376,0.0000,0.0000,-0.0000,0.0000,0.0000,0.0000,0.0000
29.388,0.0000,0.0000,-0.0000,0.0000,0.0000,0.0000,0.0000
29.400,0.0000,0.0000,-0.0000,0.0000,0.0000,0.0000,0.0000
29.412,0.0000,0.0000,-0.0000,0.0000,0.0000,0.0000,0.0000
29.424,0.0000,0.0000,-0.0000,0.0000,0.0000,0.0000,0.0000
29.436,0.0000,0.0000,-0.0000,0.0000,0.0000,0.0000,0.0000
29.448,0.0000,0.0000,-0.0000,0.0000,0.0000,0.0000,0.0000
29.460,0.0000,0.0000,-0.0000,0.0000,0.0000,0.0000,0.0000
29.472,0.0000,0.0000,-0.0000,0.0000,0.0000,0.0000,0.0000
29.484,0.0000,0.0000,-0.0000,0.0000,0.0000,0.0000,0.0000
29.496,0.0000,0.0000,-0.0000,0.0000,0.0000,0.0000,0.0000
29.508,0.0000,0.0000,-0.0000,0.0000,0.0000,0.0000,0.0000
29.520,0.0000,0.0000,0.0000,0.0000,0.0000,0.0000,0.0000
29.532,0.0000,0.0000,0.0000,-0.0000,0.0000,0.0000,0.0000
29.544,0.0000,0.0000,0.0000,-0.0000,0.0000,0.0000,0.0000
29.556,0.0000,0.0000,0.0000,-0.0000,0.0000,0.0000,0.0000
29.568,0.0000,0.0000,0.0000,-0.0000,0.0000,0.0000,0.0000
29.580,0.0000,0.0000,0.0000,-0.0000,0.0000,0.0000,0.0000
29.592,0.0000,0.0000,0.0000,-0.0000,0.0000,0.0000,0.0000
29.604,0.0000,0.0000,0.0000,-0.0000,0.0000,0.0000,0.0000
29.616,0.0000,0.0000,0.0000,-0.0000,0.0000,0.0000,0.0000
29.628,0.0000,0.0000,0.0000,-0.0000,0.0000,0.0000,0.0000
29.640,0.0000,0.0000,0.0000,-0.0000,0.0000,0.0000,0.0000
29.652,0.0000,0.0000,0.0000,-0.0000,0.0000,0.0000,0.0000
29.664,0.0000,0.0000,0.0000,-0.0000,0.0000,0.0000,0.0000
29.676,0.0000,0.0000,0.0000,-0.0000,0.0000,0.0000,0.0000
29.688,0.0000,0.0000,0.0000,-0.0000,0.0000,0.0000,0.0000
29.700,0.0000,0.0000,0.0000,-0.0000,0.0000,0.0000,0.0000
29.712,0.0000,0.0000,0.0000,-0.0000,0.0000,0.0000,0.0000
29.724,0.0000,0.0000,0.0000,-0.0000,0.0000,0.0000,0.0000
29.736,0.0000,0.0000,0.0000,-0.0000,0.0000,0.0000,0.0000
29.748,0.0000,0.0000,0.0000,-0.0000,0.0000,0.0000,0.0000
29.760,0.0000,0.0000,0.0000,-0.0000,0.0000,0.0000,0.0000
29.772,0.0000,0.0000,0.0000,-0.0000,0.0000,0.0000,0.0000
29.784,0.0000,0.0000,0.0000,-0.0000,0.0000,0.0000,0.0000
29.796,0.0000,0.0000,0.0000,-0.0000,0.0000,0.0000,0.0000
29.808,0.0000,0.0000,0.0000,-0.0000,0.0000,0.0000,0.0000
29.820,0.0000,0.0000,0.0000,-0.0000,0.0000,0.0000,0.0000
29.832,0.0000,0.0000,0.0000,-0.0000,0.0000,0.0000,0.0000
29.844,0.0000,0.0000,0.0000,-0.0000,0.0000,0.0000,0.0000
29.856,0.0000,0.0000,0.0000,-0.0000,0.0000,0.0000,0.0000
29.868,0.0000,0.0000,0.0000,-0.0000,0.0000,0.0000,0.0000
29.880,0.0000,0.0000,0.0000,-0.0000,0.0000,0.0000,0.0000
29.892,0.0000,0.0000,0.0000,-0.0000,0.0000,0.0000,0.0000
29.904,0.0000,0.0000,0.0000,-0.0000,0.0000,0.0000,0.0000
29.916,0.0000,0.0000,0.0000,-0.0000,0.0000,0.0000,0.0000
29.928,0.0000,0.0000,0.0000,-0.0000,0.0000,0.0000,0.0000
29.940,0.0000,0.0000,0.0000,-0.0000,0.0000,0.0000,0.0000
29.952,0.0000,0.0000,0.0000,-0.0000,0.0000,0.0000,0.0000
29.964,0.0000,0.0000,0.0000,-0.0000,0.0000,0.0000,0.0000
29.976,0.0000,0.0000,0.0000,-0.0000,0.0000,0.0000,0.0000
29.988,0.0000,0.0000,0.0000,-0.0000,0.0000,0.0000,0.0000
30.000,0.0000,0.0000,0.0000,-0.0000,0.0000,0.0000,0.0000
30.012,0.0000,0.0000,0.0000,-0.0000,0.0000,0.0000,0.0000
30.024,0.0000,0.0000,0.0000,-0.0000,0.0000,0.0000,0.0000
30.036,0.0000,0.0000,0.0000,-0.0000,0.0000,0.0000,0.0000
30.048,0.0000,0.0000,0.0000,-0.0000,0.0000,0.0000,0.0000
30.060,0.0000,0.0000,0.0000,-0.0000,0.0000,0.0000,0.0000
30.072,0.0000,0.0000,0.0000,-0.0000,0.0000,0.0000,0.0000
30.084,0.0000,0.0000,0.0000,-0.0000,0.0000,0.0000,0.0000
30.096,0.0000,0.0000,0.0000,-0.0000,0.0000,0.0000,0.0000
30.108,0.0000,0.0000,0.0000,-0.0000,0.0000,0.0000,0.0000
30.120,0.0000,0.0000,0.0000,-0.0000,0.0000,0.0000,0.0000
30.132,0.0000,0.0000,0.0000,-0.0000,0.0000,0.0000,0.0000
30.144,0.0000,0.0000,0.0000,-0.0000,0.0000,0.0000,0.0000
30.156,0.0000,0.0000,0.0000,-0.0000,0.0000,0.0000,0.0000
30.168,0.0000,0.0000,0.0000,-0.0000,0.0000,0.0000,0.0000
30.180,0.0000,0.0000,0.0000,-0.0000,0.0000,0.0000,0.0000
30.192,0.0000,0.0000,0.0000,-0.0000,0.0000,0.0000,0.0000
30.204,0.0000,0.0000,0.0000,-0.0000,0.0000,0.0000,0.0000
30.216,0.0000,0.0000,0.0000,-0.0000,0.0000,0.0000,0.0000
30.228,0.0000,0.0000,0.0000,-0.0000,0.0000,0.0000,0.0000
30.240,0.0000,0.0000,0.0000,-0.0000,0.0000,0.0000,0.0000
30.252,0.0000,0.0000,0.0000,-0.0000,0.0000,0.0000,0.0000
30.264,0.0000,0.0000,0.0000,-0.0000,0.0000,0.0000,0.0000
30.276,0.0000,0.0000,0.0000,-0.0000,0.0000,0.0000,0.0000
30.288,0.0000,0.0000,0.0000,-0.0000,0.0000,0.0000,0.0000
30.300,0.0000,0.0000,0.0000,-0.0000,0.0000,0.0000,0.0000
30.312,0.0000,0.0000,0.0000,-0.0000,0.0000,0.0000,0.0000
30.324,0.0000,0.0000,0.0000,-0.0000,0.0000,0.0000,0.0000
30.336,0.0000,0.0000,0.0000,-0.0000,0.0000,0.0000,0.0000
30.348,0.0000,0.0000,0.0000,-0.0000,0.0000,0.0000,0.0000
30.360,0.0000,0.0000,0.0000,-0.0000,0.0000,0.0000,0.0000
30.372,0.0000,0.0000,0.0000,-0.0000,0.0000,0.0000,0.0000
30.384,0.0000,0.0000,0.0000,-0.0000,0.0000,0.0000,0.0000
30.396,0.0000,0.0000,0.0000,-0.0000,0.0000,0.0000,0.0000
30.408,0.0000,0.0000,0.0000,-0.0000,0.0000,0.0000,0.0000
30.420,0.0000,0.0000,0.0000,-0.0000,0.0000,0.0000,0.0000
30.432,0.0000,0.0000,0.0000,-0.0000,0.0000,0.0000,0.0000
30.444,0.0000,0.0000,0.0000,-0.0000,0.0000,0.0000,0.0000
30.456,0.0000,0.0000,0.0000,-0.0000,0.0000,0.0000,0.0000
30.468,0.0000,0.0000,0.0000,-0.0000,0.0000,0.0000,0.0000
30.480,0.0000,0.0000,0.0000,-0.0000,0.0000,0.0000,0.0000
30.492,0.0000,0.0000,0.0000,-0.0000,0.0000,0.0000,0.0000
30.504,0.0000,0.0000,0.0000,-0.0000,0.0000,0.0000,0.0000
30.516,0.0000,0.0000,0.0000,-0.0000,0.0000,0.0000,0.0000
30.528,0.0000,0.0000,0.0000,-0.0000,0.0000,0.0000,0.0000
30.540,0.0000,0.0000,0.0000,-0.0000,0.0000,0.0000,0.0000
30.552,0.0000,0.0000,0.0000,-0.0000,0.0000,0.0000,0.0000
30.564,0.0000,0.0000,0.0000,-0.0000,0.0000,0.0000,0.0000
30.576,0.0000,0.0000,0.0000,-0.0000,0.0000,0.0000,0.0000
30.588,0.0000,0.0000,0.0000,-0.0000,0.0000,0.0000,0.0000
30.600,0.0000,0.0000,0.0000,-0.0000,0.0000,0.0000,0.0000
30.612,0.0000,0.0000,0.0000,-0.0000,0.0000,0.0000,0.0000
30.624,0.0000,0.0000,0.0000,-0.0000,0.0000,0.0000,0.0000
30.636,0.0000,0.0000,0.0000,-0.0000,0.0000,0.0000,0.0000
30.648,0.0000,0.0000,0.0000,-0.0000,0.0000,0.0000,0.0000
30.660,0.0000,0.0000,0.0000,-0.0000,0.0000,0.0000,0.0000
30.672,0.0000,0.0000,0.0000,-0.0000,0.0000,0.0000,0.0000
30.684,0.0000,0.0000,0.0000,-0.0000,0.0000,0.0000,0.0000
30.696,0.0000,0.0000,0.0000,-0.0000,0.0000,0.0000,0.0000
30.708,0.0000,0.0000,0.0000,-0.0000,0.0000,0.0000,0.0000
30.720,0.0000,0.0000,0.0000,-0.0000,0.0000,0.0000,0.0000
30.732,0.0000,0.0000,0.0000,-0.0000,0.0000,0.0000,0.0000
30.744,0.0000,0.0000,0.0000,-0.0000,0.0000,0.0000,0.0000
30.756,0.0000,0.0000,0.0000,-0.0000,0.0000,0.0000,0.0000
30.768,0.0000,0.0000,0.0000,-0.0000,0.0000,0.0000,0.0000
30.780,0.0000,0.0000,0.0000,-0.0000,0.0000,0.0000,0.0000
30.792,0.0000,0.0000,0.0000,-0.0000,0.0000,0.0000,0.0000
30.804,0.0000,0.0000,0.0000,-0.0000,0.0000,0.0000,0.0000
30.816,0.0000,0.0000,0.0000,-0.0000,0.0000,0.0000,0.0000
30.828,0.0000,0.0000,0.0000,-0.0000,0.0000,0.0000,0.0000
30.840,0.0000,0.0000,0.0000,-0.0000,0.0000,0.0000,0.0000
30.852,0.0000,0.0000,0.0000,-0.0000,0.0000,0.0000,0.0000
30.864,0.0000,0.0000,0.0000,-0.0000,0.0000,0.0000,0.0000
30.876,0.0000,0.0000,0.0000,-0.0000,0.0000,0.0000,0.0000
30.888,0.0000,0.0000,0.0000,-0.0000,0.0000,0.0000,0.0000
30.900,0.0000,0.0000,0.0000,-0.0000,0.0000,0.0000,0.0000
30.912,0.0000,0.0000,0.0000,-0.0000,0.0000,0.0000,0.0000
30.924,0.0000,0.0000,0.0000,-0.0000,0.0000,0.0000,0.0000
30.936,0.0000,0.0000,0.0000,-0.0000,0.0000,0.0000,0.0000
30.948,0.0000,0.0000,0.0000,-0.0000,0.0000,0.0000,0.0000
30.960,0.0000,0.0000,0.0000,-0.0000,0.0000,0.0000,0.0000
30.972,0.0000,0.0000,0.0000,-0.0000,0.0000,0.0000,0.0000
30.984,0.0000,0.0000,0.0000,-0.0000,0.0000,0.0000,0.0000
30.996,0.0000,0.0000,0.0000,-0.0000,0.0000,0.0000,0.0000
31.008,0.0000,0.0000,0.0000,-0.0000,0.0000,0.0000,0.0000
31.020,0.0000,0.0000,0.0000,-0.0000,0.0000,0.0000,0.0000
31.032,0.0000,-0.0001,0.0003,-0.0000,0.0007,-0.0000,0.0000
31.044,0.0000,-0.0004,0.0008,-0.0000,0.0020,-0.0000,0.0000
31.056,0.0000,-0.0008,0.0015,-0.0000,0.0038,-0.0000,0.0000
31.068,0.0000,-0.0012,0.0024,-0.0000,0.0061,-0.0000,0.0000
31.080,0.0000,-0.0018,0.0035,-0.0000,0.0089,-0.0000,0.0000
31.092,0.0000,-0.0024,0.0047,-0.0000,0.0119,-0.0000,0.0000
31.104,0.0000,-0.0031,0.0060,-0.0000,0.0153,-0.0000,-0.0000
31.116,0.0000,-0.0038,0.0074,-0.0000,0.0190,-0.0000,-0.0000
31.128,0.0000,-0.0046,0.0090,-0.0000,0.0230,-0.0000,-0.0000
31.140,0.0000,-0.0054,0.0106,-0.0000,0.0271,-0.0000,-0.0000
31.152,0.0000,-0.0063,0.0123,-0.0000,0.0315,-0.0000,-0.0000
31.164,0.0000,-0.0072,0.0140,-0.0000,0.0360,-0.0000,-0.0000
31.176,0.0000,-0.0081,0.0159,-0.0000,0.0407,-0.0000,-0.0000
31.188,0.0000,-0.0091,0.0177,-0.0000,0.0455,-0.0000,-0.0000
31.200,0.0000,-0.0101,0.0196,-0.0000,0.0504,-0.0000,-0.0000
31.212,0.0000,-0.0111,0.0216,-0.0000,0.0554,-0.0000,-0.0000
31.224,0.0000,-0.0121,0.0236,-0.0000,0.0605,-0.0000,-0.0000
31.236,0.0000,-0.0131,0.0256,-0.0000,0.0657,-0.0000,-0.0000
31.248,0.0000,-0.0142,0.0277,-0.0000,0.0709,-0.0000,-0.0000
31.260,0.0000,-0.0153,0.0297,-0.0000,0.0763,-0.0000,-0.0000
31.272,0.0000,-0.0163,0.0318,-0.0000,0.0816,-0.0000,-0.0000
31.284,0.0000,-0.0174,0.0339,-0.0000,0.0870,-0.0000,-0.0000
31.296,0.0000,-0.0185,0.0361,-0.0000,0.0925,-0.0000,-0.0000
31.308,0.0000,-0.0196,0.0382,-0.0000,0.0980,-0.0000,-0.0000
31.320,0.0000,-0.0207,0.0404,-0.0000,0.1035,-0.0000,-0.0000
31.332,0.0000,-0.0218,0.0425,-0.0000,0.1091,-0.0000,-0.0000
31.344,0.0000,-0.0229,0.0447,-0.0000,0.1147,-0.0000,-0.0000
31.356,0.0000,-0.0241,0.0469,-0.0000,0.1203,-0.0000,-0.0000
31.368,0.0000,-0.0252,0.0491,-0.0000,0.1259,-0.0000,-0.0000
31.380,0.0000,-0.0263,0.0513,-0.0000,0.1315,-0.0000,-0.0000
31.392,0.0000,-0.0274,0.0535,-0.0000,0.1372,-0.0000,-0.0000
31.404,0.0000,-0.0286,0.0557,-0.0000,0.1428,-0.0000,-0.0000
31.416,0.0000,-0.0297,0.0579,-0.0000,0.1485,-0.0000,-0.0000
31.428,0.0000,-0.0309,0.0601,-0.0000,0.1542,-0.0000,-0.0000
31.440,0.0000,-0.0320,0.0623,-0.0000,0.1599,-0.0000,-0.0000
31.452,0.0000,-0.0331,0.0646,-0.0000,0.1656,-0.0000,-0.0000
31.464,0.0000,-0.0343,0.0668,-0.0000,0.1713,-0.0000,-0.0000
31.476,0.0000,-0.0354,0.0690,-0.0000,0.1770,-0.0000,-0.0000
31.488,0.0000,-0.0366,0.0712,-0.0000,0.1827,-0.0000,-0.0000
31.500,0.0000,-0.0377,0.0735,-0.0000,0.1885,-0.0000,-0.0000
31.512,0.0000,-0.0389,0.0757,-0.0000,0.1942,-0.0000,-0.0000
31.524,0.0000,-0.0400,0.0779,-0.0000,0.1999,-0.0000,-0.0000
31.536,0.0000,-0.0412,0.0802,-0.0000,0.2057,-0.0000,-0.0000
31.548,0.0000,-0.0423,0.0824,-0.0000,0.2114,-0.0000,-0.0000
31.560,0.0000,-0.0435,0.0847,-0.0000,0.2172,-0.0000,-0.0000
31.572,0.0000,-0.0446,0.0869,-0.0000,0.2229,-0.0000,-0.0000
31.584,0.0000,-0.0458,0.0891,-0.0000,0.2287,-0.0000,-0.0000
31.596,0.0000,-0.0469,0.0914,-0.0000,0.2344,-0.0000,-0.0000
31.608,0.0000,-0.0481,0.0936,-0.0000,0.2402,-0.0000,-0.0000
31.620,0.0000,-0.0492,0.0959,-0.0000,0.2459,-0.0000,-0.0000
31.632,0.0000,-0.0504,0.0981,-0.0000,0.2517,-0.0000,-0.0000
31.644,0.0000,-0.0515,0.1004,-0.0000,0.2574,-0.0000,-0.0000
31.656,0.0000,-0.0527,0.1026,-0.0000,0.2632,-0.0000,-0.0000
31.668,0.0000,-0.0538,0.1048,-0.0000,0.2689,-0.0000,-0.0000
31.680,0.0000,-0.0550,0.1071,-0.0000,0.2747,-0.0000,-0.0000
31.692,0.0000,-0.0561,0.1093,-0.0000,0.2804,-0.0001,-0.0000
31.704,0.0000,-0.0573,0.1116,-0.0000,0.2862,-0.0001,-0.0000
31.716,0.0000,-0.0584,0.1138,-0.0000,0.2920,-0.0001,-0.0000
31.728,0.0000,-0.0596,0.1161,-0.0000,0.2977,-0.0001,-0.0000
31.740,0.0000,-0.0607,0.1183,-0.0000,0.3035,-0.0001,-0.0000
31.752,0.0000,-0.0619,0.1206,-0.0000,0.3092,-0.0001,-0.0000
31.764,0.0000,-0.0630,0.1228,-0.0000,0.3150,-0.0001,-0.0000
31.776,0.0000,-0.0642,0.1250,-0.0000,0.3207,-0.0001,-0.0000
31.788,0.0000,-0.0653,0.1273,-0.0000,0.3265,-0.0001,-0.0000
31.800,0.0000,-0.0665,0.1295,-0.0000,0.3323,-0.0001,-0.0000
31.812,0.0000,-0.0676,0.1318,-0.0000,0.3380,-0.0001,-0.0000
31.824,0.0000,-0.0688,0.1340,-0.0000,0.3438,-0.0001,-0.0000
31.836,0.0000,-0.0699,0.1363,-0.0000,0.3495,-0.0001,-0.0000
31.848,0.0000,-0.0711,0.1385,-0.0000,0.3553,-0.0001,-0.0000
31.860,0.0000,-0.0723,0.1408,-0.0000,0.3611,-0.0001,-0.0000
31.872,0.0000,-0.0734,0.1430,-0.0000,0.3668,-0.0001,-0.0000
31.884,0.0000,-0.0746,0.1453,-0.0000,0.3726,-0.0001,-0.0000
31.896,0.0000,-0.0757,0.1475,-0.0000,0.3784,-0.0001,-0.0000
31.908,0.0000,-0.0769,0.1498,-0.0000,0.3841,-0.0001,-0.0000
31.920,0.0000,-0.0780,0.1520,-0.0000,0.3899,-0.0001,-0.0000
31.932,0.0000,-0.0792,0.1542,-0.0000,0.3956,-0.0001,-0.0000
31.944,0.0000,-0.0803,0.1565,-0.0000,0.4014,-0.0001,-0.0000
31.956,0.0000,-0.0815,0.1587,-0.0000,0.4072,-0.0001,-0.0000
31.968,0.0000,-0.0826,0.1610,-0.0000,0.4129,-0.0001,-0.0000
31.980,0.0000,-0.0838,0.1632,-0.0000,0.4187,-0.0001,-0.0000
31.992,0.0000,-0.0849,0.1655,-0.0000,0.4244,-0.0001,-0.0000
32.004,0.0000,-0.0861,0.1677,-0.0000,0.4302,-0.0001,-0.0000
32.016,0.0000,-0.0872,0.1700,-0.0000,0.4360,-0.0001,-0.0000
32.028,0.0000,-0.0884,0.1722,-0.0000,0.4417,-0.0001,-0.0000
32.040,0.0000,-0.0895,0.1745,-0.0000,0.4475,-0.0001,-0.0000
32.052,0.0000,-0.0907,0.1767,-0.0000,0.4533,-0.0001,-0.0000
32.064,0.0000,-0.0919,0.1790,-0.0000,0.4590,-0.0001,-0.0000
32.076,0.0000,-0.0930,0.1812,-0.0000,0.4648,-0.0001,-0.0000
32.088,0.0000,-0.0942,0.1834,-0.0000,0.4705,-0.0001,-0.0000
32.100,0.0000,-0.0953,0.1857,-0.0000,0.4763,-0.0001,-0.0000
32.112,0.0000,-0.0965,0.1879,-0.0000,0.4821,-0.0001,-0.0000
32.124,0.0000,-0.0976,0.1902,-0.0000,0.4878,-0.0001,-0.0000
32.136,0.0000,-0.0988,0.1924,-0.0000,0.4936,-0.0001,-0.0000
32.148,0.0000,-0.0999,0.1947,-0.0000,0.4993,-0.0001,-0.0000
32.160,0.0000,-0.1011,0.1969,-0.0000,0.5051,-0.0001,-0.0000
32.172,0.0000,-0.1022,0.1992,-0.0000,0.5109,-0.0001,-0.0000
32.184,0.0000,-0.1034,0.2014,-0.0000,0.5166,-0.0001,-0.0000
32.196,0.0000,-0.1045,0.2037,-0.0000,0.5224,-0.0001,-0.0000
32.208,0.0000,-0.1057,0.2059,-0.0000,0.5282,-0.0001,-0.0000
32.220,0.0000,-0.1068,0.2082,-0.0000,0.5339,-0.0001,-0.0000
32.232,0.0000,-0.1080,0.2104,-0.0000,0.5397,-0.0001,-0.0000
32.244,0.0000,-0.1091,0.2126,-0.0000,0.5454,-0.0001,-0.0000
32.256,0.0000,-0.1103,0.2149,-0.0000,0.5512,-0.0001,-0.0000
32.268,0.0000,-0.1115,0.2171,-0.0000,0.5570,-0.0001,-0.0000
32.280,0.0000,-0.1126,0.2194,-0.0000,0.5627,-0.0001,-0.0000
32.292,0.0000,-0.1138,0.2216,-0.0000,0.5685,-0.0001,-0.0000
32.304,0.0000,-0.1149,0.2239,-0.0000,0.5742,-0.0001,-0.0000
32.316,0.0000,-0.1161,0.2261,-0.0000,0.5800,-0.0001,-0.0000
32.328,0.0000,-0.1172,0.2284,-0.0000,0.5858,-0.0001,-0.0000
32.340,0.0000,-0.1184,0.2306,-0.0000,0.5915,-0.0001,-0.0000
32.352,0.0000,-0.1195,0.2329,-0.0000,0.5973,-0.0001,-0.0000
32.364,0.0000,-0.1207,0.2351,-0.0000,0.6031,-0.0001,-0.0000
32.376,0.0000,-0.1218,0.2374,-0.0000,0.6088,-0.0001,-0.0000
32.388,0.0000,-0.1230,0.2396,-0.0000,0.6146,-0.0001,-0.0000
32.400,0.0000,-0.1241,0.2418,-0.0000,0.6203,-0.0001,-0.0000
32.412,0.0000,-0.1253,0.2441,-0.0000,0.6261,-0.0001,-0.0000
32.424,0.0000,-0.1264,0.2463,-0.0000,0.6319,-0.0001,-0.0000
32.436,0.0000,-0.1276,0.2486,-0.0000,0.6376,-0.0001,-0.0000
32.448,0.0000,-0.1287,0.2508,-0.0000,0.6434,-0.0001,-0.0000
32.460,0.0000,-0.1299,0.2531,-0.0000,0.6491,-0.0001,-0.0000
32.472,0.0000,-0.1311,0.2553,-0.0000,0.6549,-0.0001,-0.0000
32.484,0.0000,-0.1322,0.2576,-0.0000,0.6607,-0.0001,-0.0000
32.496,0.0000,-0.1334,0.2598,-0.0000,0.6664,-0.0001,-0.0000
32.508,0.0000,-0.1345,0.2621,-0.0000,0.6722,-0.0001,-0.0000
32.520,0.0000,-0.1357,0.2643,-0.0000,0.6780,-0.0001,-0.0000
32.532,0.0000,-0.1368,0.2666,-0.0000,0.6837,-0.0001,-0.0000
32.544,0.0000,-0.1380,0.2688,-0.0000,0.6895,-0.0001,-0.0000
32.556,0.0000,-0.1391,0.2710,-0.0000,0.6952,-0.0001,-0.0000
32.568,0.0000,-0.1403,0.2733,-0.0000,0.7010,-0.0001,-0.0000
32.580,0.0000,-0.1414,0.2755,-0.0000,0.7068,-0.0001,-0.0000
32.592,0.0000,-0.1426,0.2778,-0.0000,0.7125,-0.0001,-0.0000
32.604,0.0000,-0.1437,0.2800,-0.0000,0.7183,-0.0001,-0.0000
32.616,0.0000,-0.1449,0.2823,-0.0000,0.7241,-0.0001,-0.0000
32.628,0.0000,-0.1460,0.2845,-0.0000,0.7298,-0.0001,-0.0000
32.640,0.0000,-0.1472,0.2868,-0.0000,0.7356,-0.0001,-0.0000
32.652,0.0000,-0.1483,0.2890,-0.0000,0.7413,-0.0001,-0.0000
32.664,0.0000,-0.1495,0.2913,-0.0000,0.7471,-0.0001,-0.0000
32.676,0.0000,-0.1507,0.2935,-0.0000,0.7529,-0.0001,-0.0000
32.688,0.0000,-0.1518,0.2958,-0.0000,0.7586,-0.0001,-0.0000
32.700,0.0000,-0.1530,0.2980,-0.0000,0.7644,-0.0001,-0.0000
32.712,0.0000,-0.1541,0.3002,-0.0000,0.7701,-0.0001,-0.0000
32.724,0.0000,-0.1553,0.3025,-0.0000,0.7759,-0.0001,-0.0000
32.736,0.0000,-0.1564,0.3047,-0.0000,0.7817,-0.0001,-0.0000
32.748,0.0000,-0.1576,0.3070,-0.0000,0.7874,-0.0001,-0.0000
32.760,0.0000,-0.1587,0.3092,-0.0000,0.7932,-0.0001,-0.0000
32.772,0.0000,-0.1599,0.3115,-0.0000,0.7990,-0.0001,-0.0000
32.784,0.0000,-0.1610,0.3137,-0.0000,0.8047,-0.0001,-0.0000
32.796,0.0000,-0.1622,0.3160,-0.0000,0.8105,-0.0001,-0.0000
32.808,0.0000,-0.1633,0.3182,-0.0000,0.8162,-0.0001,-0.0000
32.820,0.0000,-0.1645,0.3205,-0.0000,0.8220,-0.0001,-0.0000
32.832,0.0000,-0.1656,0.3227,-0.0000,0.8278,-0.0002,-0.0000
32.844,0.0000,-0.1668,0.3250,-0.0000,0.8335,-0.0002,-0.0000
32.856,0.0000,-0.1679,0.3272,-0.0000,0.8393,-0.0002,-0.0000
32.868,0.0000,-0.1691,0.3294,-0.0000,0.8450,-0.0002,-0.0000
32.880,0.0000,-0.1703,0.3317,-0.0000,0.8508,-0.0002,-0.0000
32.892,0.0000,-0.1714,0.3339,-0.0000,0.8566,-0.0002,-0.0000
32.904,0.0000,-0.1726,0.3362,-0.0000,0.8623,-0.0002,-0.0000
32.916,0.0000,-0.1737,0.3384,-0.0000,0.8681,-0.0002,-0.0000
32.928,0.0000,-0.1749,0.3407,-0.0000,0.8739,-0.0002,-0.0000
32.940,0.0000,-0.1760,0.3429,-0.0000,0.8796,-0.0002,-0.0000
32.952,0.0000,-0.1772,0.3452,-0.0000,0.8854,-0.0002,-0.0000
32.964,0.0000,-0.1783,0.3474,-0.0000,0.8911,-0.0002,-0.0000
32.976,0.0000,-0.1795,0.3497,-0.0000,0.8969,-0.0002,-0.0000
32.988,0.0000,-0.1806,0.3519,-0.0000,0.9027,-0.0002,-0.0000
33.000,0.0000,-0.1818,0.3542,-0.0000,0.9084,-0.0002,-0.0000
33.012,0.0000,-0.1829,0.3564,-0.0000,0.9142,-0.0002,-0.0000
33.024,-0.0000,-0.1840,0.3586,-0.0000,0.9197,-0.0002,-0.0000
33.036,-0.0000,-0.1850,0.3605,-0.0000,0.9246,-0.0002,-0.0000
33.048,-0.0000,-0.1859,0.3621,-0.0000,0.9289,-0.0002,-0.0000
33.060,-0.0000,-0.1866,0.3636,-0.0000,0.9326,-0.0002,-0.0000
33.072,-0.0000,-0.1873,0.3649,-0.0000,0.9360,-0.0002,-0.0000
33.084,-0.0000,-0.1879,0.3660,-0.0000,0.9389,-0.0002,-0.0000
33.096,-0.0000,-0.1884,0.3670,-0.0000,0.9414,-0.0002,-0.0000
33.108,-0.0000,-0.1888,0.3679,-0.0000,0.9437,-0.0002,-0.0000
33.120,-0.0000,-0.1892,0.3687,-0.0000,0.9457,-0.0002,-0.0000
33.132,-0.0000,-0.1896,0.3694,-0.0000,0.9474,-0.0002,-0.0000
33.144,-0.0000,-0.1896,0.3694,-0.0000,0.9474,-0.0002,-0.0000
33.156,-0.0000,-0.1891,0.3694,-0.0000,0.9475,-0.0002,-0.0000
33.168,-0.0000,-0.1881,0.3694,-0.0000,0.9475,-0.0002,-0.0000
33.180,-0.0000,-0.1867,0.3694,-0.0000,0.9475,-0.0002,-0.0000
33.192,-0.0000,-0.1850,0.3694,-0.0000,0.9476,-0.0002,-0.0000
33.204,-0.0000,-0.1829,0.3694,-0.0000,0.9476,-0.0002,-0.0000
33.216,-0.0000,-0.1806,0.3695,-0.0000,0.9477,-0.0002,-0.0000
33.228,-0.0000,-0.1780,0.3695,-0.0000,0.9478,-0.0002,-0.0000
33.240,-0.0000,-0.1753,0.3695,-0.0000,0.9479,-0.0002,-0.0000
33.252,-0.0000,-0.1723,0.3696,-0.0000,0.9480,-0.0002,-0.0000
33.264,-0.0000,-0.1692,0.3696,-0.0000,0.9480,-0.0002,-0.0000
33.276,-0.0000,-0.1659,0.3696,-0.0000,0.9481,-0.0002,-0.0000
33.288,-0.0000,-0.1625,0.3697,-0.0000,0.9482,-0.0002,-0.0000
33.300,-0.0000,-0.1590,0.3697,-0.0000,0.9483,-0.0002,-0.0000
33.312,-0.0000,-0.1554,0.3698,-0.0000,0.9485,-0.0002,-0.0000
33.324,-0.0000,-0.1517,0.3698,-0.0000,0.9486,-0.0002,-0.0000
33.336,-0.0000,-0.1479,0.3698,-0.0000,0.9487,-0.0002,-0.0000
33.348,-0.0000,-0.1440,0.3699,-0.0000,0.9488,-0.0002,-0.0000
33.360,-0.0000,-0.1401,0.3699,-0.0000,0.9489,-0.0002,-0.0000
33.372,-0.0000,-0.1362,0.3700,-0.0000,0.9490,-0.0002,-0.0000
33.384,-0.0000,-0.1322,0.3700,-0.0000,0.9491,-0.0002,-0.0000
33.396,-0.0000,-0.1281,0.3701,-0.0000,0.9493,-0.0002,-0.0000
33.408,-0.0000,-0.1241,0.3701,-0.0000,0.9494,-0.0002,-0.0000
33.420,-0.0000,-0.1200,0.3702,-0.0000,0.9495,-0.0002,-0.0000
33.432,-0.0000,-0.1158,0.3702,-0.0000,0.9496,-0.0002,-0.0000
33.444,-0.0000,-0.1117,0.3703,-0.0000,0.9497,-0.0002,-0.0000
33.456,-0.0000,-0.1075,0.3703,-0.0000,0.9499,-0.0002,-0.0000
33.468,-0.0000,-0.1033,0.3704,-0.0000,0.9500,-0.0002,-0.0000
33.480,-0.0000,-0.0991,0.3704,-0.0000,0.9501,-0.0002,-0.0000
33.492,-0.0000,-0.0948,0.3705,-0.0000,0.9502,-0.0002,-0.0000
33.504,-0.0000,-0.0906,0.3705,-0.0000,0.9504,-0.0002,-0.0000
33.516,-0.0000,-0.0863,0.3706,-0.0000,0.9505,-0.0002,-0.0000
33.528,-0.0000,-0.0821,0.3706,-0.0000,0.9506,-0.0002,-0.0000
33.540,-0.0000,-0.0778,0.3707,-0.0000,0.9508,-0.0002,-0.0000
33.552,-0.0000,-0.0735,0.3707,-0.0000,0.9509,-0.0002,-0.0000
33.564,-0.0000,-0.0692,0.3708,-0.0000,0.9510,-0.0002,-0.0000
33.576,-0.0000,-0.0649,0.3708,-0.0000,0.9511,-0.0002,-0.0000
33.588,-0.0000,-0.0606,0.3709,-0.0000,0.9513,-0.0002,-0.0000
33.600,-0.0000,-0.0563,0.3709,-0.0000,0.9514,-0.0002,-0.0000
33.612,-0.0000,-0.0520,0.3710,-0.0000,0.9515,-0.0002,-0.0000
33.624,-0.0000,-0.0477,0.3710,-0.0000,0.9516,-0.0002,-0.0000
33.636,-0.0000,-0.0434,0.3711,-0.0000,0.9518,-0.0002,-0.0000
33.648,-0.0000,-0.0391,0.3711,-0.0000,0.9519,-0.0002,-0.0000
33.660,-0.0000,-0.0348,0.3712,-0.0000,0.9520,-0.0002,-0.0000
33.672,-0.0000,-0.0304,0.3712,-0.0000,0.9522,-0.0002,-0.0000
33.684,-0.0000,-0.0261,0.3713,-0.0000,0.9523,-0.0002,-0.0000
33.696,-0.0000,-0.0218,0.3713,-0.0000,0.9524,-0.0002,-0.0000
33.708,-0.0000,-0.0175,0.3714,-0.0000,0.9525,-0.0002,-0.0000
33.720,-0.0000,-0.0131,0.3714,-0.0000,0.9527,-0.0002,-0.0000
33.732,-0.0000,-0.0088,0.3715,-0.0000,0.9528,-0.0002,-0.0000
33.744,-0.0000,-0.0045,0.3715,-0.0000,0.9529,-0.0002,-0.0000
33.756,-0.0000,-0.0001,0.3716,-0.0000,0.9530,-0.0002,-0.0000
33.768,-0.0000,0.0042,0.3716,-0.0000,0.9532,-0.0002,-0.0000
33.780,-0.0000,0.0085,0.3717,-0.0000,0.9533,-0.0002,-0.0000
33.792,-0.0000,0.0129,0.3717,-0.0000,0.9534,-0.0002,-0.0000
33.804,-0.0000,0.0172,0.3718,-0.0000,0.9536,-0.0002,-0.0000
33.816,-0.0000,0.0215,0.3718,-0.0000,0.9537,-0.0002,-0.0000
33.828,-0.0000,0.0259,0.3719,-0.0000,0.9538,-0.0002,-0.0000
33.840,-0.0000,0.0302,0.3719,-0.0000,0.9539,-0.0002,-0.0000
33.852,-0.0000,0.0345,0.3720,-0.0000,0.9541,-0.0002,-0.0000
33.864,-0.0000,0.0389,0.3720,-0.0000,0.9542,-0.0002,-0.0000
33.876,-0.0000,0.0432,0.3721,-0.0000,0.9543,-0.0002,-0.0000
33.888,-0.0000,0.0475,0.3721,-0.0000,0.9545,-0.0002,-0.0000
33.900,-0.0000,0.0519,0.3722,-0.0000,0.9546,-0.0002,-0.0000
33.912,-0.0000,0.0562,0.3722,-0.0000,0.9547,-0.0002,-0.0000
33.924,-0.0000,0.0606,0.3723,-0.0000,0.9548,-0.0002,-0.0000
33.936,-0.0000,0.0649,0.3723,-0.0000,0.9550,-0.0002,-0.0000
33.948,-0.0000,0.0692,0.3724,-0.0000,0.9551,-0.0002,-0.0000
33.960,-0.0000,0.0736,0.3724,-0.0000,0.9552,-0.0002,-0.0000
33.972,-0.0000,0.0779,0.3725,-0.0000,0.9554,-0.0002,-0.0000
33.984,-0.0000,0.0822,0.3725,-0.0000,0.9555,-0.0002,-0.0000
33.996,-0.0000,0.0866,0.3726,-0.0000,0.9556,-0.0002,-0.0000
34.008,-0.0000,0.0909,0.3726,-0.0000,0.9557,-0.0002,-0.0000
34.020,-0.0000,0.0952,0.3727,-0.0000,0.9559,-0.0002,-0.0000
34.032,-0.0000,0.0996,0.3727,-0.0000,0.9560,-0.0002,-0.0000
34.044,-0.0000,0.1039,0.3728,-0.0000,0.9561,-0.0002,-0.0000
34.056,-0.0000,0.1083,0.3728,-0.0000,0.9563,-0.0002,-0.0000
34.068,-0.0000,0.1126,0.3729,-0.0000,0.9564,-0.0002,-0.0000
34.080,-0.0000,0.1169,0.3729,-0.0000,0.9565,-0.0002,-0.0000
34.092,-0.0000,0.1213,0.3730,-0.0000,0.9566,-0.0002,-0.0000
34.104,0.0000,0.1256,0.3730,-0.0000,0.9568,-0.0002,-0.0000
34.116,0.0000,0.1299,0.3731,-0.0000,0.9569,-0.0002,-0.0000
34.128,0.0000,0.1343,0.3731,-0.0000,0.9570,-0.0002,-0.0000
34.140,0.0000,0.1386,0.3732,-0.0000,0.9572,-0.0002,-0.0000
34.152,0.0000,0.1430,0.3732,-0.0000,0.9573,-0.0002,-0.0000
34.164,0.0000,0.1473,0.3733,-0.0000,0.9574,-0.0002,-0.0000
34.176,0.0000,0.1516,0.3733,-0.0000,0.9575,-0.0002,-0.0000
34.188,0.0000,0.1560,0.3734,-0.0000,0.9577,-0.0002,-0.0000
34.200,0.0000,0.1603,0.3734,-0.0000,0.9578,-0.0002,-0.0000
34.212,0.0000,0.1646,0.3735,-0.0000,0.9579,-0.0002,-0.0000
34.224,0.0000,0.1690,0.3735,-0.0000,0.9581,-0.0002,-0.0000
34.236,0.0000,0.1733,0.3736,-0.0000,0.9582,-0.0002,-0.0000
34.248,0.0000,0.1777,0.3736,-0.0000,0.9583,-0.0002,-0.0000
34.260,0.0000,0.1820,0.3737,-0.0000,0.9584,-0.0002,-0.0000
34.272,0.0000,0.1863,0.3737,-0.0000,0.9586,-0.0002,-0.0000
34.284,0.0000,0.1907,0.3738,-0.0000,0.9587,-0.0002,-0.0000
34.296,0.0000,0.1950,0.3738,-0.0000,0.9588,-0.0002,-0.0000
34.308,0.0000,0.1993,0.3739,-0.0000,0.9590,-0.0002,-0.0000
34.320,0.0000,0.2037,0.3739,-0.0000,0.9591,-0.0002,-0.0000
34.332,0.0000,0.2080,0.3740,-0.0000,0.9592,-0.0002,-0.0000
34.344,0.0000,0.2124,0.3740,-0.0000,0.9593,-0.0002,-0.0000
34.356,0.0000,0.2162,0.3741,-0.0000,0.9595,-0.0002,-0.0000
34.368,0.0000,0.2195,0.3741,-0.0000,0.9596,-0.0002,-0.0000
34.380,0.0000,0.2225,0.3741,-0.0000,0.9596,-0.0002,-0.0000
34.392,0.0000,0.2251,0.3742,-0.0000,0.9597,-0.0002,-0.0000
34.404,0.0000,0.2274,0.3742,-0.0000,0.9598,-0.0002,-0.0000
34.416,0.0000,0.2294,0.3742,-0.0000,0.9598,-0.0002,-0.0000
34.428,0.0000,0.2312,0.3742,-0.0000,0.9599,-0.0002,-0.0000
34.440,0.0000,0.2327,0.3742,-0.0000,0.9599,-0.0002,-0.0005
34.452,0.0000,0.2341,0.3743,-0.0000,0.9600,-0.0002,-0.0015
34.464,0.0000,0.2353,0.3743,-0.0000,0.9600,-0.0002,-0.0029
34.476,0.0000,0.2364,0.3743,-0.0000,0.9600,-0.0002,-0.0047
34.488,0.0000,0.2373,0.3743,-0.0000,0.9601,-0.0002,-0.0068
34.500,0.0000,0.2381,0.3743,-0.0000,0.9601,-0.0002,-0.0091
34.512,0.0000,0.2389,0.3743,-0.0000,0.9601,-0.0002,-0.0117
34.524,0.0000,0.2395,0.3743,-0.0000,0.9601,-0.0002,-0.0145
34.536,0.0000,0.2401,0.3743,-0.0000,0.9602,-0.0002,-0.0175
34.548,0.0000,0.2406,0.3743,-0.0000,0.9602,-0.0002,-0.0207
34.560,0.0000,0.2410,0.3743,-0.0000,0.9602,-0.0002,-0.0240
34.572,0.0000,0.2414,0.3743,-0.0000,0.9602,-0.0002,-0.0275
34.584,0.0000,0.2417,0.3743,-0.0000,0.9602,-0.0002,-0.0311
34.596,0.0000,0.2420,0.3743,-0.0000,0.9602,-0.0002,-0.0347
34.608,0.0000,0.2423,0.3744,-0.0000,0.9602,-0.0002,-0.0385
34.620,0.0000,0.2425,0.3744,-0.0000,0.9602,-0.0002,-0.0423
34.632,0.0000,0.2427,0.3744,-0.0000,0.9602,-0.0002,-0.0462
34.644,0.0000,0.2429,0.3744,-0.0000,0.9602,-0.0002,-0.0502
34.656,0.0000,0.2430,0.3744,-0.0000,0.9602,-0.0002,-0.0542
34.668,0.0000,0.2432,0.3744,-0.0000,0.9603,-0.0002,-0.0582
34.680,0.0000,0.2433,0.3744,-0.0000,0.9603,-0.0002,-0.0623
34.692,0.0000,0.2434,0.3744,-0.0000,0.9603,-0.0002,-0.0665
34.704,0.0000,0.2435,0.3744,-0.0000,0.9603,-0.0002,-0.0706
34.716,0.0000,0.2436,0.3744,-0.0000,0.9603,-0.0002,-0.0748
34.728,0.0000,0.2436,0.3744,-0.0000,0.9603,-0.0002,-0.0791
34.740,0.0000,0.2437,0.3744,-0.0000,0.9603,-0.0002,-0.0833
34.752,0.0000,0.2438,0.3744,-0.0000,0.9603,-0.0002,-0.0876
34.764,0.0000,0.2438,0.3744,-0.0000,0.9603,-0.0002,-0.0918
34.776,0.0000,0.2439,0.3744,-0.0000,0.9603,-0.0002,-0.0961
34.788,0.0000,0.2439,0.3744,-0.0000,0.9603,-0.0002,-0.1004
34.800,0.0000,0.2439,0.3744,-0.0000,0.9603,-0.0002,-0.1047
34.812,0.0000,0.2440,0.3744,-0.0000,0.9603,-0.0002,-0.1091
34.824,0.0000,0.2440,0.3744,-0.0000,0.9603,-0.0002,-0.1134
34.836,0.0000,0.2440,0.3744,-0.0000,0.9603,-0.0002,-0.1178
34.848,0.0000,0.2440,0.3744,-0.0000,0.9603,-0.0002,-0.1221
34.860,0.0000,0.2440,0.3744,-0.0000,0.9603,-0.0002,-0.1265
34.872,0.0000,0.2441,0.3744,-0.0000,0.9603,-0.0002,-0.1308
34.884,0.0000,0.2441,0.3744,-0.0000,0.9603,-0.0002,-0.1352
34.896,0.0000,0.2441,0.3744,-0.0000,0.9603,-0.0002,-0.1396
34.908,0.0000,0.2441,0.3744,-0.0000,0.9603,-0.0002,-0.1439
34.920,0.0000,0.2441,0.3744,-0.0000,0.9603,-0.0002,-0.1483
34.932,0.0000,0.2441,0.3744,-0.0000,0.9603,-0.0002,-0.1527
34.944,0.0000,0.2441,0.3744,-0.0000,0.9603,-0.0002,-0.1571
34.956,0.0000,0.2441,0.3744,-0.0000,0.9603,-0.0002,-0.1614
34.968,0.0000,0.2441,0.3744,-0.0000,0.9603,-0.0002,-0.1658
34.980,0.0000,0.2441,0.3744,-0.0000,0.9603,-0.0002,-0.1702
34.992,0.0000,0.2441,0.3744,-0.0000,0.9603,-0.0002,-0.1746
35.004,0.0000,0.2441,0.3744,-0.0000,0.9603,-0.0002,-0.1790
35.016,0.0000,0.2441,0.3744,-0.0000,0.9603,-0.0002,-0.1834
35.028,0.0000,0.2441,0.3744,-0.0000,0.9603,-0.0002,-0.1878
35.040,0.0000,0.2442,0.3744,-0.0000,0.9603,-0.0002,-0.1922
35.052,0.0000,0.2442,0.3744,-0.0000,0.9603,-0.0002,-0.1966
35.064,0.0000,0.2442,0.3744,-0.0000,0.9603,-0.0002,-0.2010
35.076,0.0000,0.2442,0.3744,-0.0000,0.9603,-0.0002,-0.2054
35.088,0.0000,0.2442,0.3744,-0.0000,0.9603,-0.0002,-0.2098
35.100,0.0000,0.2442,0.3744,-0.0000,0.9603,-0.0002,-0.2142
35.112,0.0000,0.2442,0.3744,-0.0000,0.9603,-0.0002,-0.2186
35.124,0.0000,0.2440,0.3744,0.0000,0.9604,-0.0002,-0.2230
35.136,0.0000,0.2433,0.3744,0.0000,0.9610,-0.0002,-0.2274
35.148,0.0000,0.2425,0.3744,0.0000,0.9616,-0.0002,-0.2317
35.160,0.0000,0.2417,0.3744,0.0000,0.9622,-0.0002,-0.2361
35.172,0.0000,0.2409,0.3744,0.0000,0.9628,-0.0002,-0.2405
35.184,0.0000,0.2401,0.3744,0.0000,0.9634,-0.0002,-0.2449
35.196,0.0000,0.2393,0.3744,0.0000,0.9640,-0.0002,-0.2493
35.208,0.0000,0.2385,0.3744,0.0000,0.9646,-0.0002,-0.2537
35.220,0.0000,0.2377,0.3744,0.0000,0.9652,-0.0002,-0.2581
35.232,0.0000,0.2369,0.3744,0.0000,0.9658,-0.0002,-0.2625
35.244,0.0000,0.2362,0.3744,0.0000,0.9664,-0.0002,-0.2669
35.256,0.0000,0.2354,0.3744,0.0000,0.9670,-0.0002,-0.2713
35.268,0.0000,0.2346,0.3744,0.0000,0.9676,-0.0002,-0.2757
35.280,0.0000,0.2338,0.3744,0.0000,0.9682,-0.0002,-0.2801
35.292,0.0000,0.2330,0.3744,0.0000,0.9688,-0.0002,-0.2845
35.304,0.0000,0.2322,0.3744,0.0000,0.9694,-0.0002,-0.2889
35.316,0.0000,0.2315,0.3744,0.0000,0.9700,-0.0002,-0.2933
35.328,0.0000,0.2307,0.3744,0.0000,0.9706,-0.0002,-0.2977
35.340,0.0000,0.2299,0.3744,0.0000,0.9712,-0.0002,-0.3021
35.352,0.0000,0.2291,0.3744,0.0000,0.9718,-0.0002,-0.3065
35.364,0.0000,0.2284,0.3744,0.0000,0.9724,-0.0002,-0.3109
35.376,0.0000,0.2276,0.3744,0.0000,0.9730,-0.0002,-0.3153
35.388,0.0000,0.2268,0.3744,0.0000,0.9736,-0.0002,-0.3197
35.400,0.0000,0.2261,0.3744,0.0000,0.9742,-0.0002,-0.3241
35.412,0.0000,0.2253,0.3744,0.0000,0.9748,-0.0002,-0.3285
35.424,0.0000,0.2245,0.3744,0.0000,0.9753,-0.0002,-0.3329
35.436,-0.0000,0.2238,0.3744,0.0000,0.9759,-0.0002,-0.3373
35.448,-0.0000,0.2230,0.3744,0.0000,0.9765,-0.0002,-0.3417
35.460,-0.0000,0.2223,0.3744,0.0000,0.9771,-0.0002,-0.3461
35.472,-0.0000,0.2215,0.3744,0.0000,0.9776,-0.0002,-0.3505
35.484,-0.0000,0.2207,0.3744,0.0000,0.9782,-0.0002,-0.3549
35.496,-0.0000,0.2200,0.3744,0.0000,0.9788,-0.0002,-0.3593
35.508,-0.0000,0.2192,0.3744,0.0000,0.9794,-0.0002,-0.3637
35.520,-0.0000,0.2185,0.3744,0.0000,0.9799,-0.0002,-0.3681
35.532,-0.0000,0.2178,0.3744,0.0000,0.9805,-0.0002,-0.3725
35.544,-0.0000,0.2170,0.3744,0.0000,0.9811,-0.0002,-0.3769
35.556,-0.0000,0.2163,0.3744,0.0000,0.9816,-0.0002,-0.3813
35.568,-0.0000,0.2155,0.3744,0.0000,0.9822,-0.0002,-0.3857
35.580,-0.0000,0.2148,0.3744,0.0000,0.9827,-0.0002,-0.3901
35.592,-0.0000,0.2141,0.3744,0.0000,0.9833,-0.0002,-0.3945
35.604,-0.0000,0.2134,0.3744,0.0000,0.9838,-0.0002,-0.3988
35.616,-0.0000,0.2127,0.3744,0.0000,0.9844,-0.0002,-0.4032
35.628,-0.0000,0.2119,0.3744,0.0000,0.9849,-0.0002,-0.4075
35.640,-0.0000,0.2113,0.3744,0.0000,0.9854,-0.0002,-0.4114
35.652,-0.0000,0.2107,0.3744,0.0000,0.9859,-0.0002,-0.4149
35.664,-0.0000,0.2101,0.3744,0.0000,0.9863,-0.0002,-0.4179
35.676,-0.0000,0.2097,0.3744,-0.0000,0.9866,-0.0002,-0.4205
35.688,-0.0000,0.2093,0.3744,-0.0000,0.9870,-0.0002,-0.4229
35.700,-0.0000,0.2084,0.3744,-0.0000,0.9868,-0.0002,-0.4249
35.712,-0.0000,0.2072,0.3744,-0.0000,0.9867,-0.0002,-0.4267
35.724,-0.0000,0.2056,0.3744,-0.0000,0.9865,-0.0002,-0.4283
35.736,-0.0000,0.2037,0.3744,-0.0000,0.9863,-0.0002,-0.4297
35.748,-0.0000,0.2016,0.3744,-0.0000,0.9861,-0.0002,-0.4310
35.760,-0.0000,0.1992,0.3744,-0.0000,0.9859,-0.0002,-0.4320
35.772,-0.0000,0.1967,0.3744,-0.0000,0.9857,-0.0002,-0.4330
35.784,-0.0000,0.1940,0.3744,-0.0000,0.9855,-0.0002,-0.4338
35.796,-0.0000,0.1911,0.3744,-0.0000,0.9853,-0.0002,-0.4346
35.808,-0.0000,0.1880,0.3744,-0.0000,0.9851,-0.0002,-0.4352
35.820,-0.0000,0.1849,0.3744,-0.0000,0.9848,-0.0002,-0.4358
35.832,-0.0000,0.1817,0.3744,-0.0000,0.9846,-0.0002,-0.4363
35.844,-0.0000,0.1783,0.3744,-0.0000,0.9844,-0.0002,-0.4367
35.856,-0.0000,0.1749,0.3744,-0.0000,0.9841,-0.0002,-0.4371
35.868,-0.0000,0.1714,0.3744,-0.0000,0.9839,-0.0002,-0.4375
35.880,-0.0000,0.1678,0.3744,-0.0000,0.9836,-0.0002,-0.4378
35.892,-0.0000,0.1642,0.3744,-0.0000,0.9834,-0.0002,-0.4380
35.904,-0.0000,0.1606,0.3744,-0.0000,0.9832,-0.0002,-0.4383
35.916,-0.0000,0.1569,0.3744,-0.0000,0.9829,-0.0002,-0.4385
35.928,-0.0000,0.1531,0.3744,-0.0000,0.9827,-0.0002,-0.4387
35.940,-0.0000,0.1493,0.3744,-0.0000,0.9824,-0.0002,-0.4388
35.952,-0.0000,0.1455,0.3744,-0.0000,0.9822,-0.0002,-0.4390
35.964,-0.0000,0.1417,0.3744,0.0000,0.9819,-0.0002,-0.4391
35.976,-0.0000,0.1378,0.3744,0.0000,0.9816,-0.0002,-0.4392
35.988,-0.0000,0.1340,0.3744,0.0000,0.9814,-0.0002,-0.4393
36.000,-0.0000,0.1301,0.3744,0.0000,0.9811,-0.0002,-0.4394
36.012,-0.0000,0.1262,0.3744,0.0000,0.9809,-0.0002,-0.4395
36.024,-0.0000,0.1222,0.3744,0.0000,0.9806,-0.0002,-0.4395
36.036,-0.0000,0.1183,0.3744,0.0000,0.9804,-0.0002,-0.4396
36.048,-0.0000,0.1144,0.3744,0.0000,0.9801,-0.0002,-0.4396
36.060,-0.0000,0.1104,0.3744,0.0000,0.9799,-0.0002,-0.4397
36.072,-0.0000,0.1064,0.3744,0.0000,0.9796,-0.0002,-0.4397
36.084,-0.0000,0.1025,0.3744,0.0000,0.9793,-0.0002,-0.4397
36.096,-0.0000,0.0985,0.3744,0.0000,0.9791,-0.0002,-0.4398
36.108,-0.0000,0.0945,0.3744,0.0000,0.9788,-0.0002,-0.4398
36.120,-0.0000,0.0905,0.3744,0.0000,0.9786,-0.0002,-0.4398
36.132,-0.0000,0.0865,0.3744,0.0000,0.9783,-0.0002,-0.4398
36.144,-0.0000,0.0825,0.3744,0.0000,0.9780,-0.0002,-0.4399
36.156,-0.0000,0.0785,0.3744,0.0000,0.9778,-0.0002,-0.4399
36.168,-0.0000,0.0745,0.3744,0.0000,0.9775,-0.0002,-0.4399
36.180,-0.0000,0.0705,0.3744,0.0000,0.9773,-0.0002,-0.4399
36.192,-0.0000,0.0665,0.3744,0.0000,0.9770,-0.0002,-0.4399
36.204,-0.0000,0.0625,0.3744,0.0000,0.9767,-0.0002,-0.4399
36.216,-0.0000,0.0585,0.3744,0.0000,0.9765,-0.0002,-0.4399
36.228,-0.0000,0.0545,0.3744,0.0000,0.9762,-0.0002,-0.4399
36.240,-0.0000,0.0505,0.3744,0.0000,0.9760,-0.0002,-0.4400
36.252,-0.0000,0.0465,0.3744,0.0000,0.9757,-0.0002,-0.4400
36.264,-0.0000,0.0425,0.3744,0.0000,0.9754,-0.0002,-0.4400
36.276,-0.0000,0.0384,0.3744,0.0000,0.9752,-0.0002,-0.4400
36.288,-0.0000,0.0344,0.3744,0.0000,0.9749,-0.0002,-0.4400
36.300,-0.0000,0.0304,0.3744,0.0000,0.9747,-0.0002,-0.4400
36.312,-0.0000,0.0264,0.3744,0.0000,0.9744,-0.0002,-0.4400
36.324,-0.0000,0.0224,0.3744,0.0000,0.9741,-0.0002,-0.4400
36.336,-0.0000,0.0184,0.3744,0.0000,0.9739,-0.0002,-0.4400
36.348,-0.0000,0.0143,0.3744,0.0000,0.9736,-0.0002,-0.4400
36.360,-0.0000,0.0103,0.3744,0.0000,0.9734,-0.0002,-0.4400
36.372,-0.0000,0.0063,0.3744,0.0000,0.9731,-0.0002,-0.4400
36.384,-0.0000,0.0023,0.3744,0.0000,0.9728,-0.0002,-0.4400
36.396,-0.0000,-0.0018,0.3744,0.0000,0.9726,-0.0002,-0.4400
36.408,-0.0000,-0.0058,0.3744,0.0000,0.9723,-0.0002,-0.4400
36.420,-0.0000,-0.0098,0.3744,0.0000,0.9721,-0.0002,-0.4400
36.432,-0.0000,-0.0138,0.3744,0.0000,0.9718,-0.0002,-0.4400
36.444,-0.0000,-0.0178,0.3744,0.0000,0.9715,-0.0002,-0.4400
36.456,-0.0000,-0.0219,0.3744,0.0000,0.9713,-0.0002,-0.4400
36.468,-0.0000,-0.0259,0.3744,0.0000,0.9710,-0.0002,-0.4400
36.480,-0.0000,-0.0299,0.3744,0.0000,0.9708,-0.0002,-0.4400
36.492,-0.0000,-0.0339,0.3744,0.0000,0.9705,-0.0002,-0.4400
36.504,-0.0000,-0.0379,0.3744,0.0000,0.9702,-0.0002,-0.4400
36.516,-0.0000,-0.0420,0.3744,0.0000,0.9700,-0.0002,-0.4400
36.528,-0.0000,-0.0460,0.3744,0.0000,0.9697,-0.0002,-0.4400
36.540,-0.0000,-0.0500,0.3744,0.0000,0.9695,-0.0002,-0.4400
36.552,-0.0000,-0.0540,0.3744,0.0000,0.9692,-0.0002,-0.4400
36.564,-0.0000,-0.0581,0.3744,0.0000,0.9689,-0.0002,-0.4400
36.576,-0.0000,-0.0621,0.3744,0.0000,0.9687,-0.0002,-0.4400
36.588,-0.0000,-0.0661,0.3744,0.0000,0.9684,-0.0002,-0.4400
36.600,-0.0000,-0.0701,0.3744,0.0000,0.9682,-0.0002,-0.4400
36.612,-0.0000,-0.0742,0.3744,0.0000,0.9679,-0.0002,-0.4400
36.624,-0.0000,-0.0782,0.3744,0.0000,0.9676,-0.0002,-0.4400
36.636,-0.0000,-0.0822,0.3744,0.0000,0.9674,-0.0002,-0.4400
36.648,-0.0000,-0.0862,0.3744,0.0000,0.9671,-0.0002,-0.4400
36.660,-0.0000,-0.0902,0.3744,0.0000,0.9669,-0.0002,-0.4400
36.672,-0.0000,-0.0943,0.3744,0.0000,0.9666,-0.0002,-0.4400
36.684,-0.0000,-0.0983,0.3744,0.0000,0.9663,-0.0002,-0.4400
36.696,-0.0000,-0.1023,0.3744,0.0000,0.9661,-0.0002,-0.4400
36.708,-0.0000,-0.1063,0.3744,0.0000,0.9658,-0.0002,-0.4400
36.720,-0.0000,-0.1104,0.3744,0.0000,0.9656,-0.0002,-0.4400
36.732,-0.0000,-0.1144,0.3744,0.0000,0.9653,-0.0002,-0.4400
36.744,-0.0000,-0.1184,0.3744,0.0000,0.9650,-0.0002,-0.4400
36.756,-0.0000,-0.1224,0.3744,0.0000,0.9648,-0.0002,-0.4400
36.768,-0.0000,-0.1265,0.3744,0.0000,0.9645,-0.0002,-0.4400
36.780,-0.0000,-0.1305,0.3744,0.0000,0.9643,-0.0002,-0.4400
36.792,-0.0000,-0.1345,0.3744,0.0000,0.9640,-0.0002,-0.4400
36.804,-0.0000,-0.1385,0.3744,0.0000,0.9637,-0.0002,-0.4400
36.816,-0.0000,-0.1425,0.3744,0.0000,0.9635,-0.0002,-0.4400
36.828,-0.0000,-0.1466,0.3744,0.0000,0.9632,-0.0002,-0.4400
36.840,-0.0000,-0.1506,0.3744,0.0000,0.9630,-0.0002,-0.4400
36.852,-0.0000,-0.1546,0.3744,0.0000,0.9627,-0.0002,-0.4400
36.864,-0.0000,-0.1586,0.3744,0.0000,0.9624,-0.0002,-0.4400
36.876,-0.0000,-0.1627,0.3744,0.0000,0.9622,-0.0002,-0.4400
36.888,-0.0000,-0.1662,0.3744,0.0000,0.9620,-0.0002,-0.4400
36.900,-0.0000,-0.1693,0.3744,0.0000,0.9618,-0.0002,-0.4400
36.912,-0.0000,-0.1721,0.3744,0.0000,0.9616,-0.0002,-0.4400
36.924,-0.0000,-0.1745,0.3744,0.0000,0.9614,-0.0002,-0.4400
36.936,-0.0000,-0.1766,0.3744,0.0000,0.9613,-0.0002,-0.4400
36.948,-0.0000,-0.1785,0.3744,0.0000,0.9612,-0.0002,-0.4400
36.960,-0.0000,-0.1801,0.3744,0.0000,0.9611,-0.0002,-0.4400
36.972,-0.0000,-0.1816,0.3744,0.0000,0.9610,-0.0002,-0.4400
36.984,-0.0000,-0.1816,0.3744,0.0000,0.9610,-0.0002,-0.4400
36.996,-0.0000,-0.1818,0.3744,0.0000,0.9610,-0.0002,-0.4400
37.008,-0.0000,-0.1823,0.3744,0.0000,0.9610,-0.0002,-0.4400
37.020,-0.0000,-0.1830,0.3744,0.0000,0.9610,-0.0002,-0.4400
37.032,-0.0000,-0.1839,0.3744,0.0000,0.9610,-0.0002,-0.4400
37.044,-0.0000,-0.1850,0.3744,0.0000,0.9610,-0.0002,-0.4400
37.056,-0.0000,-0.1862,0.3744,0.0000,0.9609,-0.0002,-0.4400
37.068,-0.0000,-0.1875,0.3744,0.0000,0.9609,-0.0002,-0.4400
37.080,-0.0000,-0.1889,0.3744,0.0000,0.9609,-0.0002,-0.4400
37.092,-0.0000,-0.1904,0.3744,0.0000,0.9609,-0.0002,-0.4400
37.104,-0.0000,-0.1920,0.3744,0.0000,0.9609,-0.0002,-0.4400
37.116,-0.0000,-0.1937,0.3744,0.0000,0.9609,-0.0002,-0.4400
37.128,-0.0000,-0.1954,0.3744,0.0000,0.9609,-0.0002,-0.4400
37.140,-0.0000,-0.1972,0.3744,0.0000,0.9609,-0.0002,-0.4400
37.152,-0.0000,-0.1991,0.3744,0.0000,0.9609,-0.0002,-0.4400
37.164,-0.0000,-0.2010,0.3744,0.0000,0.9609,-0.0002,-0.4400
37.176,-0.0000,-0.2029,0.3744,0.0000,0.9609,-0.0002,-0.4400
37.188,-0.0000,-0.2049,0.3744,0.0000,0.9609,-0.0002,-0.4400
37.200,-0.0000,-0.2069,0.3744,-0.0000,0.9609,-0.0002,-0.4400
37.212,-0.0000,-0.2089,0.3744,-0.0000,0.9609,-0.0002,-0.4400
37.224,-0.0000,-0.2110,0.3744,-0.0000,0.9609,-0.0002,-0.4400
37.236,-0.0000,-0.2130,0.3744,-0.0000,0.9608,-0.0002,-0.4400
37.248,-0.0000,-0.2151,0.3744,-0.0000,0.9608,-0.0002,-0.4400
37.260,-0.0000,-0.2172,0.3744,-0.0000,0.9608,-0.0002,-0.4400
37.272,-0.0000,-0.2193,0.3744,-0.0000,0.9608,-0.0002,-0.4400
37.284,-0.0000,-0.2215,0.3744,-0.0000,0.9608,-0.0002,-0.4400
37.296,-0.0000,-0.2236,0.3744,-0.0000,0.9608,-0.0002,-0.4400
37.308,-0.0000,-0.2258,0.3744,-0.0000,0.9608,-0.0002,-0.4400
37.320,-0.0000,-0.2279,0.3744,-0.0000,0.9608,-0.0002,-0.4400
37.332,-0.0000,-0.2301,0.3744,-0.0000,0.9608,-0.0002,-0.4400
37.344,-0.0000,-0.2323,0.3744,-0.0000,0.9608,-0.0002,-0.4400
37.356,-0.0000,-0.2344,0.3744,-0.0000,0.9608,-0.0002,-0.4400
37.368,-0.0000,-0.2366,0.3744,-0.0000,0.9608,-0.0002,-0.4400
37.380,-0.0000,-0.2388,0.3744,-0.0000,0.9608,-0.0002,-0.4400
37.392,-0.0000,-0.2410,0.3744,-0.0000,0.9607,-0.0002,-0.4400
37.404,-0.0000,-0.2432,0.3744,-0.0000,0.9607,-0.0002,-0.4400
37.416,-0.0000,-0.2454,0.3744,-0.0000,0.9607,-0.0002,-0.4400
37.428,-0.0000,-0.2476,0.3744,-0.0000,0.9607,-0.0002,-0.4400
37.440,-0.0000,-0.2498,0.3744,-0.0000,0.9607,-0.0002,-0.4400
37.452,-0.0000,-0.2520,0.3744,-0.0000,0.9607,-0.0002,-0.4400
37.464,-0.0000,-0.2542,0.3744,-0.0000,0.9607,-0.0002,-0.4400
37.476,-0.0000,-0.2564,0.3744,-0.0000,0.9607,-0.0002,-0.4400
37.488,-0.0000,-0.2586,0.3744,-0.0000,0.9607,-0.0002,-0.4400
37.500,-0.0000,-0.2609,0.3744,-0.0000,0.9607,-0.0002,-0.4400
37.512,-0.0000,-0.2631,0.3744,-0.0000,0.9607,-0.0002,-0.4400
37.524,-0.0000,-0.2653,0.3744,-0.0000,0.9607,-0.0002,-0.4400
37.536,-0.0000,-0.2675,0.3744,-0.0000,0.9606,-0.0002,-0.4400
37.548,-0.0000,-0.2697,0.3744,-0.0000,0.9606,-0.0002,-0.4400
37.560,-0.0000,-0.2719,0.3744,-0.0000,0.9606,-0.0002,-0.4400
37.572,-0.0000,-0.2742,0.3744,-0.0000,0.9606,-0.0002,-0.4400
37.584,-0.0000,-0.2764,0.3744,-0.0000,0.9606,-0.0002,-0.4400
37.596,-0.0000,-0.2786,0.3744,-0.0000,0.9606,-0.0002,-0.4400
37.608,-0.0000,-0.2808,0.3744,-0.0000,0.9606,-0.0002,-0.4400
37.620,-0.0000,-0.2830,0.3744,-0.0000,0.9606,-0.0002,-0.4400
37.632,-0.0000,-0.2852,0.3744,-0.0000,0.9606,-0.0002,-0.4400
37.644,-0.0000,-0.2875,0.3744,-0.0000,0.9606,-0.0002,-0.4400
37.656,-0.0000,-0.2897,0.3744,-0.0000,0.9606,-0.0002,-0.4400
37.668,-0.0000,-0.2919,0.3744,-0.0000,0.9606,-0.0002,-0.4400
37.680,-0.0000,-0.2941,0.3744,-0.0000,0.9605,-0.0002,-0.4400
37.692,-0.0000,-0.2963,0.3744,-0.0000,0.9605,-0.0002,-0.4400
37.704,-0.0000,-0.2986,0.3744,-0.0000,0.9605,-0.0002,-0.4400
37.716,-0.0000,-0.3008,0.3744,-0.0000,0.9605,-0.0002,-0.4400
37.728,-0.0000,-0.3030,0.3744,-0.0000,0.9605,-0.0002,-0.4400
37.740,-0.0000,-0.3052,0.3744,-0.0000,0.9605,-0.0002,-0.4400
37.752,-0.0000,-0.3075,0.3744,-0.0000,0.9605,-0.0002,-0.4400
37.764,-0.0000,-0.3097,0.3744,-0.0000,0.9605,-0.0002,-0.4400
37.776,-0.0000,-0.3119,0.3744,-0.0000,0.9605,-0.0002,-0.4400
37.788,-0.0000,-0.3141,0.3744,-0.0000,0.9605,-0.0002,-0.4400
37.800,-0.0000,-0.3163,0.3744,-0.0000,0.9605,-0.0002,-0.4400
37.812,-0.0000,-0.3186,0.3744,-0.0000,0.9605,-0.0002,-0.4400
37.824,-0.0000,-0.3208,0.3744,-0.0000,0.9605,-0.0002,-0.4400
37.836,-0.0000,-0.3230,0.3744,-0.0000,0.9604,-0.0002,-0.4400
37.848,-0.0000,-0.3252,0.3744,-0.0000,0.9604,-0.0002,-0.4400
37.860,-0.0000,-0.3274,0.3744,-0.0000,0.9604,-0.0002,-0.4400
37.872,-0.0000,-0.3297,0.3744,-0.0000,0.9604,-0.0002,-0.4400
37.884,-0.0000,-0.3319,0.3744,-0.0000,0.9604,-0.0002,-0.4400
37.896,-0.0000,-0.3341,0.3744,-0.0000,0.9604,-0.0002,-0.4400
37.908,-0.0000,-0.3363,0.3744,-0.0000,0.9604,-0.0002,-0.4400
37.920,-0.0000,-0.3386,0.3744,-0.0000,0.9604,-0.0002,-0.4400
37.932,-0.0000,-0.3408,0.3744,-0.0000,0.9604,-0.0002,-0.4400
37.944,-0.0000,-0.3430,0.3744,-0.0000,0.9604,-0.0002,-0.4400
37.956,-0.0000,-0.3452,0.3744,-0.0000,0.9604,-0.0002,-0.4400
37.968,-0.0000,-0.3474,0.3744,-0.0000,0.9604,-0.0002,-0.4400
37.980,-0.0000,-0.3497,0.3744,-0.0000,0.9603,-0.0002,-0.4400
37.992,-0.0000,-0.3517,0.3744,-0.0000,0.9603,-0.0002,-0.4400
38.004,-0.0000,-0.3535,0.3744,-0.0000,0.9603,-0.0002,-0.4400
38.016,-0.0000,-0.3551,0.3744,-0.0000,0.9603,-0.0002,-0.4400
38.028,-0.0000,-0.3551,0.3744,-0.0000,0.9603,-0.0002,-0.4400
38.040,-0.0001,-0.3551,0.3744,-0.0000,0.9603,-0.0002,-0.4400
38.052,-0.0003,-0.3551,0.3744,-0.0000,0.9603,-0.0002,-0.4400
38.064,-0.0006,-0.3551,0.3744,-0.0000,0.9603,-0.0002,-0.4400
38.076,-0.0010,-0.3552,0.3744,-0.0000,0.9603,-0.0002,-0.4400
38.088,-0.0014,-0.3552,0.3744,-0.0000,0.9603,-0.0002,-0.4400
38.100,-0.0019,-0.3552,0.3744,-0.0000,0.9603,-0.0002,-0.4400
38.112,-0.0024,-0.3553,0.3744,-0.0000,0.9603,-0.0002,-0.4400
38.124,-0.0030,-0.3553,0.3744,-0.0000,0.9603,-0.0002,-0.4400
38.136,-0.0036,-0.3554,0.3744,-0.0000,0.9603,-0.0002,-0.4400
38.148,-0.0043,-0.3554,0.3744,-0.0000,0.9603,-0.0002,-0.4400
38.160,-0.0050,-0.3555,0.3744,-0.0000,0.9603,-0.0002,-0.4400
38.172,-0.0057,-0.3555,0.3744,-0.0000,0.9603,-0.0002,-0.4400
38.184,-0.0064,-0.3556,0.3744,-0.0000,0.9603,-0.0002,-0.4400
38.196,-0.0072,-0.3556,0.3744,-0.0000,0.9603,-0.0002,-0.4400
38.208,-0.0079,-0.3557,0.3744,-0.0000,0.9603,-0.0002,-0.4400
38.220,-0.0087,-0.3558,0.3744,-0.0000,0.9603,-0.0002,-0.4400
38.232,-0.0095,-0.3558,0.3744,-0.0000,0.9603,-0.0002,-0.4400
38.244,-0.0104,-0.3559,0.3744,-0.0000,0.9603,-0.0002,-0.4400
38.256,-0.0112,-0.3559,0.3744,-0.0000,0.9603,-0.0002,-0.4400
38.268,-0.0120,-0.3560,0.3744,-0.0000,0.9603,-0.0002,-0.4400
38.280,-0.0129,-0.3561,0.3744,-0.0000,0.9603,-0.0002,-0.4400
38.292,-0.0137,-0.3561,0.3744,-0.0000,0.9603,-0.0002,-0.4400
38.304,-0.0146,-0.3562,0.3744,-0.0000,0.9603,-0.0002,-0.4400
38.316,-0.0155,-0.3563,0.3744,-0.0000,0.9603,-0.0002,-0.4400
38.328,-0.0163,-0.3563,0.3744,-0.0000,0.9603,-0.0002,-0.4400
38.340,-0.0172,-0.3564,0.3744,-0.0000,0.9603,-0.0002,-0.4400
38.352,-0.0181,-0.3565,0.3744,-0.0000,0.9603,-0.0002,-0.4400
38.364,-0.0190,-0.3565,0.3744,-0.0000,0.9603,-0.0002,-0.4400
38.376,-0.0199,-0.3566,0.3744,-0.0000,0.9603,-0.0002,-0.4400
38.388,-0.0207,-0.3567,0.3744,-0.0000,0.9603,-0.0002,-0.4400
38.400,-0.0216,-0.3567,0.3744,-0.0000,0.9603,-0.0002,-0.4400
38.412,-0.0225,-0.3568,0.3744,-0.0000,0.9603,-0.0002,-0.4400
38.424,-0.0234,-0.3569,0.3744,-0.0000,0.9603,-0.0002,-0.4400
38.436,-0.0243,-0.3570,0.3744,-0.0000,0.9603,-0.0002,-0.4400
38.448,-0.0252,-0.3570,0.3744,-0.0000,0.9603,-0.0002,-0.4400
38.460,-0.0261,-0.3571,0.3744,-0.0000,0.9603,-0.0002,-0.4400
38.472,-0.0270,-0.3572,0.3744,-0.0000,0.9603,-0.0002,-0.4400
38.484,-0.0279,-0.3572,0.3744,-0.0000,0.9603,-0.0002,-0.4400
38.496,-0.0288,-0.3573,0.3744,-0.0000,0.9603,-0.0002,-0.4400
38.508,-0.0297,-0.3574,0.3744,-0.0000,0.9603,-0.0002,-0.4400
38.520,-0.0306,-0.3574,0.3744,-0.0000,0.9603,-0.0002,-0.4400
38.532,-0.0315,-0.3575,0.3744,-0.0000,0.9603,-0.0002,-0.4400
38.544,-0.0324,-0.3576,0.3744,-0.0000,0.9603,-0.0002,-0.4400
38.556,-0.0334,-0.3576,0.3744,-0.0000,0.9603,-0.0002,-0.4400
38.568,-0.0343,-0.3577,0.3744,-0.0000,0.9603,-0.0002,-0.4400
38.580,-0.0352,-0.3578,0.3744,-0.0000,0.9603,-0.0002,-0.4400
38.592,-0.0361,-0.3579,0.3744,-0.0000,0.9603,-0.0002,-0.4400
38.604,-0.0370,-0.3579,0.3744,-0.0000,0.9603,-0.0002,-0.4400
38.616,-0.0379,-0.3580,0.3744,-0.0000,0.9603,-0.0002,-0.4400
38.628,-0.0388,-0.3581,0.3744,-0.0000,0.9603,-0.0002,-0.4400
38.640,-0.0397,-0.3581,0.3744,-0.0000,0.9603,-0.0002,-0.4400
38.652,-0.0406,-0.3582,0.3744,-0.0000,0.9603,-0.0002,-0.4400
38.664,-0.0415,-0.3583,0.3744,-0.0000,0.9603,-0.0002,-0.4400
38.676,-0.0424,-0.3583,0.3744,-0.0000,0.9603,-0.0002,-0.4400
38.688,-0.0433,-0.3584,0.3744,-0.0000,0.9603,-0.0002,-0.4400
38.700,-0.0442,-0.3585,0.3744,-0.0000,0.9603,-0.0002,-0.4400
38.712,-0.0451,-0.3585,0.3744,-0.0000,0.9603,-0.0002,-0.4400
38.724,-0.0461,-0.3586,0.3744,-0.0000,0.9603,-0.0002,-0.4400
38.736,-0.0470,-0.3587,0.3744,-0.0000,0.9603,-0.0002,-0.4400
38.748,-0.0479,-0.3588,0.3744,-0.0000,0.9603,-0.0002,-0.4400
38.760,-0.0488,-0.3588,0.3744,-0.0000,0.9603,-0.0002,-0.4400
38.772,-0.0497,-0.3589,0.3744,-0.0000,0.9603,-0.0002,-0.4400
38.784,-0.0506,-0.3590,0.3744,-0.0000,0.9603,-0.0002,-0.4400
38.796,-0.0515,-0.3590,0.3744,-0.0000,0.9603,-0.0002,-0.4400
38.808,-0.0524,-0.3591,0.3744,-0.0000,0.9603,-0.0002,-0.4400
38.820,-0.0533,-0.3592,0.3744,-0.0000,0.9603,-0.0002,-0.4400
38.832,-0.0542,-0.3592,0.3744,-0.0000,0.9603,-0.0002,-0.4400
38.844,-0.0551,-0.3593,0.3744,-0.0000,0.9603,-0.0002,-0.4400
38.856,-0.0561,-0.3594,0.3744,-0.0000,0.9603,-0.0002,-0.4400
38.868,-0.0570,-0.3595,0.3744,-0.0000,0.9603,-0.0002,-0.4400
38.880,-0.0579,-0.3595,0.3744,-0.0000,0.9603,-0.0002,-0.4400
38.892,-0.0588,-0.3596,0.3744,-0.0000,0.9603,-0.0002,-0.4400
38.904,-0.0597,-0.3597,0.3744,-0.0000,0.9603,-0.0002,-0.4400
38.916,-0.0606,-0.3597,0.3744,-0.0000,0.9603,-0.0002,-0.4400
38.928,-0.0615,-0.3598,0.3744,-0.0000,0.9603,-0.0002,-0.4400
38.940,-0.0624,-0.3599,0.3744,-0.0000,0.9603,-0.0002,-0.4400
38.952,-0.0633,-0.3599,0.3744,-0.0000,0.9603,-0.0002,-0.4400
38.964,-0.0642,-0.3600,0.3744,-0.0000,0.9603,-0.0002,-0.4400
38.976,-0.0651,-0.3601,0.3744,-0.0000,0.9603,-0.0002,-0.4400
38.988,-0.0661,-0.3601,0.3744,-0.0000,0.9603,-0.0002,-0.4400
39.000,-0.0670,-0.3602,0.3744,-0.0000,0.9603,-0.0002,-0.4400
39.012,-0.0679,-0.3603,0.3744,-0.0000,0.9603,-0.0002,-0.4400
39.024,-0.0688,-0.3604,0.3744,-0.0000,0.9603,-0.0002,-0.4400
39.036,-0.0697,-0.3604,0.3744,-0.0000,0.9603,-0.0002,-0.4400
39.048,-0.0706,-0.3605,0.3744,-0.0000,0.9603,-0.0002,-0.4400
39.060,-0.0715,-0.3606,0.3744,-0.0000,0.9603,-0.0002,-0.4400
39.072,-0.0724,-0.3606,0.3744,-0.0000,0.9603,-0.0002,-0.4400
39.084,-0.0733,-0.3607,0.3744,-0.0000,0.9603,-0.0002,-0.4400
39.096,-0.0742,-0.3608,0.3744,-0.0000,0.9603,-0.0002,-0.4400
39.108,-0.0751,-0.3608,0.3744,-0.0000,0.9603,-0.0002,-0.4400
39.120,-0.0761,-0.3609,0.3744,-0.0000,0.9603,-0.0002,-0.4400
39.132,-0.0770,-0.3610,0.3744,-0.0000,0.9603,-0.0002,-0.4400
39.144,-0.0779,-0.3611,0.3744,-0.0000,0.9603,-0.0002,-0.4400
39.156,-0.0788,-0.3611,0.3744,-0.0000,0.9603,-0.0002,-0.4400
39.168,-0.0797,-0.3612,0.3744,-0.0000,0.9603,-0.0002,-0.4400
39.180,-0.0806,-0.3613,0.3744,-0.0000,0.9603,-0.0002,-0.4400
39.192,-0.0815,-0.3613,0.3744,-0.0000,0.9603,-0.0002,-0.4400
39.204,-0.0824,-0.3614,0.3744,-0.0000,0.9603,-0.0002,-0.4400
39.216,-0.0833,-0.3615,0.3744,-0.0000,0.9603,-0.0002,-0.4400
39.228,-0.0842,-0.3615,0.3744,-0.0000,0.9603,-0.0002,-0.4400
39.240,-0.0851,-0.3616,0.3744,-0.0000,0.9603,-0.0002,-0.4400
39.252,-0.0860,-0.3617,0.3744,-0.0000,0.9603,-0.0002,-0.4400
39.264,-0.0870,-0.3617,0.3744,-0.0000,0.9603,-0.0002,-0.4400
39.276,-0.0879,-0.3618,0.3744,-0.0000,0.9603,-0.0002,-0.4400
39.288,-0.0888,-0.3619,0.3744,-0.0000,0.9603,-0.0002,-0.4400
39.300,-0.0897,-0.3620,0.3744,-0.0000,0.9603,-0.0002,-0.4400
39.312,-0.0906,-0.3620,0.3744,-0.0000,0.9603,-0.0002,-0.4400
39.324,-0.0915,-0.3621,0.3744,-0.0000,0.9603,-0.0002,-0.4400
39.336,-0.0924,-0.3622,0.3744,-0.0000,0.9603,-0.0002,-0.4400
39.348,-0.0933,-0.3622,0.3744,-0.0000,0.9603,-0.0002,-0.4400
39.360,-0.0942,-0.3623,0.3744,-0.0000,0.9603,-0.0002,-0.4400
39.372,-0.0951,-0.3624,0.3744,-0.0000,0.9603,-0.0002,-0.4400
39.384,-0.0960,-0.3624,0.3744,-0.0000,0.9603,-0.0002,-0.4400
39.396,-0.0970,-0.3625,0.3744,-0.0000,0.9603,-0.0002,-0.4400
39.408,-0.0979,-0.3626,0.3744,-0.0000,0.9603,-0.0002,-0.4400
39.420,-0.0988,-0.3627,0.3744,-0.0000,0.9603,-0.0002,-0.4400
39.432,-0.0997,-0.3627,0.3744,-0.0000,0.9603,-0.0002,-0.4400
39.444,-0.1006,-0.3628,0.3744,-0.0000,0.9603,-0.0002,-0.4400
39.456,-0.1015,-0.3629,0.3744,-0.0000,0.9603,-0.0002,-0.4400
39.468,-0.1024,-0.3629,0.3744,-0.0000,0.9603,-0.0002,-0.4400
39.480,-0.1033,-0.3630,0.3744,-0.0000,0.9603,-0.0002,-0.4400
39.492,-0.1042,-0.3631,0.3744,-0.0000,0.9603,-0.0002,-0.4400
39.504,-0.1051,-0.3631,0.3744,-0.0000,0.9603,-0.0002,-0.4400
39.516,-0.1060,-0.3632,0.3744,-0.0000,0.9603,-0.0002,-0.4400
39.528,-0.1070,-0.3633,0.3744,-0.0000,0.9603,-0.0002,-0.4400
39.540,-0.1079,-0.3634,0.3744,-0.0000,0.9603,-0.0002,-0.4400
39.552,-0.1088,-0.3634,0.3744,-0.0000,0.9603,-0.0002,-0.4400
39.564,-0.1097,-0.3635,0.3744,-0.0000,0.9603,-0.0002,-0.4400
39.576,-0.1106,-0.3636,0.3744,-0.0000,0.9603,-0.0002,-0.4400
39.588,-0.1115,-0.3636,0.3744,-0.0000,0.9603,-0.0002,-0.4400
39.600,-0.1124,-0.3637,0.3744,-0.0000,0.9603,-0.0002,-0.4400
39.612,-0.1133,-0.3638,0.3744,-0.0000,0.9603,-0.0002,-0.4400
39.624,-0.1142,-0.3638,0.3744,-0.0000,0.9603,-0.0002,-0.4400
39.636,-0.1151,-0.3639,0.3744,-0.0000,0.9603,-0.0002,-0.4400
39.648,-0.1160,-0.3640,0.3744,-0.0000,0.9603,-0.0002,-0.4400
39.660,-0.1170,-0.3640,0.3744,-0.0000,0.9603,-0.0002,-0.4400
39.672,-0.1179,-0.3641,0.3744,-0.0000,0.9603,-0.0002,-0.4400
39.684,-0.1188,-0.3642,0.3744,-0.0000,0.9603,-0.0002,-0.4400
39.696,-0.1197,-0.3643,0.3744,-0.0000,0.9603,-0.0002,-0.4400
39.708,-0.1206,-0.3643,0.3744,-0.0000,0.9603,-0.0002,-0.4400
39.720,-0.1215,-0.3644,0.3744,-0.0000,0.9603,-0.0002,-0.4400
39.732,-0.1224,-0.3645,0.3744,-0.0000,0.9603,-0.0002,-0.4400
39.744,-0.1233,-0.3645,0.3744,-0.0000,0.9603,-0.0002,-0.4400
39.756,-0.1242,-0.3646,0.3744,-0.0000,0.9603,-0.0002,-0.4400
39.768,-0.1251,-0.3647,0.3744,-0.0000,0.9603,-0.0002,-0.4400
39.780,-0.1260,-0.3647,0.3744,-0.0000,0.9603,-0.0002,-0.4400
39.792,-0.1270,-0.3648,0.3744,-0.0000,0.9603,-0.0002,-0.4400
39.804,-0.1279,-0.3649,0.3744,-0.0000,0.9603,-0.0002,-0.4400
39.816,-0.1288,-0.3650,0.3744,-0.0000,0.9603,-0.0002,-0.4400
39.828,-0.1297,-0.3650,0.3744,-0.0000,0.9603,-0.0002,-0.4400
39.840,-0.1306,-0.3651,0.3744,-0.0000,0.9603,-0.0002,-0.4400
39.852,-0.1315,-0.3652,0.3744,-0.0000,0.9603,-0.0002,-0.4400
39.864,-0.1324,-0.3652,0.3744,-0.0000,0.9603,-0.0002,-0.4400
39.876,-0.1333,-0.3653,0.3744,-0.0000,0.9603,-0.0002,-0.4400
39.888,-0.1342,-0.3654,0.3744,-0.0000,0.9603,-0.0002,-0.4400
39.900,-0.1351,-0.3654,0.3744,-0.0000,0.9603,-0.0002,-0.4400
39.912,-0.1360,-0.3655,0.3744,-0.0000,0.9603,-0.0002,-0.4400
39.924,-0.1370,-0.3656,0.3744,-0.0000,0.9603,-0.0002,-0.4400
39.936,-0.1379,-0.3656,0.3744,-0.0000,0.9603,-0.0002,-0.4400
39.948,-0.1388,-0.3657,0.3744,-0.0000,0.9603,-0.0002,-0.4400
39.960,-0.1397,-0.3658,0.3744,-0.0000,0.9603,-0.0002,-0.4400
39.972,-0.1406,-0.3659,0.3744,-0.0000,0.9603,-0.0002,-0.4400
39.984,-0.1415,-0.3659,0.3744,-0.0000,0.9603,-0.0002,-0.4400
39.996,-0.1424,-0.3660,0.3744,-0.0000,0.9603,-0.0002,-0.4400
40.008,-0.1433,-0.3661,0.3744,-0.0000,0.9603,-0.0002,-0.4400
40.020,-0.1442,-0.3661,0.3744,-0.0000,0.9603,-0.0002,-0.4400
40.032,-0.1451,-0.3662,0.3744,-0.0000,0.9603,-0.0002,-0.4400
40.044,-0.1451,-0.3662,0.3744,-0.0000,0.9603,-0.0002,-0.4400
40.056,-0.1451,-0.3650,0.3727,0.0000,0.9610,0.0011,-0.4400
40.068,-0.1451,-0.3629,0.3695,0.0000,0.9623,0.0035,-0.4400
40.080,-0.1451,-0.3598,0.3650,0.0000,0.9641,0.0069,-0.4400
40.092,-0.1451,-0.3559,0.3593,0.0001,0.9665,0.0112,-0.4400
40.104,-0.1452,-0.3514,0.3526,0.0001,0.9692,0.0162,-0.4400
40.116,-0.1452,-0.3462,0.3450,0.0001,0.9723,0.0219,-0.4400
40.128,-0.1452,-0.3405,0.3366,0.0002,0.9758,0.0282,-0.4400
40.140,-0.1453,-0.3343,0.3276,0.0002,0.9795,0.0350,-0.4400
40.152,-0.1453,-0.3277,0.3179,0.0002,0.9835,0.0423,-0.4400
40.164,-0.1453,-0.3208,0.3077,0.0003,0.9876,0.0500,-0.4400
40.176,-0.1454,-0.3135,0.2970,0.0003,0.9920,0.0581,-0.4400
40.188,-0.1454,-0.3059,0.2858,0.0004,0.9966,0.0664,-0.4400
40.200,-0.1454,-0.2981,0.2744,0.0004,1.0013,0.0750,-0.4400
40.212,-0.1455,-0.2901,0.2626,0.0005,1.0061,0.0839,-0.4400
40.224,-0.1455,-0.2819,0.2505,0.0005,1.0111,0.0930,-0.4400
40.236,-0.1456,-0.2735,0.2381,0.0006,1.0162,0.1023,-0.4400
40.248,-0.1456,-0.2649,0.2256,0.0006,1.0213,0.1117,-0.4400
40.260,-0.1456,-0.2562,0.2128,0.0007,1.0265,0.1213,-0.4400
40.272,-0.1457,-0.2474,0.1999,0.0007,1.0318,0.1310,-0.4400
40.284,-0.1457,-0.2385,0.1868,0.0008,1.0372,0.1409,-0.4400
40.296,-0.1458,-0.2295,0.1736,0.0009,1.0426,0.1508,-0.4400
40.308,-0.1458,-0.2205,0.1603,0.0009,1.0481,0.1608,-0.4400
40.320,-0.1459,-0.2113,0.1469,0.0010,1.0536,0.1709,-0.4400
40.332,-0.1459,-0.2021,0.1334,0.0010,1.0591,0.1811,-0.4400
40.344,-0.1460,-0.1929,0.1198,0.0011,1.0647,0.1913,-0.4400
40.356,-0.1460,-0.1836,0.1062,0.0011,1.0703,0.2016,-0.4400
40.368,-0.1461,-0.1743,0.0924,0.0012,1.0759,0.2119,-0.4400
40.380,-0.1461,-0.1649,0.0787,0.0013,1.0816,0.2222,-0.4400
40.392,-0.1461,-0.1555,0.0648,0.0013,1.0872,0.2326,-0.4400
40.404,-0.1462,-0.1460,0.0510,0.0014,1.0929,0.2431,-0.4400
40.416,-0.1462,-0.1366,0.0371,0.0014,1.0986,0.2535,-0.4400
40.428,-0.1463,-0.1271,0.0231,0.0015,1.1043,0.2640,-0.4400
40.440,-0.1463,-0.1176,0.0092,0.0016,1.1100,0.2745,-0.4400
40.452,-0.1464,-0.1081,-0.0048,0.0016,1.1158,0.2850,-0.4400
40.464,-0.1464,-0.0985,-0.0188,0.0017,1.1215,0.2955,-0.4400
40.476,-0.1465,-0.0890,-0.0328,0.0017,1.1273,0.3061,-0.4400
40.488,-0.1465,-0.0794,-0.0469,0.0018,1.1330,0.3167,-0.4400
40.500,-0.1466,-0.0698,-0.0609,0.0018,1.1388,0.3272,-0.4400
40.512,-0.1466,-0.0603,-0.0750,0.0019,1.1446,0.3378,-0.4400
40.524,-0.1467,-0.0507,-0.0891,0.0020,1.1504,0.3484,-0.4400
40.536,-0.1467,-0.0411,-0.1032,0.0020,1.1561,0.3590,-0.4400
40.548,-0.1468,-0.0315,-0.1173,0.0021,1.1619,0.3696,-0.4400
40.560,-0.1468,-0.0219,-0.1314,0.0021,1.1677,0.3802,-0.4400
40.572,-0.1469,-0.0123,-0.1455,0.0022,1.1735,0.3908,-0.4400
40.584,-0.1469,-0.0026,-0.1596,0.0023,1.1793,0.4015,-0.4400
40.596,-0.1470,0.0070,-0.1738,0.0023,1.1851,0.4121,-0.4400
40.608,-0.1470,0.0166,-0.1879,0.0024,1.1909,0.4227,-0.4400
40.620,-0.1470,0.0262,-0.2020,0.0024,1.1967,0.4334,-0.4400
40.632,-0.1471,0.0359,-0.2162,0.0025,1.2025,0.4440,-0.4400
40.644,-0.1471,0.0455,-0.2303,0.0026,1.2083,0.4546,-0.4400
40.656,-0.1472,0.0551,-0.2445,0.0026,1.2141,0.4653,-0.4400
40.668,-0.1472,0.0648,-0.2586,0.0027,1.2199,0.4759,-0.4400
40.680,-0.1473,0.0744,-0.2728,0.0028,1.2257,0.4866,-0.4400
40.692,-0.1473,0.0840,-0.2869,0.0028,1.2315,0.4972,-0.4400
40.704,-0.1474,0.0937,-0.3011,0.0029,1.2373,0.5079,-0.4400
40.716,-0.1474,0.1033,-0.3152,0.0029,1.2431,0.5185,-0.4400
40.728,-0.1475,0.1129,-0.3294,0.0030,1.2489,0.5292,-0.4400
40.740,-0.1475,0.1226,-0.3436,0.0031,1.2547,0.5398,-0.4400
40.752,-0.1476,0.1322,-0.3577,0.0031,1.2605,0.5505,-0.4400
40.764,-0.1476,0.1419,-0.3719,0.0032,1.2663,0.5611,-0.4400
40.776,-0.1477,0.1515,-0.3861,0.0032,1.2721,0.5718,-0.4400
40.788,-0.1477,0.1612,-0.4002,0.0033,1.2779,0.5824,-0.4400
40.800,-0.1478,0.1708,-0.4144,0.0034,1.2838,0.5931,-0.4400
40.812,-0.1478,0.1804,-0.4285,0.0034,1.2896,0.6037,-0.4400
40.824,-0.1479,0.1901,-0.4427,0.0035,1.2954,0.6144,-0.4400
40.836,-0.1479,0.1997,-0.4569,0.0035,1.3012,0.6250,-0.4400
40.848,-0.1480,0.2094,-0.4710,0.0036,1.3070,0.6357,-0.4400
40.860,-0.1480,0.2190,-0.4852,0.0037,1.3128,0.6463,-0.4400
40.872,-0.1481,0.2287,-0.4994,0.0037,1.3186,0.6570,-0.4400
40.884,-0.1481,0.2383,-0.5135,0.0038,1.3244,0.6676,-0.4400
40.896,-0.1482,0.2479,-0.5277,0.0038,1.3302,0.6783,-0.4400
40.908,-0.1482,0.2576,-0.5419,0.0039,1.3360,0.6890,-0.4400
40.920,-0.1482,0.2672,-0.5560,0.0040,1.3419,0.6996,-0.4400
40.932,-0.1483,0.2769,-0.5702,0.0040,1.3477,0.7103,-0.4400
40.944,-0.1483,0.2865,-0.5844,0.0041,1.3535,0.7209,-0.4400
40.956,-0.1484,0.2962,-0.5985,0.0041,1.3593,0.7316,-0.4400
40.968,-0.1484,0.3058,-0.6127,0.0042,1.3651,0.7422,-0.4400
40.980,-0.1485,0.3155,-0.6269,0.0043,1.3709,0.7529,-0.4400
40.992,-0.1485,0.3251,-0.6410,0.0043,1.3767,0.7635,-0.4400
41.004,-0.1486,0.3348,-0.6552,0.0044,1.3825,0.7742,-0.4400
41.016,-0.1486,0.3444,-0.6694,0.0044,1.3883,0.7849,-0.4400
41.028,-0.1487,0.3541,-0.6836,0.0045,1.3941,0.7955,-0.4400
41.040,-0.1487,0.3637,-0.6977,0.0046,1.4000,0.8062,-0.4400
41.052,-0.1488,0.3733,-0.7119,0.0046,1.4058,0.8168,-0.4400
41.064,-0.1488,0.3830,-0.7261,0.0047,1.4116,0.8275,-0.4400
41.076,-0.1489,0.3926,-0.7402,0.0047,1.4174,0.8381,-0.4400
41.088,-0.1489,0.4023,-0.7544,0.0048,1.4232,0.8488,-0.4400
41.100,-0.1490,0.4119,-0.7686,0.0049,1.4290,0.8595,-0.4400
41.112,-0.1490,0.4216,-0.7827,0.0049,1.4348,0.8701,-0.4400
41.124,-0.1491,0.4312,-0.7969,0.0050,1.4406,0.8808,-0.4400
41.136,-0.1491,0.4409,-0.8111,0.0050,1.4464,0.8914,-0.4400
41.148,-0.1492,0.4505,-0.8252,0.0051,1.4522,0.9021,-0.4400
41.160,-0.1492,0.4602,-0.8394,0.0052,1.4581,0.9127,-0.4400
41.172,-0.1493,0.4698,-0.8536,0.0052,1.4639,0.9234,-0.4400
41.184,-0.1493,0.4795,-0.8677,0.0053,1.4697,0.9340,-0.4400
41.196,-0.1494,0.4891,-0.8819,0.0053,1.4755,0.9447,-0.4400
41.208,-0.1494,0.4987,-0.8961,0.0054,1.4813,0.9554,-0.4400
41.220,-0.1494,0.5084,-0.9102,0.0055,1.4871,0.9660,-0.4400
41.232,-0.1495,0.5180,-0.9244,0.0055,1.4929,0.9767,-0.4400
41.244,-0.1495,0.5277,-0.9386,0.0056,1.4987,0.9873,-0.4400
41.256,-0.1496,0.5373,-0.9528,0.0056,1.5045,0.9980,-0.4400
41.268,-0.1496,0.5470,-0.9669,0.0057,1.5104,1.0086,-0.4400
41.280,-0.1497,0.5566,-0.9811,0.0058,1.5162,1.0193,-0.4400
41.292,-0.1497,0.5663,-0.9953,0.0058,1.5220,1.0300,-0.4400
41.304,-0.1498,0.5759,-1.0094,0.0059,1.5278,1.0406,-0.4400
41.316,-0.1498,0.5856,-1.0236,0.0059,1.5336,1.0513,-0.4400
41.328,-0.1499,0.5952,-1.0378,0.0060,1.5394,1.0619,-0.4400
41.340,-0.1499,0.6049,-1.0519,0.0061,1.5452,1.0726,-0.4400
41.352,-0.1500,0.6145,-1.0661,0.0061,1.5510,1.0832,-0.4400
41.364,-0.1500,0.6241,-1.0803,0.0062,1.5568,1.0939,-0.4400
41.376,-0.1501,0.6338,-1.0944,0.0062,1.5626,1.1046,-0.4400
41.388,-0.1501,0.6434,-1.1086,0.0063,1.5685,1.1152,-0.4400
41.400,-0.1502,0.6531,-1.1228,0.0064,1.5743,1.1259,-0.4400
41.412,-0.1502,0.6627,-1.1369,0.0064,1.5801,1.1365,-0.4400
41.424,-0.1503,0.6724,-1.1511,0.0065,1.5859,1.1472,-0.4400
41.436,-0.1503,0.6820,-1.1653,0.0065,1.5917,1.1578,-0.4400
41.448,-0.1504,0.6917,-1.1794,0.0066,1.5975,1.1685,-0.4400
41.460,-0.1504,0.7013,-1.1936,0.0067,1.6033,1.1791,-0.4400
41.472,-0.1505,0.7110,-1.2078,0.0067,1.6091,1.1898,-0.4400
41.484,-0.1505,0.7206,-1.2220,0.0068,1.6149,1.2005,-0.4400
41.496,-0.1506,0.7303,-1.2361,0.0068,1.6208,1.2111,-0.4400
41.508,-0.1506,0.7399,-1.2503,0.0069,1.6266,1.2218,-0.4400
41.520,-0.1506,0.7495,-1.2645,0.0070,1.6324,1.2324,-0.4400
41.532,-0.1507,0.7592,-1.2786,0.0070,1.6382,1.2431,-0.4400
41.544,-0.1507,0.7688,-1.2928,0.0071,1.6440,1.2537,-0.4400
41.556,-0.1508,0.7785,-1.3070,0.0071,1.6498,1.2644,-0.4400
41.568,-0.1508,0.7881,-1.3211,0.0072,1.6556,1.2751,-0.4400
41.580,-0.1509,0.7978,-1.3353,0.0073,1.6614,1.2857,-0.4400
41.592,-0.1509,0.8074,-1.3495,0.0073,1.6672,1.2964,-0.4400
41.604,-0.1510,0.8171,-1.3636,0.0074,1.6731,1.3070,-0.4400
41.616,-0.1510,0.8267,-1.3778,0.0074,1.6789,1.3177,-0.4400
41.628,-0.1511,0.8364,-1.3920,0.0075,1.6847,1.3283,-0.4400
41.640,-0.1511,0.8460,-1.4061,0.0076,1.6905,1.3390,-0.4400
41.652,-0.1512,0.8549,-1.4192,0.0076,1.6958,1.3488,-0.4400
41.664,-0.1512,0.8627,-1.4307,0.0077,1.7005,1.3574,-0.4400
41.676,-0.1512,0.8696,-1.4407,0.0077,1.7047,1.3650,-0.4400
41.688,-0.1513,0.8756,-1.4496,0.0078,1.7083,1.3717,-0.4400
41.700,-0.1513,0.8809,-1.4574,0.0078,1.7115,1.3776,-0.4400
41.712,-0.1513,0.8856,-1.4643,0.0078,1.7143,1.3828,-0.4400
41.724,-0.1513,0.8897,-1.4704,0.0078,1.7168,1.3873,-0.4400
41.736,-0.1514,0.8934,-1.4757,0.0079,1.7190,1.3913,-0.4400
41.748,-0.1514,0.8966,-1.4804,0.0079,1.7209,1.3948,-0.4400
41.760,-0.1514,0.8994,-1.4845,0.0079,1.7226,1.3979,-0.4400
41.772,-0.1514,0.9018,-1.4881,0.0079,1.7241,1.4007,-0.4400
41.784,-0.1514,0.9040,-1.4913,0.0079,1.7254,1.4031,-0.4400
41.796,-0.1514,0.9059,-1.4942,0.0079,1.7266,1.4052,-0.4400
41.808,-0.1514,0.9076,-1.4966,0.0080,1.7276,1.4071,-0.4400
41.820,-0.1514,0.9091,-1.4988,0.0080,1.7285,1.4087,-0.4400
41.832,-0.1514,0.9104,-1.5007,0.0080,1.7293,1.4101,-0.4400
41.844,-0.1515,0.9115,-1.5024,0.0080,1.7300,1.4114,-0.4400
41.856,-0.1515,0.9115,-1.5024,0.0080,1.7300,1.4114,-0.4400
41.868,-0.1515,0.9121,-1.5024,0.0080,1.7300,1.4114,-0.4400
41.880,-0.1515,0.9131,-1.5025,0.0080,1.7300,1.4114,-0.4400
41.892,-0.1515,0.9145,-1.5025,0.0080,1.7300,1.4115,-0.4400
41.904,-0.1515,0.9163,-1.5025,0.0080,1.7300,1.4115,-0.4400
41.916,-0.1515,0.9184,-1.5026,0.0080,1.7300,1.4115,-0.4400
41.928,-0.1515,0.9208,-1.5027,0.0080,1.7301,1.4116,-0.4400
41.940,-0.1515,0.9234,-1.5027,0.0080,1.7301,1.4116,-0.4400
41.952,-0.1515,0.9262,-1.5028,0.0080,1.7301,1.4117,-0.4400
41.964,-0.1515,0.9293,-1.5029,0.0080,1.7302,1.4118,-0.4400
41.976,-0.1515,0.9325,-1.5030,0.0080,1.7302,1.4118,-0.4400
41.988,-0.1515,0.9358,-1.5031,0.0080,1.7302,1.4119,-0.4400
42.000,-0.1515,0.9393,-1.5032,0.0080,1.7303,1.4120,-0.4400
42.012,-0.1515,0.9429,-1.5033,0.0080,1.7303,1.4121,-0.4400
42.024,-0.1515,0.9466,-1.5034,0.0080,1.7304,1.4121,-0.4400
42.036,-0.1515,0.9504,-1.5035,0.0080,1.7304,1.4122,-0.4400
42.048,-0.1515,0.9543,-1.5036,0.0080,1.7304,1.4123,-0.4400
42.060,-0.1515,0.9583,-1.5037,0.0080,1.7305,1.4124,-0.4400
42.072,-0.1515,0.9623,-1.5038,0.0080,1.7305,1.4125,-0.4400
42.084,-0.1515,0.9663,-1.5039,0.0080,1.7306,1.4125,-0.4400
42.096,-0.1515,0.9704,-1.5040,0.0080,1.7306,1.4126,-0.4400
42.108,-0.1515,0.9746,-1.5042,0.0080,1.7307,1.4127,-0.4400
42.120,-0.1515,0.9787,-1.5043,0.0080,1.7307,1.4128,-0.4400
42.132,-0.1515,0.9829,-1.5044,0.0080,1.7308,1.4129,-0.4400
42.144,-0.1515,0.9872,-1.5045,0.0080,1.7308,1.4130,-0.4400
42.156,-0.1515,0.9915,-1.5046,0.0080,1.7309,1.4131,-0.4400
42.168,-0.1515,0.9957,-1.5047,0.0080,1.7309,1.4132,-0.4400
42.180,-0.1515,1.0000,-1.5049,0.0080,1.7310,1.4132,-0.4400
42.192,-0.1515,1.0044,-1.5050,0.0080,1.7310,1.4133,-0.4400
42.204,-0.1515,1.0087,-1.5051,0.0080,1.7311,1.4134,-0.4400
42.216,-0.1515,1.0131,-1.5052,0.0080,1.7311,1.4135,-0.4400
42.228,-0.1515,1.0174,-1.5054,0.0080,1.7312,1.4136,-0.4400
42.240,-0.1515,1.0218,-1.5055,0.0080,1.7312,1.4137,-0.4400
42.252,-0.1515,1.0262,-1.5056,0.0080,1.7313,1.4138,-0.4400
42.264,-0.1515,1.0306,-1.5057,0.0080,1.7313,1.4139,-0.4400
42.276,-0.1515,1.0350,-1.5058,0.0080,1.7314,1.4140,-0.4400
42.288,-0.1515,1.0394,-1.5060,0.0080,1.7314,1.4141,-0.4400
42.300,-0.1515,1.0438,-1.5061,0.0080,1.7315,1.4142,-0.4400
42.312,-0.1515,1.0482,-1.5062,0.0080,1.7315,1.4143,-0.4400
42.324,-0.1515,1.0526,-1.5063,0.0080,1.7316,1.4143,-0.4400
42.336,-0.1515,1.0570,-1.5065,0.0080,1.7316,1.4144,-0.4400
42.348,-0.1515,1.0615,-1.5066,0.0080,1.7317,1.4145,-0.4400
42.360,-0.1515,1.0659,-1.5067,0.0080,1.7317,1.4146,-0.4400
42.372,-0.1515,1.0703,-1.5068,0.0080,1.7318,1.4147,-0.4400
42.384,-0.1515,1.0747,-1.5069,0.0080,1.7318,1.4148,-0.4400
42.396,-0.1515,1.0792,-1.5071,0.0080,1.7319,1.4149,-0.4400
42.408,-0.1515,1.0836,-1.5072,0.0080,1.7319,1.4150,-0.4400
42.420,-0.1515,1.0880,-1.5073,0.0080,1.7320,1.4151,-0.4400
42.432,-0.1515,1.0925,-1.5074,0.0080,1.7320,1.4152,-0.4400
42.444,-0.1515,1.0969,-1.5076,0.0080,1.7321,1.4153,-0.4400
42.456,-0.1515,1.1014,-1.5077,0.0080,1.7321,1.4154,-0.4400
42.468,-0.1515,1.1058,-1.5078,0.0080,1.7322,1.4155,-0.4400
42.480,-0.1515,1.1102,-1.5079,0.0080,1.7322,1.4156,-0.4400
42.492,-0.1515,1.1147,-1.5081,0.0080,1.7323,1.4156,-0.4400
42.504,-0.1515,1.1191,-1.5082,0.0080,1.7323,1.4157,-0.4400
42.516,-0.1515,1.1236,-1.5083,0.0080,1.7324,1.4158,-0.4400
42.528,-0.1515,1.1280,-1.5084,0.0080,1.7324,1.4159,-0.4400
42.540,-0.1515,1.1325,-1.5085,0.0080,1.7325,1.4160,-0.4400
42.552,-0.1515,1.1369,-1.5087,0.0080,1.7325,1.4161,-0.4400
42.564,-0.1515,1.1414,-1.5088,0.0080,1.7326,1.4162,-0.4400
42.576,-0.1515,1.1458,-1.5089,0.0080,1.7326,1.4163,-0.4400
42.588,-0.1515,1.1502,-1.5090,0.0080,1.7327,1.4164,-0.4400
42.600,-0.1515,1.1547,-1.5092,0.0080,1.7327,1.4165,-0.4400
42.612,-0.1515,1.1591,-1.5093,0.0080,1.7328,1.4166,-0.4400
42.624,-0.1515,1.1636,-1.5094,0.0080,1.7328,1.4167,-0.4400
42.636,-0.1515,1.1680,-1.5095,0.0080,1.7329,1.4168,-0.4400
42.648,-0.1515,1.1725,-1.5097,0.0080,1.7329,1.4169,-0.4400
42.660,-0.1515,1.1769,-1.5098,0.0080,1.7330,1.4169,-0.4400
42.672,-0.1515,1.1814,-1.5099,0.0080,1.7330,1.4170,-0.4400
42.684,-0.1515,1.1858,-1.5100,0.0080,1.7331,1.4171,-0.4400
42.696,-0.1515,1.1903,-1.5102,0.0080,1.7331,1.4172,-0.4400
42.708,-0.1515,1.1947,-1.5103,0.0080,1.7332,1.4173,-0.4400
42.720,-0.1515,1.1992,-1.5104,0.0080,1.7332,1.4174,-0.4400
42.732,-0.1515,1.2036,-1.5105,0.0080,1.7333,1.4175,-0.4400
42.744,-0.1515,1.2080,-1.5107,0.0080,1.7333,1.4176,-0.4400
42.756,-0.1515,1.2125,-1.5108,0.0080,1.7334,1.4177,-0.4400
42.768,-0.1515,1.2169,-1.5109,0.0080,1.7334,1.4178,-0.4400
42.780,-0.1515,1.2214,-1.5110,0.0080,1.7335,1.4179,-0.4400
42.792,-0.1515,1.2258,-1.5111,0.0080,1.7335,1.4180,-0.4400
42.804,-0.1515,1.2303,-1.5113,0.0080,1.7336,1.4181,-0.4400
42.816,-0.1515,1.2347,-1.5114,0.0080,1.7336,1.4182,-0.4400
42.828,-0.1515,1.2392,-1.5115,0.0080,1.7337,1.4182,-0.4400
42.840,-0.1515,1.2436,-1.5116,0.0080,1.7337,1.4183,-0.4400
42.852,-0.1515,1.2481,-1.5118,0.0080,1.7338,1.4184,-0.4400
42.864,-0.1515,1.2525,-1.5119,0.0080,1.7338,1.4185,-0.4400
42.876,-0.1515,1.2570,-1.5120,0.0080,1.7339,1.4186,-0.4400
42.888,-0.1515,1.2614,-1.5121,0.0080,1.7340,1.4187,-0.4400
42.900,-0.1515,1.2659,-1.5123,0.0080,1.7340,1.4188,-0.4400
42.912,-0.1515,1.2703,-1.5124,0.0080,1.7341,1.4189,-0.4400
42.924,-0.1515,1.2748,-1.5125,0.0080,1.7341,1.4190,-0.4400
42.936,-0.1515,1.2792,-1.5126,0.0080,1.7342,1.4191,-0.4400
42.948,-0.1515,1.2837,-1.5128,0.0080,1.7342,1.4192,-0.4400
42.960,-0.1515,1.2881,-1.5129,0.0080,1.7343,1.4193,-0.4400
42.972,-0.1515,1.2925,-1.5130,0.0080,1.7343,1.4194,-0.4400
42.984,-0.1515,1.2970,-1.5131,0.0080,1.7344,1.4195,-0.4400
42.996,-0.1515,1.3014,-1.5132,0.0080,1.7344,1.4196,-0.4400
43.008,-0.1515,1.3059,-1.5134,0.0080,1.7345,1.4196,-0.4400
43.020,-0.1515,1.3103,-1.5135,0.0080,1.7345,1.4197,-0.4400
43.032,-0.1515,1.3148,-1.5136,0.0080,1.7346,1.4198,-0.4400
43.044,-0.1515,1.3192,-1.5137,0.0080,1.7346,1.4199,-0.4400
43.056,-0.1515,1.3237,-1.5139,0.0080,1.7347,1.4200,-0.4400
43.068,-0.1515,1.3276,-1.5140,0.0080,1.7347,1.4201,-0.4400
43.080,-0.1515,1.3310,-1.5141,0.0080,1.7347,1.4202,-0.4400
43.092,-0.1515,1.3341,-1.5142,0.0080,1.7348,1.4202,-0.4400
43.104,-0.1515,1.3367,-1.5142,0.0080,1.7348,1.4203,-0.4400
43.116,-0.1515,1.3391,-1.5143,0.0080,1.7348,1.4203,-0.4400
43.128,-0.1515,1.3411,-1.5144,0.0080,1.7349,1.4204,-0.4400
43.140,-0.1515,1.3430,-1.5144,0.0080,1.7349,1.4204,-0.4400
43.152,-0.1515,1.3446,-1.5144,0.0080,1.7349,1.4205,-0.4395
43.164,-0.1515,1.3460,-1.5145,0.0080,1.7349,1.4205,-0.4385
43.176,-0.1515,1.3472,-1.5145,0.0080,1.7349,1.4205,-0.4371
43.188,-0.1515,1.3483,-1.5145,0.0080,1.7349,1.4205,-0.4353
43.200,-0.1515,1.3493,-1.5146,0.0080,1.7350,1.4206,-0.4332
43.212,-0.1515,1.3501,-1.5146,0.0080,1.7350,1.4206,-0.4309
43.224,-0.1515,1.3508,-1.5146,0.0080,1.7350,1.4206,-0.4283
43.236,-0.1515,1.3515,-1.5146,0.0080,1.7350,1.4206,-0.4255
43.248,-0.1515,1.3521,-1.5147,0.0080,1.7350,1.4206,-0.4225
43.260,-0.1515,1.3526,-1.5147,0.0080,1.7350,1.4206,-0.4193
43.272,-0.1515,1.3530,-1.5147,0.0080,1.7350,1.4206,-0.4160
43.284,-0.1515,1.3534,-1.5147,0.0080,1.7350,1.4206,-0.4125
43.296,-0.1515,1.3538,-1.5147,0.0080,1.7350,1.4206,-0.4089
43.308,-0.1515,1.3541,-1.5147,0.0080,1.7350,1.4207,-0.4053
43.320,-0.1515,1.3543,-1.5147,0.0080,1.7350,1.4207,-0.4015
43.332,-0.1515,1.3546,-1.5147,0.0080,1.7350,1.4207,-0.3977
43.344,-0.1515,1.3548,-1.5147,0.0080,1.7350,1.4207,-0.3938
43.356,-0.1515,1.3550,-1.5147,0.0080,1.7350,1.4207,-0.3898
43.368,-0.1515,1.3551,-1.5147,0.0080,1.7350,1.4207,-0.3858
43.380,-0.1515,1.3553,-1.5147,0.0080,1.7350,1.4207,-0.3818
43.392,-0.1515,1.3554,-1.5147,0.0080,1.7350,1.4207,-0.3777
43.404,-0.1515,1.3555,-1.5147,0.0080,1.7350,1.4207,-0.3735
43.416,-0.1515,1.3556,-1.5148,0.0080,1.7350,1.4207,-0.3694
43.428,-0.1515,1.3557,-1.5148,0.0080,1.7350,1.4207,-0.3652
43.440,-0.1515,1.3557,-1.5148,0.0080,1.7350,1.4207,-0.3609
43.452,-0.1515,1.3558,-1.5148,0.0080,1.7350,1.4207,-0.3567
43.464,-0.1515,1.3559,-1.5148,0.0080,1.7350,1.4207,-0.3524
43.476,-0.1515,1.3559,-1.5148,0.0080,1.7350,1.4207,-0.3482
43.488,-0.1515,1.3560,-1.5148,0.0080,1.7350,1.4207,-0.3439
43.500,-0.1515,1.3560,-1.5148,0.0080,1.7350,1.4207,-0.3396
43.512,-0.1515,1.3560,-1.5148,0.0080,1.7350,1.4207,-0.3353
43.524,-0.1515,1.3561,-1.5148,0.0080,1.7350,1.4207,-0.3309
43.536,-0.1515,1.3561,-1.5148,0.0080,1.7350,1.4207,-0.3266
43.548,-0.1515,1.3561,-1.5148,0.0080,1.7350,1.4207,-0.3222
43.560,-0.1515,1.3561,-1.5148,0.0080,1.7350,1.4207,-0.3179
43.572,-0.1515,1.3562,-1.5148,0.0080,1.7350,1.4207,-0.3135
43.584,-0.1515,1.3562,-1.5148,0.0080,1.7350,1.4207,-0.3092
43.596,-0.1515,1.3562,-1.5148,0.0080,1.7350,1.4207,-0.3048
43.608,-0.1515,1.3562,-1.5148,0.0080,1.7350,1.4207,-0.3004
43.620,-0.1515,1.3562,-1.5148,0.0080,1.7350,1.4207,-0.2961
43.632,-0.1515,1.3562,-1.5148,0.0080,1.7350,1.4207,-0.2917
43.644,-0.1515,1.3562,-1.5148,0.0080,1.7350,1.4207,-0.2873
43.656,-0.1515,1.3562,-1.5148,0.0080,1.7350,1.4207,-0.2829
43.668,-0.1515,1.3562,-1.5148,0.0080,1.7350,1.4207,-0.2786
43.680,-0.1515,1.3563,-1.5148,0.0080,1.7350,1.4207,-0.2742
43.692,-0.1515,1.3563,-1.5148,0.0080,1.7350,1.4207,-0.2698
43.704,-0.1515,1.3563,-1.5148,0.0080,1.7350,1.4207,-0.2654
43.716,-0.1515,1.3563,-1.5148,0.0080,1.7350,1.4207,-0.2610
43.728,-0.1515,1.3563,-1.5148,0.0080,1.7350,1.4207,-0.2566
43.740,-0.1515,1.3563,-1.5148,0.0080,1.7350,1.4207,-0.2522
43.752,-0.1515,1.3563,-1.5148,0.0080,1.7350,1.4207,-0.2478
43.764,-0.1515,1.3563,-1.5148,0.0080,1.7350,1.4207,-0.2434
43.776,-0.1515,1.3563,-1.5148,0.0080,1.7350,1.4207,-0.2390
43.788,-0.1515,1.3563,-1.5148,0.0080,1.7350,1.4207,-0.2346
43.800,-0.1515,1.3563,-1.5148,0.0080,1.7350,1.4207,-0.2302
43.812,-0.1515,1.3563,-1.5148,0.0080,1.7350,1.4207,-0.2258
43.824,-0.1515,1.3563,-1.5148,0.0080,1.7350,1.4207,-0.2214
43.836,-0.1515,1.3563,-1.5148,0.0080,1.7350,1.4207,-0.2170
43.848,-0.1515,1.3563,-1.5148,0.0080,1.7350,1.4207,-0.2126
43.860,-0.1515,1.3563,-1.5148,0.0080,1.7350,1.4207,-0.2083
43.872,-0.1515,1.3563,-1.5148,0.0080,1.7350,1.4207,-0.2039
43.884,-0.1515,1.3563,-1.5148,0.0080,1.7350,1.4207,-0.1995
43.896,-0.1515,1.3563,-1.5148,0.0080,1.7350,1.4207,-0.1951
43.908,-0.1515,1.3563,-1.5148,0.0080,1.7350,1.4207,-0.1907
43.920,-0.1515,1.3563,-1.5148,0.0080,1.7350,1.4207,-0.1863
43.932,-0.1515,1.3563,-1.5148,0.0080,1.7350,1.4207,-0.1819
43.944,-0.1515,1.3563,-1.5148,0.0080,1.7350,1.4207,-0.1775
43.956,-0.1515,1.3563,-1.5148,0.0080,1.7350,1.4207,-0.1731
43.968,-0.1515,1.3563,-1.5148,0.0080,1.7350,1.4207,-0.1687
43.980,-0.1515,1.3563,-1.5148,0.0080,1.7350,1.4207,-0.1643
43.992,-0.1515,1.3563,-1.5148,0.0080,1.7350,1.4207,-0.1599
44.004,-0.1515,1.3563,-1.5148,0.0080,1.7350,1.4207,-0.1555
44.016,-0.1515,1.3563,-1.5148,0.0080,1.7350,1.4207,-0.1511
44.028,-0.1515,1.3563,-1.5148,0.0080,1.7350,1.4207,-0.1467
44.040,-0.1515,1.3563,-1.5148,0.0080,1.7350,1.4207,-0.1423
44.052,-0.1515,1.3563,-1.5148,0.0080,1.7350,1.4207,-0.1379
44.064,-0.1515,1.3563,-1.5148,0.0080,1.7350,1.4207,-0.1335
44.076,-0.1515,1.3563,-1.5148,0.0080,1.7350,1.4207,-0.1291
44.088,-0.1515,1.3563,-1.5148,0.0080,1.7350,1.4207,-0.1247
44.100,-0.1515,1.3563,-1.5148,0.0080,1.7350,1.4207,-0.1203
44.112,-0.1515,1.3563,-1.5148,0.0080,1.7350,1.4207,-0.1159
44.124,-0.1515,1.3563,-1.5148,0.0080,1.7350,1.4207,-0.1115
44.136,-0.1515,1.3563,-1.5148,0.0080,1.7350,1.4207,-0.1071
44.148,-0.1515,1.3563,-1.5148,0.0080,1.7350,1.4207,-0.1027
44.160,-0.1515,1.3563,-1.5148,0.0080,1.7350,1.4207,-0.0983
44.172,-0.1515,1.3563,-1.5148,0.0080,1.7350,1.4207,-0.0939
44.184,-0.1515,1.3563,-1.5148,0.0080,1.7350,1.4207,-0.0895
44.196,-0.1515,1.3563,-1.5148,0.0080,1.7350,1.4207,-0.0851
44.208,-0.1515,1.3563,-1.5148,0.0080,1.7350,1.4207,-0.0807
44.220,-0.1515,1.3563,-1.5148,0.0080,1.7350,1.4207,-0.0763
44.232,-0.1515,1.3563,-1.5148,0.0080,1.7350,1.4207,-0.0719
44.244,-0.1515,1.3563,-1.5148,0.0080,1.7350,1.4207,-0.0675
44.256,-0.1515,1.3563,-1.5148,0.0080,1.7350,1.4207,-0.0631
44.268,-0.1515,1.3563,-1.5148,0.0080,1.7350,1.4207,-0.0587
44.280,-0.1515,1.3563,-1.5148,0.0080,1.7350,1.4207,-0.0543
44.292,-0.1515,1.3563,-1.5148,0.0080,1.7350,1.4207,-0.0499
44.304,-0.1515,1.3563,-1.5148,0.0080,1.7350,1.4207,-0.0455
44.316,-0.1515,1.3563,-1.5148,0.0080,1.7350,1.4207,-0.0411
44.328,-0.1515,1.3563,-1.5148,0.0080,1.7350,1.4207,-0.0367
44.340,-0.1515,1.3563,-1.5148,0.0080,1.7350,1.4207,-0.0323
44.352,-0.1515,1.3563,-1.5148,0.0080,1.7350,1.4207,-0.0284
44.364,-0.1515,1.3563,-1.5148,0.0080,1.7350,1.4207,-0.0250
44.376,-0.1515,1.3563,-1.5148,0.0080,1.7350,1.4207,-0.0220
44.388,-0.1515,1.3558,-1.5148,0.0080,1.7350,1.4207,-0.0194
44.400,-0.1515,1.3548,-1.5148,0.0080,1.7350,1.4207,-0.0170
44.412,-0.1515,1.3534,-1.5148,0.0080,1.7350,1.4207,-0.0150
44.424,-0.1515,1.3517,-1.5148,0.0080,1.7350,1.4207,-0.0132
44.436,-0.1515,1.3496,-1.5148,0.0080,1.7350,1.4207,-0.0116
44.448,-0.1515,1.3473,-1.5148,0.0080,1.7350,1.4207,-0.0102
44.460,-0.1515,1.3447,-1.5148,0.0080,1.7350,1.4207,-0.0090
44.472,-0.1515,1.3419,-1.5148,0.0080,1.7350,1.4207,-0.0079
44.484,-0.1515,1.3389,-1.5148,0.0080,1.7350,1.4207,-0.0070
44.496,-0.1515,1.3357,-1.5148,0.0080,1.7350,1.4207,-0.0061
44.508,-0.1515,1.3325,-1.5148,0.0080,1.7350,1.4207,-0.0054
44.520,-0.1515,1.3290,-1.5148,0.0080,1.7350,1.4207,-0.0047
44.532,-0.1515,1.3255,-1.5148,0.0080,1.7350,1.4207,-0.0042
44.544,-0.1515,1.3219,-1.5148,0.0080,1.7350,1.4207,-0.0037
44.556,-0.1515,1.3181,-1.5148,0.0080,1.7350,1.4207,-0.0032
44.568,-0.1515,1.3143,-1.5148,0.0080,1.7350,1.4207,-0.0028
44.580,-0.1515,1.3105,-1.5148,0.0080,1.7350,1.4207,-0.0025
44.592,-0.1515,1.3065,-1.5148,0.0080,1.7350,1.4207,-0.0022
44.604,-0.1515,1.3026,-1.5148,0.0080,1.7350,1.4207,-0.0019
44.616,-0.1515,1.2985,-1.5148,0.0080,1.7350,1.4207,-0.0017
44.628,-0.1515,1.2945,-1.5148,0.0080,1.7350,1.4207,-0.0015
44.640,-0.1515,1.2904,-1.5148,0.0080,1.7350,1.4207,-0.0013
44.652,-0.1515,1.2862,-1.5148,0.0080,1.7350,1.4207,-0.0012
44.664,-0.1515,1.2821,-1.5148,0.0080,1.7350,1.4207,-0.0010
44.676,-0.1515,1.2779,-1.5148,0.0080,1.7350,1.4207,-0.0009
44.688,-0.1515,1.2737,-1.5148,0.0080,1.7350,1.4207,-0.0008
44.700,-0.1515,1.2695,-1.5148,0.0080,1.7350,1.4207,-0.0007
44.712,-0.1515,1.2652,-1.5148,0.0080,1.7350,1.4207,-0.0006
44.724,-0.1515,1.2610,-1.5148,0.0080,1.7350,1.4207,-0.0005
44.736,-0.1515,1.2567,-1.5148,0.0080,1.7350,1.4207,-0.0005
44.748,-0.1515,1.2524,-1.5148,0.0080,1.7350,1.4207,-0.0004
44.760,-0.1515,1.2481,-1.5148,0.0080,1.7350,1.4207,-0.0004
44.772,-0.1515,1.2438,-1.5148,0.0080,1.7350,1.4207,-0.0003
44.784,-0.1515,1.2395,-1.5148,0.0080,1.7350,1.4207,-0.0003
44.796,-0.1515,1.2352,-1.5148,0.0080,1.7350,1.4207,-0.0003
44.808,-0.1515,1.2309,-1.5148,0.0080,1.7350,1.4207,-0.0002
44.820,-0.1515,1.2266,-1.5148,0.0080,1.7350,1.4207,-0.0002
44.832,-0.1515,1.2222,-1.5148,0.0080,1.7350,1.4207,-0.0002
44.844,-0.1515,1.2179,-1.5148,0.0080,1.7350,1.4207,-0.0002
44.856,-0.1515,1.2136,-1.5148,0.0080,1.7350,1.4207,-0.0001
44.868,-0.1515,1.2092,-1.5148,0.0080,1.7350,1.4207,-0.0001
44.880,-0.1515,1.2049,-1.5148,0.0080,1.7350,1.4207,-0.0001
44.892,-0.1515,1.2005,-1.5148,0.0080,1.7350,1.4207,-0.0001
44.904,-0.1515,1.1962,-1.5148,0.0080,1.7350,1.4207,-0.0001
44.916,-0.1515,1.1918,-1.5148,0.0080,1.7350,1.4207,-0.0001
44.928,-0.1515,1.1875,-1.5148,0.0080,1.7350,1.4207,-0.0001
44.940,-0.1515,1.1831,-1.5148,0.0080,1.7350,1.4207,-0.0001
44.952,-0.1515,1.1788,-1.5148,0.0080,1.7350,1.4207,-0.0000
44.964,-0.1515,1.1744,-1.5148,0.0080,1.7350,1.4207,-0.0000
44.976,-0.1515,1.1701,-1.5148,0.0080,1.7350,1.4207,-0.0000
44.988,-0.1515,1.1657,-1.5148,0.0080,1.7350,1.4207,-0.0000
45.000,-0.1515,1.1614,-1.5148,0.0080,1.7350,1.4207,-0.0000
45.012,-0.1515,1.1570,-1.5148,0.0080,1.7350,1.4207,-0.0000
45.024,-0.1515,1.1526,-1.5148,0.0080,1.7350,1.4207,-0.0000
45.036,-0.1515,1.1483,-1.5148,0.0080,1.7350,1.4207,-0.0000
45.048,-0.1515,1.1439,-1.5148,0.0080,1.7350,1.4207,-0.0000
45.060,-0.1515,1.1396,-1.5148,0.0080,1.7350,1.4207,-0.0000
45.072,-0.1515,1.1352,-1.5148,0.0080,1.7350,1.4207,-0.0000
45.084,-0.1515,1.1308,-1.5148,0.0080,1.7350,1.4207,-0.0000
45.096,-0.1515,1.1265,-1.5148,0.0080,1.7350,1.4207,-0.0000
45.108,-0.1515,1.1221,-1.5148,0.0080,1.7350,1.4207,-0.0000
45.120,-0.1515,1.1178,-1.5148,0.0080,1.7350,1.4207,-0.0000
45.132,-0.1515,1.1134,-1.5148,0.0080,1.7350,1.4207,-0.0000
45.144,-0.1515,1.1090,-1.5148,0.0080,1.7350,1.4207,-0.0000
45.156,-0.1515,1.1047,-1.5148,0.0080,1.7350,1.4207,-0.0000
45.168,-0.1515,1.1003,-1.5148,0.0080,1.7350,1.4207,-0.0000
45.180,-0.1515,1.0959,-1.5148,0.0080,1.7350,1.4207,-0.0000
45.192,-0.1515,1.0916,-1.5148,0.0080,1.7350,1.4207,-0.0000
45.204,-0.1515,1.0872,-1.5148,0.0080,1.7350,1.4207,-0.0000
45.216,-0.1515,1.0829,-1.5148,0.0080,1.7350,1.4207,-0.0000
45.228,-0.1515,1.0785,-1.5148,0.0080,1.7350,1.4207,-0.0000
45.240,-0.1515,1.0741,-1.5148,0.0080,1.7350,1.4207,-0.0000
45.252,-0.1515,1.0698,-1.5148,0.0080,1.7350,1.4207,-0.0000
45.264,-0.1515,1.0654,-1.5148,0.0080,1.7350,1.4207,-0.0000
45.276,-0.1515,1.0610,-1.5148,0.0080,1.7350,1.4207,-0.0000
45.288,-0.1515,1.0567,-1.5148,0.0080,1.7350,1.4207,-0.0000
45.300,-0.1515,1.0523,-1.5148,0.0080,1.7350,1.4207,-0.0000
45.312,-0.1515,1.0480,-1.5148,0.0080,1.7350,1.4207,-0.0000
45.324,-0.1515,1.0436,-1.5148,0.0080,1.7350,1.4207,-0.0000
45.336,-0.1515,1.0392,-1.5148,0.0080,1.7350,1.4207,-0.0000
45.348,-0.1515,1.0349,-1.5148,0.0080,1.7350,1.4207,-0.0000
45.360,-0.1515,1.0305,-1.5148,0.0080,1.7350,1.4207,-0.0000
45.372,-0.1515,1.0261,-1.5148,0.0080,1.7350,1.4207,-0.0000
45.384,-0.1515,1.0218,-1.5148,0.0080,1.7350,1.4207,-0.0000
45.396,-0.1515,1.0174,-1.5148,0.0080,1.7350,1.4207,-0.0000
45.408,-0.1515,1.0130,-1.5148,0.0080,1.7350,1.4207,-0.0000
45.420,-0.1515,1.0087,-1.5148,0.0080,1.7350,1.4207,-0.0000
45.432,-0.1515,1.0043,-1.5148,0.0080,1.7350,1.4207,-0.0000
45.444,-0.1515,1.0000,-1.5148,0.0080,1.7350,1.4207,-0.0000
45.456,-0.1515,0.9956,-1.5148,0.0080,1.7350,1.4207,-0.0000
45.468,-0.1515,0.9912,-1.5148,0.0080,1.7350,1.4207,-0.0000
45.480,-0.1515,0.9869,-1.5148,0.0080,1.7350,1.4207,-0.0000
45.492,-0.1515,0.9825,-1.5148,0.0080,1.7350,1.4207,-0.0000
45.504,-0.1515,0.9781,-1.5148,0.0080,1.7350,1.4207,-0.0000
45.516,-0.1515,0.9738,-1.5148,0.0080,1.7350,1.4207,-0.0000
45.528,-0.1515,0.9694,-1.5148,0.0080,1.7350,1.4207,-0.0000
45.540,-0.1515,0.9651,-1.5148,0.0080,1.7350,1.4207,-0.0000
45.552,-0.1515,0.9607,-1.5148,0.0080,1.7350,1.4207,-0.0000
45.564,-0.1515,0.9563,-1.5148,0.0080,1.7350,1.4207,-0.0000
45.576,-0.1515,0.9520,-1.5148,0.0080,1.7350,1.4207,-0.0000
45.588,-0.1515,0.9481,-1.5148,0.0080,1.7350,1.4207,-0.0000
45.600,-0.1515,0.9447,-1.5148,0.0080,1.7350,1.4207,-0.0000
45.612,-0.1515,0.9418,-1.5148,0.0080,1.7350,1.4207,-0.0000
45.624,-0.1515,0.9392,-1.5148,0.0080,1.7350,1.4207,-0.0000
45.636,-0.1515,0.9368,-1.5148,0.0080,1.7350,1.4207,-0.0000
45.648,-0.1515,0.9348,-1.5148,0.0080,1.7350,1.4207,-0.0000
45.660,-0.1515,0.9330,-1.5148,0.0080,1.7350,1.4207,-0.0000
45.672,-0.1515,0.9330,-1.5148,0.0080,1.7350,1.4207,-0.0000
45.684,-0.1514,0.9330,-1.5148,0.0080,1.7350,1.4207,-0.0000
45.696,-0.1512,0.9330,-1.5148,0.0080,1.7350,1.4207,-0.0000
45.708,-0.1509,0.9330,-1.5148,0.0080,1.7350,1.4207,-0.0000
45.720,-0.1505,0.9330,-1.5148,0.0080,1.7350,1.4207,-0.0000
45.732,-0.1501,0.9329,-1.5148,0.0080,1.7350,1.4207,-0.0000
45.744,-0.1496,0.9329,-1.5148,0.0080,1.7350,1.4207,-0.0000
45.756,-0.1491,0.9328,-1.5148,0.0080,1.7350,1.4207,-0.0000
45.768,-0.1485,0.9328,-1.5148,0.0080,1.7350,1.4207,-0.0000
45.780,-0.1479,0.9327,-1.5148,0.0080,1.7350,1.4207,-0.0000
45.792,-0.1472,0.9327,-1.5148,0.0080,1.7350,1.4207,-0.0000
45.804,-0.1465,0.9326,-1.5148,0.0080,1.7350,1.4207,-0.0000
45.816,-0.1458,0.9325,-1.5148,0.0080,1.7350,1.4207,-0.0000
45.828,-0.1451,0.9325,-1.5148,0.0080,1.7350,1.4207,-0.0000
45.840,-0.1443,0.9324,-1.5148,0.0080,1.7350,1.4207,-0.0000
45.852,-0.1435,0.9324,-1.5148,0.0080,1.7350,1.4207,-0.0000
45.864,-0.1428,0.9323,-1.5148,0.0080,1.7350,1.4207,-0.0000
45.876,-0.1419,0.9322,-1.5148,0.0080,1.7350,1.4207,-0.0000
45.888,-0.1411,0.9321,-1.5148,0.0080,1.7350,1.4207,-0.0000
45.900,-0.1403,0.9321,-1.5148,0.0080,1.7350,1.4207,-0.0000
45.912,-0.1395,0.9320,-1.5148,0.0080,1.7350,1.4207,-0.0000
45.924,-0.1386,0.9319,-1.5148,0.0080,1.7350,1.4207,-0.0000
45.936,-0.1378,0.9319,-1.5148,0.0080,1.7350,1.4207,-0.0000
45.948,-0.1369,0.9318,-1.5148,0.0080,1.7350,1.4207,-0.0000
45.960,-0.1360,0.9317,-1.5148,0.0080,1.7350,1.4207,-0.0000
45.972,-0.1352,0.9316,-1.5148,0.0080,1.7350,1.4207,-0.0000
45.984,-0.1343,0.9316,-1.5148,0.0080,1.7350,1.4207,-0.0000
45.996,-0.1334,0.9315,-1.5148,0.0080,1.7350,1.4207,-0.0000
46.008,-0.1325,0.9314,-1.5148,0.0080,1.7350,1.4207,-0.0000
46.020,-0.1316,0.9313,-1.5148,0.0080,1.7350,1.4207,-0.0000
46.032,-0.1307,0.9312,-1.5148,0.0080,1.7350,1.4207,-0.0000
46.044,-0.1299,0.9312,-1.5148,0.0080,1.7350,1.4207,-0.0000
46.056,-0.1290,0.9311,-1.5148,0.0080,1.7350,1.4207,-0.0000
46.068,-0.1281,0.9310,-1.5148,0.0080,1.7350,1.4207,-0.0000
46.080,-0.1272,0.9309,-1.5148,0.0080,1.7350,1.4207,-0.0000
46.092,-0.1263,0.9309,-1.5148,0.0080,1.7350,1.4207,-0.0000
46.104,-0.1254,0.9308,-1.5148,0.0080,1.7350,1.4207,-0.0000
46.116,-0.1245,0.9307,-1.5148,0.0080,1.7350,1.4207,-0.0000
46.128,-0.1236,0.9306,-1.5148,0.0080,1.7350,1.4207,-0.0000
46.140,-0.1227,0.9306,-1.5148,0.0080,1.7350,1.4207,-0.0000
46.152,-0.1218,0.9305,-1.5148,0.0080,1.7350,1.4207,-0.0000
46.164,-0.1209,0.9304,-1.5148,0.0080,1.7350,1.4207,-0.0000
46.176,-0.1200,0.9303,-1.5148,0.0080,1.7350,1.4207,-0.0000
46.188,-0.1190,0.9302,-1.5148,0.0080,1.7350,1.4207,-0.0000
46.200,-0.1181,0.9302,-1.5148,0.0080,1.7350,1.4207,-0.0000
46.212,-0.1172,0.9301,-1.5148,0.0080,1.7350,1.4207,-0.0000
46.224,-0.1163,0.9300,-1.5148,0.0080,1.7350,1.4207,-0.0000
46.236,-0.1154,0.9299,-1.5148,0.0080,1.7350,1.4207,-0.0000
46.248,-0.1145,0.9298,-1.5148,0.0080,1.7350,1.4207,-0.0000
46.260,-0.1136,0.9298,-1.5148,0.0080,1.7350,1.4207,-0.0000
46.272,-0.1127,0.9297,-1.5148,0.0080,1.7350,1.4207,-0.0000
46.284,-0.1118,0.9296,-1.5148,0.0080,1.7350,1.4207,-0.0000
46.296,-0.1109,0.9295,-1.5148,0.0080,1.7350,1.4207,-0.0000
46.308,-0.1100,0.9295,-1.5148,0.0080,1.7350,1.4207,-0.0000
46.320,-0.1091,0.9294,-1.5148,0.0080,1.7350,1.4207,-0.0000
46.332,-0.1082,0.9293,-1.5148,0.0080,1.7350,1.4207,-0.0000
46.344,-0.1073,0.9292,-1.5148,0.0080,1.7350,1.4207,-0.0000
46.356,-0.1063,0.9291,-1.5148,0.0080,1.7350,1.4207,-0.0000
46.368,-0.1054,0.9291,-1.5148,0.0080,1.7350,1.4207,-0.0000
46.380,-0.1045,0.9290,-1.5148,0.0080,1.7350,1.4207,-0.0000
46.392,-0.1036,0.9289,-1.5148,0.0080,1.7350,1.4207,-0.0000
46.404,-0.1027,0.9288,-1.5148,0.0080,1.7350,1.4207,-0.0000
46.416,-0.1018,0.9288,-1.5148,0.0080,1.7350,1.4207,-0.0000
46.428,-0.1009,0.9287,-1.5148,0.0080,1.7350,1.4207,-0.0000
46.440,-0.1000,0.9286,-1.5148,0.0080,1.7350,1.4207,-0.0000
46.452,-0.0991,0.9285,-1.5148,0.0080,1.7350,1.4207,-0.0000
46.464,-0.0982,0.9284,-1.5148,0.0080,1.7350,1.4207,-0.0000
46.476,-0.0973,0.9284,-1.5148,0.0080,1.7350,1.4207,-0.0000
46.488,-0.0963,0.9283,-1.5148,0.0080,1.7350,1.4207,-0.0000
46.500,-0.0954,0.9282,-1.5148,0.0080,1.7350,1.4207,-0.0000
46.512,-0.0945,0.9281,-1.5148,0.0080,1.7350,1.4207,-0.0000
46.524,-0.0936,0.9280,-1.5148,0.0080,1.7350,1.4207,-0.0000
46.536,-0.0927,0.9280,-1.5148,0.0080,1.7350,1.4207,-0.0000
46.548,-0.0918,0.9279,-1.5148,0.0080,1.7350,1.4207,-0.0000
46.560,-0.0909,0.9278,-1.5148,0.0080,1.7350,1.4207,-0.0000
46.572,-0.0900,0.9277,-1.5148,0.0080,1.7350,1.4207,-0.0000
46.584,-0.0891,0.9277,-1.5148,0.0080,1.7350,1.4207,-0.0000
46.596,-0.0882,0.9276,-1.5148,0.0080,1.7350,1.4207,-0.0000
46.608,-0.0873,0.9275,-1.5148,0.0080,1.7350,1.4207,-0.0000
46.620,-0.0864,0.9274,-1.5148,0.0080,1.7350,1.4207,-0.0000
46.632,-0.0854,0.9273,-1.5148,0.0080,1.7350,1.4207,-0.0000
46.644,-0.0845,0.9273,-1.5148,0.0080,1.7350,1.4207,-0.0000
46.656,-0.0836,0.9272,-1.5148,0.0080,1.7350,1.4207,-0.0000
46.668,-0.0827,0.9271,-1.5148,0.0080,1.7350,1.4207,-0.0000
46.680,-0.0818,0.9270,-1.5148,0.0080,1.7350,1.4207,-0.0000
46.692,-0.0809,0.9269,-1.5148,0.0080,1.7350,1.4207,-0.0000
46.704,-0.0800,0.9269,-1.5148,0.0080,1.7350,1.4207,-0.0000
46.716,-0.0791,0.9268,-1.5148,0.0080,1.7350,1.4207,-0.0000
46.728,-0.0782,0.9267,-1.5148,0.0080,1.7350,1.4207,-0.0000
46.740,-0.0773,0.9266,-1.5148,0.0080,1.7350,1.4207,-0.0000
46.752,-0.0764,0.9266,-1.5148,0.0080,1.7350,1.4207,-0.0000
46.764,-0.0754,0.9265,-1.5148,0.0080,1.7350,1.4207,-0.0000
46.776,-0.0745,0.9264,-1.5148,0.0080,1.7350,1.4207,-0.0000
46.788,-0.0736,0.9263,-1.5148,0.0080,1.7350,1.4207,-0.0000
46.800,-0.0727,0.9262,-1.5148,0.0080,1.7350,1.4207,-0.0000
46.812,-0.0718,0.9262,-1.5148,0.0080,1.7350,1.4207,-0.0000
46.824,-0.0709,0.9261,-1.5148,0.0080,1.7350,1.4207,-0.0000
46.836,-0.0700,0.9260,-1.5148,0.0080,1.7350,1.4207,-0.0000
46.848,-0.0691,0.9259,-1.5148,0.0080,1.7350,1.4207,-0.0000
46.860,-0.0682,0.9258,-1.5148,0.0080,1.7350,1.4207,-0.0000
46.872,-0.0673,0.9258,-1.5148,0.0080,1.7350,1.4207,-0.0000
46.884,-0.0664,0.9257,-1.5148,0.0080,1.7350,1.4207,-0.0000
46.896,-0.0654,0.9256,-1.5148,0.0080,1.7350,1.4207,-0.0000
46.908,-0.0645,0.9255,-1.5148,0.0080,1.7350,1.4207,-0.0000
46.920,-0.0636,0.9255,-1.5148,0.0080,1.7350,1.4207,-0.0000
46.932,-0.0627,0.9254,-1.5148,0.0080,1.7350,1.4207,-0.0000
46.944,-0.0618,0.9253,-1.5148,0.0080,1.7350,1.4207,-0.0000
46.956,-0.0609,0.9252,-1.5148,0.0080,1.7350,1.4207,-0.0000
46.968,-0.0600,0.9251,-1.5148,0.0080,1.7350,1.4207,-0.0000
46.980,-0.0591,0.9251,-1.5148,0.0080,1.7350,1.4207,-0.0000
46.992,-0.0582,0.9250,-1.5148,0.0080,1.7350,1.4207,-0.0000
47.004,-0.0573,0.9249,-1.5148,0.0080,1.7350,1.4207,-0.0000
47.016,-0.0564,0.9248,-1.5148,0.0080,1.7350,1.4207,-0.0000
47.028,-0.0554,0.9247,-1.5148,0.0080,1.7350,1.4207,-0.0000
47.040,-0.0545,0.9247,-1.5148,0.0080,1.7350,1.4207,-0.0000
47.052,-0.0536,0.9246,-1.5148,0.0080,1.7350,1.4207,-0.0000
47.064,-0.0527,0.9245,-1.5148,0.0080,1.7350,1.4207,-0.0000
47.076,-0.0518,0.9244,-1.5148,0.0080,1.7350,1.4207,-0.0000
47.088,-0.0509,0.9244,-1.5148,0.0080,1.7350,1.4207,-0.0000
47.100,-0.0500,0.9243,-1.5148,0.0080,1.7350,1.4207,-0.0000
47.112,-0.0491,0.9242,-1.5148,0.0080,1.7350,1.4207,-0.0000
47.124,-0.0482,0.9241,-1.5148,0.0080,1.7350,1.4207,-0.0000
47.136,-0.0473,0.9240,-1.5148,0.0080,1.7350,1.4207,-0.0000
47.148,-0.0464,0.9240,-1.5148,0.0080,1.7350,1.4207,-0.0000
47.160,-0.0454,0.9239,-1.5148,0.0080,1.7350,1.4207,-0.0000
47.172,-0.0445,0.9238,-1.5148,0.0080,1.7350,1.4207,-0.0000
47.184,-0.0436,0.9237,-1.5148,0.0080,1.7350,1.4207,-0.0000
47.196,-0.0427,0.9237,-1.5148,0.0080,1.7350,1.4207,-0.0000
47.208,-0.0418,0.9236,-1.5148,0.0080,1.7350,1.4207,-0.0000
47.220,-0.0409,0.9235,-1.5148,0.0080,1.7350,1.4207,-0.0000
47.232,-0.0400,0.9234,-1.5148,0.0080,1.7350,1.4207,-0.0000
47.244,-0.0391,0.9233,-1.5148,0.0080,1.7350,1.4207,-0.0000
47.256,-0.0382,0.9233,-1.5148,0.0080,1.7350,1.4207,-0.0000
47.268,-0.0373,0.9232,-1.5148,0.0080,1.7350,1.4207,-0.0000
47.280,-0.0364,0.9231,-1.5148,0.0080,1.7350,1.4207,-0.0000
47.292,-0.0354,0.9230,-1.5148,0.0080,1.7350,1.4207,-0.0000
47.304,-0.0345,0.9229,-1.5148,0.0080,1.7350,1.4207,-0.0000
47.316,-0.0336,0.9229,-1.5148,0.0080,1.7350,1.4207,-0.0000
47.328,-0.0327,0.9228,-1.5148,0.0080,1.7350,1.4207,-0.0000
47.340,-0.0318,0.9227,-1.5148,0.0080,1.7350,1.4207,-0.0000
47.352,-0.0309,0.9226,-1.5148,0.0080,1.7350,1.4207,-0.0000
47.364,-0.0300,0.9226,-1.5148,0.0080,1.7350,1.4207,-0.0000
47.376,-0.0291,0.9225,-1.5148,0.0080,1.7350,1.4207,-0.0000
47.388,-0.0282,0.9224,-1.5148,0.0080,1.7350,1.4207,-0.0000
47.400,-0.0273,0.9223,-1.5148,0.0080,1.7350,1.4207,-0.0000
47.412,-0.0264,0.9222,-1.5148,0.0080,1.7350,1.4207,-0.0000
47.424,-0.0255,0.9222,-1.5148,0.0080,1.7350,1.4207,-0.0000
47.436,-0.0245,0.9221,-1.5148,0.0080,1.7350,1.4207,-0.0000
47.448,-0.0236,0.9220,-1.5148,0.0080,1.7350,1.4207,-0.0000
47.460,-0.0227,0.9219,-1.5148,0.0080,1.7350,1.4207,-0.0000
47.472,-0.0218,0.9218,-1.5148,0.0080,1.7350,1.4207,-0.0000
47.484,-0.0209,0.9218,-1.5148,0.0080,1.7350,1.4207,-0.0000
47.496,-0.0200,0.9217,-1.5148,0.0080,1.7350,1.4207,-0.0000
47.508,-0.0191,0.9216,-1.5148,0.0080,1.7350,1.4207,-0.0000
47.520,-0.0182,0.9215,-1.5148,0.0080,1.7350,1.4207,-0.0000
47.532,-0.0173,0.9215,-1.5148,0.0080,1.7350,1.4207,-0.0000
47.544,-0.0164,0.9214,-1.5148,0.0080,1.7350,1.4207,-0.0000
47.556,-0.0155,0.9213,-1.5148,0.0080,1.7350,1.4207,-0.0000
47.568,-0.0145,0.9212,-1.5148,0.0080,1.7350,1.4207,-0.0000
47.580,-0.0136,0.9211,-1.5148,0.0080,1.7350,1.4207,-0.0000
47.592,-0.0127,0.9211,-1.5148,0.0080,1.7350,1.4207,-0.0000
47.604,-0.0118,0.9210,-1.5148,0.0080,1.7350,1.4207,-0.0000
47.616,-0.0109,0.9209,-1.5148,0.0080,1.7350,1.4207,-0.0000
47.628,-0.0100,0.9208,-1.5148,0.0080,1.7350,1.4207,-0.0000
47.640,-0.0091,0.9207,-1.5148,0.0080,1.7350,1.4207,-0.0000
47.652,-0.0082,0.9207,-1.5148,0.0080,1.7350,1.4207,-0.0000
47.664,-0.0073,0.9206,-1.5148,0.0080,1.7350,1.4207,-0.0000
47.676,-0.0064,0.9205,-1.5148,0.0080,1.7350,1.4207,-0.0000
47.688,-0.0056,0.9204,-1.5148,0.0080,1.7350,1.4207,-0.0000
47.700,-0.0050,0.9204,-1.5148,0.0080,1.7350,1.4207,-0.0000
47.712,-0.0044,0.9203,-1.5148,0.0080,1.7350,1.4207,-0.0000
47.724,-0.0038,0.9203,-1.5148,0.0080,1.7350,1.4207,-0.0000
47.736,-0.0038,0.9203,-1.5148,0.0080,1.7350,1.4207,-0.0000
47.748,-0.0038,0.9196,-1.5137,0.0080,1.7338,1.4197,-0.0000
47.760,-0.0038,0.9184,-1.5116,0.0080,1.7314,1.4178,-0.0000
47.772,-0.0038,0.9166,-1.5087,0.0080,1.7281,1.4150,-0.0000
47.784,-0.0038,0.9144,-1.5051,0.0080,1.7240,1.4116,-0.0000
47.796,-0.0038,0.9118,-1.5008,0.0080,1.7190,1.4076,-0.0000
47.808,-0.0038,0.9089,-1.4959,0.0079,1.7135,1.4030,-0.0000
47.820,-0.0038,0.9056,-1.4906,0.0079,1.7073,1.3980,-0.0000
47.832,-0.0038,0.9021,-1.4847,0.0079,1.7006,1.3925,-0.0000
47.844,-0.0037,0.8983,-1.4785,0.0078,1.6935,1.3867,-0.0000
47.856,-0.0037,0.8943,-1.4720,0.0078,1.6860,1.3806,-0.0000
47.868,-0.0037,0.8901,-1.4651,0.0078,1.6782,1.3741,-0.0000
47.880,-0.0037,0.8858,-1.4580,0.0077,1.6700,1.3674,-0.0000
47.892,-0.0037,0.8813,-1.4506,0.0077,1.6616,1.3605,-0.0000
47.904,-0.0037,0.8767,-1.4430,0.0076,1.6529,1.3534,-0.0000
47.916,-0.0036,0.8720,-1.4353,0.0076,1.6440,1.3462,-0.0000
47.928,-0.0036,0.8672,-1.4274,0.0076,1.6349,1.3387,-0.0000
47.940,-0.0036,0.8623,-1.4193,0.0075,1.6257,1.3312,-0.0000
47.952,-0.0036,0.8573,-1.4112,0.0075,1.6163,1.3235,-0.0000
47.964,-0.0036,0.8523,-1.4029,0.0074,1.6069,1.3157,-0.0000
47.976,-0.0035,0.8472,-1.3945,0.0074,1.5972,1.3079,-0.0000
47.988,-0.0035,0.8421,-1.3860,0.0073,1.5875,1.2999,-0.0000
48.000,-0.0035,0.8369,-1.3775,0.0073,1.5778,1.2919,-0.0000
48.012,-0.0035,0.8316,-1.3689,0.0073,1.5679,1.2838,-0.0000
48.024,-0.0034,0.8264,-1.3602,0.0072,1.5580,1.2757,-0.0000
48.036,-0.0034,0.8211,-1.3515,0.0072,1.5480,1.2675,-0.0000
48.048,-0.0034,0.8158,-1.3427,0.0071,1.5380,1.2593,-0.0000
48.060,-0.0034,0.8104,-1.3339,0.0071,1.5279,1.2511,-0.0000
48.072,-0.0034,0.8050,-1.3251,0.0070,1.5178,1.2428,-0.0000
48.084,-0.0033,0.7997,-1.3162,0.0070,1.5076,1.2345,-0.0000
48.096,-0.0033,0.7943,-1.3073,0.0069,1.4974,1.2261,-0.0000
48.108,-0.0033,0.7888,-1.2984,0.0069,1.4872,1.2178,-0.0000
48.120,-0.0033,0.7834,-1.2895,0.0068,1.4770,1.2094,-0.0000
48.132,-0.0032,0.7780,-1.2805,0.0068,1.4667,1.2010,-0.0000
48.144,-0.0032,0.7725,-1.2715,0.0067,1.4564,1.1926,-0.0000
48.156,-0.0032,0.7671,-1.2626,0.0067,1.4461,1.1841,-0.0000
48.168,-0.0032,0.7616,-1.2536,0.0066,1.4358,1.1757,-0.0000
48.180,-0.0032,0.7561,-1.2446,0.0066,1.4255,1.1673,-0.0000
48.192,-0.0031,0.7506,-1.2355,0.0065,1.4152,1.1588,-0.0000
48.204,-0.0031,0.7452,-1.2265,0.0065,1.4049,1.1503,-0.0000
48.216,-0.0031,0.7397,-1.2175,0.0065,1.3945,1.1419,-0.0000
48.228,-0.0031,0.7342,-1.2084,0.0064,1.3842,1.1334,-0.0000
48.240,-0.0030,0.7287,-1.1994,0.0064,1.3738,1.1249,-0.0000
48.252,-0.0030,0.7232,-1.1903,0.0063,1.3634,1.1164,-0.0000
48.264,-0.0030,0.7177,-1.1813,0.0063,1.3530,1.1079,-0.0000
48.276,-0.0030,0.7122,-1.1722,0.0062,1.3427,1.0994,-0.0000
48.288,-0.0029,0.7067,-1.1632,0.0062,1.3323,1.0909,-0.0000
48.300,-0.0029,0.7012,-1.1541,0.0061,1.3219,1.0824,-0.0000
48.312,-0.0029,0.6957,-1.1450,0.0061,1.3115,1.0739,-0.0000
48.324,-0.0029,0.6901,-1.1360,0.0060,1.3011,1.0654,-0.0000
48.336,-0.0029,0.6846,-1.1269,0.0060,1.2907,1.0569,-0.0000
48.348,-0.0028,0.6791,-1.1178,0.0059,1.2803,1.0484,-0.0000
48.360,-0.0028,0.6736,-1.1087,0.0059,1.2699,1.0399,-0.0000
48.372,-0.0028,0.6681,-1.0996,0.0058,1.2595,1.0314,-0.0000
48.384,-0.0028,0.6626,-1.0906,0.0058,1.2491,1.0228,-0.0000
48.396,-0.0027,0.6571,-1.0815,0.0057,1.2387,1.0143,-0.0000
48.408,-0.0027,0.6515,-1.0724,0.0057,1.2283,1.0058,-0.0000
48.420,-0.0027,0.6460,-1.0633,0.0056,1.2179,0.9973,-0.0000
48.432,-0.0027,0.6405,-1.0542,0.0056,1.2075,0.9888,-0.0000
48.444,-0.0026,0.6350,-1.0452,0.0055,1.1971,0.9802,-0.0000
48.456,-0.0026,0.6295,-1.0361,0.0055,1.1867,0.9717,-0.0000
48.468,-0.0026,0.6239,-1.0270,0.0054,1.1763,0.9632,-0.0000
48.480,-0.0026,0.6184,-1.0179,0.0054,1.1659,0.9547,-0.0000
48.492,-0.0026,0.6129,-1.0088,0.0053,1.1555,0.9462,-0.0000
48.504,-0.0025,0.6074,-0.9997,0.0053,1.1451,0.9376,-0.0000
48.516,-0.0025,0.6019,-0.9906,0.0053,1.1347,0.9291,-0.0000
48.528,-0.0025,0.5963,-0.9816,0.0052,1.1243,0.9206,-0.0000
48.540,-0.0025,0.5908,-0.9725,0.0052,1.1139,0.9121,-0.0000
48.552,-0.0024,0.5853,-0.9634,0.0051,1.1035,0.9036,-0.0000
48.564,-0.0024,0.5798,-0.9543,0.0051,1.0931,0.8950,-0.0000
48.576,-0.0024,0.5743,-0.9452,0.0050,1.0826,0.8865,-0.0000
48.588,-0.0024,0.5687,-0.9361,0.0050,1.0722,0.8780,-0.0000
48.600,-0.0023,0.5632,-0.9270,0.0049,1.0618,0.8695,-0.0000
48.612,-0.0023,0.5577,-0.9179,0.0049,1.0514,0.8609,-0.0000
48.624,-0.0023,0.5522,-0.9089,0.0048,1.0410,0.8524,-0.0000
48.636,-0.0023,0.5467,-0.8998,0.0048,1.0306,0.8439,-0.0000
48.648,-0.0023,0.5411,-0.8907,0.0047,1.0202,0.8354,-0.0000
48.660,-0.0022,0.5356,-0.8816,0.0047,1.0098,0.8268,-0.0000
48.672,-0.0022,0.5301,-0.8725,0.0046,0.9994,0.8183,-0.0000
48.684,-0.0022,0.5246,-0.8634,0.0046,0.9890,0.8098,-0.0000
48.696,-0.0022,0.5190,-0.8543,0.0045,0.9786,0.8013,-0.0000
48.708,-0.0021,0.5135,-0.8452,0.0045,0.9681,0.7927,-0.0000
48.720,-0.0021,0.5080,-0.8362,0.0044,0.9577,0.7842,-0.0000
48.732,-0.0021,0.5025,-0.8271,0.0044,0.9473,0.7757,-0.0000
48.744,-0.0021,0.4970,-0.8180,0.0043,0.9369,0.7672,-0.0000
48.756,-0.0020,0.4914,-0.8089,0.0043,0.9265,0.7587,-0.0000
48.768,-0.0020,0.4859,-0.7998,0.0042,0.9161,0.7501,-0.0000
48.780,-0.0020,0.4804,-0.7907,0.0042,0.9057,0.7416,-0.0000
48.792,-0.0020,0.4749,-0.7816,0.0041,0.8953,0.7331,-0.0000
48.804,-0.0020,0.4693,-0.7725,0.0041,0.8849,0.7246,-0.0000
48.816,-0.0019,0.4638,-0.7634,0.0040,0.8745,0.7160,-0.0000
48.828,-0.0019,0.4583,-0.7544,0.0040,0.8640,0.7075,-0.0000
48.840,-0.0019,0.4528,-0.7453,0.0040,0.8536,0.6990,-0.0000
48.852,-0.0019,0.4473,-0.7362,0.0039,0.8432,0.6905,-0.0000
48.864,-0.0018,0.4417,-0.7271,0.0039,0.8328,0.6819,-0.0000
48.876,-0.0018,0.4362,-0.7180,0.0038,0.8224,0.6734,-0.0000
48.888,-0.0018,0.4307,-0.7089,0.0038,0.8120,0.6649,-0.0000
48.900,-0.0018,0.4252,-0.6998,0.0037,0.8016,0.6564,-0.0000
48.912,-0.0017,0.4197,-0.6907,0.0037,0.7912,0.6478,-0.0000
48.924,-0.0017,0.4141,-0.6816,0.0036,0.7808,0.6393,-0.0000
48.936,-0.0017,0.4086,-0.6726,0.0036,0.7704,0.6308,-0.0000
48.948,-0.0017,0.4031,-0.6635,0.0035,0.7599,0.6223,-0.0000
48.960,-0.0017,0.3976,-0.6544,0.0035,0.7495,0.6137,-0.0000
48.972,-0.0016,0.3920,-0.6453,0.0034,0.7391,0.6052,-0.0000
48.984,-0.0016,0.3865,-0.6362,0.0034,0.7287,0.5967,-0.0000
48.996,-0.0016,0.3810,-0.6271,0.0033,0.7183,0.5882,-0.0000
49.008,-0.0016,0.3755,-0.6180,0.0033,0.7079,0.5796,-0.0000
49.020,-0.0015,0.3700,-0.6089,0.0032,0.6975,0.5711,-0.0000
49.032,-0.0015,0.3644,-0.5998,0.0032,0.6871,0.5626,-0.0000
49.044,-0.0015,0.3589,-0.5908,0.0031,0.6767,0.5541,-0.0000
49.056,-0.0015,0.3534,-0.5817,0.0031,0.6663,0.5455,-0.0000
49.068,-0.0015,0.3479,-0.5726,0.0030,0.6558,0.5370,-0.0000
49.080,-0.0014,0.3423,-0.5635,0.0030,0.6454,0.5285,-0.0000
49.092,-0.0014,0.3368,-0.5544,0.0029,0.6350,0.5200,-0.0000
49.104,-0.0014,0.3313,-0.5453,0.0029,0.6246,0.5115,-0.0000
49.116,-0.0014,0.3258,-0.5362,0.0028,0.6142,0.5029,-0.0000
49.128,-0.0013,0.3203,-0.5271,0.0028,0.6038,0.4944,-0.0000
49.140,-0.0013,0.3147,-0.5181,0.0027,0.5934,0.4859,-0.0000
49.152,-0.0013,0.3092,-0.5090,0.0027,0.5830,0.4774,-0.0000
49.164,-0.0013,0.3037,-0.4999,0.0026,0.5726,0.4688,-0.0000
49.176,-0.0012,0.2982,-0.4908,0.0026,0.5622,0.4603,-0.0000
49.188,-0.0012,0.2927,-0.4817,0.0026,0.5517,0.4518,-0.0000
49.200,-0.0012,0.2871,-0.4726,0.0025,0.5413,0.4433,-0.0000
49.212,-0.0012,0.2816,-0.4635,0.0025,0.5309,0.4347,-0.0000
49.224,-0.0012,0.2761,-0.4544,0.0024,0.5205,0.4262,-0.0000
49.236,-0.0011,0.2706,-0.4453,0.0024,0.5101,0.4177,-0.0000
49.248,-0.0011,0.2650,-0.4363,0.0023,0.4997,0.4092,-0.0000
49.260,-0.0011,0.2595,-0.4272,0.0023,0.4893,0.4006,-0.0000
49.272,-0.0011,0.2540,-0.4181,0.0022,0.4789,0.3921,-0.0000
49.284,-0.0010,0.2485,-0.4090,0.0022,0.4685,0.3836,-0.0000
49.296,-0.0010,0.2430,-0.3999,0.0021,0.4580,0.3751,-0.0000
49.308,-0.0010,0.2374,-0.3908,0.0021,0.4476,0.3665,-0.0000
49.320,-0.0010,0.2319,-0.3817,0.0020,0.4372,0.3580,-0.0000
49.332,-0.0009,0.2264,-0.3726,0.0020,0.4268,0.3495,-0.0000
49.344,-0.0009,0.2209,-0.3635,0.0019,0.4164,0.3410,-0.0000
49.356,-0.0009,0.2153,-0.3545,0.0019,0.4060,0.3324,-0.0000
49.368,-0.0009,0.2098,-0.3454,0.0018,0.3956,0.3239,-0.0000
49.380,-0.0009,0.2043,-0.3363,0.0018,0.3852,0.3154,-0.0000
49.392,-0.0008,0.1988,-0.3272,0.0017,0.3748,0.3069,-0.0000
49.404,-0.0008,0.1933,-0.3181,0.0017,0.3644,0.2983,-0.0000
49.416,-0.0008,0.1877,-0.3090,0.0016,0.3539,0.2898,-0.0000
49.428,-0.0008,0.1822,-0.2999,0.0016,0.3435,0.2813,-0.0000
49.440,-0.0007,0.1767,-0.2908,0.0015,0.3331,0.2728,-0.0000
49.452,-0.0007,0.1712,-0.2817,0.0015,0.3227,0.2642,-0.0000
49.464,-0.0007,0.1657,-0.2727,0.0014,0.3123,0.2557,-0.0000
49.476,-0.0007,0.1601,-0.2636,0.0014,0.3019,0.2472,-0.0000
49.488,-0.0006,0.1546,-0.2545,0.0013,0.2915,0.2387,-0.0000
49.500,-0.0006,0.1491,-0.2454,0.0013,0.2811,0.2302,-0.0000
49.512,-0.0006,0.1436,-0.2363,0.0013,0.2707,0.2216,-0.0000
49.524,-0.0006,0.1380,-0.2272,0.0012,0.2603,0.2131,-0.0000
49.536,-0.0006,0.1325,-0.2181,0.0012,0.2498,0.2046,-0.0000
49.548,-0.0005,0.1270,-0.2090,0.0011,0.2394,0.1961,-0.0000
49.560,-0.0005,0.1215,-0.1999,0.0011,0.2290,0.1875,-0.0000
49.572,-0.0005,0.1160,-0.1909,0.0010,0.2186,0.1790,-0.0000
49.584,-0.0005,0.1104,-0.1818,0.0010,0.2082,0.1705,-0.0000
49.596,-0.0004,0.1049,-0.1727,0.0009,0.1978,0.1620,-0.0000
49.608,-0.0004,0.0994,-0.1636,0.0009,0.1874,0.1534,-0.0000
49.620,-0.0004,0.0939,-0.1545,0.0008,0.1770,0.1449,-0.0000
49.632,-0.0004,0.0883,-0.1454,0.0008,0.1666,0.1364,-0.0000
49.644,-0.0003,0.0828,-0.1363,0.0007,0.1562,0.1279,-0.0000
49.656,-0.0003,0.0773,-0.1272,0.0007,0.1457,0.1193,-0.0000
49.668,-0.0003,0.0718,-0.1182,0.0006,0.1353,0.1108,-0.0000
49.680,-0.0003,0.0663,-0.1091,0.0006,0.1249,0.1023,-0.0000
49.692,-0.0003,0.0607,-0.1000,0.0005,0.1145,0.0938,-0.0000
49.704,-0.0002,0.0552,-0.0909,0.0005,0.1041,0.0852,-0.0000
49.716,-0.0002,0.0497,-0.0818,0.0004,0.0937,0.0767,-0.0000
49.728,-0.0002,0.0442,-0.0727,0.0004,0.0833,0.0682,-0.0000
49.740,-0.0002,0.0389,-0.0640,0.0003,0.0733,0.0600,-0.0000
49.752,-0.0001,0.0342,-0.0563,0.0003,0.0645,0.0528,-0.0000
49.764,-0.0001,0.0301,-0.0495,0.0003,0.0568,0.0465,-0.0000
49.776,-0.0001,0.0265,-0.0436,0.0002,0.0499,0.0409,-0.0000
49.788,-0.0001,0.0233,-0.0384,0.0002,0.0440,0.0360,-0.0000
49.800,-0.0001,0.0205,-0.0338,0.0002,0.0387,0.0317,-0.0000
49.812,-0.0001,0.0181,-0.0297,0.0002,0.0340,0.0279,-0.0000
49.824,-0.0001,0.0159,-0.0261,0.0001,0.0300,0.0245,-0.0000
49.836,-0.0001,0.0140,-0.0230,0.0001,0.0264,0.0216,-0.0000
49.848,-0.0001,0.0123,-0.0202,0.0001,0.0232,0.0190,-0.0000
49.860,-0.0000,0.0108,-0.0178,0.0001,0.0204,0.0167,-0.0000
49.872,-0.0000,0.0095,-0.0157,0.0001,0.0180,0.0147,-0.0000
49.884,-0.0000,0.0084,-0.0138,0.0001,0.0158,0.0129,-0.0000
49.896,-0.0000,0.0074,-0.0121,0.0001,0.0139,0.0114,-0.0000
49.908,-0.0000,0.0065,-0.0107,0.0001,0.0122,0.0100,-0.0000
49.920,-0.0000,0.0057,-0.0094,0.0000,0.0108,0.0088,-0.0000
49.932,-0.0000,0.0050,-0.0083,0.0000,0.0095,0.0078,-0.0000
49.944,-0.0000,0.0044,-0.0073,0.0000,0.0083,0.0068,-0.0000
49.956,-0.0000,0.0039,-0.0064,0.0000,0.0073,0.0060,-0.0000
49.968,-0.0000,0.0034,-0.0056,0.0000,0.0065,0.0053,-0.0000
49.980,-0.0000,0.0030,-0.0050,0.0000,0.0057,0.0047,-0.0000
49.992,-0.0000,0.0027,-0.0044,0.0000,0.0050,0.0041,-0.0000
50.004,-0.0000,0.0023,-0.0038,0.0000,0.0044,0.0036,-0.0000
50.016,-0.0000,0.0021,-0.0034,0.0000,0.0039,0.0032,-0.0000
50.028,-0.0000,0.0018,-0.0030,0.0000,0.0034,0.0028,-0.0000
50.040,-0.0000,0.0016,-0.0026,0.0000,0.0030,0.0025,-0.0000
50.052,-0.0000,0.0014,-0.0023,0.0000,0.0026,0.0022,-0.0000
50.064,-0.0000,0.0012,-0.0020,0.0000,0.0023,0.0019,-0.0000
50.076,-0.0000,0.0011,-0.0018,0.0000,0.0020,0.0017,-0.0000
50.088,-0.0000,0.0010,-0.0016,0.0000,0.0018,0.0015,0.0000
50.100,-0.0000,0.0008,-0.0014,0.0000,0.0016,0.0013,0.0000
50.112,-0.0000,0.0007,-0.0012,0.0000,0.0014,0.0011,0.0000
50.124,-0.0000,0.0007,-0.0011,0.0000,0.0012,0.0010,0.0000
50.136,-0.0000,0.0006,-0.0009,0.0000,0.0011,0.0009,0.0000
50.148,-0.0000,0.0005,-0.0008,0.0000,0.0009,0.0008,0.0000
50.160,-0.0000,0.0004,-0.0007,0.0000,0.0008,0.0007,0.0000
50.172,-0.0000,0.0004,-0.0006,0.0000,0.0007,0.0006,0.0000
50.184,-0.0000,0.0003,-0.0006,0.0000,0.0006,0.0005,0.0000
50.196,-0.0000,0.0003,-0.0005,0.0000,0.0006,0.0005,0.0000
50.208,-0.0000,0.0003,-0.0004,0.0000,0.0005,0.0004,0.0000
50.220,-0.0000,0.0002,-0.0004,0.0000,0.0004,0.0004,0.0000
50.232,-0.0000,0.0002,-0.0003,0.0000,0.0004,0.0003,0.0000
50.244,-0.0000,0.0002,-0.0003,0.0000,0.0003,0.0003,0.0000
50.256,-0.0000,0.0002,-0.0003,0.0000,0.0003,0.0002,0.0000
50.268,-0.0000,0.0001,-0.0002,0.0000,0.0003,0.0002,0.0000
50.280,-0.0000,0.0001,-0.0002,0.0000,0.0002,0.0002,0.0000
50.292,-0.0000,0.0001,-0.0002,0.0000,0.0002,0.0002,0.0000
50.304,-0.0000,0.0001,-0.0002,0.0000,0.0002,0.0001,0.0000
50.316,-0.0000,0.0001,-0.0001,0.0000,0.0002,0.0001,0.0000
50.328,-0.0000,0.0001,-0.0001,0.0000,0.0001,0.0001,0.0000
50.340,-0.0000,0.0001,-0.0001,0.0000,0.0001,0.0001,0.0000
50.352,-0.0000,0.0001,-0.0001,0.0000,0.0001,0.0001,0.0000
50.364,-0.0000,0.0001,-0.0001,0.0000,0.0001,0.0001,0.0000
50.376,-0.0000,0.0000,-0.0001,0.0000,0.0001,0.0001,0.0000
50.388,-0.0000,0.0000,-0.0001,0.0000,0.0001,0.0001,0.0000
50.400,-0.0000,0.0000,-0.0001,0.0000,0.0001,0.0001,0.0000
50.412,-0.0000,0.0000,-0.0000,0.0000,0.0001,0.0000,0.0000
50.424,-0.0000,0.0000,-0.0000,0.0000,0.0001,0.0000,0.0000
50.436,-0.0000,0.0000,-0.0000,0.0000,0.0000,0.0000,0.0000
50.448,-0.0000,0.0000,-0.0000,0.0000,0.0000,0.0000,0.0000
50.460,-0.0000,0.0000,-0.0000,0.0000,0.0000,0.0000,0.0000
50.472,-0.0000,0.0000,-0.0000,0.0000,0.0000,0.0000,0.0000
50.484,-0.0000,0.0000,-0.0000,0.0000,0.0000,0.0000,0.0000
50.496,-0.0000,0.0000,-0.0000,0.0000,0.0000,0.0000,0.0000
50.508,-0.0000,0.0000,-0.0000,0.0000,0.0000,0.0000,0.0000
50.520,-0.0000,0.0000,-0.0000,0.0000,0.0000,0.0000,0.0000
50.532,-0.0000,0.0000,-0.0000,0.0000,0.0000,0.0000,0.0000
50.544,-0.0000,0.0000,-0.0000,0.0000,0.0000,0.0000,0.0000
50.556,-0.0000,0.0000,-0.0000,0.0000,0.0000,0.0000,0.0000
50.568,-0.0000,0.0000,-0.0000,0.0000,0.0000,0.0000,0.0000
50.580,-0.0000,0.0000,-0.0000,0.0000,0.0000,0.0000,0.0000
50.592,-0.0000,0.0000,-0.0000,0.0000,0.0000,0.0000,0.0000
50.604,-0.0000,0.0000,-0.0000,0.0000,0.0000,0.0000,0.0000
50.616,-0.0000,0.0000,-0.0000,0.0000,0.0000,0.0000,0.0000
50.628,-0.0000,0.0000,-0.0000,0.0000,0.0000,0.0000,0.0000
50.640,-0.0000,0.0000,-0.0000,0.0000,0.0000,0.0000,0.0000
50.652,-0.0000,0.0000,-0.0000,0.0000,0.0000,0.0000,0.0000
50.664,-0.0000,0.0000,-0.0000,0.0000,0.0000,0.0000,0.0000
50.676,-0.0000,0.0000,-0.0000,0.0000,0.0000,0.0000,0.0000
50.688,-0.0000,0.0000,-0.0000,0.0000,0.0000,0.0000,0.0000
50.700,-0.0000,0.0000,-0.0000,0.0000,0.0000,0.0000,0.0000
50.712,-0.0000,0.0000,-0.0000,0.0000,0.0000,0.0000,0.0000
50.724,-0.0000,0.0000,-0.0000,0.0000,0.0000,0.0000,0.0000
50.736,-0.0000,0.0000,-0.0000,0.0000,0.0000,0.0000,0.0000
50.748,-0.0000,0.0000,-0.0000,0.0000,0.0000,0.0000,0.0000
50.760,-0.0000,0.0000,-0.0000,0.0000,0.0000,0.0000,0.0000
50.772,-0.0000,0.0000,-0.0000,0.0000,0.0000,0.0000,0.0000
50.784,-0.0000,0.0000,-0.0000,0.0000,0.0000,0.0000,0.0000
50.796,-0.0000,0.0000,-0.0000,0.0000,0.0000,0.0000,0.0000
50.808,-0.0000,0.0000,-0.0000,0.0000,0.0000,0.0000,0.0000
50.820,-0.0000,0.0000,-0.0000,0.0000,0.0000,0.0000,0.0000
50.832,-0.0000,0.0000,-0.0000,0.0000,0.0000,0.0000,0.0000
50.844,-0.0000,0.0000,-0.0000,0.0000,0.0000,0.0000,0.0000
50.856,-0.0000,0.0000,-0.0000,0.0000,0.0000,0.0000,0.0000
50.868,-0.0000,0.0000,-0.0000,0.0000,0.0000,0.0000,0.0000
50.880,-0.0000,0.0000,-0.0000,0.0000,0.0000,0.0000,0.0000
50.892,-0.0000,0.0000,-0.0000,0.0000,0.0000,0.0000,0.0000
50.904,-0.0000,0.0000,-0.0000,0.0000,0.0000,0.0000,0.0000
50.916,-0.0000,0.0000,-0.0000,0.0000,0.0000,0.0000,0.0000
50.928,-0.0000,0.0000,-0.0000,0.0000,0.0000,0.0000,0.0000
50.940,-0.0000,0.0000,-0.0000,0.0000,0.0000,0.0000,0.0000
50.952,-0.0000,0.0000,-0.0000,0.0000,0.0000,0.0000,0.0000
50.964,-0.0000,0.0000,-0.0000,0.0000,0.0000,0.0000,0.0000
50.976,-0.0000,0.0000,-0.0000,0.0000,0.0000,0.0000,0.0000
50.988,-0.0000,0.0000,-0.0000,0.0000,0.0000,0.0000,0.0000
51.000,-0.0000,0.0000,-0.0000,0.0000,0.0000,0.0000,0.0000
51.012,-0.0000,0.0000,-0.0000,0.0000,0.0000,0.0000,0.0000
51.024,-0.0000,0.0000,-0.0000,0.0000,0.0000,0.0000,0.0000
51.036,-0.0000,0.0000,-0.0000,0.0000,0.0000,0.0000,0.0000
51.048,-0.0000,0.0000,-0.0000,0.0000,0.0000,0.0000,0.0000
51.060,-0.0000,0.0000,-0.0000,0.0000,0.0000,0.0000,0.0000
51.072,-0.0000,0.0000,-0.0000,0.0000,0.0000,0.0000,0.0000
51.084,-0.0000,0.0000,-0.0000,0.0000,0.0000,0.0000,0.0000
51.096,-0.0000,0.0000,-0.0000,0.0000,0.0000,0.0000,0.0000
51.108,-0.0000,0.0000,-0.0000,0.0000,0.0000,0.0000,0.0000
51.120,-0.0000,0.0000,-0.0000,0.0000,0.0000,0.0000,0.0000
51.132,-0.0000,0.0000,-0.0000,0.0000,0.0000,0.0000,0.0000
51.144,-0.0000,0.0000,-0.0000,0.0000,0.0000,0.0000,0.0000
51.156,-0.0000,0.0000,-0.0000,0.0000,0.0000,0.0000,0.0000
51.168,-0.0000,0.0000,-0.0000,0.0000,0.0000,0.0000,0.0000
51.180,-0.0000,0.0000,-0.0000,0.0000,0.0000,0.0000,0.0000
51.192,-0.0000,0.0000,-0.0000,0.0000,0.0000,0.0000,0.0000
51.204,-0.0000,0.0000,-0.0000,0.0000,0.0000,0.0000,0.0000
51.216,-0.0000,0.0000,-0.0000,0.0000,0.0000,0.0000,0.0000
51.228,-0.0000,0.0000,-0.0000,0.0000,0.0000,0.0000,0.0000
51.240,-0.0000,0.0000,-0.0000,0.0000,0.0000,0.0000,0.0000
51.252,-0.0000,0.0000,-0.0000,0.0000,0.0000,0.0000,0.0000
51.264,-0.0000,0.0000,-0.0000,0.0000,0.0000,0.0000,0.0000
51.276,-0.0000,0.0000,-0.0000,0.0000,0.0000,0.0000,0.0000
51.288,-0.0000,0.0000,-0.0000,0.0000,0.0000,0.0000,0.0000
51.300,-0.0000,0.0000,-0.0000,0.0000,0.0000,0.0000,0.0000
51.312,-0.0000,0.0000,-0.0000,0.0000,0.0000,0.0000,0.0000
51.324,-0.0000,0.0000,-0.0000,0.0000,0.0000,0.0000,0.0000
51.336,-0.0000,0.0000,-0.0000,0.0000,0.0000,0.0000,0.0000
51.348,-0.0000,0.0000,-0.0000,0.0000,0.0000,0.0000,0.0000
51.360,-0.0000,0.0000,-0.0000,0.0000,0.0000,0.0000,0.0000
51.372,-0.0000,0.0000,-0.0000,0.0000,0.0000,0.0000,0.0000
51.384,-0.0000,0.0000,-0.0000,0.0000,0.0000,0.0000,0.0000
51.396,-0.0000,0.0000,-0.0000,0.0000,0.0000,0.0000,0.0000
51.408,-0.0000,0.0000,-0.0000,0.0000,0.0000,0.0000,0.0000
51.420,-0.0000,0.0000,-0.0000,0.0000,0.0000,0.0000,0.0000
51.432,-0.0000,0.0000,-0.0000,0.0000,0.0000,0.0000,0.0000
51.444,-0.0000,0.0000,-0.0000,-0.0000,0.0000,0.0000,0.0000
51.456,-0.0000,0.0000,-0.0000,-0.0000,0.0000,0.0000,0.0000
51.468,-0.0000,0.0000,-0.0000,-0.0000,0.0000,0.0000,0.0000
51.480,-0.0000,0.0000,-0.0000,-0.0000,0.0000,0.0000,0.0000
51.492,-0.0000,0.0000,-0.0000,-0.0000,0.0000,0.0000,0.0000
51.504,-0.0000,0.0000,-0.0000,-0.0000,0.0000,0.0000,0.0000
51.516,-0.0000,0.0000,-0.0000,-0.0000,0.0000,0.0000,0.0000
51.528,-0.0000,0.0000,-0.0000,-0.0000,0.0000,0.0000,0.0000
51.540,-0.0000,0.0000,-0.0000,-0.0000,0.0000,0.0000,0.0000
51.552,-0.0000,0.0000,-0.0000,-0.0000,0.0000,0.0000,0.0000
51.564,-0.0000,0.0000,-0.0000,-0.0000,0.0000,0.0000,0.0000
51.576,-0.0000,0.0000,-0.0000,-0.0000,0.0000,0.0000,0.0000
51.588,-0.0000,0.0000,-0.0000,-0.0000,0.0000,0.0000,0.0000
51.600,-0.0000,0.0000,-0.0000,-0.0000,0.0000,0.0000,0.0000
51.612,-0.0000,0.0000,-0.0000,-0.0000,0.0000,0.0000,0.0000
51.624,-0.0000,0.0000,0.0000,-0.0000,0.0000,0.0000,0.0000
51.636,-0.0000,0.0000,0.0000,-0.0000,0.0000,0.0000,0.0000
51.648,-0.0000,0.0000,0.0000,-0.0000,0.0000,0.0000,0.0000
51.660,-0.0000,0.0000,0.0000,-0.0000,0.0000,0.0000,0.0000
51.672,-0.0000,0.0000,0.0000,-0.0000,0.0000,0.0000,0.0000
51.684,-0.0000,0.0000,0.0000,-0.0000,0.0000,0.0000,0.0000
51.696,-0.0000,0.0000,0.0000,-0.0000,0.0000,0.0000,0.0000
51.708,-0.0000,0.0000,0.0000,-0.0000,0.0000,0.0000,0.0000
51.720,-0.0000,0.0000,0.0000,-0.0000,0.0000,0.0000,0.0000
51.732,-0.0000,0.0000,0.0000,-0.0000,0.0000,0.0000,0.0000
51.744,-0.0000,0.0000,0.0000,-0.0000,0.0000,0.0000,0.0000
51.756,-0.0000,0.0000,0.0000,-0.0000,0.0000,0.0000,0.0000
51.768,-0.0000,0.0000,0.0000,-0.0000,0.0000,0.0000,0.0000
51.780,-0.0000,0.0000,0.0000,-0.0000,0.0000,0.0000,0.0000
51.792,-0.0000,0.0000,0.0000,-0.0000,0.0000,0.0000,0.0000
51.804,-0.0000,0.0000,0.0000,-0.0000,0.0000,0.0000,0.0000
51.816,-0.0000,0.0000,0.0000,-0.0000,0.0000,0.0000,0.0000
51.828,-0.0000,0.0000,0.0000,-0.0000,0.0000,0.0000,0.0000
51.840,-0.0000,0.0000,0.0000,-0.0000,0.0000,0.0000,0.0000
51.852,-0.0000,0.0000,0.0000,-0.0000,0.0000,0.0000,0.0000
51.864,-0.0000,0.0000,0.0000,-0.0000,0.0000,0.0000,0.0000
51.876,-0.0000,0.0000,0.0000,-0.0000,0.0000,0.0000,0.0000
51.888,-0.0000,0.0000,0.0000,-0.0000,0.0000,0.0000,0.0000
51.900,-0.0000,0.0000,0.0000,-0.0000,0.0000,0.0000,0.0000
51.912,-0.0000,0.0000,0.0000,-0.0000,0.0000,0.0000,0.0000
51.924,-0.0000,0.0000,0.0000,-0.0000,0.0000,0.0000,0.0000
51.936,-0.0000,0.0000,0.0000,-0.0000,0.0000,0.0000,0.0000
51.948,-0.0000,0.0000,0.0000,-0.0000,0.0000,0.0000,0.0000
51.960,-0.0000,0.0000,0.0000,-0.0000,0.0000,0.0000,0.0000
51.972,-0.0000,0.0000,0.0000,-0.0000,0.0000,0.0000,0.0000
51.984,-0.0000,0.0000,0.0000,-0.0000,0.0000,0.0000,0.0000
51.996,-0.0000,0.0000,0.0000,-0.0000,0.0000,0.0000,0.0000
52.008,-0.0000,0.0000,0.0000,-0.0000,0.0000,0.0000,0.0000
52.020,-0.0000,0.0000,0.0000,-0.0000,0.0000,0.0000,0.0000
52.032,-0.0000,0.0000,0.0000,-0.0000,0.0000,0.0000,0.0000
52.044,-0.0000,0.0000,0.0000,-0.0000,0.0000,0.0000,0.0000
52.056,-0.0000,0.0000,0.0000,-0.0000,0.0000,0.0000,0.0000
52.068,-0.0000,0.0000,0.0000,-0.0000,0.0000,0.0000,0.0000
52.080,-0.0000,0.0000,0.0000,-0.0000,0.0000,0.0000,0.0000
52.092,-0.0000,0.0000,0.0000,-0.0000,0.0000,0.0000,0.0000
52.104,-0.0000,0.0000,0.0000,-0.0000,0.0000,0.0000,0.0000
52.116,-0.0000,0.0000,0.0000,-0.0000,0.0000,0.0000,0.0000
52.128,-0.0000,0.0000,0.0000,-0.0000,0.0000,0.0000,0.0000
52.140,-0.0000,0.0000,0.0000,-0.0000,0.0000,0.0000,0.0000
52.152,-0.0000,0.0000,0.0000,-0.0000,0.0000,0.0000,0.0000
52.164,-0.0000,0.0000,0.0000,-0.0000,0.0000,0.0000,0.0000
52.176,-0.0000,0.0000,0.0000,-0.0000,0.0000,0.0000,0.0000
52.188,-0.0000,0.0000,0.0000,-0.0000,0.0000,0.0000,0.0000
52.200,-0.0000,0.0000,0.0000,-0.0000,0.0000,0.0000,0.0000
52.212,-0.0000,0.0000,0.0000,-0.0000,0.0000,0.0000,0.0000
52.224,-0.0000,0.0000,0.0000,-0.0000,0.0000,0.0000,0.0000
52.236,-0.0000,0.0000,0.0000,-0.0000,0.0000,0.0000,0.0000
52.248,-0.0000,0.0000,0.0000,-0.0000,0.0000,0.0000,0.0000
52.260,-0.0000,0.0000,0.0000,-0.0000,0.0000,0.0000,0.0000
52.272,-0.0000,0.0000,0.0000,-0.0000,0.0000,0.0000,0.0000
52.284,-0.0000,0.0000,0.0000,-0.0000,0.0000,0.0000,0.0000
52.296,-0.0000,0.0000,0.0000,-0.0000,0.0000,0.0000,0.0000
52.308,-0.0000,0.0000,0.0000,-0.0000,0.0000,0.0000,0.0000
52.320,-0.0000,0.0000,0.0000,-0.0000,0.0000,0.0000,0.0000
52.332,-0.0000,0.0000,0.0000,-0.0000,0.0000,0.0000,0.0000
52.344,-0.0000,0.0000,0.0000,-0.0000,0.0000,0.0000,0.0000
52.356,-0.0000,0.0000,0.0000,-0.0000,0.0000,0.0000,0.0000
52.368,-0.0000,0.0000,0.0000,-0.0000,0.0000,0.0000,0.0000
52.380,-0.0000,0.0000,0.0000,-0.0000,0.0000,0.0000,0.0000
52.392,-0.0000,0.0000,0.0000,-0.0000,0.0000,0.0000,0.0000
52.404,-0.0000,0.0000,0.0000,-0.0000,0.0000,0.0000,0.0000
52.416,-0.0000,0.0000,0.0000,-0.0000,0.0000,0.0000,0.0000
52.428,-0.0000,0.0000,0.0000,-0.0000,0.0000,0.0000,0.0000
52.440,-0.0000,0.0000,0.0000,-0.0000,0.0000,0.0000,0.0000
52.452,-0.0000,0.0000,0.0000,-0.0000,0.0000,0.0000,0.0000
52.464,-0.0000,0.0000,0.0000,-0.0000,0.0000,0.0000,0.0000
52.476,-0.0000,0.0000,0.0000,-0.0000,0.0000,0.0000,0.0000
52.488,-0.0000,0.0000,0.0000,-0.0000,0.0000,0.0000,0.0000
52.500,-0.0000,0.0000,0.0000,-0.0000,0.0000,0.0000,0.0000
52.512,-0.0000,0.0000,0.0000,-0.0000,0.0000,0.0000,0.0000
52.524,-0.0000,0.0000,0.0000,-0.0000,0.0000,0.0000,0.0000
52.536,-0.0000,0.0000,0.0000,-0.0000,0.0000,0.0000,0.0000
52.548,-0.0000,0.0000,0.0000,-0.0000,0.0000,0.0000,0.0000
52.560,-0.0000,0.0000,0.0000,-0.0000,0.0000,0.0000,0.0000
52.572,-0.0000,0.0000,0.0000,-0.0000,0.0000,0.0000,0.0000
52.584,-0.0000,0.0000,0.0000,-0.0000,0.0000,0.0000,0.0000
52.596,-0.0000,0.0000,0.0000,-0.0000,0.0000,0.0000,0.0000
52.608,-0.0000,0.0000,0.0000,-0.0000,0.0000,0.0000,0.0000
52.620,-0.0000,0.0000,0.0000,-0.0000,0.0000,0.0000,0.0000
52.632,-0.0000,0.0000,0.0000,-0.0000,0.0000,0.0000,0.0000
52.644,-0.0000,0.0000,0.0000,-0.0000,0.0000,0.0000,0.0000
52.656,-0.0000,0.0000,0.0000,-0.0000,0.0000,0.0000,0.0000
52.668,-0.0000,0.0000,0.0000,-0.0000,0.0000,0.0000,0.0000
52.680,-0.0000,0.0000,0.0000,-0.0000,0.0000,0.0000,0.0000
52.692,-0.0000,0.0000,0.0000,-0.0000,0.0000,0.0000,0.0000
52.704,-0.0000,0.0000,0.0000,-0.0000,0.0000,0.0000,0.0000
52.716,-0.0000,0.0000,0.0000,-0.0000,0.0000,0.0000,0.0000
52.728,-0.0000,0.0000,0.0000,-0.0000,0.0000,0.0000,0.0000
52.740,-0.0000,0.0000,0.0000,-0.0000,0.0000,0.0000,0.0000
52.752,-0.0000,0.0000,0.0000,-0.0000,0.0000,0.0000,0.0000
52.764,-0.0000,0.0000,0.0000,-0.0000,0.0000,0.0000,0.0000
52.776,-0.0000,0.0000,0.0000,-0.0000,0.0000,0.0000,0.0000
52.788,-0.0000,0.0000,0.0000,-0.0000,0.0000,0.0000,0.0000
52.800,-0.0000,0.0000,0.0000,-0.0000,0.0000,0.0000,0.0000
52.812,-0.0000,0.0000,0.0000,-0.0000,0.0000,0.0000,0.0000
52.824,-0.0000,0.0000,0.0000,-0.0000,0.0000,0.0000,0.0000
52.836,-0.0000,0.0000,0.0000,-0.0000,0.0000,0.0000,0.0000
52.848,-0.0000,0.0000,0.0000,-0.0000,0.0000,0.0000,0.0000
52.860,-0.0000,0.0000,0.0000,-0.0000,0.0000,0.0000,0.0000
52.872,-0.0000,0.0000,0.0000,-0.0000,0.0000,0.0000,0.0000
52.884,-0.0000,0.0000,0.0000,-0.0000,0.0000,0.0000,0.0000
52.896,-0.0000,0.0000,0.0000,-0.0000,0.0000,0.0000,0.0000
52.908,-0.0000,0.0000,0.0000,-0.0000,0.0000,0.0000,0.0000
52.920,-0.0000,0.0000,0.0000,-0.0000,0.0000,0.0000,0.0000
52.932,-0.0000,0.0000,0.0000,-0.0000,0.0000,0.0000,0.0000
52.944,-0.0000,0.0000,0.0000,-0.0000,0.0000,0.0000,0.0000
52.956,-0.0000,0.0000,0.0000,-0.0000,0.0000,0.0000,0.0000
52.968,-0.0000,0.0000,0.0000,-0.0000,0.0000,0.0000,0.0000
52.980,-0.0000,0.0000,0.0000,-0.0000,0.0000,0.0000,0.0000
52.992,-0.0000,0.0000,0.0000,-0.0000,0.0000,0.0000,0.0000
53.004,-0.0000,0.0000,0.0000,-0.0000,0.0000,0.0000,0.0000
53.016,-0.0000,0.0000,0.0000,-0.0000,0.0000,0.0000,0.0000
53.028,-0.0000,0.0000,0.0000,-0.0000,0.0000,0.0000,0.0000
53.040,-0.0000,0.0000,0.0000,-0.0000,0.0000,0.0000,0.0000
53.052,-0.0000,0.0000,0.0000,-0.0000,0.0000,0.0000,0.0000
53.064,-0.0003,-0.0000,0.0001,-0.0000,0.0007,-0.0003,0.0000
53.076,-0.0010,-0.0001,0.0004,-0.0000,0.0021,-0.0010,0.0000
53.088,-0.0019,-0.0002,0.0008,-0.0000,0.0040,-0.0019,0.0000
53.100,-0.0031,-0.0003,0.0013,-0.0000,0.0064,-0.0031,0.0000
53.112,-0.0044,-0.0005,0.0018,-0.0000,0.0092,-0.0044,0.0000
53.124,-0.0060,-0.0006,0.0024,-0.0000,0.0124,-0.0060,0.0000
53.136,-0.0077,-0.0008,0.0031,-0.0001,0.0159,-0.0077,0.0000
53.148,-0.0096,-0.0010,0.0039,-0.0001,0.0198,-0.0095,0.0000
53.160,-0.0115,-0.0012,0.0047,-0.0001,0.0238,-0.0115,0.0000
53.172,-0.0136,-0.0014,0.0055,-0.0001,0.0282,-0.0136,0.0000
53.184,-0.0158,-0.0017,0.0064,-0.0001,0.0327,-0.0157,0.0000
53.196,-0.0181,-0.0019,0.0073,-0.0002,0.0374,-0.0180,0.0000
53.208,-0.0204,-0.0022,0.0083,-0.0002,0.0422,-0.0203,0.0000
53.220,-0.0228,-0.0024,0.0093,-0.0002,0.0472,-0.0227,0.0000
53.232,-0.0253,-0.0027,0.0103,-0.0002,0.0523,-0.0252,-0.0000
53.244,-0.0278,-0.0029,0.0113,-0.0002,0.0575,-0.0277,-0.0000
53.256,-0.0304,-0.0032,0.0123,-0.0003,0.0628,-0.0302,-0.0000
53.268,-0.0330,-0.0035,0.0134,-0.0003,0.0682,-0.0328,-0.0000
53.280,-0.0356,-0.0038,0.0145,-0.0003,0.0736,-0.0354,-0.0000
53.292,-0.0383,-0.0040,0.0156,-0.0003,0.0792,-0.0381,-0.0000
53.304,-0.0410,-0.0043,0.0167,-0.0003,0.0847,-0.0408,-0.0000
53.316,-0.0437,-0.0046,0.0178,-0.0004,0.0903,-0.0435,-0.0000
53.328,-0.0464,-0.0049,0.0189,-0.0004,0.0960,-0.0462,-0.0000
53.340,-0.0492,-0.0052,0.0200,-0.0004,0.1017,-0.0490,-0.0000
53.352,-0.0520,-0.0055,0.0211,-0.0004,0.1075,-0.0517,-0.0000
53.364,-0.0548,-0.0058,0.0223,-0.0005,0.1132,-0.0545,-0.0000
53.376,-0.0576,-0.0061,0.0234,-0.0005,0.1190,-0.0573,-0.0000
53.388,-0.0604,-0.0064,0.0245,-0.0005,0.1248,-0.0601,-0.0000
53.400,-0.0632,-0.0067,0.0257,-0.0005,0.1307,-0.0629,-0.0000
53.412,-0.0660,-0.0070,0.0268,-0.0005,0.1365,-0.0657,-0.0000
53.424,-0.0689,-0.0073,0.0280,-0.0006,0.1424,-0.0685,-0.0000
53.436,-0.0717,-0.0076,0.0292,-0.0006,0.1483,-0.0714,-0.0000
53.448,-0.0745,-0.0079,0.0303,-0.0006,0.1541,-0.0742,-0.0000
53.460,-0.0774,-0.0082,0.0315,-0.0006,0.1600,-0.0770,-0.0000
53.472,-0.0803,-0.0085,0.0326,-0.0007,0.1660,-0.0799,-0.0000
53.484,-0.0831,-0.0088,0.0338,-0.0007,0.1719,-0.0827,-0.0000
53.496,-0.0860,-0.0091,0.0350,-0.0007,0.1778,-0.0856,-0.0000
53.508,-0.0889,-0.0094,0.0361,-0.0007,0.1837,-0.0884,-0.0000
53.520,-0.0917,-0.0097,0.0373,-0.0008,0.1897,-0.0913,-0.0000
53.532,-0.0946,-0.0100,0.0385,-0.0008,0.1956,-0.0942,-0.0000
53.544,-0.0975,-0.0103,0.0396,-0.0008,0.2016,-0.0970,-0.0000
53.556,-0.1004,-0.0106,0.0408,-0.0008,0.2075,-0.0999,-0.0000
53.568,-0.1032,-0.0109,0.0420,-0.0009,0.2135,-0.1028,-0.0000
53.580,-0.1061,-0.0112,0.0432,-0.0009,0.2194,-0.1056,-0.0000
53.592,-0.1090,-0.0115,0.0443,-0.0009,0.2254,-0.1085,-0.0000
53.604,-0.1119,-0.0118,0.0455,-0.0009,0.2314,-0.1114,-0.0000
53.616,-0.1148,-0.0121,0.0467,-0.0010,0.2373,-0.1142,-0.0000
53.628,-0.1177,-0.0124,0.0478,-0.0010,0.2433,-0.1171,-0.0000
53.640,-0.1206,-0.0127,0.0490,-0.0010,0.2493,-0.1200,-0.0000
53.652,-0.1234,-0.0131,0.0502,-0.0010,0.2552,-0.1229,-0.0000
53.664,-0.1263,-0.0134,0.0514,-0.0011,0.2612,-0.1257,-0.0000
53.676,-0.1292,-0.0137,0.0525,-0.0011,0.2672,-0.1286,-0.0000
53.688,-0.1321,-0.0140,0.0537,-0.0011,0.2732,-0.1315,-0.0000
53.700,-0.1350,-0.0143,0.0549,-0.0011,0.2791,-0.1344,-0.0000
53.712,-0.1379,-0.0146,0.0561,-0.0011,0.2851,-0.1372,-0.0000
53.724,-0.1408,-0.0149,0.0572,-0.0012,0.2911,-0.1401,-0.0000
53.736,-0.1437,-0.0152,0.0584,-0.0012,0.2971,-0.1430,-0.0000
53.748,-0.1466,-0.0155,0.0596,-0.0012,0.3030,-0.1459,-0.0000
53.760,-0.1494,-0.0158,0.0608,-0.0012,0.3090,-0.1487,-0.0000
53.772,-0.1523,-0.0161,0.0619,-0.0013,0.3150,-0.1516,-0.0000
53.784,-0.1552,-0.0164,0.0631,-0.0013,0.3210,-0.1545,-0.0000
53.796,-0.1581,-0.0167,0.0643,-0.0013,0.3270,-0.1574,-0.0000
53.808,-0.1610,-0.0170,0.0655,-0.0013,0.3329,-0.1603,-0.0000
53.820,-0.1639,-0.0173,0.0666,-0.0014,0.3389,-0.1631,-0.0000
53.832,-0.1668,-0.0176,0.0678,-0.0014,0.3449,-0.1660,-0.0000
53.844,-0.1697,-0.0179,0.0690,-0.0014,0.3509,-0.1689,-0.0000
53.856,-0.1726,-0.0182,0.0702,-0.0014,0.3568,-0.1718,-0.0000
53.868,-0.1755,-0.0186,0.0713,-0.0015,0.3628,-0.1746,-0.0000
53.880,-0.1784,-0.0189,0.0725,-0.0015,0.3688,-0.1775,-0.0000
53.892,-0.1813,-0.0192,0.0737,-0.0015,0.3748,-0.1804,-0.0000
53.904,-0.1841,-0.0195,0.0749,-0.0015,0.3808,-0.1833,-0.0000
53.916,-0.1870,-0.0198,0.0760,-0.0016,0.3867,-0.1862,-0.0000
53.928,-0.1899,-0.0201,0.0772,-0.0016,0.3927,-0.1890,-0.0000
53.940,-0.1928,-0.0204,0.0784,-0.0016,0.3987,-0.1919,-0.0000
53.952,-0.1957,-0.0207,0.0796,-0.0016,0.4047,-0.1948,-0.0000
53.964,-0.1986,-0.0210,0.0808,-0.0017,0.4107,-0.1977,-0.0000
53.976,-0.2015,-0.0213,0.0819,-0.0017,0.4166,-0.2006,-0.0000
53.988,-0.2044,-0.0216,0.0831,-0.0017,0.4226,-0.2034,-0.0000
54.000,-0.2073,-0.0219,0.0843,-0.0017,0.4286,-0.2063,-0.0000
54.012,-0.2102,-0.0222,0.0855,-0.0018,0.4346,-0.2092,-0.0000
54.024,-0.2131,-0.0225,0.0866,-0.0018,0.4406,-0.2121,-0.0000
54.036,-0.2160,-0.0228,0.0878,-0.0018,0.4465,-0.2149,-0.0000
54.048,-0.2189,-0.0231,0.0890,-0.0018,0.4525,-0.2178,-0.0000
54.060,-0.2217,-0.0234,0.0902,-0.0018,0.4585,-0.2207,-0.0000
54.072,-0.2246,-0.0237,0.0913,-0.0019,0.4645,-0.2236,-0.0000
54.084,-0.2275,-0.0241,0.0925,-0.0019,0.4705,-0.2265,-0.0000
54.096,-0.2304,-0.0244,0.0937,-0.0019,0.4765,-0.2293,-0.0000
54.108,-0.2333,-0.0247,0.0949,-0.0019,0.4824,-0.2322,-0.0000
54.120,-0.2362,-0.0250,0.0960,-0.0020,0.4884,-0.2351,-0.0000
54.132,-0.2391,-0.0253,0.0972,-0.0020,0.4944,-0.2380,-0.0000
54.144,-0.2420,-0.0256,0.0984,-0.0020,0.5004,-0.2409,-0.0000
54.156,-0.2449,-0.0259,0.0996,-0.0020,0.5064,-0.2437,-0.0000
54.168,-0.2478,-0.0262,0.1007,-0.0021,0.5123,-0.2466,-0.0000
54.180,-0.2507,-0.0265,0.1019,-0.0021,0.5183,-0.2495,-0.0000
54.192,-0.2536,-0.0268,0.1031,-0.0021,0.5243,-0.2524,-0.0000
54.204,-0.2565,-0.0271,0.1043,-0.0021,0.5303,-0.2552,-0.0000
54.216,-0.2593,-0.0274,0.1054,-0.0022,0.5363,-0.2581,-0.0000
54.228,-0.2622,-0.0277,0.1066,-0.0022,0.5422,-0.2610,-0.0000
54.240,-0.2651,-0.0280,0.1078,-0.0022,0.5482,-0.2639,-0.0000
54.252,-0.2680,-0.0283,0.1090,-0.0022,0.5542,-0.2668,-0.0000
54.264,-0.2709,-0.0286,0.1102,-0.0023,0.5602,-0.2696,-0.0000
54.276,-0.2738,-0.0289,0.1113,-0.0023,0.5662,-0.2725,-0.0000
54.288,-0.2767,-0.0293,0.1125,-0.0023,0.5721,-0.2754,-0.0000
54.300,-0.2796,-0.0296,0.1137,-0.0023,0.5781,-0.2783,-0.0000
54.312,-0.2825,-0.0299,0.1149,-0.0024,0.5841,-0.2812,-0.0000
54.324,-0.2854,-0.0302,0.1160,-0.0024,0.5901,-0.2840,-0.0000
54.336,-0.2883,-0.0305,0.1172,-0.0024,0.5961,-0.2869,-0.0000
54.348,-0.2912,-0.0308,0.1184,-0.0024,0.6020,-0.2898,-0.0000
54.360,-0.2941,-0.0311,0.1196,-0.0024,0.6080,-0.2927,-0.0000
54.372,-0.2969,-0.0314,0.1207,-0.0025,0.6140,-0.2956,-0.0000
54.384,-0.2998,-0.0317,0.1219,-0.0025,0.6200,-0.2984,-0.0000
54.396,-0.3027,-0.0320,0.1231,-0.0025,0.6260,-0.3013,-0.0000
54.408,-0.3056,-0.0323,0.1243,-0.0025,0.6319,-0.3042,-0.0000
54.420,-0.3085,-0.0326,0.1254,-0.0026,0.6379,-0.3071,-0.0000
54.432,-0.3114,-0.0329,0.1266,-0.0026,0.6439,-0.3099,-0.0000
54.444,-0.3143,-0.0332,0.1278,-0.0026,0.6499,-0.3128,-0.0000
54.456,-0.3172,-0.0335,0.1290,-0.0026,0.6559,-0.3157,-0.0000
54.468,-0.3201,-0.0338,0.1301,-0.0027,0.6618,-0.3186,-0.0000
54.480,-0.3230,-0.0341,0.1313,-0.0027,0.6678,-0.3215,-0.0000
54.492,-0.3259,-0.0345,0.1325,-0.0027,0.6738,-0.3243,-0.0000
54.504,-0.3288,-0.0348,0.1337,-0.0027,0.6798,-0.3272,-0.0000
54.516,-0.3317,-0.0351,0.1348,-0.0028,0.6858,-0.3301,-0.0000
54.528,-0.3345,-0.0354,0.1360,-0.0028,0.6917,-0.3330,-0.0000
54.540,-0.3374,-0.0357,0.1372,-0.0028,0.6977,-0.3359,-0.0000
54.552,-0.3403,-0.0360,0.1384,-0.0028,0.7037,-0.3387,-0.0000
54.564,-0.3432,-0.0363,0.1396,-0.0029,0.7097,-0.3416,-0.0000
54.576,-0.3461,-0.0366,0.1407,-0.0029,0.7157,-0.3445,-0.0000
54.588,-0.3490,-0.0369,0.1419,-0.0029,0.7217,-0.3474,-0.0000
54.600,-0.3519,-0.0372,0.1431,-0.0029,0.7276,-0.3502,-0.0000
54.612,-0.3548,-0.0375,0.1443,-0.0030,0.7336,-0.3531,-0.0000
54.624,-0.3577,-0.0378,0.1454,-0.0030,0.7396,-0.3560,-0.0000
54.636,-0.3606,-0.0381,0.1466,-0.0030,0.7456,-0.3589,-0.0000
54.648,-0.3635,-0.0384,0.1478,-0.0030,0.7516,-0.3618,-0.0000
54.660,-0.3664,-0.0387,0.1490,-0.0031,0.7575,-0.3646,-0.0000
54.672,-0.3693,-0.0390,0.1501,-0.0031,0.7635,-0.3675,-0.0000
54.684,-0.3722,-0.0393,0.1513,-0.0031,0.7695,-0.3704,-0.0000
54.696,-0.3750,-0.0396,0.1525,-0.0031,0.7755,-0.3733,-0.0000
54.708,-0.3779,-0.0400,0.1537,-0.0031,0.7815,-0.3762,-0.0000
54.720,-0.3808,-0.0403,0.1548,-0.0032,0.7874,-0.3790,-0.0000
54.732,-0.3837,-0.0406,0.1560,-0.0032,0.7934,-0.3819,-0.0000
54.744,-0.3866,-0.0409,0.1572,-0.0032,0.7994,-0.3848,-0.0000
54.756,-0.3895,-0.0412,0.1584,-0.0032,0.8054,-0.3877,-0.0000
54.768,-0.3924,-0.0415,0.1595,-0.0033,0.8114,-0.3905,-0.0000
54.780,-0.3953,-0.0418,0.1607,-0.0033,0.8173,-0.3934,-0.0000
54.792,-0.3982,-0.0421,0.1619,-0.0033,0.8233,-0.3963,-0.0000
54.804,-0.4011,-0.0424,0.1631,-0.0033,0.8293,-0.3992,-0.0000
54.816,-0.4040,-0.0427,0.1642,-0.0034,0.8353,-0.4021,-0.0000
54.828,-0.4069,-0.0430,0.1654,-0.0034,0.8413,-0.4049,-0.0000
54.840,-0.4098,-0.0433,0.1666,-0.0034,0.8472,-0.4078,-0.0000
54.852,-0.4126,-0.0436,0.1678,-0.0034,0.8532,-0.4107,-0.0000
54.864,-0.4155,-0.0439,0.1690,-0.0035,0.8592,-0.4136,-0.0000
54.876,-0.4184,-0.0442,0.1701,-0.0035,0.8652,-0.4165,-0.0000
54.888,-0.4213,-0.0445,0.1713,-0.0035,0.8712,-0.4193,-0.0000
54.900,-0.4242,-0.0448,0.1725,-0.0035,0.8771,-0.4222,-0.0000
54.912,-0.4271,-0.0452,0.1737,-0.0036,0.8831,-0.4251,-0.0000
54.924,-0.4300,-0.0455,0.1748,-0.0036,0.8891,-0.4280,-0.0000
54.936,-0.4329,-0.0458,0.1760,-0.0036,0.8951,-0.4309,-0.0000
54.948,-0.4358,-0.0461,0.1772,-0.0036,0.9011,-0.4337,-0.0000
54.960,-0.4387,-0.0464,0.1784,-0.0037,0.9070,-0.4366,-0.0000
54.972,-0.4416,-0.0467,0.1795,-0.0037,0.9130,-0.4395,-0.0000
54.984,-0.4445,-0.0470,0.1807,-0.0037,0.9190,-0.4424,-0.0000
54.996,-0.4474,-0.0473,0.1819,-0.0037,0.9250,-0.4452,-0.0000
55.008,-0.4502,-0.0476,0.1831,-0.0037,0.9310,-0.4481,-0.0000
55.020,-0.4531,-0.0479,0.1842,-0.0038,0.9370,-0.4510,-0.0000
55.032,-0.4560,-0.0482,0.1854,-0.0038,0.9429,-0.4539,-0.0000
55.044,-0.4589,-0.0485,0.1866,-0.0038,0.9489,-0.4568,-0.0000
55.056,-0.4617,-0.0488,0.1877,-0.0038,0.9547,-0.4595,-0.0000
55.068,-0.4641,-0.0491,0.1887,-0.0039,0.9597,-0.4620,-0.0000
55.080,-0.4663,-0.0493,0.1896,-0.0039,0.9642,-0.4641,-0.0000
55.092,-0.4682,-0.0495,0.1904,-0.0039,0.9681,-0.4660,-0.0000
55.104,-0.4698,-0.0497,0.1910,-0.0039,0.9715,-0.4676,-0.0000
55.116,-0.4713,-0.0498,0.1916,-0.0039,0.9745,-0.4691,-0.0000
55.128,-0.4726,-0.0500,0.1922,-0.0039,0.9772,-0.4704,-0.0000
55.140,-0.4737,-0.0501,0.1926,-0.0039,0.9796,-0.4715,-0.0000
55.152,-0.4747,-0.0502,0.1930,-0.0040,0.9816,-0.4725,-0.0000
55.164,-0.4747,-0.0502,0.1930,-0.0040,0.9816,-0.4725,-0.0000
55.176,-0.4747,-0.0497,0.1930,-0.0040,0.9816,-0.4725,-0.0000
55.188,-0.4748,-0.0487,0.1930,-0.0040,0.9817,-0.4725,-0.0000
55.200,-0.4748,-0.0473,0.1930,-0.0040,0.9817,-0.4726,-0.0000
55.212,-0.4748,-0.0456,0.1931,-0.0040,0.9818,-0.4726,-0.0000
55.224,-0.4748,-0.0435,0.1931,-0.0040,0.9818,-0.4726,-0.0000
55.236,-0.4749,-0.0412,0.1931,-0.0040,0.9819,-0.4727,-0.0000
55.248,-0.4749,-0.0386,0.1931,-0.0040,0.9820,-0.4727,-0.0000
55.260,-0.4750,-0.0358,0.1931,-0.0040,0.9821,-0.4727,-0.0000
55.272,-0.4750,-0.0328,0.1931,-0.0040,0.9822,-0.4728,-0.0000
55.284,-0.4751,-0.0297,0.1932,-0.0040,0.9823,-0.4728,-0.0000
55.296,-0.4751,-0.0264,0.1932,-0.0040,0.9824,-0.4729,-0.0000
55.308,-0.4752,-0.0230,0.1932,-0.0040,0.9826,-0.4730,-0.0000
55.320,-0.4753,-0.0194,0.1932,-0.0040,0.9827,-0.4730,-0.0000
55.332,-0.4753,-0.0158,0.1933,-0.0040,0.9828,-0.4731,-0.0000
55.344,-0.4754,-0.0121,0.1933,-0.0040,0.9829,-0.4731,-0.0000
55.356,-0.4754,-0.0083,0.1933,-0.0040,0.9831,-0.4732,-0.0000
55.368,-0.4755,-0.0045,0.1933,-0.0040,0.9832,-0.4733,-0.0000
55.380,-0.4756,-0.0005,0.1934,-0.0040,0.9833,-0.4733,-0.0000
55.392,-0.4756,0.0034,0.1934,-0.0040,0.9835,-0.4734,-0.0000
55.404,-0.4757,0.0075,0.1934,-0.0040,0.9836,-0.4735,-0.0000
55.416,-0.4758,0.0115,0.1934,-0.0040,0.9838,-0.4735,-0.0000
55.428,-0.4758,0.0156,0.1935,-0.0040,0.9839,-0.4736,-0.0000
55.440,-0.4759,0.0197,0.1935,-0.0040,0.9840,-0.4737,-0.0000
55.452,-0.4760,0.0239,0.1935,-0.0040,0.9842,-0.4737,-0.0000
55.464,-0.4761,0.0281,0.1936,-0.0040,0.9843,-0.4738,-0.0000
55.476,-0.4761,0.0323,0.1936,-0.0040,0.9845,-0.4739,-0.0000
55.488,-0.4762,0.0365,0.1936,-0.0040,0.9846,-0.4740,-0.0000
55.500,-0.4763,0.0407,0.1936,-0.0040,0.9848,-0.4740,-0.0000
55.512,-0.4763,0.0450,0.1937,-0.0040,0.9849,-0.4741,-0.0000
55.524,-0.4764,0.0492,0.1937,-0.0040,0.9851,-0.4742,-0.0000
55.536,-0.4765,0.0535,0.1937,-0.0040,0.9852,-0.4742,-0.0000
55.548,-0.4766,0.0578,0.1938,-0.0040,0.9854,-0.4743,-0.0000
55.560,-0.4766,0.0621,0.1938,-0.0040,0.9855,-0.4744,-0.0000
55.572,-0.4767,0.0664,0.1938,-0.0040,0.9857,-0.4745,-0.0000
55.584,-0.4768,0.0707,0.1938,-0.0040,0.9858,-0.4745,-0.0000
55.596,-0.4768,0.0750,0.1939,-0.0040,0.9860,-0.4746,-0.0000
55.608,-0.4769,0.0793,0.1939,-0.0040,0.9861,-0.4747,-0.0000
55.620,-0.4770,0.0836,0.1939,-0.0040,0.9863,-0.4747,-0.0000
55.632,-0.4771,0.0880,0.1940,-0.0040,0.9864,-0.4748,-0.0000
55.644,-0.4771,0.0923,0.1940,-0.0040,0.9866,-0.4749,-0.0000
55.656,-0.4772,0.0966,0.1940,-0.0040,0.9867,-0.4750,-0.0000
55.668,-0.4773,0.1010,0.1941,-0.0040,0.9869,-0.4750,-0.0000
55.680,-0.4774,0.1053,0.1941,-0.0040,0.9870,-0.4751,-0.0000
55.692,-0.4774,0.1096,0.1941,-0.0040,0.9872,-0.4752,-0.0000
55.704,-0.4775,0.1140,0.1941,-0.0040,0.9873,-0.4752,-0.0000
55.716,-0.4776,0.1183,0.1942,-0.0040,0.9875,-0.4753,-0.0000
55.728,-0.4776,0.1227,0.1942,-0.0040,0.9876,-0.4754,-0.0000
55.740,-0.4777,0.1270,0.1942,-0.0040,0.9878,-0.4755,-0.0000
55.752,-0.4778,0.1314,0.1943,-0.0040,0.9879,-0.4755,-0.0000
55.764,-0.4779,0.1357,0.1943,-0.0040,0.9881,-0.4756,-0.0000
55.776,-0.4779,0.1401,0.1943,-0.0040,0.9882,-0.4757,-0.0000
55.788,-0.4780,0.1444,0.1944,-0.0040,0.9884,-0.4758,-0.0000
55.800,-0.4781,0.1488,0.1944,-0.0040,0.9885,-0.4758,-0.0000
55.812,-0.4782,0.1531,0.1944,-0.0040,0.9887,-0.4759,-0.0000
55.824,-0.4782,0.1575,0.1944,-0.0040,0.9888,-0.4760,-0.0000
55.836,-0.4783,0.1618,0.1945,-0.0040,0.9890,-0.4761,-0.0000
55.848,-0.4784,0.1662,0.1945,-0.0040,0.9891,-0.4761,-0.0000
55.860,-0.4784,0.1705,0.1945,-0.0040,0.9893,-0.4762,-0.0000
55.872,-0.4785,0.1749,0.1946,-0.0040,0.9894,-0.4763,-0.0000
55.884,-0.4786,0.1792,0.1946,-0.0040,0.9896,-0.4763,-0.0000
55.896,-0.4787,0.1836,0.1946,-0.0040,0.9897,-0.4764,-0.0000
55.908,-0.4787,0.1879,0.1947,-0.0040,0.9899,-0.4765,-0.0000
55.920,-0.4788,0.1923,0.1947,-0.0040,0.9900,-0.4766,-0.0000
55.932,-0.4789,0.1966,0.1947,-0.0040,0.9902,-0.4766,-0.0000
55.944,-0.4790,0.2010,0.1947,-0.0040,0.9903,-0.4767,-0.0000
55.956,-0.4790,0.2053,0.1948,-0.0040,0.9905,-0.4768,-0.0000
55.968,-0.4791,0.2097,0.1948,-0.0040,0.9907,-0.4769,-0.0000
55.980,-0.4792,0.2141,0.1948,-0.0040,0.9908,-0.4769,-0.0000
55.992,-0.4793,0.2184,0.1949,-0.0040,0.9910,-0.4770,-0.0000
56.004,-0.4793,0.2228,0.1949,-0.0040,0.9911,-0.4771,-0.0000
56.016,-0.4794,0.2271,0.1949,-0.0040,0.9913,-0.4771,-0.0000
56.028,-0.4795,0.2315,0.1949,-0.0040,0.9914,-0.4772,-0.0000
56.040,-0.4795,0.2358,0.1950,-0.0040,0.9916,-0.4773,0.0000
56.052,-0.4796,0.2402,0.1950,-0.0040,0.9917,-0.4774,0.0000
56.064,-0.4797,0.2445,0.1950,-0.0040,0.9919,-0.4774,0.0000
56.076,-0.4798,0.2489,0.1951,-0.0040,0.9920,-0.4775,0.0000
56.088,-0.4798,0.2533,0.1951,-0.0040,0.9922,-0.4776,0.0000
56.100,-0.4799,0.2576,0.1951,-0.0040,0.9923,-0.4777,0.0000
56.112,-0.4800,0.2620,0.1952,-0.0040,0.9925,-0.4777,0.0000
56.124,-0.4801,0.2663,0.1952,-0.0040,0.9926,-0.4778,0.0000
56.136,-0.4801,0.2707,0.1952,-0.0040,0.9928,-0.4779,0.0000
56.148,-0.4802,0.2750,0.1952,-0.0040,0.9929,-0.4779,0.0000
56.160,-0.4803,0.2794,0.1953,-0.0040,0.9931,-0.4780,0.0000
56.172,-0.4804,0.2837,0.1953,-0.0040,0.9932,-0.4781,0.0000
56.184,-0.4804,0.2881,0.1953,-0.0040,0.9934,-0.4782,0.0000
56.196,-0.4805,0.2925,0.1954,-0.0040,0.9935,-0.4782,0.0000
56.208,-0.4806,0.2968,0.1954,-0.0040,0.9937,-0.4783,0.0000
56.220,-0.4806,0.3012,0.1954,-0.0040,0.9938,-0.4784,0.0000
56.232,-0.4807,0.3055,0.1955,-0.0040,0.9940,-0.4785,0.0000
56.244,-0.4808,0.3099,0.1955,-0.0040,0.9941,-0.4785,0.0000
56.256,-0.4809,0.3142,0.1955,-0.0040,0.9943,-0.4786,0.0000
56.268,-0.4809,0.3186,0.1955,-0.0040,0.9944,-0.4787,0.0000
56.280,-0.4810,0.3229,0.1956,-0.0040,0.9946,-0.4787,0.0000
56.292,-0.4811,0.3273,0.1956,-0.0040,0.9947,-0.4788,0.0000
56.304,-0.4812,0.3317,0.1956,-0.0040,0.9949,-0.4789,0.0000
56.316,-0.4812,0.3360,0.1957,-0.0040,0.9950,-0.4790,0.0000
56.328,-0.4813,0.3404,0.1957,-0.0040,0.9952,-0.4790,0.0000
56.340,-0.4814,0.3447,0.1957,-0.0040,0.9953,-0.4791,0.0000
56.352,-0.4814,0.3491,0.1958,-0.0040,0.9955,-0.4792,0.0000
56.364,-0.4815,0.3534,0.1958,-0.0040,0.9956,-0.4793,0.0000
56.376,-0.4816,0.3573,0.1958,-0.0040,0.9958,-0.4793,0.0000
56.388,-0.4816,0.3606,0.1958,-0.0040,0.9959,-0.4794,0.0000
56.400,-0.4817,0.3636,0.1959,-0.0040,0.9960,-0.4794,0.0000
56.412,-0.4817,0.3662,0.1959,-0.0040,0.9961,-0.4795,0.0000
56.424,-0.4818,0.3685,0.1959,-0.0040,0.9962,-0.4795,0.0000
56.436,-0.4818,0.3705,0.1959,-0.0040,0.9962,-0.4795,0.0000
56.448,-0.4818,0.3723,0.1959,-0.0040,0.9963,-0.4796,0.0000
56.460,-0.4819,0.3739,0.1959,-0.0040,0.9964,-0.4796,0.0000
56.472,-0.4819,0.3753,0.1959,-0.0040,0.9964,-0.4796,-0.0005
56.484,-0.4819,0.3765,0.1959,-0.0040,0.9964,-0.4796,-0.0015
56.496,-0.4819,0.3775,0.1959,-0.0040,0.9965,-0.4797,-0.0029
56.508,-0.4819,0.3785,0.1960,-0.0040,0.9965,-0.4797,-0.0047
56.520,-0.4820,0.3793,0.1960,-0.0040,0.9965,-0.4797,-0.0068
56.532,-0.4820,0.3800,0.1960,-0.0040,0.9966,-0.4797,-0.0091
56.544,-0.4820,0.3807,0.1960,-0.0040,0.9966,-0.4797,-0.0117
56.556,-0.4820,0.3812,0.1960,-0.0040,0.9966,-0.4797,-0.0145
56.568,-0.4820,0.3817,0.1960,-0.0040,0.9966,-0.4797,-0.0175
56.580,-0.4820,0.3822,0.1960,-0.0040,0.9966,-0.4797,-0.0207
56.592,-0.4820,0.3826,0.1960,-0.0040,0.9967,-0.4797,-0.0240
56.604,-0.4820,0.3829,0.1960,-0.0040,0.9967,-0.4797,-0.0275
56.616,-0.4820,0.3832,0.1960,-0.0040,0.9967,-0.4798,-0.0311
56.628,-0.4820,0.3835,0.1960,-0.0040,0.9967,-0.4798,-0.0347
56.640,-0.4820,0.3837,0.1960,-0.0040,0.9967,-0.4798,-0.0385
56.652,-0.4820,0.3839,0.1960,-0.0040,0.9967,-0.4798,-0.0423
56.664,-0.4820,0.3841,0.1960,-0.0040,0.9967,-0.4798,-0.0462
56.676,-0.4820,0.3842,0.1960,-0.0040,0.9967,-0.4798,-0.0502
56.688,-0.4820,0.3844,0.1960,-0.0040,0.9967,-0.4798,-0.0542
56.700,-0.4820,0.3845,0.1960,-0.0040,0.9967,-0.4798,-0.0582
56.712,-0.4820,0.3846,0.1960,-0.0040,0.9967,-0.4798,-0.0623
56.724,-0.4820,0.3847,0.1960,-0.0040,0.9967,-0.4798,-0.0665
56.736,-0.4820,0.3848,0.1960,-0.0040,0.9967,-0.4798,-0.0706
56.748,-0.4821,0.3848,0.1960,-0.0040,0.9967,-0.4798,-0.0748
56.760,-0.4821,0.3849,0.1960,-0.0040,0.9967,-0.4798,-0.0791
56.772,-0.4821,0.3850,0.1960,-0.0040,0.9967,-0.4798,-0.0833
56.784,-0.4821,0.3850,0.1960,-0.0040,0.9967,-0.4798,-0.0876
56.796,-0.4821,0.3850,0.1960,-0.0040,0.9967,-0.4798,-0.0918
56.808,-0.4821,0.3851,0.1960,-0.0040,0.9967,-0.4798,-0.0961
56.820,-0.4821,0.3851,0.1960,-0.0040,0.9967,-0.4798,-0.1004
56.832,-0.4821,0.3852,0.1960,-0.0040,0.9967,-0.4798,-0.1047
56.844,-0.4821,0.3852,0.1960,-0.0040,0.9968,-0.4798,-0.1091
56.856,-0.4821,0.3852,0.1960,-0.0040,0.9968,-0.4798,-0.1134
56.868,-0.4821,0.3852,0.1960,-0.0040,0.9968,-0.4798,-0.1178
56.880,-0.4821,0.3852,0.1960,-0.0040,0.9968,-0.4798,-0.1221
56.892,-0.4821,0.3853,0.1960,-0.0040,0.9968,-0.4798,-0.1265
56.904,-0.4821,0.3853,0.1960,-0.0040,0.9968,-0.4798,-0.1308
56.916,-0.4821,0.3853,0.1960,-0.0040,0.9968,-0.4798,-0.1352
56.928,-0.4821,0.3853,0.1960,-0.0040,0.9968,-0.4798,-0.1396
56.940,-0.4821,0.3853,0.1960,-0.0040,0.9968,-0.4798,-0.1439
56.952,-0.4821,0.3853,0.1960,-0.0040,0.9968,-0.4798,-0.1483
56.964,-0.4821,0.3853,0.1960,-0.0040,0.9968,-0.4798,-0.1527
56.976,-0.4821,0.3853,0.1960,-0.0040,0.9968,-0.4798,-0.1571
56.988,-0.4821,0.3853,0.1960,-0.0040,0.9968,-0.4798,-0.1614
57.000,-0.4821,0.3853,0.1960,-0.0040,0.9968,-0.4798,-0.1658
57.012,-0.4821,0.3853,0.1960,-0.0040,0.9968,-0.4798,-0.1702
57.024,-0.4821,0.3853,0.1960,-0.0040,0.9968,-0.4798,-0.1746
57.036,-0.4821,0.3853,0.1960,-0.0040,0.9968,-0.4798,-0.1790
57.048,-0.4821,0.3849,0.1960,-0.0040,0.9971,-0.4798,-0.1834
57.060,-0.4821,0.3843,0.1960,-0.0040,0.9976,-0.4798,-0.1878
57.072,-0.4821,0.3835,0.1960,-0.0040,0.9981,-0.4798,-0.1922
57.084,-0.4821,0.3828,0.1960,-0.0040,0.9987,-0.4798,-0.1966
57.096,-0.4821,0.3821,0.1960,-0.0040,0.9993,-0.4798,-0.2010
57.108,-0.4821,0.3814,0.1960,-0.0040,0.9998,-0.4798,-0.2054
57.120,-0.4821,0.3806,0.1960,-0.0040,1.0004,-0.4798,-0.2098
57.132,-0.4821,0.3799,0.1960,-0.0040,1.0010,-0.4798,-0.2142
57.144,-0.4821,0.3792,0.1960,-0.0040,1.0015,-0.4798,-0.2186
57.156,-0.4821,0.3785,0.1960,-0.0040,1.0021,-0.4798,-0.2230
57.168,-0.4821,0.3777,0.1960,-0.0040,1.0026,-0.4798,-0.2273
57.180,-0.4821,0.3770,0.1960,-0.0040,1.0032,-0.4798,-0.2317
57.192,-0.4821,0.3763,0.1960,-0.0040,1.0037,-0.4798,-0.2361
57.204,-0.4821,0.3756,0.1960,-0.0040,1.0043,-0.4798,-0.2405
57.216,-0.4821,0.3749,0.1960,-0.0040,1.0048,-0.4798,-0.2449
57.228,-0.4821,0.3741,0.1960,-0.0040,1.0054,-0.4798,-0.2493
57.240,-0.4821,0.3734,0.1960,-0.0040,1.0059,-0.4798,-0.2537
57.252,-0.4821,0.3727,0.1960,-0.0040,1.0065,-0.4798,-0.2581
57.264,-0.4821,0.3720,0.1960,-0.0040,1.0070,-0.4798,-0.2625
57.276,-0.4821,0.3713,0.1960,-0.0040,1.0076,-0.4798,-0.2669
57.288,-0.4821,0.3706,0.1960,-0.0040,1.0081,-0.4798,-0.2713
57.300,-0.4821,0.3699,0.1960,-0.0040,1.0086,-0.4798,-0.2757
57.312,-0.4821,0.3692,0.1960,-0.0040,1.0092,-0.4798,-0.2801
57.324,-0.4821,0.3684,0.1960,-0.0040,1.0097,-0.4798,-0.2845
57.336,-0.4821,0.3677,0.1960,-0.0040,1.0102,-0.4798,-0.2889
57.348,-0.4821,0.3670,0.1960,-0.0040,1.0107,-0.4798,-0.2933
57.360,-0.4821,0.3663,0.1960,-0.0040,1.0113,-0.4798,-0.2977
57.372,-0.4821,0.3656,0.1960,-0.0040,1.0118,-0.4798,-0.3021
57.384,-0.4821,0.3649,0.1960,-0.0040,1.0123,-0.4798,-0.3065
57.396,-0.4821,0.3643,0.1960,-0.0040,1.0128,-0.4798,-0.3109
57.408,-0.4821,0.3636,0.1960,-0.0040,1.0133,-0.4798,-0.3153
57.420,-0.4821,0.3629,0.1960,-0.0040,1.0138,-0.4798,-0.3197
57.432,-0.4821,0.3622,0.1960,-0.0040,1.0143,-0.4798,-0.3241
57.444,-0.4821,0.3615,0.1960,-0.0040,1.0148,-0.4798,-0.3285
57.456,-0.4821,0.3608,0.1960,-0.0040,1.0153,-0.4798,-0.3329
57.468,-0.4821,0.3601,0.1960,-0.0040,1.0158,-0.4798,-0.3373
57.480,-0.4821,0.3595,0.1960,-0.0040,1.0163,-0.4798,-0.3417
57.492,-0.4821,0.3588,0.1960,-0.0040,1.0168,-0.4798,-0.3461
57.504,-0.4821,0.3581,0.1960,-0.0040,1.0173,-0.4798,-0.3505
57.516,-0.4821,0.3574,0.1960,-0.0040,1.0178,-0.4798,-0.3549
57.528,-0.4821,0.3568,0.1960,-0.0040,1.0183,-0.4798,-0.3593
57.540,-0.4821,0.3561,0.1960,-0.0040,1.0188,-0.4798,-0.3637
57.552,-0.4821,0.3554,0.1960,-0.0040,1.0193,-0.4798,-0.3681
57.564,-0.4821,0.3548,0.1960,-0.0040,1.0198,-0.4798,-0.3725
57.576,-0.4821,0.3541,0.1960,-0.0040,1.0203,-0.4798,-0.3769
57.588,-0.4821,0.3534,0.1960,-0.0040,1.0207,-0.4798,-0.3813
57.600,-0.4821,0.3528,0.1960,-0.0040,1.0212,-0.4798,-0.3857
57.612,-0.4821,0.3521,0.1960,-0.0040,1.0217,-0.4798,-0.3901
57.624,-0.4821,0.3515,0.1960,-0.0040,1.0222,-0.4798,-0.3945
57.636,-0.4821,0.3508,0.1960,-0.0040,1.0226,-0.4798,-0.3989
57.648,-0.4821,0.3502,0.1960,-0.0040,1.0231,-0.4798,-0.4033
57.660,-0.4821,0.3496,0.1960,-0.0040,1.0236,-0.4798,-0.4077
57.672,-0.4821,0.3490,0.1960,-0.0040,1.0240,-0.4798,-0.4116
57.684,-0.4821,0.3484,0.1960,-0.0040,1.0244,-0.4798,-0.4150
57.696,-0.4821,0.3480,0.1960,-0.0040,1.0247,-0.4798,-0.4180
57.708,-0.4821,0.3476,0.1960,-0.0040,1.0250,-0.4798,-0.4206
57.720,-0.4821,0.3467,0.1960,-0.0040,1.0249,-0.4798,-0.4230
57.732,-0.4821,0.3455,0.1960,-0.0040,1.0247,-0.4798,-0.4250
57.744,-0.4821,0.3439,0.1960,-0.0040,1.0245,-0.4798,-0.4268
57.756,-0.4821,0.3421,0.1960,-0.0040,1.0244,-0.4798,-0.4284
57.768,-0.4821,0.3399,0.1960,-0.0040,1.0242,-0.4798,-0.4298
57.780,-0.4821,0.3376,0.1960,-0.0040,1.0240,-0.4798,-0.4310
57.792,-0.4821,0.3351,0.1960,-0.0040,1.0237,-0.4798,-0.4321
57.804,-0.4821,0.3324,0.1960,-0.0040,1.0235,-0.4798,-0.4330
57.816,-0.4821,0.3295,0.1960,-0.0040,1.0233,-0.4798,-0.4339
57.828,-0.4821,0.3265,0.1960,-0.0040,1.0230,-0.4798,-0.4346
57.840,-0.4821,0.3234,0.1960,-0.0040,1.0228,-0.4798,-0.4353
57.852,-0.4821,0.3202,0.1960,-0.0040,1.0226,-0.4798,-0.4358
57.864,-0.4821,0.3168,0.1960,-0.0040,1.0223,-0.4798,-0.4363
57.876,-0.4821,0.3134,0.1960,-0.0040,1.0221,-0.4798,-0.4368
57.888,-0.4821,0.3100,0.1960,-0.0040,1.0218,-0.4798,-0.4372
57.900,-0.4821,0.3064,0.1960,-0.0040,1.0216,-0.4798,-0.4375
57.912,-0.4821,0.3029,0.1960,-0.0040,1.0213,-0.4798,-0.4378
57.924,-0.4821,0.2992,0.1960,-0.0040,1.0210,-0.4798,-0.4381
57.936,-0.4821,0.2955,0.1960,-0.0040,1.0208,-0.4798,-0.4383
57.948,-0.4821,0.2918,0.1960,-0.0040,1.0205,-0.4798,-0.4385
57.960,-0.4821,0.2881,0.1960,-0.0040,1.0202,-0.4798,-0.4387
57.972,-0.4821,0.2843,0.1960,-0.0040,1.0200,-0.4798,-0.4388
57.984,-0.4821,0.2805,0.1960,-0.0040,1.0197,-0.4798,-0.4390
57.996,-0.4821,0.2767,0.1960,-0.0040,1.0194,-0.4798,-0.4391
58.008,-0.4821,0.2728,0.1960,-0.0040,1.0192,-0.4798,-0.4392
58.020,-0.4821,0.2689,0.1960,-0.0040,1.0189,-0.4798,-0.4393
58.032,-0.4821,0.2651,0.1960,-0.0040,1.0186,-0.4798,-0.4394
58.044,-0.4821,0.2612,0.1960,-0.0040,1.0183,-0.4798,-0.4395
58.056,-0.4821,0.2573,0.1960,-0.0040,1.0181,-0.4798,-0.4395
58.068,-0.4821,0.2533,0.1960,-0.0040,1.0178,-0.4798,-0.4396
58.080,-0.4821,0.2494,0.1960,-0.0040,1.0175,-0.4798,-0.4396
58.092,-0.4821,0.2455,0.1960,-0.0040,1.0173,-0.4798,-0.4397
58.104,-0.4821,0.2415,0.1960,-0.0040,1.0170,-0.4798,-0.4397
58.116,-0.4821,0.2376,0.1960,-0.0040,1.0167,-0.4798,-0.4397
58.128,-0.4821,0.2336,0.1960,-0.0040,1.0164,-0.4798,-0.4398
58.140,-0.4821,0.2297,0.1960,-0.0040,1.0162,-0.4798,-0.4398
58.152,-0.4821,0.2257,0.1960,-0.0040,1.0159,-0.4798,-0.4398
58.164,-0.4821,0.2218,0.1960,-0.0040,1.0156,-0.4798,-0.4398
58.176,-0.4821,0.2178,0.1960,-0.0040,1.0153,-0.4798,-0.4399
58.188,-0.4821,0.2138,0.1960,-0.0040,1.0151,-0.4798,-0.4399
58.200,-0.4821,0.2098,0.1960,-0.0040,1.0148,-0.4798,-0.4399
58.212,-0.4821,0.2059,0.1960,-0.0040,1.0145,-0.4798,-0.4399
58.224,-0.4821,0.2019,0.1960,-0.0040,1.0142,-0.4798,-0.4399
58.236,-0.4821,0.1979,0.1960,-0.0040,1.0140,-0.4798,-0.4399
58.248,-0.4821,0.1939,0.1960,-0.0040,1.0137,-0.4798,-0.4399
58.260,-0.4821,0.1899,0.1960,-0.0040,1.0134,-0.4798,-0.4399
58.272,-0.4821,0.1860,0.1960,-0.0040,1.0131,-0.4798,-0.4400
58.284,-0.4821,0.1820,0.1960,-0.0040,1.0129,-0.4798,-0.4400
58.296,-0.4821,0.1780,0.1960,-0.0040,1.0126,-0.4798,-0.4400
58.308,-0.4821,0.1740,0.1960,-0.0040,1.0123,-0.4798,-0.4400
58.320,-0.4821,0.1700,0.1960,-0.0040,1.0120,-0.4798,-0.4400
58.332,-0.4821,0.1660,0.1960,-0.0040,1.0118,-0.4798,-0.4400
58.344,-0.4821,0.1620,0.1960,-0.0040,1.0115,-0.4798,-0.4400
58.356,-0.4821,0.1580,0.1960,-0.0040,1.0112,-0.4798,-0.4400
58.368,-0.4821,0.1540,0.1960,-0.0040,1.0109,-0.4798,-0.4400
58.380,-0.4821,0.1500,0.1960,-0.0040,1.0106,-0.4798,-0.4400
58.392,-0.4821,0.1461,0.1960,-0.0040,1.0104,-0.4798,-0.4400
58.404,-0.4821,0.1421,0.1960,-0.0040,1.0101,-0.4798,-0.4400
58.416,-0.4821,0.1381,0.1960,-0.0040,1.0098,-0.4798,-0.4400
58.428,-0.4821,0.1341,0.1960,-0.0040,1.0095,-0.4798,-0.4400
58.440,-0.4821,0.1301,0.1960,-0.0040,1.0093,-0.4798,-0.4400
58.452,-0.4821,0.1261,0.1960,-0.0040,1.0090,-0.4798,-0.4400
58.464,-0.4821,0.1221,0.1960,-0.0040,1.0087,-0.4798,-0.4400
58.476,-0.4821,0.1181,0.1960,-0.0040,1.0084,-0.4798,-0.4400
58.488,-0.4821,0.1141,0.1960,-0.0040,1.0082,-0.4798,-0.4400
58.500,-0.4821,0.1101,0.1960,-0.0040,1.0079,-0.4798,-0.4400
58.512,-0.4821,0.1061,0.1960,-0.0040,1.0076,-0.4798,-0.4400
58.524,-0.4821,0.1021,0.1960,-0.0040,1.0073,-0.4798,-0.4400
58.536,-0.4821,0.0981,0.1960,-0.0040,1.0071,-0.4798,-0.4400
58.548,-0.4821,0.0942,0.1960,-0.0040,1.0068,-0.4798,-0.4400
58.560,-0.4821,0.0902,0.1960,-0.0040,1.0065,-0.4798,-0.4400
58.572,-0.4821,0.0862,0.1960,-0.0040,1.0062,-0.4798,-0.4400
58.584,-0.4821,0.0822,0.1960,-0.0040,1.0060,-0.4798,-0.4400
58.596,-0.4821,0.0782,0.1960,-0.0040,1.0057,-0.4798,-0.4400
58.608,-0.4821,0.0742,0.1960,-0.0040,1.0054,-0.4798,-0.4400
58.620,-0.4821,0.0702,0.1960,-0.0040,1.0051,-0.4798,-0.4400
58.632,-0.4821,0.0662,0.1960,-0.0040,1.0049,-0.4798,-0.4400
58.644,-0.4821,0.0622,0.1960,-0.0040,1.0046,-0.4798,-0.4400
58.656,-0.4821,0.0582,0.1960,-0.0040,1.0043,-0.4798,-0.4400
58.668,-0.4821,0.0542,0.1960,-0.0040,1.0040,-0.4798,-0.4400
58.680,-0.4821,0.0502,0.1960,-0.0040,1.0037,-0.4798,-0.4400
58.692,-0.4821,0.0462,0.1960,-0.0040,1.0035,-0.4798,-0.4400
58.704,-0.4821,0.0422,0.1960,-0.0040,1.0032,-0.4798,-0.4400
58.716,-0.4821,0.0382,0.1960,-0.0040,1.0029,-0.4798,-0.4400
58.728,-0.4821,0.0342,0.1960,-0.0040,1.0026,-0.4798,-0.4400
58.740,-0.4821,0.0302,0.1960,-0.0040,1.0024,-0.4798,-0.4400
58.752,-0.4821,0.0263,0.1960,-0.0040,1.0021,-0.4798,-0.4400
58.764,-0.4821,0.0223,0.1960,-0.0040,1.0018,-0.4798,-0.4400
58.776,-0.4821,0.0183,0.1960,-0.0040,1.0015,-0.4798,-0.4400
58.788,-0.4821,0.0143,0.1960,-0.0040,1.0013,-0.4798,-0.4400
58.800,-0.4821,0.0103,0.1960,-0.0040,1.0010,-0.4798,-0.4400
58.812,-0.4821,0.0063,0.1960,-0.0040,1.0007,-0.4798,-0.4400
58.824,-0.4821,0.0023,0.1960,-0.0040,1.0004,-0.4798,-0.4400
58.836,-0.4821,-0.0017,0.1960,-0.0040,1.0002,-0.4798,-0.4400
58.848,-0.4821,-0.0057,0.1960,-0.0040,0.9999,-0.4798,-0.4400
58.860,-0.4821,-0.0097,0.1960,-0.0040,0.9996,-0.4798,-0.4400
58.872,-0.4821,-0.0137,0.1960,-0.0040,0.9993,-0.4798,-0.4400
58.884,-0.4821,-0.0177,0.1960,-0.0040,0.9991,-0.4798,-0.4400
58.896,-0.4821,-0.0217,0.1960,-0.0040,0.9988,-0.4798,-0.4400
58.908,-0.4821,-0.0252,0.1960,-0.0040,0.9985,-0.4798,-0.4400
58.920,-0.4821,-0.0283,0.1960,-0.0040,0.9983,-0.4798,-0.4400
58.932,-0.4821,-0.0310,0.1960,-0.0040,0.9981,-0.4798,-0.4400
58.944,-0.4821,-0.0334,0.1960,-0.0040,0.9980,-0.4798,-0.4400
58.956,-0.4821,-0.0355,0.1960,-0.0040,0.9978,-0.4798,-0.4400
58.968,-0.4821,-0.0374,0.1960,-0.0040,0.9977,-0.4798,-0.4400
58.980,-0.4821,-0.0374,0.1960,-0.0040,0.9977,-0.4798,-0.4400
58.992,-0.4821,-0.0376,0.1960,-0.0040,0.9977,-0.4798,-0.4400
59.004,-0.4821,-0.0381,0.1960,-0.0040,0.9977,-0.4798,-0.4400
59.016,-0.4821,-0.0389,0.1960,-0.0040,0.9977,-0.4798,-0.4400
59.028,-0.4821,-0.0398,0.1960,-0.0040,0.9977,-0.4798,-0.4400
59.040,-0.4821,-0.0408,0.1960,-0.0040,0.9977,-0.4798,-0.4400
59.052,-0.4821,-0.0420,0.1960,-0.0040,0.9977,-0.4798,-0.4400
59.064,-0.4821,-0.0434,0.1960,-0.0040,0.9977,-0.4798,-0.4400
59.076,-0.4821,-0.0448,0.1960,-0.0040,0.9977,-0.4798,-0.4400
59.088,-0.4821,-0.0464,0.1960,-0.0040,0.9977,-0.4798,-0.4400
59.100,-0.4821,-0.0480,0.1960,-0.0040,0.9976,-0.4798,-0.4400
59.112,-0.4821,-0.0497,0.1960,-0.0040,0.9976,-0.4798,-0.4400
59.124,-0.4821,-0.0515,0.1960,-0.0040,0.9976,-0.4798,-0.4400
59.136,-0.4821,-0.0533,0.1960,-0.0040,0.9976,-0.4798,-0.4400
59.148,-0.4821,-0.0552,0.1960,-0.0040,0.9976,-0.4798,-0.4400
59.160,-0.4821,-0.0571,0.1960,-0.0040,0.9976,-0.4798,-0.4400
59.172,-0.4821,-0.0591,0.1960,-0.0040,0.9976,-0.4798,-0.4400
59.184,-0.4821,-0.0611,0.1960,-0.0040,0.9976,-0.4798,-0.4400
59.196,-0.4821,-0.0631,0.1960,-0.0040,0.9976,-0.4798,-0.4400
59.208,-0.4821,-0.0652,0.1960,-0.0040,0.9976,-0.4798,-0.4400
59.220,-0.4821,-0.0672,0.1960,-0.0040,0.9975,-0.4798,-0.4400
59.232,-0.4821,-0.0693,0.1960,-0.0040,0.9975,-0.4798,-0.4400
59.244,-0.4821,-0.0715,0.1960,-0.0040,0.9975,-0.4798,-0.4400
59.256,-0.4821,-0.0736,0.1960,-0.0040,0.9975,-0.4798,-0.4400
59.268,-0.4821,-0.0758,0.1960,-0.0040,0.9975,-0.4798,-0.4400
59.280,-0.4821,-0.0779,0.1960,-0.0040,0.9975,-0.4798,-0.4400
59.292,-0.4821,-0.0801,0.1960,-0.0040,0.9975,-0.4798,-0.4400
59.304,-0.4821,-0.0823,0.1960,-0.0040,0.9975,-0.4798,-0.4400
59.316,-0.4821,-0.0845,0.1960,-0.0040,0.9975,-0.4798,-0.4400
59.328,-0.4821,-0.0867,0.1960,-0.0040,0.9975,-0.4798,-0.4400
59.340,-0.4821,-0.0889,0.1960,-0.0040,0.9974,-0.4798,-0.4400
59.352,-0.4821,-0.0911,0.1960,-0.0040,0.9974,-0.4798,-0.4400
59.364,-0.4821,-0.0933,0.1960,-0.0040,0.9974,-0.4798,-0.4400
59.376,-0.4821,-0.0956,0.1960,-0.0040,0.9974,-0.4798,-0.4400
59.388,-0.4821,-0.0978,0.1960,-0.0040,0.9974,-0.4798,-0.4400
59.400,-0.4821,-0.1000,0.1960,-0.0040,0.9974,-0.4798,-0.4400
59.412,-0.4821,-0.1022,0.1960,-0.0040,0.9974,-0.4798,-0.4400
59.424,-0.4821,-0.1045,0.1960,-0.0040,0.9974,-0.4798,-0.4400
59.436,-0.4821,-0.1067,0.1960,-0.0040,0.9974,-0.4798,-0.4400
59.448,-0.4821,-0.1090,0.1960,-0.0040,0.9973,-0.4798,-0.4400
59.460,-0.4821,-0.1112,0.1960,-0.0040,0.9973,-0.4798,-0.4400
59.472,-0.4821,-0.1135,0.1960,-0.0040,0.9973,-0.4798,-0.4400
59.484,-0.4821,-0.1157,0.1960,-0.0040,0.9973,-0.4798,-0.4400
59.496,-0.4821,-0.1180,0.1960,-0.0040,0.9973,-0.4798,-0.4400
59.508,-0.4821,-0.1202,0.1960,-0.0040,0.9973,-0.4798,-0.4400
59.520,-0.4821,-0.1225,0.1960,-0.0040,0.9973,-0.4798,-0.4400
59.532,-0.4821,-0.1247,0.1960,-0.0040,0.9973,-0.4798,-0.4400
59.544,-0.4821,-0.1270,0.1960,-0.0040,0.9972,-0.4798,-0.4400
59.556,-0.4821,-0.1292,0.1960,-0.0040,0.9972,-0.4798,-0.4400
59.568,-0.4821,-0.1315,0.1960,-0.0040,0.9972,-0.4798,-0.4400
59.580,-0.4821,-0.1337,0.1960,-0.0040,0.9972,-0.4798,-0.4400
59.592,-0.4821,-0.1360,0.1960,-0.0040,0.9972,-0.4798,-0.4400
59.604,-0.4821,-0.1382,0.1960,-0.0040,0.9972,-0.4798,-0.4400
59.616,-0.4821,-0.1405,0.1960,-0.0040,0.9972,-0.4798,-0.4400
59.628,-0.4821,-0.1427,0.1960,-0.0040,0.9972,-0.4798,-0.4400
59.640,-0.4821,-0.1450,0.1960,-0.0040,0.9972,-0.4798,-0.4400
59.652,-0.4821,-0.1472,0.1960,-0.0040,0.9971,-0.4798,-0.4400
59.664,-0.4821,-0.1495,0.1960,-0.0040,0.9971,-0.4798,-0.4400
59.676,-0.4821,-0.1518,0.1960,-0.0040,0.9971,-0.4798,-0.4400
59.688,-0.4821,-0.1540,0.1960,-0.0040,0.9971,-0.4798,-0.4400
59.700,-0.4821,-0.1563,0.1960,-0.0040,0.9971,-0.4798,-0.4400
59.712,-0.4821,-0.1585,0.1960,-0.0040,0.9971,-0.4798,-0.4400
59.724,-0.4821,-0.1608,0.1960,-0.0040,0.9971,-0.4798,-0.4400
59.736,-0.4821,-0.1630,0.1960,-0.0040,0.9971,-0.4798,-0.4400
59.748,-0.4821,-0.1653,0.1960,-0.0040,0.9971,-0.4798,-0.4400
59.760,-0.4821,-0.1676,0.1960,-0.0040,0.9970,-0.4798,-0.4400
59.772,-0.4821,-0.1698,0.1960,-0.0040,0.9970,-0.4798,-0.4400
59.784,-0.4821,-0.1721,0.1960,-0.0040,0.9970,-0.4798,-0.4400
59.796,-0.4821,-0.1743,0.1960,-0.0040,0.9970,-0.4798,-0.4400
59.808,-0.4821,-0.1766,0.1960,-0.0040,0.9970,-0.4798,-0.4400
59.820,-0.4821,-0.1788,0.1960,-0.0040,0.9970,-0.4798,-0.4400
59.832,-0.4821,-0.1811,0.1960,-0.0040,0.9970,-0.4798,-0.4400
59.844,-0.4821,-0.1834,0.1960,-0.0040,0.9970,-0.4798,-0.4400
59.856,-0.4821,-0.1856,0.1960,-0.0040,0.9970,-0.4798,-0.4400
59.868,-0.4821,-0.1879,0.1960,-0.0040,0.9969,-0.4798,-0.4400
59.880,-0.4821,-0.1901,0.1960,-0.0040,0.9969,-0.4798,-0.4400
59.892,-0.4821,-0.1924,0.1960,-0.0040,0.9969,-0.4798,-0.4400
59.904,-0.4821,-0.1946,0.1960,-0.0040,0.9969,-0.4798,-0.4400
59.916,-0.4821,-0.1969,0.1960,-0.0040,0.9969,-0.4798,-0.4400
59.928,-0.4821,-0.1992,0.1960,-0.0040,0.9969,-0.4798,-0.4400
59.940,-0.4821,-0.2014,0.1960,-0.0040,0.9969,-0.4798,-0.4400
59.952,-0.4821,-0.2037,0.1960,-0.0040,0.9969,-0.4798,-0.4400
59.964,-0.4821,-0.2059,0.1960,-0.0040,0.9969,-0.4798,-0.4400
59.976,-0.4821,-0.2082,0.1960,-0.0040,0.9968,-0.4798,-0.4400
59.988,-0.4821,-0.2103,0.1960,-0.0040,0.9968,-0.4798,-0.4400
60.000,-0.4821,-0.2121,0.1960,-0.0040,0.9968,-0.4798,-0.4400
60.012,-0.4821,-0.2121,0.1960,-0.0040,0.9968,-0.4798,-0.4400
60.024,-0.4825,-0.2121,0.1960,-0.0040,0.9968,-0.4798,-0.4400
60.036,-0.4834,-0.2121,0.1960,-0.0040,0.9968,-0.4798,-0.4400
60.048,-0.4845,-0.2121,0.1960,-0.0040,0.9968,-0.4798,-0.4400
60.060,-0.4860,-0.2122,0.1960,-0.0040,0.9968,-0.4798,-0.4400
60.072,-0.4878,-0.2122,0.1960,-0.0040,0.9968,-0.4798,-0.4400
60.084,-0.4898,-0.2123,0.1960,-0.0040,0.9968,-0.4798,-0.4400
60.096,-0.4920,-0.2123,0.1960,-0.0040,0.9968,-0.4798,-0.4400
60.108,-0.4944,-0.2124,0.1960,-0.0040,0.9968,-0.4798,-0.4400
60.120,-0.4969,-0.2124,0.1960,-0.0040,0.9968,-0.4798,-0.4400
60.132,-0.4996,-0.2125,0.1960,-0.0040,0.9968,-0.4798,-0.4400
60.144,-0.5025,-0.2125,0.1960,-0.0040,0.9968,-0.4798,-0.4400
60.156,-0.5054,-0.2126,0.1960,-0.0040,0.9968,-0.4798,-0.4400
60.168,-0.5084,-0.2127,0.1960,-0.0040,0.9968,-0.4798,-0.4400
60.180,-0.5115,-0.2127,0.1960,-0.0040,0.9968,-0.4798,-0.4400
60.192,-0.5147,-0.2128,0.1960,-0.0040,0.9968,-0.4798,-0.4400
60.204,-0.5180,-0.2129,0.1960,-0.0040,0.9968,-0.4798,-0.4400
60.216,-0.5213,-0.2129,0.1960,-0.0040,0.9968,-0.4798,-0.4400
60.228,-0.5246,-0.2130,0.1960,-0.0040,0.9968,-0.4798,-0.4400
60.240,-0.5280,-0.2131,0.1960,-0.0040,0.9968,-0.4798,-0.4400
60.252,-0.5315,-0.2132,0.1960,-0.0040,0.9968,-0.4798,-0.4400
60.264,-0.5349,-0.2132,0.1960,-0.0040,0.9968,-0.4798,-0.4400
60.276,-0.5385,-0.2133,0.1960,-0.0040,0.9968,-0.4798,-0.4400
60.288,-0.5420,-0.2134,0.1960,-0.0040,0.9968,-0.4798,-0.4400
60.300,-0.5456,-0.2135,0.1960,-0.0040,0.9968,-0.4798,-0.4400
60.312,-0.5491,-0.2135,0.1960,-0.0040,0.9968,-0.4798,-0.4400
60.324,-0.5527,-0.2136,0.1960,-0.0040,0.9968,-0.4798,-0.4400
60.336,-0.5563,-0.2137,0.1960,-0.0040,0.9968,-0.4798,-0.4400
60.348,-0.5600,-0.2138,0.1960,-0.0040,0.9968,-0.4798,-0.4400
60.360,-0.5636,-0.2139,0.1960,-0.0040,0.9968,-0.4798,-0.4400
60.372,-0.5673,-0.2139,0.1960,-0.0040,0.9968,-0.4798,-0.4400
60.384,-0.5709,-0.2140,0.1960,-0.0040,0.9968,-0.4798,-0.4400
60.396,-0.5746,-0.2141,0.1960,-0.0040,0.9968,-0.4798,-0.4400
60.408,-0.5783,-0.2142,0.1960,-0.0040,0.9968,-0.4798,-0.4400
60.420,-0.5820,-0.2142,0.1960,-0.0040,0.9968,-0.4798,-0.4400
60.432,-0.5857,-0.2143,0.1960,-0.0040,0.9968,-0.4798,-0.4400
60.444,-0.5894,-0.2144,0.1960,-0.0040,0.9968,-0.4798,-0.4400
60.456,-0.5931,-0.2145,0.1960,-0.0040,0.9968,-0.4798,-0.4400
60.468,-0.5968,-0.2146,0.1960,-0.0040,0.9968,-0.4798,-0.4400
60.480,-0.6005,-0.2146,0.1960,-0.0040,0.9968,-0.4798,-0.4400
60.492,-0.6042,-0.2147,0.1960,-0.0040,0.9968,-0.4798,-0.4400
60.504,-0.6079,-0.2148,0.1960,-0.0040,0.9968,-0.4798,-0.4400
60.516,-0.6116,-0.2149,0.1960,-0.0040,0.9968,-0.4798,-0.4400
60.528,-0.6153,-0.2150,0.1960,-0.0040,0.9968,-0.4798,-0.4400
60.540,-0.6190,-0.2150,0.1960,-0.0040,0.9968,-0.4798,-0.4400
60.552,-0.6228,-0.2151,0.1960,-0.0040,0.9968,-0.4798,-0.4400
60.564,-0.6265,-0.2152,0.1960,-0.0040,0.9968,-0.4798,-0.4400
60.576,-0.6302,-0.2153,0.1960,-0.0040,0.9968,-0.4798,-0.4400
60.588,-0.6339,-0.2154,0.1960,-0.0040,0.9968,-0.4798,-0.4400
60.600,-0.6377,-0.2154,0.1960,-0.0040,0.9968,-0.4798,-0.4400
60.612,-0.6414,-0.2155,0.1960,-0.0040,0.9968,-0.4798,-0.4400
60.624,-0.6451,-0.2156,0.1960,-0.0040,0.9968,-0.4798,-0.4400
60.636,-0.6488,-0.2157,0.1960,-0.0040,0.9968,-0.4798,-0.4400
60.648,-0.6526,-0.2158,0.1960,-0.0040,0.9968,-0.4798,-0.4400
60.660,-0.6563,-0.2158,0.1960,-0.0040,0.9968,-0.4798,-0.4400
60.672,-0.6600,-0.2159,0.1960,-0.0040,0.9968,-0.4798,-0.4400
60.684,-0.6638,-0.2160,0.1960,-0.0040,0.9968,-0.4798,-0.4400
60.696,-0.6675,-0.2161,0.1960,-0.0040,0.9968,-0.4798,-0.4400
60.708,-0.6712,-0.2162,0.1960,-0.0040,0.9968,-0.4798,-0.4400
60.720,-0.6750,-0.2162,0.1960,-0.0040,0.9968,-0.4798,-0.4400
60.732,-0.6787,-0.2163,0.1960,-0.0040,0.9968,-0.4798,-0.4400
60.744,-0.6824,-0.2164,0.1960,-0.0040,0.9968,-0.4798,-0.4400
60.756,-0.6862,-0.2165,0.1960,-0.0040,0.9968,-0.4798,-0.4400
60.768,-0.6899,-0.2166,0.1960,-0.0040,0.9968,-0.4798,-0.4400
60.780,-0.6936,-0.2167,0.1960,-0.0040,0.9968,-0.4798,-0.4400
60.792,-0.6974,-0.2167,0.1960,-0.0040,0.9968,-0.4798,-0.4400
60.804,-0.7011,-0.2168,0.1960,-0.0040,0.9968,-0.4798,-0.4400
60.816,-0.7048,-0.2169,0.1960,-0.0040,0.9968,-0.4798,-0.4400
60.828,-0.7085,-0.2170,0.1960,-0.0040,0.9968,-0.4798,-0.4400
60.840,-0.7123,-0.2171,0.1960,-0.0040,0.9968,-0.4798,-0.4400
60.852,-0.7160,-0.2171,0.1960,-0.0040,0.9968,-0.4798,-0.4400
60.864,-0.7197,-0.2172,0.1960,-0.0040,0.9968,-0.4798,-0.4400
60.876,-0.7235,-0.2173,0.1960,-0.0040,0.9968,-0.4798,-0.4400
60.888,-0.7272,-0.2174,0.1960,-0.0040,0.9968,-0.4798,-0.4400
60.900,-0.7309,-0.2175,0.1960,-0.0040,0.9968,-0.4798,-0.4400
60.912,-0.7347,-0.2175,0.1960,-0.0040,0.9968,-0.4798,-0.4400
60.924,-0.7384,-0.2176,0.1960,-0.0040,0.9968,-0.4798,-0.4400
60.936,-0.7421,-0.2177,0.1960,-0.0040,0.9968,-0.4798,-0.4400
60.948,-0.7459,-0.2178,0.1960,-0.0040,0.9968,-0.4798,-0.4400
60.960,-0.7496,-0.2179,0.1960,-0.0040,0.9968,-0.4798,-0.4400
60.972,-0.7533,-0.2179,0.1960,-0.0040,0.9968,-0.4798,-0.4400
60.984,-0.7571,-0.2180,0.1960,-0.0040,0.9968,-0.4798,-0.4400
60.996,-0.7608,-0.2181,0.1960,-0.0040,0.9968,-0.4798,-0.4400
61.008,-0.7645,-0.2182,0.1960,-0.0040,0.9968,-0.4798,-0.4400
61.020,-0.7683,-0.2183,0.1960,-0.0040,0.9968,-0.4798,-0.4400
61.032,-0.7720,-0.2183,0.1960,-0.0040,0.9968,-0.4798,-0.4400
61.044,-0.7757,-0.2184,0.1960,-0.0040,0.9968,-0.4798,-0.4400
61.056,-0.7795,-0.2185,0.1960,-0.0040,0.9968,-0.4798,-0.4400
61.068,-0.7832,-0.2186,0.1960,-0.0040,0.9968,-0.4798,-0.4400
61.080,-0.7869,-0.2187,0.1960,-0.0040,0.9968,-0.4798,-0.4400
61.092,-0.7907,-0.2187,0.1960,-0.0040,0.9968,-0.4798,-0.4400
61.104,-0.7944,-0.2188,0.1960,-0.0040,0.9968,-0.4798,-0.4400
61.116,-0.7981,-0.2189,0.1960,-0.0040,0.9968,-0.4798,-0.4400
61.128,-0.8019,-0.2190,0.1960,-0.0040,0.9968,-0.4798,-0.4400
61.140,-0.8056,-0.2191,0.1960,-0.0040,0.9968,-0.4798,-0.4400
61.152,-0.8093,-0.2191,0.1960,-0.0040,0.9968,-0.4798,-0.4400
61.164,-0.8131,-0.2192,0.1960,-0.0040,0.9968,-0.4798,-0.4400
61.176,-0.8168,-0.2193,0.1960,-0.0040,0.9968,-0.4798,-0.4400
61.188,-0.8205,-0.2194,0.1960,-0.0040,0.9968,-0.4798,-0.4400
61.200,-0.8243,-0.2195,0.1960,-0.0040,0.9968,-0.4798,-0.4400
61.212,-0.8280,-0.2195,0.1960,-0.0040,0.9968,-0.4798,-0.4400
61.224,-0.8317,-0.2196,0.1960,-0.0040,0.9968,-0.4798,-0.4400
61.236,-0.8355,-0.2197,0.1960,-0.0040,0.9968,-0.4798,-0.4400
61.248,-0.8392,-0.2198,0.1960,-0.0040,0.9968,-0.4798,-0.4400
61.260,-0.8429,-0.2199,0.1960,-0.0040,0.9968,-0.4798,-0.4400
61.272,-0.8467,-0.2199,0.1960,-0.0040,0.9968,-0.4798,-0.4400
61.284,-0.8504,-0.2200,0.1960,-0.0040,0.9968,-0.4798,-0.4400
61.296,-0.8541,-0.2201,0.1960,-0.0040,0.9968,-0.4798,-0.4400
61.308,-0.8579,-0.2202,0.1960,-0.0040,0.9968,-0.4798,-0.4400
61.320,-0.8616,-0.2203,0.1960,-0.0040,0.9968,-0.4798,-0.4400
61.332,-0.8653,-0.2203,0.1960,-0.0040,0.9968,-0.4798,-0.4400
61.344,-0.8691,-0.2204,0.1960,-0.0040,0.9968,-0.4798,-0.4400
61.356,-0.8728,-0.2205,0.1960,-0.0040,0.9968,-0.4798,-0.4400
61.368,-0.8765,-0.2206,0.1960,-0.0040,0.9968,-0.4798,-0.4400
61.380,-0.8803,-0.2207,0.1960,-0.0040,0.9968,-0.4798,-0.4400
61.392,-0.8840,-0.2208,0.1960,-0.0040,0.9968,-0.4798,-0.4400
61.404,-0.8877,-0.2208,0.1960,-0.0040,0.9968,-0.4798,-0.4400
61.416,-0.8915,-0.2209,0.1960,-0.0040,0.9968,-0.4798,-0.4400
61.428,-0.8952,-0.2210,0.1960,-0.0040,0.9968,-0.4798,-0.4400
61.440,-0.8989,-0.2211,0.1960,-0.0040,0.9968,-0.4798,-0.4400
61.452,-0.9027,-0.2212,0.1960,-0.0040,0.9968,-0.4798,-0.4400
61.464,-0.9064,-0.2212,0.1960,-0.0040,0.9968,-0.4798,-0.4400
61.476,-0.9101,-0.2213,0.1960,-0.0040,0.9968,-0.4798,-0.4400
61.488,-0.9139,-0.2214,0.1960,-0.0040,0.9968,-0.4798,-0.4400
61.500,-0.9176,-0.2215,0.1960,-0.0040,0.9968,-0.4798,-0.4400
61.512,-0.9213,-0.2216,0.1960,-0.0040,0.9968,-0.4798,-0.4400
61.524,-0.9251,-0.2216,0.1960,-0.0040,0.9968,-0.4798,-0.4400
61.536,-0.9288,-0.2217,0.1960,-0.0040,0.9968,-0.4798,-0.4400
61.548,-0.9325,-0.2218,0.1960,-0.0040,0.9968,-0.4798,-0.4400
61.560,-0.9363,-0.2219,0.1960,-0.0040,0.9968,-0.4798,-0.4400
61.572,-0.9400,-0.2220,0.1960,-0.0040,0.9968,-0.4798,-0.4400
61.584,-0.9437,-0.2220,0.1960,-0.0040,0.9968,-0.4798,-0.4400
61.596,-0.9475,-0.2221,0.1960,-0.0040,0.9968,-0.4798,-0.4400
61.608,-0.9512,-0.2222,0.1960,-0.0040,0.9968,-0.4798,-0.4400
61.620,-0.9549,-0.2223,0.1960,-0.0040,0.9968,-0.4798,-0.4400
61.632,-0.9587,-0.2224,0.1960,-0.0040,0.9968,-0.4798,-0.4400
61.644,-0.9624,-0.2224,0.1960,-0.0040,0.9968,-0.4798,-0.4400
61.656,-0.9661,-0.2225,0.1960,-0.0040,0.9968,-0.4798,-0.4400
61.668,-0.9699,-0.2226,0.1960,-0.0040,0.9968,-0.4798,-0.4400
61.680,-0.9736,-0.2227,0.1960,-0.0040,0.9968,-0.4798,-0.4400
61.692,-0.9773,-0.2228,0.1960,-0.0040,0.9968,-0.4798,-0.4400
61.704,-0.9811,-0.2228,0.1960,-0.0040,0.9968,-0.4798,-0.4400
61.716,-0.9848,-0.2229,0.1960,-0.0040,0.9968,-0.4798,-0.4400
61.728,-0.9885,-0.2230,0.1960,-0.0040,0.9968,-0.4798,-0.4400
61.740,-0.9923,-0.2231,0.1960,-0.0040,0.9968,-0.4798,-0.4400
61.752,-0.9960,-0.2232,0.1960,-0.0040,0.9968,-0.4798,-0.4400
61.764,-0.9997,-0.2232,0.1960,-0.0040,0.9968,-0.4798,-0.4400
61.776,-1.0035,-0.2233,0.1960,-0.0040,0.9968,-0.4798,-0.4400
61.788,-1.0072,-0.2234,0.1960,-0.0040,0.9968,-0.4798,-0.4400
61.800,-1.0109,-0.2235,0.1960,-0.0040,0.9968,-0.4798,-0.4400
61.812,-1.0147,-0.2236,0.1960,-0.0040,0.9968,-0.4798,-0.4400
61.824,-1.0184,-0.2236,0.1960,-0.0040,0.9968,-0.4798,-0.4400
61.836,-1.0221,-0.2237,0.1960,-0.0040,0.9968,-0.4798,-0.4400
61.848,-1.0259,-0.2238,0.1960,-0.0040,0.9968,-0.4798,-0.4400
61.860,-1.0296,-0.2239,0.1960,-0.0040,0.9968,-0.4798,-0.4400
61.872,-1.0333,-0.2240,0.1960,-0.0040,0.9968,-0.4798,-0.4400
61.884,-1.0371,-0.2240,0.1960,-0.0040,0.9968,-0.4798,-0.4400
61.896,-1.0408,-0.2241,0.1960,-0.0040,0.9968,-0.4798,-0.4400
61.908,-1.0445,-0.2242,0.1960,-0.0040,0.9968,-0.4798,-0.4400
61.920,-1.0483,-0.2243,0.1960,-0.0040,0.9968,-0.4798,-0.4400
61.932,-1.0520,-0.2244,0.1960,-0.0040,0.9968,-0.4798,-0.4400
61.944,-1.0557,-0.2245,0.1960,-0.0040,0.9968,-0.4798,-0.4400
61.956,-1.0595,-0.2245,0.1960,-0.0040,0.9968,-0.4798,-0.4400
61.968,-1.0632,-0.2246,0.1960,-0.0040,0.9968,-0.4798,-0.4400
61.980,-1.0669,-0.2247,0.1960,-0.0040,0.9968,-0.4798,-0.4400
61.992,-1.0707,-0.2248,0.1960,-0.0040,0.9968,-0.4798,-0.4400
62.004,-1.0744,-0.2249,0.1960,-0.0040,0.9968,-0.4798,-0.4400
62.016,-1.0780,-0.2249,0.1960,-0.0040,0.9968,-0.4798,-0.4400
62.028,-1.0811,-0.2250,0.1960,-0.0040,0.9968,-0.4798,-0.4400
62.040,-1.0839,-0.2251,0.1960,-0.0040,0.9968,-0.4798,-0.4400
62.052,-1.0864,-0.2251,0.1960,-0.0040,0.9968,-0.4798,-0.4400
62.064,-1.0885,-0.2252,0.1960,-0.0040,0.9968,-0.4798,-0.4400
62.076,-1.0904,-0.2252,0.1960,-0.0040,0.9968,-0.4798,-0.4400
62.088,-1.0921,-0.2252,0.1960,-0.0040,0.9968,-0.4798,-0.4400
62.100,-1.0921,-0.2252,0.1960,-0.0040,0.9968,-0.4798,-0.4400
62.112,-1.0921,-0.2249,0.1957,-0.0040,0.9969,-0.4804,-0.4400
62.124,-1.0921,-0.2242,0.1950,-0.0040,0.9972,-0.4814,-0.4400
62.136,-1.0921,-0.2233,0.1941,-0.0040,0.9976,-0.4829,-0.4400
62.148,-1.0922,-0.2221,0.1930,-0.0040,0.9981,-0.4848,-0.4400
62.160,-1.0922,-0.2208,0.1916,-0.0041,0.9986,-0.4870,-0.4400
62.172,-1.0923,-0.2192,0.1901,-0.0041,0.9993,-0.4895,-0.4400
62.184,-1.0923,-0.2175,0.1884,-0.0041,1.0000,-0.4922,-0.4400
62.196,-1.0924,-0.2156,0.1866,-0.0041,1.0008,-0.4952,-0.4400
62.208,-1.0924,-0.2136,0.1847,-0.0041,1.0016,-0.4984,-0.4400
62.220,-1.0925,-0.2115,0.1826,-0.0041,1.0025,-0.5017,-0.4400
62.232,-1.0926,-0.2093,0.1805,-0.0042,1.0034,-0.5053,-0.4400
62.244,-1.0926,-0.2071,0.1782,-0.0042,1.0044,-0.5089,-0.4400
62.256,-1.0927,-0.2047,0.1759,-0.0042,1.0053,-0.5127,-0.4400
62.268,-1.0928,-0.2023,0.1736,-0.0042,1.0064,-0.5166,-0.4400
62.280,-1.0929,-0.1998,0.1711,-0.0043,1.0074,-0.5206,-0.4400
62.292,-1.0929,-0.1973,0.1687,-0.0043,1.0085,-0.5246,-0.4400
62.304,-1.0930,-0.1947,0.1661,-0.0043,1.0095,-0.5287,-0.4400
62.316,-1.0931,-0.1921,0.1636,-0.0043,1.0106,-0.5329,-0.4400
62.328,-1.0932,-0.1894,0.1610,-0.0044,1.0117,-0.5372,-0.4400
62.340,-1.0933,-0.1867,0.1584,-0.0044,1.0129,-0.5415,-0.4400
62.352,-1.0934,-0.1840,0.1557,-0.0044,1.0140,-0.5458,-0.4400
62.364,-1.0934,-0.1813,0.1530,-0.0044,1.0151,-0.5502,-0.4400
62.376,-1.0935,-0.1785,0.1504,-0.0045,1.0163,-0.5546,-0.4400
62.388,-1.0936,-0.1758,0.1476,-0.0045,1.0174,-0.5591,-0.4400
62.400,-1.0937,-0.1730,0.1449,-0.0045,1.0186,-0.5635,-0.4400
62.412,-1.0938,-0.1702,0.1422,-0.0045,1.0198,-0.5680,-0.4400
62.424,-1.0939,-0.1673,0.1394,-0.0046,1.0210,-0.5725,-0.4400
62.436,-1.0940,-0.1645,0.1367,-0.0046,1.0221,-0.5771,-0.4400
62.448,-1.0941,-0.1617,0.1339,-0.0046,1.0233,-0.5816,-0.4400
62.460,-1.0942,-0.1588,0.1311,-0.0046,1.0245,-0.5862,-0.4400
62.472,-1.0942,-0.1560,0.1283,-0.0047,1.0257,-0.5908,-0.4400
62.484,-1.0943,-0.1531,0.1255,-0.0047,1.0269,-0.5953,-0.4400
62.496,-1.0944,-0.1502,0.1227,-0.0047,1.0281,-0.5999,-0.4400
62.508,-1.0945,-0.1474,0.1199,-0.0047,1.0293,-0.6045,-0.4400
62.520,-1.0946,-0.1445,0.1171,-0.0048,1.0305,-0.6091,-0.4400
62.532,-1.0947,-0.1416,0.1143,-0.0048,1.0317,-0.6138,-0.4400
62.544,-1.0948,-0.1387,0.1115,-0.0048,1.0329,-0.6184,-0.4400
62.556,-1.0949,-0.1359,0.1086,-0.0049,1.0341,-0.6230,-0.4400
62.568,-1.0950,-0.1330,0.1058,-0.0049,1.0353,-0.6276,-0.4400
62.580,-1.0951,-0.1301,0.1030,-0.0049,1.0365,-0.6323,-0.4400
62.592,-1.0951,-0.1272,0.1002,-0.0049,1.0377,-0.6369,-0.4400
62.604,-1.0952,-0.1243,0.0973,-0.0050,1.0390,-0.6415,-0.4400
62.616,-1.0953,-0.1214,0.0945,-0.0050,1.0402,-0.6462,-0.4400
62.628,-1.0954,-0.1185,0.0917,-0.0050,1.0414,-0.6508,-0.4400
62.640,-1.0955,-0.1156,0.0888,-0.0051,1.0426,-0.6555,-0.4400
62.652,-1.0956,-0.1127,0.0860,-0.0051,1.0438,-0.6601,-0.4400
62.664,-1.0957,-0.1098,0.0832,-0.0051,1.0450,-0.6648,-0.4400
62.676,-1.0958,-0.1069,0.0803,-0.0051,1.0462,-0.6694,-0.4400
62.688,-1.0959,-0.1040,0.0775,-0.0052,1.0474,-0.6741,-0.4400
62.700,-1.0960,-0.1011,0.0747,-0.0052,1.0487,-0.6787,-0.4400
62.712,-1.0961,-0.0982,0.0718,-0.0052,1.0499,-0.6834,-0.4400
62.724,-1.0962,-0.0953,0.0690,-0.0052,1.0511,-0.6880,-0.4400
62.736,-1.0962,-0.0924,0.0661,-0.0053,1.0523,-0.6927,-0.4400
62.748,-1.0963,-0.0894,0.0633,-0.0053,1.0535,-0.6974,-0.4400
62.760,-1.0964,-0.0865,0.0605,-0.0053,1.0547,-0.7020,-0.4400
62.772,-1.0965,-0.0836,0.0576,-0.0054,1.0559,-0.7067,-0.4400
62.784,-1.0966,-0.0807,0.0548,-0.0054,1.0572,-0.7113,-0.4400
62.796,-1.0967,-0.0778,0.0519,-0.0054,1.0584,-0.7160,-0.4400
62.808,-1.0968,-0.0749,0.0491,-0.0054,1.0596,-0.7206,-0.4400
62.820,-1.0969,-0.0720,0.0463,-0.0055,1.0608,-0.7253,-0.4400
62.832,-1.0970,-0.0691,0.0434,-0.0055,1.0620,-0.7300,-0.4400
62.844,-1.0971,-0.0662,0.0406,-0.0055,1.0632,-0.7346,-0.4400
62.856,-1.0972,-0.0633,0.0377,-0.0055,1.0645,-0.7393,-0.4400
62.868,-1.0973,-0.0604,0.0349,-0.0056,1.0657,-0.7439,-0.4400
62.880,-1.0973,-0.0575,0.0320,-0.0056,1.0669,-0.7486,-0.4400
62.892,-1.0974,-0.0546,0.0292,-0.0056,1.0681,-0.7533,-0.4400
62.904,-1.0975,-0.0516,0.0264,-0.0057,1.0693,-0.7579,-0.4400
62.916,-1.0976,-0.0487,0.0235,-0.0057,1.0705,-0.7626,-0.4400
62.928,-1.0977,-0.0458,0.0207,-0.0057,1.0717,-0.7672,-0.4400
62.940,-1.0978,-0.0429,0.0178,-0.0057,1.0730,-0.7719,-0.4400
62.952,-1.0979,-0.0400,0.0150,-0.0058,1.0742,-0.7766,-0.4400
62.964,-1.0980,-0.0371,0.0121,-0.0058,1.0754,-0.7812,-0.4400
62.976,-1.0981,-0.0342,0.0093,-0.0058,1.0766,-0.7859,-0.4400
62.988,-1.0982,-0.0313,0.0065,-0.0058,1.0778,-0.7905,-0.4400
63.000,-1.0983,-0.0284,0.0036,-0.0059,1.0790,-0.7952,-0.4400
63.012,-1.0984,-0.0255,0.0008,-0.0059,1.0803,-0.7999,-0.4400
63.024,-1.0984,-0.0226,-0.0021,-0.0059,1.0815,-0.8045,-0.4400
63.036,-1.0985,-0.0196,-0.0049,-0.0060,1.0827,-0.8092,-0.4400
63.048,-1.0986,-0.0167,-0.0078,-0.0060,1.0839,-0.8139,-0.4400
63.060,-1.0987,-0.0138,-0.0106,-0.0060,1.0851,-0.8185,-0.4400
63.072,-1.0988,-0.0109,-0.0134,-0.0060,1.0863,-0.8232,-0.4400
63.084,-1.0989,-0.0080,-0.0163,-0.0061,1.0876,-0.8278,-0.4400
63.096,-1.0990,-0.0051,-0.0191,-0.0061,1.0888,-0.8325,-0.4400
63.108,-1.0991,-0.0022,-0.0220,-0.0061,1.0900,-0.8372,-0.4400
63.120,-1.0992,0.0007,-0.0248,-0.0061,1.0912,-0.8418,-0.4400
63.132,-1.0993,0.0036,-0.0277,-0.0062,1.0924,-0.8465,-0.4400
63.144,-1.0994,0.0065,-0.0305,-0.0062,1.0936,-0.8511,-0.4400
63.156,-1.0994,0.0094,-0.0333,-0.0062,1.0949,-0.8558,-0.4400
63.168,-1.0995,0.0124,-0.0362,-0.0063,1.0961,-0.8605,-0.4400
63.180,-1.0996,0.0153,-0.0390,-0.0063,1.0973,-0.8651,-0.4400
63.192,-1.0997,0.0182,-0.0419,-0.0063,1.0985,-0.8698,-0.4400
63.204,-1.0998,0.0211,-0.0447,-0.0063,1.0997,-0.8745,-0.4400
63.216,-1.0999,0.0240,-0.0476,-0.0064,1.1009,-0.8791,-0.4400
63.228,-1.1000,0.0269,-0.0504,-0.0064,1.1021,-0.8838,-0.4400
63.240,-1.1001,0.0298,-0.0532,-0.0064,1.1034,-0.8884,-0.4400
63.252,-1.1002,0.0327,-0.0561,-0.0065,1.1046,-0.8931,-0.4400
63.264,-1.1003,0.0356,-0.0589,-0.0065,1.1058,-0.8978,-0.4400
63.276,-1.1004,0.0385,-0.0618,-0.0065,1.1070,-0.9024,-0.4400
63.288,-1.1005,0.0414,-0.0646,-0.0065,1.1082,-0.9071,-0.4400
63.300,-1.1005,0.0444,-0.0675,-0.0066,1.1094,-0.9117,-0.4400
63.312,-1.1006,0.0473,-0.0703,-0.0066,1.1107,-0.9164,-0.4400
63.324,-1.1007,0.0502,-0.0732,-0.0066,1.1119,-0.9211,-0.4400
63.336,-1.1008,0.0531,-0.0760,-0.0066,1.1131,-0.9257,-0.4400
63.348,-1.1009,0.0560,-0.0788,-0.0067,1.1143,-0.9304,-0.4400
63.360,-1.1010,0.0589,-0.0817,-0.0067,1.1155,-0.9350,-0.4400
63.372,-1.1011,0.0618,-0.0845,-0.0067,1.1167,-0.9397,-0.4400
63.384,-1.1012,0.0647,-0.0874,-0.0068,1.1180,-0.9444,-0.4400
63.396,-1.1013,0.0676,-0.0902,-0.0068,1.1192,-0.9490,-0.4400
63.408,-1.1014,0.0705,-0.0931,-0.0068,1.1204,-0.9537,-0.4400
63.420,-1.1015,0.0734,-0.0959,-0.0068,1.1216,-0.9584,-0.4400
63.432,-1.1016,0.0764,-0.0987,-0.0069,1.1228,-0.9630,-0.4400
63.444,-1.1016,0.0793,-0.1016,-0.0069,1.1240,-0.9677,-0.4400
63.456,-1.1017,0.0822,-0.1044,-0.0069,1.1253,-0.9723,-0.4400
63.468,-1.1018,0.0851,-0.1073,-0.0069,1.1265,-0.9770,-0.4400
63.480,-1.1019,0.0880,-0.1101,-0.0070,1.1277,-0.9817,-0.4400
63.492,-1.1020,0.0909,-0.1130,-0.0070,1.1289,-0.9863,-0.4400
63.504,-1.1021,0.0938,-0.1158,-0.0070,1.1301,-0.9910,-0.4400
63.516,-1.1022,0.0967,-0.1186,-0.0071,1.1313,-0.9956,-0.4400
63.528,-1.1023,0.0996,-0.1215,-0.0071,1.1326,-1.0003,-0.4400
63.540,-1.1024,0.1025,-0.1243,-0.0071,1.1338,-1.0050,-0.4400
63.552,-1.1025,0.1054,-0.1272,-0.0071,1.1350,-1.0096,-0.4400
63.564,-1.1026,0.1084,-0.1300,-0.0072,1.1362,-1.0143,-0.4400
63.576,-1.1027,0.1113,-0.1329,-0.0072,1.1374,-1.0190,-0.4400
63.588,-1.1027,0.1142,-0.1357,-0.0072,1.1386,-1.0236,-0.4400
63.600,-1.1028,0.1171,-0.1385,-0.0072,1.1398,-1.0283,-0.4400
63.612,-1.1029,0.1200,-0.1414,-0.0073,1.1411,-1.0329,-0.4400
63.624,-1.1030,0.1229,-0.1442,-0.0073,1.1423,-1.0376,-0.4400
63.636,-1.1031,0.1258,-0.1471,-0.0073,1.1435,-1.0423,-0.4400
63.648,-1.1032,0.1287,-0.1499,-0.0074,1.1447,-1.0469,-0.4400
63.660,-1.1033,0.1316,-0.1528,-0.0074,1.1459,-1.0516,-0.4400
63.672,-1.1034,0.1345,-0.1556,-0.0074,1.1471,-1.0562,-0.4400
63.684,-1.1035,0.1375,-0.1584,-0.0074,1.1484,-1.0609,-0.4400
63.696,-1.1036,0.1404,-0.1613,-0.0075,1.1496,-1.0656,-0.4400
63.708,-1.1037,0.1430,-0.1639,-0.0075,1.1507,-1.0699,-0.4400
63.720,-1.1037,0.1454,-0.1662,-0.0075,1.1517,-1.0736,-0.4400
63.732,-1.1038,0.1475,-0.1682,-0.0075,1.1525,-1.0769,-0.4400
63.744,-1.1038,0.1493,-0.1700,-0.0076,1.1533,-1.0799,-0.4400
63.756,-1.1039,0.1509,-0.1716,-0.0076,1.1540,-1.0824,-0.4400
63.768,-1.1039,0.1523,-0.1730,-0.0076,1.1546,-1.0847,-0.4400
63.780,-1.1040,0.1535,-0.1742,-0.0076,1.1551,-1.0867,-0.4400
63.792,-1.1040,0.1535,-0.1742,-0.0076,1.1551,-1.0867,-0.4400
63.804,-1.1040,0.1541,-0.1742,-0.0076,1.1551,-1.0867,-0.4400
63.816,-1.1040,0.1551,-0.1742,-0.0076,1.1551,-1.0867,-0.4400
63.828,-1.1040,0.1565,-0.1742,-0.0076,1.1551,-1.0868,-0.4400
63.840,-1.1040,0.1583,-0.1743,-0.0076,1.1551,-1.0869,-0.4400
63.852,-1.1040,0.1604,-0.1743,-0.0076,1.1551,-1.0869,-0.4400
63.864,-1.1040,0.1628,-0.1744,-0.0076,1.1552,-1.0870,-0.4400
63.876,-1.1040,0.1654,-0.1744,-0.0076,1.1552,-1.0871,-0.4400
63.888,-1.1040,0.1683,-0.1745,-0.0076,1.1552,-1.0872,-0.4400
63.900,-1.1040,0.1713,-0.1745,-0.0076,1.1552,-1.0873,-0.4400
63.912,-1.1040,0.1745,-0.1746,-0.0076,1.1553,-1.0874,-0.4400
63.924,-1.1040,0.1779,-0.1747,-0.0076,1.1553,-1.0875,-0.4400
63.936,-1.1040,0.1814,-0.1747,-0.0076,1.1553,-1.0876,-0.4400
63.948,-1.1040,0.1850,-0.1748,-0.0076,1.1554,-1.0877,-0.4400
63.960,-1.1040,0.1887,-0.1749,-0.0076,1.1554,-1.0879,-0.4400
63.972,-1.1040,0.1925,-0.1750,-0.0076,1.1554,-1.0880,-0.4400
63.984,-1.1040,0.1964,-0.1750,-0.0076,1.1555,-1.0881,-0.4400
63.996,-1.1040,0.2003,-0.1751,-0.0076,1.1555,-1.0882,-0.4400
64.008,-1.1040,0.2043,-0.1752,-0.0076,1.1555,-1.0884,-0.4400
64.020,-1.1040,0.2084,-0.1753,-0.0076,1.1556,-1.0885,-0.4400
64.032,-1.1040,0.2125,-0.1754,-0.0076,1.1556,-1.0886,-0.4400
64.044,-1.1040,0.2167,-0.1754,-0.0076,1.1556,-1.0888,-0.4400
64.056,-1.1040,0.2208,-0.1755,-0.0076,1.1557,-1.0889,-0.4400
64.068,-1.1040,0.2251,-0.1756,-0.0076,1.1557,-1.0890,-0.4400
64.080,-1.1040,0.2293,-0.1757,-0.0076,1.1557,-1.0892,-0.4400
64.092,-1.1040,0.2336,-0.1758,-0.0076,1.1558,-1.0893,-0.4400
64.104,-1.1040,0.2379,-0.1759,-0.0076,1.1558,-1.0895,-0.4400
64.116,-1.1040,0.2422,-0.1759,-0.0076,1.1558,-1.0896,-0.4400
64.128,-1.1040,0.2465,-0.1760,-0.0076,1.1559,-1.0897,-0.4400
64.140,-1.1040,0.2509,-0.1761,-0.0076,1.1559,-1.0899,-0.4400
64.152,-1.1040,0.2552,-0.1762,-0.0076,1.1560,-1.0900,-0.4400
64.164,-1.1041,0.2596,-0.1763,-0.0076,1.1560,-1.0902,-0.4400
64.176,-1.1041,0.2640,-0.1764,-0.0076,1.1560,-1.0903,-0.4400
64.188,-1.1041,0.2684,-0.1765,-0.0076,1.1561,-1.0905,-0.4400
64.200,-1.1041,0.2728,-0.1766,-0.0076,1.1561,-1.0906,-0.4400
64.212,-1.1041,0.2772,-0.1766,-0.0076,1.1561,-1.0908,-0.4400
64.224,-1.1041,0.2816,-0.1767,-0.0076,1.1562,-1.0909,-0.4400
64.236,-1.1041,0.2860,-0.1768,-0.0076,1.1562,-1.0910,-0.4400
64.248,-1.1041,0.2904,-0.1769,-0.0076,1.1563,-1.0912,-0.4400
64.260,-1.1041,0.2948,-0.1770,-0.0076,1.1563,-1.0913,-0.4400
64.272,-1.1041,0.2993,-0.1771,-0.0076,1.1563,-1.0915,-0.4400
64.284,-1.1041,0.3037,-0.1772,-0.0076,1.1564,-1.0916,-0.4400
64.296,-1.1041,0.3081,-0.1773,-0.0076,1.1564,-1.0918,-0.4400
64.308,-1.1041,0.3126,-0.1774,-0.0076,1.1564,-1.0919,-0.4400
64.320,-1.1041,0.3170,-0.1774,-0.0076,1.1565,-1.0921,-0.4400
64.332,-1.1041,0.3214,-0.1775,-0.0076,1.1565,-1.0922,-0.4400
64.344,-1.1041,0.3259,-0.1776,-0.0076,1.1566,-1.0923,-0.4400
64.356,-1.1041,0.3303,-0.1777,-0.0076,1.1566,-1.0925,-0.4400
64.368,-1.1041,0.3348,-0.1778,-0.0076,1.1566,-1.0926,-0.4400
64.380,-1.1041,0.3392,-0.1779,-0.0076,1.1567,-1.0928,-0.4400
64.392,-1.1041,0.3437,-0.1780,-0.0076,1.1567,-1.0929,-0.4400
64.404,-1.1041,0.3481,-0.1781,-0.0076,1.1568,-1.0931,-0.4400
64.416,-1.1041,0.3526,-0.1782,-0.0076,1.1568,-1.0932,-0.4400
64.428,-1.1041,0.3570,-0.1782,-0.0076,1.1568,-1.0934,-0.4400
64.440,-1.1041,0.3615,-0.1783,-0.0076,1.1569,-1.0935,-0.4400
64.452,-1.1041,0.3659,-0.1784,-0.0076,1.1569,-1.0937,-0.4400
64.464,-1.1041,0.3704,-0.1785,-0.0076,1.1569,-1.0938,-0.4400
64.476,-1.1041,0.3748,-0.1786,-0.0076,1.1570,-1.0940,-0.4400
64.488,-1.1041,0.3793,-0.1787,-0.0076,1.1570,-1.0941,-0.4400
64.500,-1.1041,0.3837,-0.1788,-0.0076,1.1571,-1.0942,-0.4400
64.512,-1.1041,0.3882,-0.1789,-0.0076,1.1571,-1.0944,-0.4400
64.524,-1.1041,0.3926,-0.1790,-0.0076,1.1571,-1.0945,-0.4400
64.536,-1.1041,0.3971,-0.1790,-0.0076,1.1572,-1.0947,-0.4400
64.548,-1.1041,0.4015,-0.1791,-0.0076,1.1572,-1.0948,-0.4400
64.560,-1.1041,0.4060,-0.1792,-0.0076,1.1572,-1.0950,-0.4400
64.572,-1.1041,0.4104,-0.1793,-0.0076,1.1573,-1.0951,-0.4400
64.584,-1.1042,0.4149,-0.1794,-0.0076,1.1573,-1.0953,-0.4400
64.596,-1.1042,0.4193,-0.1795,-0.0076,1.1574,-1.0954,-0.4400
64.608,-1.1042,0.4238,-0.1796,-0.0076,1.1574,-1.0956,-0.4400
64.620,-1.1042,0.4282,-0.1797,-0.0076,1.1574,-1.0957,-0.4400
64.632,-1.1042,0.4327,-0.1798,-0.0076,1.1575,-1.0959,-0.4400
64.644,-1.1042,0.4372,-0.1798,-0.0076,1.1575,-1.0960,-0.4400
64.656,-1.1042,0.4416,-0.1799,-0.0076,1.1576,-1.0961,-0.4400
64.668,-1.1042,0.4461,-0.1800,-0.0076,1.1576,-1.0963,-0.4400
64.680,-1.1042,0.4505,-0.1801,-0.0077,1.1576,-1.0964,-0.4400
64.692,-1.1042,0.4550,-0.1802,-0.0077,1.1577,-1.0966,-0.4400
64.704,-1.1042,0.4594,-0.1803,-0.0077,1.1577,-1.0967,-0.4400
64.716,-1.1042,0.4639,-0.1804,-0.0077,1.1577,-1.0969,-0.4400
64.728,-1.1042,0.4683,-0.1805,-0.0077,1.1578,-1.0970,-0.4400
64.740,-1.1042,0.4728,-0.1806,-0.0077,1.1578,-1.0972,-0.4400
64.752,-1.1042,0.4772,-0.1807,-0.0077,1.1579,-1.0973,-0.4400
64.764,-1.1042,0.4817,-0.1807,-0.0077,1.1579,-1.0975,-0.4400
64.776,-1.1042,0.4862,-0.1808,-0.0077,1.1579,-1.0976,-0.4400
64.788,-1.1042,0.4906,-0.1809,-0.0077,1.1580,-1.0977,-0.4400
64.800,-1.1042,0.4951,-0.1810,-0.0077,1.1580,-1.0979,-0.4400
64.812,-1.1042,0.4995,-0.1811,-0.0077,1.1580,-1.0980,-0.4400
64.824,-1.1042,0.5040,-0.1812,-0.0077,1.1581,-1.0982,-0.4400
64.836,-1.1042,0.5084,-0.1813,-0.0077,1.1581,-1.0983,-0.4400
64.848,-1.1042,0.5129,-0.1814,-0.0077,1.1582,-1.0985,-0.4400
64.860,-1.1042,0.5173,-0.1815,-0.0077,1.1582,-1.0986,-0.4400
64.872,-1.1042,0.5218,-0.1815,-0.0077,1.1582,-1.0988,-0.4400
64.884,-1.1042,0.5262,-0.1816,-0.0077,1.1583,-1.0989,-0.4400
64.896,-1.1042,0.5307,-0.1817,-0.0077,1.1583,-1.0991,-0.4400
64.908,-1.1042,0.5351,-0.1818,-0.0077,1.1584,-1.0992,-0.4400
64.920,-1.1042,0.5396,-0.1819,-0.0077,1.1584,-1.0994,-0.4400
64.932,-1.1042,0.5441,-0.1820,-0.0077,1.1584,-1.0995,-0.4400
64.944,-1.1042,0.5485,-0.1821,-0.0077,1.1585,-1.0996,-0.4400
64.956,-1.1042,0.5530,-0.1822,-0.0077,1.1585,-1.0998,-0.4400
64.968,-1.1042,0.5574,-0.1823,-0.0077,1.1585,-1.0999,-0.4400
64.980,-1.1042,0.5619,-0.1823,-0.0077,1.1586,-1.1001,-0.4400
64.992,-1.1042,0.5663,-0.1824,-0.0077,1.1586,-1.1002,-0.4400
65.004,-1.1043,0.5703,-0.1825,-0.0077,1.1587,-1.1004,-0.4400
65.016,-1.1043,0.5737,-0.1826,-0.0077,1.1587,-1.1005,-0.4400
65.028,-1.1043,0.5767,-0.1826,-0.0077,1.1587,-1.1006,-0.4400
65.040,-1.1043,0.5794,-0.1827,-0.0077,1.1587,-1.1007,-0.4400
65.052,-1.1043,0.5818,-0.1827,-0.0077,1.1588,-1.1007,-0.4400
65.064,-1.1043,0.5838,-0.1828,-0.0077,1.1588,-1.1008,-0.4400
65.076,-1.1043,0.5856,-0.1828,-0.0077,1.1588,-1.1009,-0.4400
65.088,-1.1043,0.5872,-0.1829,-0.0077,1.1588,-1.1009,-0.4395
65.100,-1.1043,0.5887,-0.1829,-0.0077,1.1588,-1.1010,-0.4385
65.112,-1.1043,0.5899,-0.1829,-0.0077,1.1588,-1.1010,-0.4371
65.124,-1.1043,0.5910,-0.1829,-0.0077,1.1588,-1.1010,-0.4353
65.136,-1.1043,0.5920,-0.1829,-0.0077,1.1588,-1.1011,-0.4332
65.148,-1.1043,0.5928,-0.1830,-0.0077,1.1588,-1.1011,-0.4309
65.160,-1.1043,0.5935,-0.1830,-0.0077,1.1589,-1.1011,-0.4283
65.172,-1.1043,0.5942,-0.1830,-0.0077,1.1589,-1.1011,-0.4255
65.184,-1.1043,0.5948,-0.1830,-0.0077,1.1589,-1.1012,-0.4225
65.196,-1.1043,0.5953,-0.1830,-0.0077,1.1589,-1.1012,-0.4193
65.208,-1.1043,0.5957,-0.1830,-0.0077,1.1589,-1.1012,-0.4160
65.220,-1.1043,0.5961,-0.1830,-0.0077,1.1589,-1.1012,-0.4125
65.232,-1.1043,0.5965,-0.1830,-0.0077,1.1589,-1.1012,-0.4089
65.244,-1.1043,0.5968,-0.1830,-0.0077,1.1589,-1.1012,-0.4053
65.256,-1.1043,0.5970,-0.1830,-0.0077,1.1589,-1.1012,-0.4015
65.268,-1.1043,0.5973,-0.1831,-0.0077,1.1589,-1.1012,-0.3977
65.280,-1.1043,0.5975,-0.1831,-0.0077,1.1589,-1.1013,-0.3938
65.292,-1.1043,0.5977,-0.1831,-0.0077,1.1589,-1.1013,-0.3898
65.304,-1.1043,0.5978,-0.1831,-0.0077,1.1589,-1.1013,-0.3858
65.316,-1.1043,0.5980,-0.1831,-0.0077,1.1589,-1.1013,-0.3818
65.328,-1.1043,0.5981,-0.1831,-0.0077,1.1589,-1.1013,-0.3777
65.340,-1.1043,0.5982,-0.1831,-0.0077,1.1589,-1.1013,-0.3735
65.352,-1.1043,0.5983,-0.1831,-0.0077,1.1589,-1.1013,-0.3694
65.364,-1.1043,0.5984,-0.1831,-0.0077,1.1589,-1.1013,-0.3652
65.376,-1.1043,0.5985,-0.1831,-0.0077,1.1589,-1.1013,-0.3609
65.388,-1.1043,0.5985,-0.1831,-0.0077,1.1589,-1.1013,-0.3567
65.400,-1.1043,0.5986,-0.1831,-0.0077,1.1589,-1.1013,-0.3524
65.412,-1.1043,0.5986,-0.1831,-0.0077,1.1589,-1.1013,-0.3482
65.424,-1.1043,0.5987,-0.1831,-0.0077,1.1589,-1.1013,-0.3439
65.436,-1.1043,0.5987,-0.1831,-0.0077,1.1589,-1.1013,-0.3396
65.448,-1.1043,0.5987,-0.1831,-0.0077,1.1589,-1.1013,-0.3353
65.460,-1.1043,0.5988,-0.1831,-0.0077,1.1589,-1.1013,-0.3309
65.472,-1.1043,0.5988,-0.1831,-0.0077,1.1589,-1.1013,-0.3266
65.484,-1.1043,0.5988,-0.1831,-0.0077,1.1589,-1.1013,-0.3222
65.496,-1.1043,0.5988,-0.1831,-0.0077,1.1589,-1.1013,-0.3179
65.508,-1.1043,0.5989,-0.1831,-0.0077,1.1589,-1.1013,-0.3135
65.520,-1.1043,0.5989,-0.1831,-0.0077,1.1589,-1.1013,-0.3092
65.532,-1.1043,0.5989,-0.1831,-0.0077,1.1589,-1.1013,-0.3048
65.544,-1.1043,0.5989,-0.1831,-0.0077,1.1589,-1.1013,-0.3004
65.556,-1.1043,0.5989,-0.1831,-0.0077,1.1589,-1.1013,-0.2961
65.568,-1.1043,0.5989,-0.1831,-0.0077,1.1589,-1.1013,-0.2917
65.580,-1.1043,0.5989,-0.1831,-0.0077,1.1589,-1.1013,-0.2873
65.592,-1.1043,0.5989,-0.1831,-0.0077,1.1589,-1.1013,-0.2829
65.604,-1.1043,0.5989,-0.1831,-0.0077,1.1589,-1.1013,-0.2786
65.616,-1.1043,0.5990,-0.1831,-0.0077,1.1589,-1.1013,-0.2742
65.628,-1.1043,0.5990,-0.1831,-0.0077,1.1589,-1.1013,-0.2698
65.640,-1.1043,0.5990,-0.1831,-0.0077,1.1589,-1.1013,-0.2654
65.652,-1.1043,0.5990,-0.1831,-0.0077,1.1589,-1.1013,-0.2610
65.664,-1.1043,0.5990,-0.1831,-0.0077,1.1589,-1.1013,-0.2566
65.676,-1.1043,0.5990,-0.1831,-0.0077,1.1589,-1.1013,-0.2522
65.688,-1.1043,0.5990,-0.1831,-0.0077,1.1589,-1.1013,-0.2478
65.700,-1.1043,0.5990,-0.1831,-0.0077,1.1589,-1.1013,-0.2434
65.712,-1.1043,0.5990,-0.1831,-0.0077,1.1589,-1.1013,-0.2390
65.724,-1.1043,0.5990,-0.1831,-0.0077,1.1589,-1.1013,-0.2346
65.736,-1.1043,0.5990,-0.1831,-0.0077,1.1589,-1.1013,-0.2302
65.748,-1.1043,0.5990,-0.1831,-0.0077,1.1589,-1.1013,-0.2258
65.760,-1.1043,0.5990,-0.1831,-0.0077,1.1589,-1.1013,-0.2214
65.772,-1.1043,0.5990,-0.1831,-0.0077,1.1589,-1.1013,-0.2170
65.784,-1.1043,0.5990,-0.1831,-0.0077,1.1589,-1.1013,-0.2126
65.796,-1.1043,0.5990,-0.1831,-0.0077,1.1589,-1.1013,-0.2083
65.808,-1.1043,0.5990,-0.1831,-0.0077,1.1589,-1.1013,-0.2039
65.820,-1.1043,0.5990,-0.1831,-0.0077,1.1589,-1.1013,-0.1995
65.832,-1.1043,0.5990,-0.1831,-0.0077,1.1589,-1.1013,-0.1951
65.844,-1.1043,0.5990,-0.1831,-0.0077,1.1589,-1.1013,-0.1907
65.856,-1.1043,0.5990,-0.1831,-0.0077,1.1589,-1.1013,-0.1863
65.868,-1.1043,0.5990,-0.1831,-0.0077,1.1589,-1.1013,-0.1819
65.880,-1.1043,0.5990,-0.1831,-0.0077,1.1589,-1.1013,-0.1775
65.892,-1.1043,0.5990,-0.1831,-0.0077,1.1589,-1.1013,-0.1731
65.904,-1.1043,0.5990,-0.1831,-0.0077,1.1589,-1.1013,-0.1687
65.916,-1.1043,0.5990,-0.1831,-0.0077,1.1589,-1.1013,-0.1643
65.928,-1.1043,0.5990,-0.1831,-0.0077,1.1589,-1.1013,-0.1599
65.940,-1.1043,0.5990,-0.1831,-0.0077,1.1589,-1.1013,-0.1555
65.952,-1.1043,0.5990,-0.1831,-0.0077,1.1589,-1.1013,-0.1511
65.964,-1.1043,0.5990,-0.1831,-0.0077,1.1589,-1.1013,-0.1467
65.976,-1.1043,0.5990,-0.1831,-0.0077,1.1589,-1.1013,-0.1423
65.988,-1.1043,0.5990,-0.1831,-0.0077,1.1589,-1.1013,-0.1379
66.000,-1.1043,0.5990,-0.1831,-0.0077,1.1589,-1.1013,-0.1335
66.012,-1.1043,0.5990,-0.1831,-0.0077,1.1589,-1.1013,-0.1291
66.024,-1.1043,0.5990,-0.1831,-0.0077,1.1589,-1.1013,-0.1247
66.036,-1.1043,0.5990,-0.1831,-0.0077,1.1589,-1.1013,-0.1203
66.048,-1.1043,0.5990,-0.1831,-0.0077,1.1589,-1.1013,-0.1159
66.060,-1.1043,0.5990,-0.1831,-0.0077,1.1589,-1.1013,-0.1115
66.072,-1.1043,0.5990,-0.1831,-0.0077,1.1589,-1.1013,-0.1071
66.084,-1.1043,0.5990,-0.1831,-0.0077,1.1589,-1.1013,-0.1027
66.096,-1.1043,0.5990,-0.1831,-0.0077,1.1589,-1.1013,-0.0983
66.108,-1.1043,0.5990,-0.1831,-0.0077,1.1589,-1.1013,-0.0939
66.120,-1.1043,0.5990,-0.1831,-0.0077,1.1589,-1.1013,-0.0895
66.132,-1.1043,0.5990,-0.1831,-0.0077,1.1589,-1.1013,-0.0851
66.144,-1.1043,0.5990,-0.1831,-0.0077,1.1589,-1.1013,-0.0807
66.156,-1.1043,0.5990,-0.1831,-0.0077,1.1589,-1.1013,-0.0763
66.168,-1.1043,0.5990,-0.1831,-0.0077,1.1589,-1.1013,-0.0719
66.180,-1.1043,0.5990,-0.1831,-0.0077,1.1589,-1.1013,-0.0675
66.192,-1.1043,0.5990,-0.1831,-0.0077,1.1589,-1.1013,-0.0631
66.204,-1.1043,0.5990,-0.1831,-0.0077,1.1589,-1.1013,-0.0587
66.216,-1.1043,0.5990,-0.1831,-0.0077,1.1589,-1.1013,-0.0543
66.228,-1.1043,0.5990,-0.1831,-0.0077,1.1589,-1.1013,-0.0499
66.240,-1.1043,0.5990,-0.1831,-0.0077,1.1589,-1.1013,-0.0455
66.252,-1.1043,0.5990,-0.1831,-0.0077,1.1589,-1.1013,-0.0411
66.264,-1.1043,0.5990,-0.1831,-0.0077,1.1589,-1.1013,-0.0367
66.276,-1.1043,0.5990,-0.1831,-0.0077,1.1589,-1.1013,-0.0323
66.288,-1.1043,0.5990,-0.1831,-0.0077,1.1589,-1.1013,-0.0284
66.300,-1.1043,0.5990,-0.1831,-0.0077,1.1589,-1.1013,-0.0250
66.312,-1.1043,0.5985,-0.1831,-0.0077,1.1589,-1.1013,-0.0220
66.324,-1.1043,0.5975,-0.1831,-0.0077,1.1589,-1.1013,-0.0194
66.336,-1.1043,0.5961,-0.1831,-0.0077,1.1589,-1.1013,-0.0170
66.348,-1.1043,0.5944,-0.1831,-0.0077,1.1589,-1.1013,-0.0150
66.360,-1.1043,0.5923,-0.1831,-0.0077,1.1589,-1.1013,-0.0132
66.372,-1.1043,0.5900,-0.1831,-0.0077,1.1589,-1.1013,-0.0116
66.384,-1.1043,0.5874,-0.1831,-0.0077,1.1589,-1.1013,-0.0102
66.396,-1.1043,0.5846,-0.1831,-0.0077,1.1589,-1.1013,-0.0090
66.408,-1.1043,0.5816,-0.1831,-0.0077,1.1589,-1.1013,-0.0079
66.420,-1.1043,0.5785,-0.1831,-0.0077,1.1589,-1.1013,-0.0070
66.432,-1.1043,0.5752,-0.1831,-0.0077,1.1589,-1.1013,-0.0061
66.444,-1.1043,0.5717,-0.1831,-0.0077,1.1589,-1.1013,-0.0054
66.456,-1.1043,0.5682,-0.1831,-0.0077,1.1589,-1.1013,-0.0047
66.468,-1.1043,0.5646,-0.1831,-0.0077,1.1589,-1.1013,-0.0042
66.480,-1.1043,0.5608,-0.1831,-0.0077,1.1589,-1.1013,-0.0037
66.492,-1.1043,0.5570,-0.1831,-0.0077,1.1589,-1.1013,-0.0032
66.504,-1.1043,0.5532,-0.1831,-0.0077,1.1589,-1.1013,-0.0028
66.516,-1.1043,0.5493,-0.1831,-0.0077,1.1589,-1.1013,-0.0025
66.528,-1.1043,0.5453,-0.1831,-0.0077,1.1589,-1.1013,-0.0022
66.540,-1.1043,0.5412,-0.1831,-0.0077,1.1589,-1.1013,-0.0019
66.552,-1.1043,0.5372,-0.1831,-0.0077,1.1589,-1.1013,-0.0017
66.564,-1.1043,0.5331,-0.1831,-0.0077,1.1589,-1.1013,-0.0015
66.576,-1.1043,0.5289,-0.1831,-0.0077,1.1589,-1.1013,-0.0013
66.588,-1.1043,0.5248,-0.1831,-0.0077,1.1589,-1.1013,-0.0012
66.600,-1.1043,0.5206,-0.1831,-0.0077,1.1589,-1.1013,-0.0010
66.612,-1.1043,0.5164,-0.1831,-0.0077,1.1589,-1.1013,-0.0009
66.624,-1.1043,0.5122,-0.1831,-0.0077,1.1589,-1.1013,-0.0008
66.636,-1.1043,0.5079,-0.1831,-0.0077,1.1589,-1.1013,-0.0007
66.648,-1.1043,0.5037,-0.1831,-0.0077,1.1589,-1.1013,-0.0006
66.660,-1.1043,0.4994,-0.1831,-0.0077,1.1589,-1.1013,-0.0005
66.672,-1.1043,0.4951,-0.1831,-0.0077,1.1589,-1.1013,-0.0005
66.684,-1.1043,0.4908,-0.1831,-0.0077,1.1589,-1.1013,-0.0004
66.696,-1.1043,0.4865,-0.1831,-0.0077,1.1589,-1.1013,-0.0004
66.708,-1.1043,0.4822,-0.1831,-0.0077,1.1589,-1.1013,-0.0003
66.720,-1.1043,0.4779,-0.1831,-0.0077,1.1589,-1.1013,-0.0003
66.732,-1.1043,0.4736,-0.1831,-0.0077,1.1589,-1.1013,-0.0003
66.744,-1.1043,0.4693,-0.1831,-0.0077,1.1589,-1.1013,-0.0002
66.756,-1.1043,0.4649,-0.1831,-0.0077,1.1589,-1.1013,-0.0002
66.768,-1.1043,0.4606,-0.1831,-0.0077,1.1589,-1.1013,-0.0002
66.780,-1.1043,0.4563,-0.1831,-0.0077,1.1589,-1.1013,-0.0002
66.792,-1.1043,0.4519,-0.1831,-0.0077,1.1589,-1.1013,-0.0001
66.804,-1.1043,0.4476,-0.1831,-0.0077,1.1589,-1.1013,-0.0001
66.816,-1.1043,0.4432,-0.1831,-0.0077,1.1589,-1.1013,-0.0001
66.828,-1.1043,0.4389,-0.1831,-0.0077,1.1589,-1.1013,-0.0001
66.840,-1.1043,0.4345,-0.1831,-0.0077,1.1589,-1.1013,-0.0001
66.852,-1.1043,0.4302,-0.1831,-0.0077,1.1589,-1.1013,-0.0001
66.864,-1.1043,0.4258,-0.1831,-0.0077,1.1589,-1.1013,-0.0001
66.876,-1.1043,0.4215,-0.1831,-0.0077,1.1589,-1.1013,-0.0001
66.888,-1.1043,0.4171,-0.1831,-0.0077,1.1589,-1.1013,-0.0000
66.900,-1.1043,0.4128,-0.1831,-0.0077,1.1589,-1.1013,-0.0000
66.912,-1.1043,0.4084,-0.1831,-0.0077,1.1589,-1.1013,-0.0000
66.924,-1.1043,0.4041,-0.1831,-0.0077,1.1589,-1.1013,-0.0000
66.936,-1.1043,0.3997,-0.1831,-0.0077,1.1589,-1.1013,-0.0000
66.948,-1.1043,0.3953,-0.1831,-0.0077,1.1589,-1.1013,-0.0000
66.960,-1.1043,0.3910,-0.1831,-0.0077,1.1589,-1.1013,-0.0000
66.972,-1.1043,0.3866,-0.1831,-0.0077,1.1589,-1.1013,-0.0000
66.984,-1.1043,0.3823,-0.1831,-0.0077,1.1589,-1.1013,-0.0000
66.996,-1.1043,0.3779,-0.1831,-0.0077,1.1589,-1.1013,-0.0000
67.008,-1.1043,0.3735,-0.1831,-0.0077,1.1589,-1.1013,-0.0000
67.020,-1.1043,0.3692,-0.1831,-0.0077,1.1589,-1.1013,-0.0000
67.032,-1.1043,0.3648,-0.1831,-0.0077,1.1589,-1.1013,-0.0000
67.044,-1.1043,0.3605,-0.1831,-0.0077,1.1589,-1.1013,-0.0000
67.056,-1.1043,0.3561,-0.1831,-0.0077,1.1589,-1.1013,-0.0000
67.068,-1.1043,0.3517,-0.1831,-0.0077,1.1589,-1.1013,-0.0000
67.080,-1.1043,0.3474,-0.1831,-0.0077,1.1589,-1.1013,-0.0000
67.092,-1.1043,0.3430,-0.1831,-0.0077,1.1589,-1.1013,-0.0000
67.104,-1.1043,0.3386,-0.1831,-0.0077,1.1589,-1.1013,-0.0000
67.116,-1.1043,0.3343,-0.1831,-0.0077,1.1589,-1.1013,-0.0000
67.128,-1.1043,0.3299,-0.1831,-0.0077,1.1589,-1.1013,-0.0000
67.140,-1.1043,0.3256,-0.1831,-0.0077,1.1589,-1.1013,-0.0000
67.152,-1.1043,0.3212,-0.1831,-0.0077,1.1589,-1.1013,-0.0000
67.164,-1.1043,0.3168,-0.1831,-0.0077,1.1589,-1.1013,-0.0000
67.176,-1.1043,0.3125,-0.1831,-0.0077,1.1589,-1.1013,-0.0000
67.188,-1.1043,0.3081,-0.1831,-0.0077,1.1589,-1.1013,-0.0000
67.200,-1.1043,0.3037,-0.1831,-0.0077,1.1589,-1.1013,-0.0000
67.212,-1.1043,0.2994,-0.1831,-0.0077,1.1589,-1.1013,-0.0000
67.224,-1.1043,0.2950,-0.1831,-0.0077,1.1589,-1.1013,-0.0000
67.236,-1.1043,0.2907,-0.1831,-0.0077,1.1589,-1.1013,-0.0000
67.248,-1.1043,0.2863,-0.1831,-0.0077,1.1589,-1.1013,-0.0000
67.260,-1.1043,0.2819,-0.1831,-0.0077,1.1589,-1.1013,-0.0000
67.272,-1.1043,0.2776,-0.1831,-0.0077,1.1589,-1.1013,-0.0000
67.284,-1.1043,0.2732,-0.1831,-0.0077,1.1589,-1.1013,-0.0000
67.296,-1.1043,0.2688,-0.1831,-0.0077,1.1589,-1.1013,-0.0000
67.308,-1.1043,0.2645,-0.1831,-0.0077,1.1589,-1.1013,-0.0000
67.320,-1.1043,0.2601,-0.1831,-0.0077,1.1589,-1.1013,-0.0000
67.332,-1.1043,0.2557,-0.1831,-0.0077,1.1589,-1.1013,-0.0000
67.344,-1.1043,0.2514,-0.1831,-0.0077,1.1589,-1.1013,-0.0000
67.356,-1.1043,0.2470,-0.1831,-0.0077,1.1589,-1.1013,-0.0000
67.368,-1.1043,0.2427,-0.1831,-0.0077,1.1589,-1.1013,-0.0000
67.380,-1.1043,0.2383,-0.1831,-0.0077,1.1589,-1.1013,-0.0000
67.392,-1.1043,0.2339,-0.1831,-0.0077,1.1589,-1.1013,-0.0000
67.404,-1.1043,0.2296,-0.1831,-0.0077,1.1589,-1.1013,-0.0000
67.416,-1.1043,0.2252,-0.1831,-0.0077,1.1589,-1.1013,-0.0000
67.428,-1.1043,0.2208,-0.1831,-0.0077,1.1589,-1.1013,-0.0000
67.440,-1.1043,0.2165,-0.1831,-0.0077,1.1589,-1.1013,-0.0000
67.452,-1.1043,0.2121,-0.1831,-0.0077,1.1589,-1.1013,-0.0000
67.464,-1.1043,0.2078,-0.1831,-0.0077,1.1589,-1.1013,-0.0000
67.476,-1.1043,0.2034,-0.1831,-0.0077,1.1589,-1.1013,-0.0000
67.488,-1.1043,0.1990,-0.1831,-0.0077,1.1589,-1.1013,-0.0000
67.500,-1.1043,0.1947,-0.1831,-0.0077,1.1589,-1.1013,-0.0000
67.512,-1.1043,0.1908,-0.1831,-0.0077,1.1589,-1.1013,-0.0000
67.524,-1.1043,0.1874,-0.1831,-0.0077,1.1589,-1.1013,-0.0000
67.536,-1.1043,0.1845,-0.1831,-0.0077,1.1589,-1.1013,-0.0000
67.548,-1.1043,0.1819,-0.1831,-0.0077,1.1589,-1.1013,-0.0000
67.560,-1.1043,0.1796,-0.1831,-0.0077,1.1589,-1.1013,-0.0000
67.572,-1.1043,0.1775,-0.1831,-0.0077,1.1589,-1.1013,-0.0000
67.584,-1.1043,0.1757,-0.1831,-0.0077,1.1589,-1.1013,-0.0000
67.596,-1.1043,0.1742,-0.1831,-0.0077,1.1589,-1.1013,-0.0000
67.608,-1.1043,0.1742,-0.1831,-0.0077,1.1589,-1.1013,-0.0000
67.620,-1.1035,0.1742,-0.1831,-0.0077,1.1589,-1.1013,-0.0000
67.632,-1.1020,0.1741,-0.1831,-0.0077,1.1589,-1.1013,-0.0000
67.644,-1.0999,0.1741,-0.1831,-0.0077,1.1589,-1.1013,-0.0000
67.656,-1.0972,0.1741,-0.1831,-0.0077,1.1589,-1.1013,-0.0000
67.668,-1.0941,0.1741,-0.1831,-0.0077,1.1589,-1.1013,-0.0000
67.680,-1.0905,0.1740,-0.1831,-0.0077,1.1589,-1.1013,-0.0000
67.692,-1.0866,0.1740,-0.1831,-0.0077,1.1589,-1.1013,-0.0000
67.704,-1.0824,0.1739,-0.1831,-0.0077,1.1589,-1.1013,-0.0000
67.716,-1.0779,0.1739,-0.1831,-0.0077,1.1589,-1.1013,-0.0000
67.728,-1.0731,0.1738,-0.1831,-0.0077,1.1589,-1.1013,-0.0000
67.740,-1.0681,0.1738,-0.1831,-0.0077,1.1589,-1.1013,-0.0000
67.752,-1.0629,0.1737,-0.1831,-0.0077,1.1589,-1.1013,-0.0000
67.764,-1.0575,0.1737,-0.1831,-0.0077,1.1589,-1.1013,-0.0000
67.776,-1.0520,0.1736,-0.1831,-0.0077,1.1589,-1.1013,-0.0000
67.788,-1.0463,0.1736,-0.1831,-0.0077,1.1589,-1.1013,-0.0000
67.800,-1.0406,0.1735,-0.1831,-0.0077,1.1589,-1.1013,-0.0000
67.812,-1.0347,0.1734,-0.1831,-0.0077,1.1589,-1.1013,-0.0000
67.824,-1.0287,0.1734,-0.1831,-0.0077,1.1589,-1.1013,-0.0000
67.836,-1.0227,0.1733,-0.1831,-0.0077,1.1589,-1.1013,-0.0000
67.848,-1.0166,0.1733,-0.1831,-0.0077,1.1589,-1.1013,-0.0000
67.860,-1.0104,0.1732,-0.1831,-0.0077,1.1589,-1.1013,-0.0000
67.872,-1.0042,0.1731,-0.1831,-0.0077,1.1589,-1.1013,-0.0000
67.884,-0.9979,0.1731,-0.1831,-0.0077,1.1589,-1.1013,-0.0000
67.896,-0.9916,0.1730,-0.1831,-0.0077,1.1589,-1.1013,-0.0000
67.908,-0.9852,0.1729,-0.1831,-0.0077,1.1589,-1.1013,-0.0000
67.920,-0.9788,0.1729,-0.1831,-0.0077,1.1589,-1.1013,-0.0000
67.932,-0.9724,0.1728,-0.1831,-0.0077,1.1589,-1.1013,-0.0000
67.944,-0.9660,0.1727,-0.1831,-0.0077,1.1589,-1.1013,-0.0000
67.956,-0.9595,0.1727,-0.1831,-0.0077,1.1589,-1.1013,-0.0000
67.968,-0.9530,0.1726,-0.1831,-0.0077,1.1589,-1.1013,-0.0000
67.980,-0.9465,0.1725,-0.1831,-0.0077,1.1589,-1.1013,-0.0000
67.992,-0.9400,0.1725,-0.1831,-0.0077,1.1589,-1.1013,-0.0000
68.004,-0.9335,0.1724,-0.1831,-0.0077,1.1589,-1.1013,-0.0000
68.016,-0.9270,0.1723,-0.1831,-0.0077,1.1589,-1.1013,-0.0000
68.028,-0.9204,0.1723,-0.1831,-0.0077,1.1589,-1.1013,-0.0000
68.040,-0.9138,0.1722,-0.1831,-0.0077,1.1589,-1.1013,-0.0000
68.052,-0.9073,0.1721,-0.1831,-0.0077,1.1589,-1.1013,-0.0000
68.064,-0.9007,0.1721,-0.1831,-0.0077,1.1589,-1.1013,-0.0000
68.076,-0.8941,0.1720,-0.1831,-0.0077,1.1589,-1.1013,-0.0000
68.088,-0.8875,0.1719,-0.1831,-0.0077,1.1589,-1.1013,-0.0000
68.100,-0.8810,0.1718,-0.1831,-0.0077,1.1589,-1.1013,-0.0000
68.112,-0.8744,0.1718,-0.1831,-0.0077,1.1589,-1.1013,-0.0000
68.124,-0.8678,0.1717,-0.1831,-0.0077,1.1589,-1.1013,-0.0000
68.136,-0.8612,0.1716,-0.1831,-0.0077,1.1589,-1.1013,-0.0000
68.148,-0.8546,0.1716,-0.1831,-0.0077,1.1589,-1.1013,-0.0000
68.160,-0.8479,0.1715,-0.1831,-0.0077,1.1589,-1.1013,-0.0000
68.172,-0.8413,0.1714,-0.1831,-0.0077,1.1589,-1.1013,-0.0000
68.184,-0.8347,0.1714,-0.1831,-0.0077,1.1589,-1.1013,-0.0000
68.196,-0.8281,0.1713,-0.1831,-0.0077,1.1589,-1.1013,-0.0000
68.208,-0.8215,0.1712,-0.1831,-0.0077,1.1589,-1.1013,-0.0000
68.220,-0.8149,0.1712,-0.1831,-0.0077,1.1589,-1.1013,-0.0000
68.232,-0.8083,0.1711,-0.1831,-0.0077,1.1589,-1.1013,-0.0000
68.244,-0.8016,0.1710,-0.1831,-0.0077,1.1589,-1.1013,-0.0000
68.256,-0.7950,0.1709,-0.1831,-0.0077,1.1589,-1.1013,-0.0000
68.268,-0.7884,0.1709,-0.1831,-0.0077,1.1589,-1.1013,-0.0000
68.280,-0.7818,0.1708,-0.1831,-0.0077,1.1589,-1.1013,-0.0000
68.292,-0.7752,0.1707,-0.1831,-0.0077,1.1589,-1.1013,-0.0000
68.304,-0.7685,0.1707,-0.1831,-0.0077,1.1589,-1.1013,-0.0000
68.316,-0.7619,0.1706,-0.1831,-0.0077,1.1589,-1.1013,-0.0000
68.328,-0.7553,0.1705,-0.1831,-0.0077,1.1589,-1.1013,-0.0000
68.340,-0.7487,0.1705,-0.1831,-0.0077,1.1589,-1.1013,-0.0000
68.352,-0.7421,0.1704,-0.1831,-0.0077,1.1589,-1.1013,-0.0000
68.364,-0.7354,0.1703,-0.1831,-0.0077,1.1589,-1.1013,-0.0000
68.376,-0.7288,0.1703,-0.1831,-0.0077,1.1589,-1.1013,-0.0000
68.388,-0.7222,0.1702,-0.1831,-0.0077,1.1589,-1.1013,-0.0000
68.400,-0.7156,0.1701,-0.1831,-0.0077,1.1589,-1.1013,-0.0000
68.412,-0.7089,0.1701,-0.1831,-0.0077,1.1589,-1.1013,-0.0000
68.424,-0.7023,0.1700,-0.1831,-0.0077,1.1589,-1.1013,-0.0000
68.436,-0.6957,0.1699,-0.1831,-0.0077,1.1589,-1.1013,-0.0000
68.448,-0.6891,0.1698,-0.1831,-0.0077,1.1589,-1.1013,-0.0000
68.460,-0.6824,0.1698,-0.1831,-0.0077,1.1589,-1.1013,-0.0000
68.472,-0.6758,0.1697,-0.1831,-0.0077,1.1589,-1.1013,-0.0000
68.484,-0.6692,0.1696,-0.1831,-0.0077,1.1589,-1.1013,-0.0000
68.496,-0.6626,0.1696,-0.1831,-0.0077,1.1589,-1.1013,-0.0000
68.508,-0.6559,0.1695,-0.1831,-0.0077,1.1589,-1.1013,-0.0000
68.520,-0.6493,0.1694,-0.1831,-0.0077,1.1589,-1.1013,-0.0000
68.532,-0.6427,0.1694,-0.1831,-0.0077,1.1589,-1.1013,-0.0000
68.544,-0.6361,0.1693,-0.1831,-0.0077,1.1589,-1.1013,-0.0000
68.556,-0.6294,0.1692,-0.1831,-0.0077,1.1589,-1.1013,-0.0000
68.568,-0.6228,0.1692,-0.1831,-0.0077,1.1589,-1.1013,-0.0000
68.580,-0.6162,0.1691,-0.1831,-0.0077,1.1589,-1.1013,-0.0000
68.592,-0.6096,0.1690,-0.1831,-0.0077,1.1589,-1.1013,-0.0000
68.604,-0.6029,0.1689,-0.1831,-0.0077,1.1589,-1.1013,-0.0000
68.616,-0.5963,0.1689,-0.1831,-0.0077,1.1589,-1.1013,-0.0000
68.628,-0.5897,0.1688,-0.1831,-0.0077,1.1589,-1.1013,-0.0000
68.640,-0.5831,0.1687,-0.1831,-0.0077,1.1589,-1.1013,-0.0000
68.652,-0.5764,0.1687,-0.1831,-0.0077,1.1589,-1.1013,-0.0000
68.664,-0.5698,0.1686,-0.1831,-0.0077,1.1589,-1.1013,-0.0000
68.676,-0.5632,0.1685,-0.1831,-0.0077,1.1589,-1.1013,-0.0000
68.688,-0.5566,0.1685,-0.1831,-0.0077,1.1589,-1.1013,-0.0000
68.700,-0.5499,0.1684,-0.1831,-0.0077,1.1589,-1.1013,-0.0000
68.712,-0.5433,0.1683,-0.1831,-0.0077,1.1589,-1.1013,-0.0000
68.724,-0.5367,0.1683,-0.1831,-0.0077,1.1589,-1.1013,-0.0000
68.736,-0.5300,0.1682,-0.1831,-0.0077,1.1589,-1.1013,-0.0000
68.748,-0.5234,0.1681,-0.1831,-0.0077,1.1589,-1.1013,-0.0000
68.760,-0.5168,0.1681,-0.1831,-0.0077,1.1589,-1.1013,-0.0000
68.772,-0.5102,0.1680,-0.1831,-0.0077,1.1589,-1.1013,-0.0000
68.784,-0.5035,0.1679,-0.1831,-0.0077,1.1589,-1.1013,-0.0000
68.796,-0.4969,0.1678,-0.1831,-0.0077,1.1589,-1.1013,-0.0000
68.808,-0.4903,0.1678,-0.1831,-0.0077,1.1589,-1.1013,-0.0000
68.820,-0.4837,0.1677,-0.1831,-0.0077,1.1589,-1.1013,-0.0000
68.832,-0.4770,0.1676,-0.1831,-0.0077,1.1589,-1.1013,-0.0000
68.844,-0.4704,0.1676,-0.1831,-0.0077,1.1589,-1.1013,-0.0000
68.856,-0.4638,0.1675,-0.1831,-0.0077,1.1589,-1.1013,-0.0000
68.868,-0.4572,0.1674,-0.1831,-0.0077,1.1589,-1.1013,-0.0000
68.880,-0.4505,0.1674,-0.1831,-0.0077,1.1589,-1.1013,-0.0000
68.892,-0.4439,0.1673,-0.1831,-0.0077,1.1589,-1.1013,-0.0000
68.904,-0.4373,0.1672,-0.1831,-0.0077,1.1589,-1.1013,-0.0000
68.916,-0.4307,0.1672,-0.1831,-0.0077,1.1589,-1.1013,-0.0000
68.928,-0.4240,0.1671,-0.1831,-0.0077,1.1589,-1.1013,-0.0000
68.940,-0.4174,0.1670,-0.1831,-0.0077,1.1589,-1.1013,-0.0000
68.952,-0.4108,0.1669,-0.1831,-0.0077,1.1589,-1.1013,-0.0000
68.964,-0.4042,0.1669,-0.1831,-0.0077,1.1589,-1.1013,-0.0000
68.976,-0.3975,0.1668,-0.1831,-0.0077,1.1589,-1.1013,-0.0000
68.988,-0.3909,0.1667,-0.1831,-0.0077,1.1589,-1.1013,-0.0000
69.000,-0.3843,0.1667,-0.1831,-0.0077,1.1589,-1.1013,-0.0000
69.012,-0.3777,0.1666,-0.1831,-0.0077,1.1589,-1.1013,-0.0000
69.024,-0.3710,0.1665,-0.1831,-0.0077,1.1589,-1.1013,-0.0000
69.036,-0.3644,0.1665,-0.1831,-0.0077,1.1589,-1.1013,-0.0000
69.048,-0.3578,0.1664,-0.1831,-0.0077,1.1589,-1.1013,-0.0000
69.060,-0.3512,0.1663,-0.1831,-0.0077,1.1589,-1.1013,-0.0000
69.072,-0.3445,0.1663,-0.1831,-0.0077,1.1589,-1.1013,-0.0000
69.084,-0.3379,0.1662,-0.1831,-0.0077,1.1589,-1.1013,-0.0000
69.096,-0.3313,0.1661,-0.1831,-0.0077,1.1589,-1.1013,-0.0000
69.108,-0.3247,0.1660,-0.1831,-0.0077,1.1589,-1.1013,-0.0000
69.120,-0.3180,0.1660,-0.1831,-0.0077,1.1589,-1.1013,-0.0000
69.132,-0.3114,0.1659,-0.1831,-0.0077,1.1589,-1.1013,-0.0000
69.144,-0.3048,0.1658,-0.1831,-0.0077,1.1589,-1.1013,-0.0000
69.156,-0.2982,0.1658,-0.1831,-0.0077,1.1589,-1.1013,-0.0000
69.168,-0.2915,0.1657,-0.1831,-0.0077,1.1589,-1.1013,-0.0000
69.180,-0.2849,0.1656,-0.1831,-0.0077,1.1589,-1.1013,-0.0000
69.192,-0.2783,0.1656,-0.1831,-0.0077,1.1589,-1.1013,-0.0000
69.204,-0.2717,0.1655,-0.1831,-0.0077,1.1589,-1.1013,-0.0000
69.216,-0.2650,0.1654,-0.1831,-0.0077,1.1589,-1.1013,-0.0000
69.228,-0.2584,0.1654,-0.1831,-0.0077,1.1589,-1.1013,-0.0000
69.240,-0.2518,0.1653,-0.1831,-0.0077,1.1589,-1.1013,-0.0000
69.252,-0.2451,0.1652,-0.1831,-0.0077,1.1589,-1.1013,-0.0000
69.264,-0.2385,0.1652,-0.1831,-0.0077,1.1589,-1.1013,-0.0000
69.276,-0.2319,0.1651,-0.1831,-0.0077,1.1589,-1.1013,-0.0000
69.288,-0.2253,0.1650,-0.1831,-0.0077,1.1589,-1.1013,-0.0000
69.300,-0.2186,0.1649,-0.1831,-0.0077,1.1589,-1.1013,-0.0000
69.312,-0.2120,0.1649,-0.1831,-0.0077,1.1589,-1.1013,-0.0000
69.324,-0.2054,0.1648,-0.1831,-0.0077,1.1589,-1.1013,-0.0000
69.336,-0.1988,0.1647,-0.1831,-0.0077,1.1589,-1.1013,-0.0000
69.348,-0.1921,0.1647,-0.1831,-0.0077,1.1589,-1.1013,-0.0000
69.360,-0.1855,0.1646,-0.1831,-0.0077,1.1589,-1.1013,-0.0000
69.372,-0.1789,0.1645,-0.1831,-0.0077,1.1589,-1.1013,-0.0000
69.384,-0.1723,0.1645,-0.1831,-0.0077,1.1589,-1.1013,-0.0000
69.396,-0.1656,0.1644,-0.1831,-0.0077,1.1589,-1.1013,-0.0000
69.408,-0.1590,0.1643,-0.1831,-0.0077,1.1589,-1.1013,-0.0000
69.420,-0.1524,0.1643,-0.1831,-0.0077,1.1589,-1.1013,-0.0000
69.432,-0.1458,0.1642,-0.1831,-0.0077,1.1589,-1.1013,-0.0000
69.444,-0.1391,0.1641,-0.1831,-0.0077,1.1589,-1.1013,-0.0000
69.456,-0.1325,0.1640,-0.1831,-0.0077,1.1589,-1.1013,-0.0000
69.468,-0.1259,0.1640,-0.1831,-0.0077,1.1589,-1.1013,-0.0000
69.480,-0.1193,0.1639,-0.1831,-0.0077,1.1589,-1.1013,-0.0000
69.492,-0.1126,0.1638,-0.1831,-0.0077,1.1589,-1.1013,-0.0000
69.504,-0.1060,0.1638,-0.1831,-0.0077,1.1589,-1.1013,-0.0000
69.516,-0.0994,0.1637,-0.1831,-0.0077,1.1589,-1.1013,-0.0000
69.528,-0.0928,0.1636,-0.1831,-0.0077,1.1589,-1.1013,-0.0000
69.540,-0.0861,0.1636,-0.1831,-0.0077,1.1589,-1.1013,-0.0000
69.552,-0.0795,0.1635,-0.1831,-0.0077,1.1589,-1.1013,-0.0000
69.564,-0.0729,0.1634,-0.1831,-0.0077,1.1589,-1.1013,-0.0000
69.576,-0.0663,0.1634,-0.1831,-0.0077,1.1589,-1.1013,-0.0000
69.588,-0.0596,0.1633,-0.1831,-0.0077,1.1589,-1.1013,-0.0000
69.600,-0.0530,0.1632,-0.1831,-0.0077,1.1589,-1.1013,-0.0000
69.612,-0.0466,0.1632,-0.1831,-0.0077,1.1589,-1.1013,-0.0000
69.624,-0.0410,0.1631,-0.1831,-0.0077,1.1589,-1.1013,-0.0000
69.636,-0.0361,0.1630,-0.1831,-0.0077,1.1589,-1.1013,-0.0000
69.648,-0.0318,0.1630,-0.1831,-0.0077,1.1589,-1.1013,-0.0000
69.660,-0.0280,0.1630,-0.1831,-0.0077,1.1589,-1.1013,-0.0000
69.672,-0.0246,0.1629,-0.1831,-0.0077,1.1589,-1.1013,-0.0000
69.684,-0.0217,0.1629,-0.1831,-0.0077,1.1589,-1.1013,-0.0000
69.696,-0.0191,0.1629,-0.1831,-0.0077,1.1589,-1.1013,-0.0000
69.708,-0.0168,0.1628,-0.1831,-0.0077,1.1589,-1.1013,-0.0000
69.720,-0.0148,0.1628,-0.1831,-0.0077,1.1589,-1.1013,-0.0000
69.732,-0.0130,0.1628,-0.1831,-0.0077,1.1589,-1.1013,-0.0000
69.744,-0.0130,0.1628,-0.1831,-0.0077,1.1589,-1.1013,-0.0000
69.756,-0.0130,0.1627,-0.1830,-0.0077,1.1581,-1.1005,-0.0000
69.768,-0.0130,0.1625,-0.1827,-0.0077,1.1565,-1.0990,-0.0000
69.780,-0.0129,0.1622,-0.1824,-0.0076,1.1543,-1.0969,-0.0000
69.792,-0.0129,0.1618,-0.1819,-0.0076,1.1515,-1.0943,-0.0000
69.804,-0.0129,0.1613,-0.1814,-0.0076,1.1482,-1.0911,-0.0000
69.816,-0.0128,0.1608,-0.1808,-0.0076,1.1445,-1.0876,-0.0000
69.828,-0.0128,0.1602,-0.1802,-0.0076,1.1404,-1.0837,-0.0000
69.840,-0.0127,0.1596,-0.1795,-0.0075,1.1359,-1.0795,-0.0000
69.852,-0.0127,0.1589,-0.1787,-0.0075,1.1312,-1.0750,-0.0000
69.864,-0.0126,0.1582,-0.1779,-0.0075,1.1262,-1.0702,-0.0000
69.876,-0.0126,0.1575,-0.1771,-0.0074,1.1209,-1.0652,-0.0000
69.888,-0.0125,0.1567,-0.1762,-0.0074,1.1155,-1.0600,-0.0000
69.900,-0.0124,0.1559,-0.1753,-0.0074,1.1098,-1.0547,-0.0000
69.912,-0.0124,0.1551,-0.1744,-0.0073,1.1040,-1.0492,-0.0000
69.924,-0.0123,0.1543,-0.1735,-0.0073,1.0981,-1.0435,-0.0000
69.936,-0.0122,0.1534,-0.1725,-0.0072,1.0920,-1.0378,-0.0000
69.948,-0.0122,0.1525,-0.1715,-0.0072,1.0859,-1.0319,-0.0000
69.960,-0.0121,0.1517,-0.1706,-0.0072,1.0796,-1.0260,-0.0000
69.972,-0.0120,0.1508,-0.1696,-0.0071,1.0733,-1.0199,-0.0000
69.984,-0.0120,0.1499,-0.1685,-0.0071,1.0669,-1.0138,-0.0000
69.996,-0.0119,0.1490,-0.1675,-0.0070,1.0604,-1.0077,-0.0000
70.008,-0.0118,0.1480,-0.1665,-0.0070,1.0539,-1.0015,-0.0000
70.020,-0.0117,0.1471,-0.1654,-0.0069,1.0473,-0.9952,-0.0000
70.032,-0.0117,0.1462,-0.1644,-0.0069,1.0406,-0.9889,-0.0000
70.044,-0.0116,0.1453,-0.1633,-0.0069,1.0340,-0.9826,-0.0000
70.056,-0.0115,0.1443,-0.1623,-0.0068,1.0273,-0.9762,-0.0000
70.068,-0.0114,0.1434,-0.1612,-0.0068,1.0205,-0.9698,-0.0000
70.080,-0.0114,0.1424,-0.1602,-0.0067,1.0138,-0.9634,-0.0000
70.092,-0.0113,0.1415,-0.1591,-0.0067,1.0070,-0.9569,-0.0000
70.104,-0.0112,0.1405,-0.1580,-0.0066,1.0002,-0.9505,-0.0000
70.116,-0.0111,0.1395,-0.1569,-0.0066,0.9934,-0.9440,-0.0000
70.128,-0.0111,0.1386,-0.1559,-0.0065,0.9865,-0.9375,-0.0000
70.140,-0.0110,0.1376,-0.1548,-0.0065,0.9797,-0.9310,-0.0000
70.152,-0.0109,0.1367,-0.1537,-0.0064,0.9728,-0.9245,-0.0000
70.164,-0.0108,0.1357,-0.1526,-0.0064,0.9659,-0.9179,-0.0000
70.176,-0.0108,0.1347,-0.1515,-0.0064,0.9591,-0.9114,-0.0000
70.188,-0.0107,0.1338,-0.1504,-0.0063,0.9522,-0.9048,-0.0000
70.200,-0.0106,0.1328,-0.1493,-0.0063,0.9453,-0.8983,-0.0000
70.212,-0.0105,0.1318,-0.1482,-0.0062,0.9384,-0.8917,-0.0000
70.224,-0.0104,0.1308,-0.1472,-0.0062,0.9314,-0.8852,-0.0000
70.236,-0.0104,0.1299,-0.1461,-0.0061,0.9245,-0.8786,-0.0000
70.248,-0.0103,0.1289,-0.1450,-0.0061,0.9176,-0.8720,-0.0000
70.260,-0.0102,0.1279,-0.1439,-0.0060,0.9107,-0.8654,-0.0000
70.272,-0.0101,0.1270,-0.1428,-0.0060,0.9038,-0.8588,-0.0000
70.284,-0.0101,0.1260,-0.1417,-0.0059,0.8968,-0.8523,-0.0000
70.296,-0.0100,0.1250,-0.1406,-0.0059,0.8899,-0.8457,-0.0000
70.308,-0.0099,0.1240,-0.1395,-0.0059,0.8830,-0.8391,-0.0000
70.320,-0.0098,0.1231,-0.1384,-0.0058,0.8760,-0.8325,-0.0000
70.332,-0.0097,0.1221,-0.1373,-0.0058,0.8691,-0.8259,-0.0000
70.344,-0.0097,0.1211,-0.1362,-0.0057,0.8621,-0.8193,-0.0000
70.356,-0.0096,0.1201,-0.1351,-0.0057,0.8552,-0.8127,-0.0000
70.368,-0.0095,0.1192,-0.1340,-0.0056,0.8482,-0.8061,-0.0000
70.380,-0.0094,0.1182,-0.1329,-0.0056,0.8413,-0.7995,-0.0000
70.392,-0.0094,0.1172,-0.1318,-0.0055,0.8344,-0.7929,-0.0000
70.404,-0.0093,0.1162,-0.1307,-0.0055,0.8274,-0.7863,-0.0000
70.416,-0.0092,0.1153,-0.1296,-0.0054,0.8205,-0.7797,-0.0000
70.428,-0.0091,0.1143,-0.1285,-0.0054,0.8135,-0.7731,-0.0000
70.440,-0.0090,0.1133,-0.1274,-0.0053,0.8066,-0.7665,-0.0000
70.452,-0.0090,0.1123,-0.1263,-0.0053,0.7996,-0.7599,-0.0000
70.464,-0.0089,0.1114,-0.1252,-0.0053,0.7927,-0.7533,-0.0000
70.476,-0.0088,0.1104,-0.1241,-0.0052,0.7857,-0.7467,-0.0000
70.488,-0.0087,0.1094,-0.1230,-0.0052,0.7788,-0.7401,-0.0000
70.500,-0.0087,0.1084,-0.1219,-0.0051,0.7718,-0.7335,-0.0000
70.512,-0.0086,0.1074,-0.1208,-0.0051,0.7649,-0.7268,-0.0000
70.524,-0.0085,0.1065,-0.1197,-0.0050,0.7579,-0.7202,-0.0000
70.536,-0.0084,0.1055,-0.1186,-0.0050,0.7510,-0.7136,-0.0000
70.548,-0.0083,0.1045,-0.1175,-0.0049,0.7440,-0.7070,-0.0000
70.560,-0.0083,0.1035,-0.1164,-0.0049,0.7371,-0.7004,-0.0000
70.572,-0.0082,0.1026,-0.1153,-0.0048,0.7301,-0.6938,-0.0000
70.584,-0.0081,0.1016,-0.1142,-0.0048,0.7231,-0.6872,-0.0000
70.596,-0.0080,0.1006,-0.1131,-0.0047,0.7162,-0.6806,-0.0000
70.608,-0.0080,0.0996,-0.1120,-0.0047,0.7092,-0.6740,-0.0000
70.620,-0.0079,0.0987,-0.1109,-0.0047,0.7023,-0.6674,-0.0000
70.632,-0.0078,0.0977,-0.1099,-0.0046,0.6953,-0.6608,-0.0000
70.644,-0.0077,0.0967,-0.1088,-0.0046,0.6884,-0.6542,-0.0000
70.656,-0.0076,0.0957,-0.1077,-0.0045,0.6814,-0.6476,-0.0000
70.668,-0.0076,0.0947,-0.1066,-0.0045,0.6745,-0.6410,-0.0000
70.680,-0.0075,0.0938,-0.1055,-0.0044,0.6675,-0.6343,-0.0000
70.692,-0.0074,0.0928,-0.1044,-0.0044,0.6606,-0.6277,-0.0000
70.704,-0.0073,0.0918,-0.1033,-0.0043,0.6536,-0.6211,-0.0000
70.716,-0.0072,0.0908,-0.1022,-0.0043,0.6467,-0.6145,-0.0000
70.728,-0.0072,0.0899,-0.1011,-0.0042,0.6397,-0.6079,-0.0000
70.740,-0.0071,0.0889,-0.1000,-0.0042,0.6328,-0.6013,-0.0000
70.752,-0.0070,0.0879,-0.0989,-0.0041,0.6258,-0.5947,-0.0000
70.764,-0.0069,0.0869,-0.0978,-0.0041,0.6189,-0.5881,-0.0000
70.776,-0.0069,0.0860,-0.0967,-0.0041,0.6119,-0.5815,-0.0000
70.788,-0.0068,0.0850,-0.0956,-0.0040,0.6049,-0.5749,-0.0000
70.800,-0.0067,0.0840,-0.0945,-0.0040,0.5980,-0.5683,-0.0000
70.812,-0.0066,0.0830,-0.0934,-0.0039,0.5910,-0.5617,-0.0000
70.824,-0.0065,0.0821,-0.0923,-0.0039,0.5841,-0.5551,-0.0000
70.836,-0.0065,0.0811,-0.0912,-0.0038,0.5771,-0.5484,-0.0000
70.848,-0.0064,0.0801,-0.0901,-0.0038,0.5702,-0.5418,-0.0000
70.860,-0.0063,0.0791,-0.0890,-0.0037,0.5632,-0.5352,-0.0000
70.872,-0.0062,0.0781,-0.0879,-0.0037,0.5563,-0.5286,-0.0000
70.884,-0.0062,0.0772,-0.0868,-0.0036,0.5493,-0.5220,-0.0000
70.896,-0.0061,0.0762,-0.0857,-0.0036,0.5424,-0.5154,-0.0000
70.908,-0.0060,0.0752,-0.0846,-0.0035,0.5354,-0.5088,-0.0000
70.920,-0.0059,0.0742,-0.0835,-0.0035,0.5285,-0.5022,-0.0000
70.932,-0.0058,0.0733,-0.0824,-0.0035,0.5215,-0.4956,-0.0000
70.944,-0.0058,0.0723,-0.0813,-0.0034,0.5146,-0.4890,-0.0000
70.956,-0.0057,0.0713,-0.0802,-0.0034,0.5076,-0.4824,-0.0000
70.968,-0.0056,0.0703,-0.0791,-0.0033,0.5006,-0.4758,-0.0000
70.980,-0.0055,0.0694,-0.0780,-0.0033,0.4937,-0.4692,-0.0000
70.992,-0.0055,0.0684,-0.0769,-0.0032,0.4867,-0.4625,-0.0000
71.004,-0.0054,0.0674,-0.0758,-0.0032,0.4798,-0.4559,-0.0000
71.016,-0.0053,0.0664,-0.0747,-0.0031,0.4728,-0.4493,-0.0000
71.028,-0.0052,0.0654,-0.0736,-0.0031,0.4659,-0.4427,-0.0000
71.040,-0.0051,0.0645,-0.0725,-0.0030,0.4589,-0.4361,-0.0000
71.052,-0.0051,0.0635,-0.0714,-0.0030,0.4520,-0.4295,-0.0000
71.064,-0.0050,0.0625,-0.0703,-0.0029,0.4450,-0.4229,-0.0000
71.076,-0.0049,0.0615,-0.0692,-0.0029,0.4381,-0.4163,-0.0000
71.088,-0.0048,0.0606,-0.0681,-0.0029,0.4311,-0.4097,-0.0000
71.100,-0.0048,0.0596,-0.0670,-0.0028,0.4242,-0.4031,-0.0000
71.112,-0.0047,0.0586,-0.0659,-0.0028,0.4172,-0.3965,-0.0000
71.124,-0.0046,0.0576,-0.0648,-0.0027,0.4103,-0.3899,-0.0000
71.136,-0.0045,0.0567,-0.0637,-0.0027,0.4033,-0.3833,-0.0000
71.148,-0.0044,0.0557,-0.0626,-0.0026,0.3963,-0.3766,-0.0000
71.160,-0.0044,0.0547,-0.0615,-0.0026,0.3894,-0.3700,-0.0000
71.172,-0.0043,0.0537,-0.0604,-0.0025,0.3824,-0.3634,-0.0000
71.184,-0.0042,0.0527,-0.0593,-0.0025,0.3755,-0.3568,-0.0000
71.196,-0.0041,0.0518,-0.0582,-0.0024,0.3685,-0.3502,-0.0000
71.208,-0.0041,0.0508,-0.0571,-0.0024,0.3616,-0.3436,-0.0000
71.220,-0.0040,0.0498,-0.0560,-0.0023,0.3546,-0.3370,-0.0000
71.232,-0.0039,0.0488,-0.0549,-0.0023,0.3477,-0.3304,-0.0000
71.244,-0.0038,0.0479,-0.0538,-0.0023,0.3407,-0.3238,-0.0000
71.256,-0.0037,0.0469,-0.0527,-0.0022,0.3338,-0.3172,-0.0000
71.268,-0.0037,0.0459,-0.0516,-0.0022,0.3268,-0.3106,-0.0000
71.280,-0.0036,0.0449,-0.0505,-0.0021,0.3199,-0.3040,-0.0000
71.292,-0.0035,0.0440,-0.0494,-0.0021,0.3129,-0.2974,-0.0000
71.304,-0.0034,0.0430,-0.0483,-0.0020,0.3059,-0.2907,-0.0000
71.316,-0.0034,0.0420,-0.0472,-0.0020,0.2990,-0.2841,-0.0000
71.328,-0.0033,0.0410,-0.0461,-0.0019,0.2920,-0.2775,-0.0000
71.340,-0.0032,0.0400,-0.0450,-0.0019,0.2851,-0.2709,-0.0000
71.352,-0.0031,0.0391,-0.0439,-0.0018,0.2781,-0.2643,-0.0000
71.364,-0.0030,0.0381,-0.0428,-0.0018,0.2712,-0.2577,-0.0000
71.376,-0.0030,0.0371,-0.0417,-0.0018,0.2642,-0.2511,-0.0000
71.388,-0.0029,0.0361,-0.0406,-0.0017,0.2573,-0.2445,-0.0000
71.400,-0.0028,0.0352,-0.0395,-0.0017,0.2503,-0.2379,-0.0000
71.412,-0.0027,0.0342,-0.0384,-0.0016,0.2434,-0.2313,-0.0000
71.424,-0.0027,0.0332,-0.0373,-0.0016,0.2364,-0.2247,-0.0000
71.436,-0.0026,0.0322,-0.0363,-0.0015,0.2295,-0.2181,-0.0000
71.448,-0.0025,0.0313,-0.0352,-0.0015,0.2225,-0.2115,-0.0000
71.460,-0.0024,0.0303,-0.0341,-0.0014,0.2156,-0.2048,-0.0000
71.472,-0.0023,0.0293,-0.0330,-0.0014,0.2086,-0.1982,-0.0000
71.484,-0.0023,0.0283,-0.0319,-0.0013,0.2016,-0.1916,-0.0000
71.496,-0.0022,0.0274,-0.0308,-0.0013,0.1947,-0.1850,-0.0000
71.508,-0.0021,0.0264,-0.0297,-0.0012,0.1877,-0.1784,-0.0000
71.520,-0.0020,0.0254,-0.0286,-0.0012,0.1808,-0.1718,-0.0000
71.532,-0.0019,0.0244,-0.0275,-0.0012,0.1738,-0.1652,-0.0000
71.544,-0.0019,0.0234,-0.0264,-0.0011,0.1669,-0.1586,-0.0000
71.556,-0.0018,0.0225,-0.0253,-0.0011,0.1599,-0.1520,-0.0000
71.568,-0.0017,0.0215,-0.0242,-0.0010,0.1530,-0.1454,-0.0000
71.580,-0.0016,0.0205,-0.0231,-0.0010,0.1460,-0.1388,-0.0000
71.592,-0.0016,0.0195,-0.0220,-0.0009,0.1391,-0.1322,-0.0000
71.604,-0.0015,0.0186,-0.0209,-0.0009,0.1321,-0.1255,-0.0000
71.616,-0.0014,0.0176,-0.0198,-0.0008,0.1252,-0.1189,-0.0000
71.628,-0.0013,0.0166,-0.0187,-0.0008,0.1182,-0.1123,-0.0000
71.640,-0.0012,0.0156,-0.0176,-0.0007,0.1113,-0.1057,-0.0000
71.652,-0.0012,0.0147,-0.0165,-0.0007,0.1043,-0.0991,-0.0000
71.664,-0.0011,0.0137,-0.0154,-0.0006,0.0973,-0.0925,-0.0000
71.676,-0.0010,0.0127,-0.0143,-0.0006,0.0904,-0.0859,-0.0000
71.688,-0.0009,0.0117,-0.0132,-0.0006,0.0834,-0.0793,-0.0000
71.700,-0.0009,0.0107,-0.0121,-0.0005,0.0765,-0.0727,-0.0000
71.712,-0.0008,0.0098,-0.0110,-0.0005,0.0695,-0.0661,-0.0000
71.724,-0.0007,0.0088,-0.0099,-0.0004,0.0626,-0.0595,-0.0000
71.736,-0.0006,0.0078,-0.0088,-0.0004,0.0556,-0.0529,-0.0000
71.748,-0.0005,0.0069,-0.0077,-0.0003,0.0490,-0.0465,-0.0000
71.760,-0.0005,0.0061,-0.0068,-0.0003,0.0431,-0.0409,-0.0000
71.772,-0.0004,0.0053,-0.0060,-0.0003,0.0379,-0.0360,-0.0000
71.784,-0.0004,0.0047,-0.0053,-0.0002,0.0334,-0.0317,-0.0000
71.796,-0.0003,0.0041,-0.0046,-0.0002,0.0294,-0.0279,-0.0000
71.808,-0.0003,0.0036,-0.0041,-0.0002,0.0258,-0.0245,-0.0000
71.820,-0.0003,0.0032,-0.0036,-0.0002,0.0227,-0.0216,-0.0000
71.832,-0.0002,0.0028,-0.0032,-0.0001,0.0200,-0.0190,-0.0000
71.844,-0.0002,0.0025,-0.0028,-0.0001,0.0176,-0.0167,-0.0000
71.856,-0.0002,0.0022,-0.0024,-0.0001,0.0155,-0.0147,-0.0000
71.868,-0.0002,0.0019,-0.0022,-0.0001,0.0136,-0.0130,-0.0000
71.880,-0.0001,0.0017,-0.0019,-0.0001,0.0120,-0.0114,-0.0000
71.892,-0.0001,0.0015,-0.0017,-0.0001,0.0106,-0.0100,-0.0000
71.904,-0.0001,0.0013,-0.0015,-0.0001,0.0093,-0.0088,-0.0000
71.916,-0.0001,0.0011,-0.0013,-0.0001,0.0082,-0.0078,-0.0000
71.928,-0.0001,0.0010,-0.0011,-0.0000,0.0072,-0.0068,-0.0000
71.940,-0.0001,0.0009,-0.0010,-0.0000,0.0063,-0.0060,-0.0000
71.952,-0.0001,0.0008,-0.0009,-0.0000,0.0056,-0.0053,-0.0000
71.964,-0.0001,0.0007,-0.0008,-0.0000,0.0049,-0.0047,-0.0000
71.976,-0.0000,0.0006,-0.0007,-0.0000,0.0043,-0.0041,0.0000
71.988,-0.0000,0.0005,-0.0006,-0.0000,0.0038,-0.0036,0.0000
72.000,-0.0000,0.0005,-0.0005,-0.0000,0.0033,-0.0032,0.0000
72.012,-0.0000,0.0004,-0.0005,-0.0000,0.0029,-0.0028,0.0000
72.024,-0.0000,0.0004,-0.0004,-0.0000,0.0026,-0.0025,0.0000
72.036,-0.0000,0.0003,-0.0004,-0.0000,0.0023,-0.0022,0.0000
72.048,-0.0000,0.0003,-0.0003,-0.0000,0.0020,-0.0019,0.0000
72.060,-0.0000,0.0002,-0.0003,-0.0000,0.0018,-0.0017,0.0000
72.072,-0.0000,0.0002,-0.0002,-0.0000,0.0016,-0.0015,0.0000
72.084,-0.0000,0.0002,-0.0002,-0.0000,0.0014,-0.0013,0.0000
72.096,-0.0000,0.0002,-0.0002,-0.0000,0.0012,-0.0011,0.0000
72.108,-0.0000,0.0001,-0.0002,-0.0000,0.0011,-0.0010,0.0000
72.120,-0.0000,0.0001,-0.0001,-0.0000,0.0009,-0.0009,0.0000
72.132,-0.0000,0.0001,-0.0001,-0.0000,0.0008,-0.0008,0.0000
72.144,-0.0000,0.0001,-0.0001,-0.0000,0.0007,-0.0007,0.0000
72.156,-0.0000,0.0001,-0.0001,-0.0000,0.0006,-0.0006,0.0000
72.168,-0.0000,0.0001,-0.0001,-0.0000,0.0006,-0.0005,0.0000
72.180,-0.0000,0.0001,-0.0001,-0.0000,0.0005,-0.0005,0.0000
72.192,-0.0000,0.0001,-0.0001,-0.0000,0.0004,-0.0004,0.0000
72.204,-0.0000,0.0001,-0.0001,-0.0000,0.0004,-0.0004,0.0000
72.216,-0.0000,0.0000,-0.0001,-0.0000,0.0003,-0.0003,0.0000
72.228,-0.0000,0.0000,-0.0000,-0.0000,0.0003,-0.0003,0.0000
72.240,-0.0000,0.0000,-0.0000,-0.0000,0.0003,-0.0002,0.0000
72.252,-0.0000,0.0000,-0.0000,-0.0000,0.0002,-0.0002,0.0000
72.264,-0.0000,0.0000,-0.0000,-0.0000,0.0002,-0.0002,0.0000
72.276,-0.0000,0.0000,-0.0000,-0.0000,0.0002,-0.0002,0.0000
72.288,-0.0000,0.0000,-0.0000,-0.0000,0.0002,-0.0001,0.0000
72.300,-0.0000,0.0000,-0.0000,-0.0000,0.0001,-0.0001,0.0000
72.312,-0.0000,0.0000,-0.0000,-0.0000,0.0001,-0.0001,0.0000
72.324,-0.0000,0.0000,-0.0000,-0.0000,0.0001,-0.0001,0.0000
72.336,-0.0000,0.0000,-0.0000,-0.0000,0.0001,-0.0001,0.0000
72.348,-0.0000,0.0000,-0.0000,-0.0000,0.0001,-0.0001,0.0000
72.360,-0.0000,0.0000,-0.0000,-0.0000,0.0001,-0.0001,0.0000
72.372,-0.0000,0.0000,-0.0000,-0.0000,0.0001,-0.0001,0.0000
72.384,-0.0000,0.0000,-0.0000,-0.0000,0.0001,-0.0001,0.0000
72.396,-0.0000,0.0000,-0.0000,-0.0000,0.0000,-0.0000,0.0000
72.408,-0.0000,0.0000,-0.0000,-0.0000,0.0000,-0.0000,0.0000
72.420,-0.0000,0.0000,-0.0000,-0.0000,0.0000,-0.0000,0.0000
72.432,-0.0000,0.0000,-0.0000,-0.0000,0.0000,-0.0000,0.0000
72.444,-0.0000,0.0000,-0.0000,-0.0000,0.0000,-0.0000,0.0000
72.456,-0.0000,0.0000,-0.0000,-0.0000,0.0000,-0.0000,0.0000
72.468,-0.0000,0.0000,-0.0000,-0.0000,0.0000,-0.0000,0.0000
72.480,-0.0000,0.0000,-0.0000,-0.0000,0.0000,-0.0000,0.0000
72.492,-0.0000,0.0000,-0.0000,-0.0000,0.0000,-0.0000,0.0000
72.504,-0.0000,0.0000,-0.0000,-0.0000,0.0000,-0.0000,0.0000
72.516,-0.0000,0.0000,-0.0000,-0.0000,0.0000,-0.0000,0.0000
72.528,-0.0000,0.0000,-0.0000,-0.0000,0.0000,-0.0000,0.0000
72.540,-0.0000,0.0000,-0.0000,-0.0000,0.0000,-0.0000,0.0000
72.552,-0.0000,0.0000,-0.0000,-0.0000,0.0000,-0.0000,0.0000
72.564,-0.0000,0.0000,-0.0000,-0.0000,0.0000,-0.0000,0.0000
72.576,-0.0000,0.0000,-0.0000,-0.0000,0.0000,-0.0000,0.0000
72.588,-0.0000,0.0000,-0.0000,-0.0000,0.0000,-0.0000,0.0000
72.600,-0.0000,0.0000,-0.0000,-0.0000,0.0000,-0.0000,0.0000
72.612,-0.0000,0.0000,-0.0000,-0.0000,0.0000,-0.0000,0.0000
72.624,-0.0000,0.0000,-0.0000,-0.0000,0.0000,-0.0000,0.0000
72.636,-0.0000,0.0000,-0.0000,-0.0000,0.0000,-0.0000,0.0000
72.648,-0.0000,0.0000,-0.0000,-0.0000,0.0000,-0.0000,0.0000
72.660,-0.0000,0.0000,-0.0000,-0.0000,0.0000,-0.0000,0.0000
72.672,-0.0000,0.0000,-0.0000,-0.0000,0.0000,-0.0000,0.0000
72.684,-0.0000,0.0000,-0.0000,-0.0000,0.0000,-0.0000,0.0000
72.696,-0.0000,0.0000,-0.0000,-0.0000,0.0000,-0.0000,0.0000
72.708,-0.0000,0.0000,-0.0000,-0.0000,0.0000,-0.0000,0.0000
72.720,-0.0000,0.0000,-0.0000,-0.0000,0.0000,-0.0000,0.0000
72.732,-0.0000,0.0000,-0.0000,-0.0000,0.0000,-0.0000,0.0000
72.744,-0.0000,0.0000,-0.0000,-0.0000,0.0000,-0.0000,0.0000
72.756,-0.0000,0.0000,-0.0000,-0.0000,0.0000,-0.0000,0.0000
72.768,-0.0000,0.0000,-0.0000,-0.0000,0.0000,-0.0000,0.0000
72.780,-0.0000,0.0000,-0.0000,-0.0000,0.0000,-0.0000,0.0000
72.792,-0.0000,0.0000,-0.0000,-0.0000,0.0000,-0.0000,0.0000
72.804,-0.0000,0.0000,-0.0000,-0.0000,0.0000,-0.0000,0.0000
72.816,-0.0000,0.0000,-0.0000,-0.0000,0.0000,-0.0000,0.0000
72.828,-0.0000,0.0000,-0.0000,-0.0000,0.0000,-0.0000,0.0000
72.840,-0.0000,0.0000,-0.0000,-0.0000,0.0000,-0.0000,0.0000
72.852,-0.0000,0.0000,-0.0000,-0.0000,0.0000,-0.0000,0.0000
72.864,-0.0000,0.0000,-0.0000,-0.0000,0.0000,-0.0000,0.0000
72.876,-0.0000,0.0000,-0.0000,-0.0000,0.0000,-0.0000,0.0000
72.888,-0.0000,0.0000,-0.0000,-0.0000,0.0000,-0.0000,0.0000
72.900,-0.0000,0.0000,-0.0000,-0.0000,0.0000,-0.0000,0.0000
72.912,-0.0000,0.0000,-0.0000,-0.0000,0.0000,-0.0000,0.0000
72.924,-0.0000,0.0000,-0.0000,-0.0000,0.0000,-0.0000,0.0000
72.936,-0.0000,0.0000,-0.0000,-0.0000,0.0000,-0.0000,0.0000
72.948,-0.0000,0.0000,-0.0000,-0.0000,0.0000,-0.0000,0.0000
72.960,-0.0000,0.0000,-0.0000,-0.0000,0.0000,-0.0000,0.0000
72.972,-0.0000,0.0000,-0.0000,-0.0000,0.0000,-0.0000,0.0000
72.984,-0.0000,0.0000,-0.0000,-0.0000,0.0000,-0.0000,0.0000
72.996,-0.0000,0.0000,-0.0000,-0.0000,0.0000,-0.0000,0.0000
73.008,-0.0000,0.0000,-0.0000,-0.0000,0.0000,-0.0000,0.0000
73.020,-0.0000,0.0000,-0.0000,-0.0000,0.0000,-0.0000,0.0000
73.032,-0.0000,0.0000,-0.0000,-0.0000,0.0000,-0.0000,0.0000
73.044,-0.0000,0.0000,-0.0000,-0.0000,0.0000,-0.0000,0.0000
73.056,-0.0000,0.0000,-0.0000,-0.0000,0.0000,-0.0000,0.0000
73.068,-0.0000,0.0000,-0.0000,-0.0000,0.0000,-0.0000,0.0000
73.080,-0.0000,0.0000,-0.0000,-0.0000,0.0000,-0.0000,0.0000
73.092,-0.0000,0.0000,-0.0000,-0.0000,0.0000,-0.0000,0.0000
73.104,-0.0000,0.0000,-0.0000,-0.0000,0.0000,-0.0000,0.0000
73.116,-0.0000,0.0000,-0.0000,-0.0000,0.0000,-0.0000,0.0000
73.128,-0.0000,0.0000,-0.0000,-0.0000,0.0000,-0.0000,0.0000
73.140,-0.0000,0.0000,-0.0000,-0.0000,0.0000,-0.0000,0.0000
73.152,-0.0000,0.0000,-0.0000,-0.0000,0.0000,-0.0000,0.0000
73.164,-0.0000,0.0000,-0.0000,-0.0000,0.0000,-0.0000,0.0000
73.176,-0.0000,0.0000,-0.0000,-0.0000,0.0000,-0.0000,0.0000
73.188,-0.0000,0.0000,-0.0000,-0.0000,0.0000,-0.0000,0.0000
73.200,-0.0000,0.0000,-0.0000,-0.0000,0.0000,-0.0000,0.0000
73.212,-0.0000,0.0000,-0.0000,-0.0000,0.0000,-0.0000,0.0000
73.224,-0.0000,0.0000,-0.0000,-0.0000,0.0000,-0.0000,0.0000
73.236,-0.0000,0.0000,-0.0000,-0.0000,0.0000,-0.0000,0.0000
73.248,-0.0000,0.0000,-0.0000,-0.0000,0.0000,-0.0000,0.0000
73.260,-0.0000,0.0000,-0.0000,-0.0000,0.0000,-0.0000,0.0000
73.272,-0.0000,0.0000,-0.0000,-0.0000,0.0000,-0.0000,0.0000
73.284,-0.0000,0.0000,-0.0000,-0.0000,0.0000,-0.0000,0.0000
73.296,-0.0000,0.0000,-0.0000,-0.0000,0.0000,-0.0000,0.0000
73.308,-0.0000,0.0000,-0.0000,-0.0000,0.0000,-0.0000,0.0000
73.320,-0.0000,0.0000,-0.0000,-0.0000,0.0000,-0.0000,0.0000
73.332,-0.0000,0.0000,-0.0000,-0.0000,0.0000,-0.0000,0.0000
73.344,-0.0000,0.0000,-0.0000,-0.0000,0.0000,-0.0000,0.0000
73.356,-0.0000,0.0000,-0.0000,-0.0000,0.0000,-0.0000,0.0000
73.368,-0.0000,0.0000,-0.0000,-0.0000,0.0000,-0.0000,0.0000
73.380,-0.0000,0.0000,-0.0000,-0.0000,0.0000,-0.0000,0.0000
73.392,-0.0000,0.0000,-0.0000,-0.0000,0.0000,-0.0000,0.0000
73.404,-0.0000,0.0000,-0.0000,-0.0000,0.0000,-0.0000,0.0000
73.416,-0.0000,0.0000,-0.0000,-0.0000,0.0000,-0.0000,0.0000
73.428,-0.0000,0.0000,-0.0000,-0.0000,0.0000,-0.0000,0.0000
73.440,-0.0000,0.0000,0.0000,-0.0000,0.0000,-0.0000,0.0000
73.452,-0.0000,0.0000,0.0000,-0.0000,0.0000,-0.0000,0.0000
73.464,-0.0000,0.0000,0.0000,-0.0000,0.0000,-0.0000,0.0000
73.476,-0.0000,0.0000,0.0000,-0.0000,0.0000,-0.0000,0.0000
73.488,-0.0000,0.0000,0.0000,-0.0000,0.0000,-0.0000,0.0000
73.500,-0.0000,0.0000,0.0000,-0.0000,0.0000,-0.0000,0.0000
73.512,-0.0000,0.0000,0.0000,-0.0000,0.0000,-0.0000,0.0000
73.524,-0.0000,0.0000,0.0000,-0.0000,0.0000,-0.0000,0.0000
73.536,-0.0000,0.0000,0.0000,-0.0000,0.0000,-0.0000,0.0000
73.548,-0.0000,0.0000,0.0000,-0.0000,0.0000,-0.0000,0.0000
73.560,-0.0000,0.0000,0.0000,-0.0000,0.0000,-0.0000,0.0000
73.572,-0.0000,0.0000,0.0000,-0.0000,0.0000,-0.0000,0.0000
73.584,-0.0000,0.0000,0.0000,-0.0000,0.0000,-0.0000,0.0000
73.596,-0.0000,0.0000,0.0000,-0.0000,0.0000,-0.0000,0.0000
73.608,-0.0000,0.0000,0.0000,-0.0000,0.0000,-0.0000,0.0000
73.620,-0.0000,0.0000,0.0000,-0.0000,0.0000,-0.0000,0.0000
73.632,-0.0000,0.0000,0.0000,-0.0000,0.0000,-0.0000,0.0000
73.644,-0.0000,0.0000,0.0000,-0.0000,0.0000,-0.0000,0.0000
73.656,-0.0000,0.0000,0.0000,-0.0000,0.0000,-0.0000,0.0000
73.668,-0.0000,0.0000,0.0000,-0.0000,0.0000,-0.0000,0.0000
73.680,-0.0000,0.0000,0.0000,-0.0000,0.0000,-0.0000,0.0000
73.692,-0.0000,0.0000,0.0000,-0.0000,0.0000,-0.0000,0.0000
73.704,-0.0000,0.0000,0.0000,-0.0000,0.0000,-0.0000,0.0000
73.716,-0.0000,0.0000,0.0000,-0.0000,0.0000,-0.0000,0.0000
73.728,-0.0000,0.0000,0.0000,-0.0000,0.0000,-0.0000,0.0000
73.740,-0.0000,0.0000,0.0000,-0.0000,0.0000,-0.0000,0.0000
73.752,-0.0000,0.0000,0.0000,-0.0000,0.0000,-0.0000,0.0000
73.764,-0.0000,0.0000,0.0000,-0.0000,0.0000,-0.0000,0.0000
73.776,-0.0000,0.0000,0.0000,-0.0000,0.0000,-0.0000,0.0000
73.788,-0.0000,0.0000,0.0000,-0.0000,0.0000,-0.0000,0.0000
73.800,-0.0000,0.0000,0.0000,-0.0000,0.0000,-0.0000,0.0000
73.812,-0.0000,0.0000,0.0000,-0.0000,0.0000,-0.0000,0.0000
73.824,-0.0000,0.0000,0.0000,-0.0000,0.0000,-0.0000,0.0000
73.836,-0.0000,0.0000,0.0000,-0.0000,0.0000,-0.0000,0.0000
73.848,-0.0000,0.0000,0.0000,-0.0000,0.0000,-0.0000,0.0000
73.860,-0.0000,0.0000,0.0000,-0.0000,0.0000,-0.0000,0.0000
73.872,-0.0000,0.0000,0.0000,-0.0000,0.0000,-0.0000,0.0000
73.884,-0.0000,0.0000,0.0000,-0.0000,0.0000,-0.0000,0.0000
73.896,-0.0000,0.0000,0.0000,-0.0000,0.0000,-0.0000,0.0000
73.908,-0.0000,0.0000,0.0000,-0.0000,0.0000,-0.0000,0.0000
73.920,-0.0000,0.0000,0.0000,-0.0000,0.0000,-0.0000,0.0000
73.932,-0.0000,0.0000,0.0000,-0.0000,0.0000,-0.0000,0.0000
73.944,-0.0000,0.0000,0.0000,-0.0000,0.0000,-0.0000,0.0000
73.956,-0.0000,0.0000,0.0000,-0.0000,0.0000,-0.0000,0.0000
73.968,-0.0000,0.0000,0.0000,-0.0000,0.0000,-0.0000,0.0000
73.980,-0.0000,0.0000,0.0000,-0.0000,0.0000,-0.0000,0.0000
73.992,-0.0000,0.0000,0.0000,-0.0000,0.0000,-0.0000,0.0000
74.004,-0.0000,0.0000,0.0000,-0.0000,0.0000,-0.0000,0.0000
74.016,-0.0000,0.0000,0.0000,-0.0000,0.0000,-0.0000,0.0000
74.028,-0.0000,0.0000,0.0000,-0.0000,0.0000,-0.0000,0.0000
74.040,-0.0000,0.0000,0.0000,-0.0000,0.0000,-0.0000,0.0000
74.052,-0.0000,0.0000,0.0000,-0.0000,0.0000,-0.0000,0.0000
74.064,-0.0000,0.0000,0.0000,-0.0000,0.0000,-0.0000,0.0000
74.076,-0.0000,0.0000,0.0000,-0.0000,0.0000,-0.0000,0.0000
74.088,-0.0000,0.0000,0.0000,-0.0000,0.0000,-0.0000,0.0000
74.100,-0.0000,0.0000,0.0000,-0.0000,0.0000,-0.0000,0.0000
74.112,-0.0000,0.0000,0.0000,-0.0000,0.0000,-0.0000,0.0000
74.124,-0.0000,0.0000,0.0000,-0.0000,0.0000,-0.0000,0.0000
74.136,-0.0000,0.0000,0.0000,-0.0000,0.0000,-0.0000,0.0000
74.148,-0.0000,0.0000,0.0000,-0.0000,0.0000,-0.0000,0.0000
74.160,-0.0000,0.0000,0.0000,-0.0000,0.0000,-0.0000,0.0000
74.172,-0.0000,0.0000,0.0000,-0.0000,0.0000,-0.0000,0.0000
74.184,-0.0000,0.0000,0.0000,-0.0000,0.0000,-0.0000,0.0000
74.196,-0.0000,0.0000,0.0000,-0.0000,0.0000,-0.0000,0.0000
74.208,-0.0000,0.0000,0.0000,-0.0000,0.0000,-0.0000,0.0000
74.220,-0.0000,0.0000,0.0000,-0.0000,0.0000,-0.0000,0.0000
74.232,-0.0000,0.0000,0.0000,-0.0000,0.0000,-0.0000,0.0000
74.244,-0.0000,0.0000,0.0000,-0.0000,0.0000,-0.0000,0.0000
74.256,-0.0000,0.0000,0.0000,-0.0000,0.0000,-0.0000,0.0000
74.268,-0.0000,0.0000,0.0000,-0.0000,0.0000,-0.0000,0.0000
74.280,-0.0000,0.0000,0.0000,-0.0000,0.0000,-0.0000,0.0000
74.292,-0.0000,0.0000,0.0000,-0.0000,0.0000,-0.0000,0.0000
74.304,-0.0000,0.0000,0.0000,-0.0000,0.0000,-0.0000,0.0000
74.316,-0.0000,0.0000,0.0000,-0.0000,0.0000,-0.0000,0.0000
74.328,-0.0000,0.0000,0.0000,-0.0000,0.0000,-0.0000,0.0000
74.340,-0.0000,0.0000,0.0000,-0.0000,0.0000,-0.0000,0.0000
74.352,-0.0000,0.0000,0.0000,-0.0000,0.0000,-0.0000,0.0000
74.364,-0.0000,0.0000,0.0000,-0.0000,0.0000,-0.0000,0.0000
74.376,-0.0000,0.0000,0.0000,-0.0000,0.0000,-0.0000,0.0000
74.388,-0.0000,0.0000,0.0000,-0.0000,0.0000,-0.0000,0.0000
74.400,-0.0000,0.0000,0.0000,-0.0000,0.0000,-0.0000,0.0000
74.412,-0.0000,0.0000,0.0000,-0.0000,0.0000,-0.0000,0.0000
74.424,-0.0000,0.0000,0.0000,-0.0000,0.0000,-0.0000,0.0000
74.436,-0.0000,0.0000,0.0000,-0.0000,0.0000,-0.0000,0.0000
74.448,-0.0000,0.0000,0.0000,-0.0000,0.0000,-0.0000,0.0000
74.460,-0.0000,0.0000,0.0000,-0.0000,0.0000,-0.0000,0.0000
74.472,-0.0000,0.0000,0.0000,-0.0000,0.0000,-0.0000,0.0000
74.484,-0.0000,0.0000,0.0000,-0.0000,0.0000,-0.0000,0.0000
74.496,-0.0000,0.0000,0.0000,-0.0000,0.0000,-0.0000,0.0000
74.508,-0.0000,0.0000,0.0000,-0.0000,0.0000,-0.0000,0.0000
74.520,-0.0000,0.0000,0.0000,-0.0000,0.0000,-0.0000,0.0000
74.532,-0.0000,0.0000,0.0000,-0.0000,0.0000,-0.0000,0.0000
74.544,-0.0000,0.0000,0.0000,-0.0000,0.0000,-0.0000,0.0000
74.556,-0.0000,0.0000,0.0000,-0.0000,0.0000,-0.0000,0.0000
74.568,-0.0000,0.0000,0.0000,-0.0000,0.0000,-0.0000,0.0000
74.580,-0.0000,0.0000,0.0000,-0.0000,0.0000,-0.0000,0.0000
74.592,-0.0000,0.0000,0.0000,-0.0000,0.0000,-0.0000,0.0000
74.604,-0.0000,0.0000,0.0000,-0.0000,0.0000,-0.0000,0.0000
74.616,-0.0000,0.0000,0.0000,-0.0000,0.0000,-0.0000,0.0000
74.628,-0.0000,0.0000,0.0000,-0.0000,0.0000,-0.0000,0.0000
74.640,-0.0000,0.0000,0.0000,-0.0000,0.0000,-0.0000,0.0000
74.652,-0.0000,0.0000,0.0000,-0.0000,0.0000,-0.0000,0.0000
74.664,-0.0000,0.0000,0.0000,-0.0000,0.0000,-0.0000,0.0000
74.676,-0.0000,0.0000,0.0000,-0.0000,0.0000,-0.0000,0.0000
74.688,-0.0000,0.0000,0.0000,-0.0000,0.0000,-0.0000,0.0000
74.700,-0.0000,0.0000,0.0000,-0.0000,0.0000,-0.0000,0.0000
74.712,-0.0000,0.0000,0.0000,-0.0000,0.0000,-0.0000,0.0000
74.724,-0.0000,0.0000,0.0000,-0.0000,0.0000,-0.0000,0.0000
74.736,-0.0000,0.0000,0.0000,-0.0000,0.0000,-0.0000,0.0000
74.748,-0.0000,0.0000,0.0000,-0.0000,0.0000,-0.0000,0.0000
74.760,-0.0000,0.0000,0.0000,-0.0000,0.0000,-0.0000,0.0000
74.772,-0.0000,0.0000,0.0000,-0.0000,0.0000,-0.0000,0.0000
74.784,-0.0000,0.0000,0.0000,-0.0000,0.0000,-0.0000,0.0000
74.796,-0.0000,0.0000,0.0000,-0.0000,0.0000,-0.0000,0.0000
74.808,-0.0000,0.0000,0.0000,-0.0000,0.0000,-0.0000,0.0000
74.820,-0.0000,0.0000,0.0000,-0.0000,0.0000,-0.0000,0.0000
74.832,-0.0000,0.0000,0.0000,-0.0000,0.0000,-0.0000,0.0000
74.844,-0.0000,0.0000,0.0000,-0.0000,0.0000,-0.0000,0.0000
74.856,-0.0000,0.0000,0.0000,-0.0000,0.0000,-0.0000,0.0000
74.868,-0.0000,0.0000,0.0000,-0.0000,0.0000,-0.0000,0.0000
74.880,-0.0000,0.0000,0.0000,-0.0000,0.0000,-0.0000,0.0000
74.892,-0.0000,0.0000,0.0000,-0.0000,0.0000,-0.0000,0.0000
74.904,-0.0000,0.0000,0.0000,-0.0000,0.0000,-0.0000,0.0000
74.916,-0.0000,0.0000,0.0000,-0.0000,0.0000,-0.0000,0.0000
74.928,-0.0000,0.0000,0.0000,-0.0000,0.0000,-0.0000,0.0000
74.940,-0.0000,0.0000,0.0000,-0.0000,0.0000,-0.0000,0.0000
74.952,0.0002,0.0003,-0.0003,0.0000,0.0009,0.0002,0.0000
74.964,0.0007,0.0008,-0.0010,0.0000,0.0026,0.0007,0.0000
74.976,0.0014,0.0015,-0.0018,0.0000,0.0049,0.0014,0.0000
74.988,0.0022,0.0024,-0.0030,0.0000,0.0079,0.0022,0.0000
75.000,0.0031,0.0034,-0.0043,0.0000,0.0114,0.0031,0.0000
75.012,0.0042,0.0046,-0.0058,0.0000,0.0153,0.0042,-0.0000
75.024,0.0055,0.0059,-0.0074,0.0001,0.0197,0.0054,-0.0000
75.036,0.0068,0.0073,-0.0092,0.0001,0.0245,0.0067,-0.0000
75.048,0.0082,0.0089,-0.0111,0.0001,0.0295,0.0081,-0.0000
75.060,0.0096,0.0105,-0.0131,0.0001,0.0349,0.0096,-0.0000
75.072,0.0112,0.0122,-0.0152,0.0001,0.0405,0.0111,-0.0000
75.084,0.0128,0.0139,-0.0174,0.0001,0.0463,0.0127,-0.0000
75.096,0.0144,0.0157,-0.0196,0.0002,0.0523,0.0144,-0.0000
75.108,0.0161,0.0176,-0.0219,0.0002,0.0585,0.0161,-0.0000
75.120,0.0179,0.0194,-0.0243,0.0002,0.0648,0.0178,-0.0000
75.132,0.0197,0.0214,-0.0267,0.0002,0.0712,0.0196,-0.0000
75.144,0.0215,0.0234,-0.0292,0.0002,0.0778,0.0214,-0.0000
75.156,0.0233,0.0254,-0.0317,0.0003,0.0844,0.0232,-0.0000
75.168,0.0252,0.0274,-0.0342,0.0003,0.0912,0.0251,-0.0000
75.180,0.0271,0.0294,-0.0368,0.0003,0.0980,0.0270,-0.0000
75.192,0.0290,0.0315,-0.0394,0.0003,0.1049,0.0289,-0.0000
75.204,0.0309,0.0336,-0.0420,0.0003,0.1119,0.0308,-0.0000
75.216,0.0329,0.0357,-0.0447,0.0004,0.1189,0.0327,-0.0000
75.228,0.0348,0.0378,-0.0473,0.0004,0.1260,0.0347,-0.0000
75.240,0.0368,0.0400,-0.0500,0.0004,0.1331,0.0366,-0.0000
75.252,0.0387,0.0421,-0.0527,0.0004,0.1402,0.0386,-0.0000
75.264,0.0407,0.0443,-0.0553,0.0005,0.1474,0.0406,-0.0000
75.276,0.0427,0.0464,-0.0581,0.0005,0.1546,0.0425,-0.0000
75.288,0.0447,0.0486,-0.0608,0.0005,0.1618,0.0445,-0.0000
75.300,0.0467,0.0508,-0.0635,0.0005,0.1691,0.0465,-0.0000
75.312,0.0487,0.0530,-0.0662,0.0005,0.1763,0.0485,-0.0000
75.324,0.0507,0.0551,-0.0689,0.0006,0.1836,0.0505,-0.0000
75.336,0.0527,0.0573,-0.0717,0.0006,0.1909,0.0525,-0.0000
75.348,0.0548,0.0595,-0.0744,0.0006,0.1982,0.0545,-0.0000
75.360,0.0568,0.0617,-0.0772,0.0006,0.2055,0.0566,-0.0000
75.372,0.0588,0.0639,-0.0799,0.0007,0.2129,0.0586,-0.0000
75.384,0.0608,0.0661,-0.0827,0.0007,0.2202,0.0606,-0.0000
75.396,0.0629,0.0683,-0.0855,0.0007,0.2276,0.0626,-0.0000
75.408,0.0649,0.0705,-0.0882,0.0007,0.2349,0.0646,-0.0000
75.420,0.0669,0.0728,-0.0910,0.0008,0.2423,0.0667,-0.0000
75.432,0.0690,0.0750,-0.0937,0.0008,0.2497,0.0687,-0.0000
75.444,0.0710,0.0772,-0.0965,0.0008,0.2570,0.0707,-0.0000
75.456,0.0730,0.0794,-0.0993,0.0008,0.2644,0.0727,-0.0000
75.468,0.0751,0.0816,-0.1021,0.0008,0.2718,0.0748,-0.0000
75.480,0.0771,0.0838,-0.1048,0.0009,0.2792,0.0768,-0.0000
75.492,0.0792,0.0860,-0.1076,0.0009,0.2865,0.0788,-0.0000
75.504,0.0812,0.0883,-0.1104,0.0009,0.2939,0.0809,-0.0000
75.516,0.0832,0.0905,-0.1132,0.0009,0.3013,0.0829,-0.0000
75.528,0.0853,0.0927,-0.1159,0.0010,0.3087,0.0849,-0.0000
75.540,0.0873,0.0949,-0.1187,0.0010,0.3161,0.0870,-0.0000
75.552,0.0894,0.0971,-0.1215,0.0010,0.3235,0.0890,-0.0000
75.564,0.0914,0.0994,-0.1243,0.0010,0.3309,0.0910,-0.0000
75.576,0.0935,0.1016,-0.1270,0.0011,0.3383,0.0931,-0.0000
75.588,0.0955,0.1038,-0.1298,0.0011,0.3457,0.0951,-0.0000
75.600,0.0975,0.1060,-0.1326,0.0011,0.3531,0.0972,-0.0000
75.612,0.0996,0.1083,-0.1354,0.0011,0.3605,0.0992,-0.0000
75.624,0.1016,0.1105,-0.1382,0.0011,0.3679,0.1012,-0.0000
75.636,0.1037,0.1127,-0.1409,0.0012,0.3753,0.1033,-0.0000
75.648,0.1057,0.1149,-0.1437,0.0012,0.3827,0.1053,-0.0000
75.660,0.1078,0.1172,-0.1465,0.0012,0.3901,0.1073,-0.0000
75.672,0.1098,0.1194,-0.1493,0.0012,0.3975,0.1094,-0.0000
75.684,0.1119,0.1216,-0.1521,0.0013,0.4049,0.1114,-0.0000
75.696,0.1139,0.1238,-0.1548,0.0013,0.4123,0.1134,-0.0000
75.708,0.1160,0.1260,-0.1576,0.0013,0.4197,0.1155,-0.0000
75.720,0.1180,0.1283,-0.1604,0.0013,0.4271,0.1175,-0.0000
75.732,0.1200,0.1305,-0.1632,0.0014,0.4345,0.1196,-0.0000
75.744,0.1221,0.1327,-0.1660,0.0014,0.4420,0.1216,-0.0000
75.756,0.1241,0.1349,-0.1687,0.0014,0.4494,0.1236,-0.0000
75.768,0.1262,0.1372,-0.1715,0.0014,0.4568,0.1257,-0.0000
75.780,0.1282,0.1394,-0.1743,0.0014,0.4642,0.1277,-0.0000
75.792,0.1303,0.1416,-0.1771,0.0015,0.4716,0.1297,-0.0000
75.804,0.1323,0.1438,-0.1799,0.0015,0.4790,0.1318,-0.0000
75.816,0.1344,0.1461,-0.1826,0.0015,0.4864,0.1338,-0.0000
75.828,0.1364,0.1483,-0.1854,0.0015,0.4938,0.1359,-0.0000
75.840,0.1385,0.1505,-0.1882,0.0016,0.5012,0.1379,-0.0000
75.852,0.1405,0.1527,-0.1910,0.0016,0.5086,0.1399,-0.0000
75.864,0.1426,0.1550,-0.1938,0.0016,0.5160,0.1420,-0.0000
75.876,0.1446,0.1572,-0.1966,0.0016,0.5234,0.1440,-0.0000
75.888,0.1466,0.1594,-0.1993,0.0017,0.5308,0.1460,-0.0000
75.900,0.1487,0.1616,-0.2021,0.0017,0.5382,0.1481,-0.0000
75.912,0.1507,0.1639,-0.2049,0.0017,0.5456,0.1501,-0.0000
75.924,0.1528,0.1661,-0.2077,0.0017,0.5530,0.1522,-0.0000
75.936,0.1548,0.1683,-0.2105,0.0017,0.5605,0.1542,-0.0000
75.948,0.1569,0.1705,-0.2132,0.0018,0.5679,0.1562,-0.0000
75.960,0.1589,0.1728,-0.2160,0.0018,0.5753,0.1583,-0.0000
75.972,0.1610,0.1750,-0.2188,0.0018,0.5827,0.1603,-0.0000
75.984,0.1630,0.1772,-0.2216,0.0018,0.5901,0.1623,-0.0000
75.996,0.1651,0.1794,-0.2244,0.0019,0.5975,0.1644,-0.0000
76.008,0.1671,0.1816,-0.2271,0.0019,0.6049,0.1664,-0.0000
76.020,0.1692,0.1839,-0.2299,0.0019,0.6123,0.1685,-0.0000
76.032,0.1712,0.1861,-0.2327,0.0019,0.6197,0.1705,-0.0000
76.044,0.1732,0.1883,-0.2355,0.0020,0.6271,0.1725,-0.0000
76.056,0.1753,0.1905,-0.2383,0.0020,0.6345,0.1746,-0.0000
76.068,0.1773,0.1928,-0.2411,0.0020,0.6419,0.1766,-0.0000
76.080,0.1794,0.1950,-0.2438,0.0020,0.6493,0.1787,-0.0000
76.092,0.1814,0.1972,-0.2466,0.0020,0.6567,0.1807,-0.0000
76.104,0.1835,0.1994,-0.2494,0.0021,0.6641,0.1827,-0.0000
76.116,0.1855,0.2017,-0.2522,0.0021,0.6716,0.1848,-0.0000
76.128,0.1876,0.2039,-0.2550,0.0021,0.6790,0.1868,-0.0000
76.140,0.1896,0.2061,-0.2577,0.0021,0.6864,0.1888,-0.0000
76.152,0.1917,0.2083,-0.2605,0.0022,0.6938,0.1909,-0.0000
76.164,0.1937,0.2106,-0.2633,0.0022,0.7012,0.1929,-0.0000
76.176,0.1958,0.2128,-0.2661,0.0022,0.7086,0.1950,-0.0000
76.188,0.1978,0.2150,-0.2689,0.0022,0.7160,0.1970,-0.0000
76.200,0.1998,0.2172,-0.2716,0.0023,0.7234,0.1990,-0.0000
76.212,0.2019,0.2195,-0.2744,0.0023,0.7308,0.2011,-0.0000
76.224,0.2039,0.2217,-0.2772,0.0023,0.7382,0.2031,-0.0000
76.236,0.2060,0.2239,-0.2800,0.0023,0.7456,0.2051,-0.0000
76.248,0.2080,0.2261,-0.2828,0.0023,0.7530,0.2072,-0.0000
76.260,0.2101,0.2284,-0.2856,0.0024,0.7604,0.2092,-0.0000
76.272,0.2121,0.2306,-0.2883,0.0024,0.7678,0.2113,-0.0000
76.284,0.2142,0.2328,-0.2911,0.0024,0.7752,0.2133,-0.0000
76.296,0.2162,0.2350,-0.2939,0.0024,0.7827,0.2153,-0.0000
76.308,0.2183,0.2373,-0.2967,0.0025,0.7901,0.2174,-0.0000
76.320,0.2203,0.2395,-0.2995,0.0025,0.7975,0.2194,-0.0000
76.332,0.2224,0.2417,-0.3022,0.0025,0.8049,0.2214,-0.0000
76.344,0.2244,0.2439,-0.3050,0.0025,0.8123,0.2235,-0.0000
76.356,0.2264,0.2462,-0.3078,0.0025,0.8197,0.2255,-0.0000
76.368,0.2285,0.2484,-0.3106,0.0026,0.8271,0.2276,-0.0000
76.380,0.2305,0.2506,-0.3134,0.0026,0.8345,0.2296,-0.0000
76.392,0.2326,0.2528,-0.3161,0.0026,0.8419,0.2316,-0.0000
76.404,0.2346,0.2550,-0.3189,0.0026,0.8493,0.2337,-0.0000
76.416,0.2367,0.2573,-0.3217,0.0027,0.8567,0.2357,-0.0000
76.428,0.2387,0.2595,-0.3245,0.0027,0.8641,0.2377,-0.0000
76.440,0.2408,0.2617,-0.3273,0.0027,0.8715,0.2398,-0.0000
76.452,0.2428,0.2639,-0.3301,0.0027,0.8789,0.2418,-0.0000
76.464,0.2449,0.2662,-0.3328,0.0028,0.8864,0.2439,-0.0000
76.476,0.2469,0.2684,-0.3356,0.0028,0.8938,0.2459,-0.0000
76.488,0.2490,0.2706,-0.3384,0.0028,0.9012,0.2479,-0.0000
76.500,0.2510,0.2728,-0.3412,0.0028,0.9086,0.2500,-0.0000
76.512,0.2530,0.2751,-0.3440,0.0028,0.9160,0.2520,-0.0000
76.524,0.2551,0.2773,-0.3467,0.0029,0.9234,0.2541,-0.0000
76.536,0.2571,0.2795,-0.3495,0.0029,0.9308,0.2561,-0.0000
76.548,0.2592,0.2817,-0.3523,0.0029,0.9382,0.2581,-0.0000
76.560,0.2612,0.2840,-0.3551,0.0029,0.9456,0.2602,-0.0000
76.572,0.2633,0.2862,-0.3579,0.0030,0.9530,0.2622,-0.0000
76.584,0.2653,0.2884,-0.3606,0.0030,0.9604,0.2642,-0.0000
76.596,0.2674,0.2906,-0.3634,0.0030,0.9678,0.2663,-0.0000
76.608,0.2694,0.2929,-0.3662,0.0030,0.9752,0.2683,-0.0000
76.620,0.2715,0.2951,-0.3690,0.0031,0.9826,0.2704,-0.0000
76.632,0.2735,0.2973,-0.3718,0.0031,0.9900,0.2724,-0.0000
76.644,0.2756,0.2995,-0.3746,0.0031,0.9975,0.2744,-0.0000
76.656,0.2776,0.3018,-0.3773,0.0031,1.0049,0.2765,-0.0000
76.668,0.2797,0.3040,-0.3801,0.0031,1.0123,0.2785,-0.0000
76.680,0.2817,0.3062,-0.3829,0.0032,1.0197,0.2805,-0.0000
76.692,0.2837,0.3084,-0.3857,0.0032,1.0271,0.2826,-0.0000
76.704,0.2858,0.3107,-0.3885,0.0032,1.0345,0.2846,-0.0000
76.716,0.2878,0.3129,-0.3912,0.0032,1.0419,0.2867,-0.0000
76.728,0.2899,0.3151,-0.3940,0.0033,1.0493,0.2887,-0.0000
76.740,0.2919,0.3173,-0.3968,0.0033,1.0567,0.2907,-0.0000
76.752,0.2940,0.3196,-0.3996,0.0033,1.0641,0.2928,-0.0000
76.764,0.2960,0.3218,-0.4024,0.0033,1.0715,0.2948,-0.0000
76.776,0.2981,0.3240,-0.4052,0.0034,1.0789,0.2968,-0.0000
76.788,0.3001,0.3262,-0.4079,0.0034,1.0863,0.2989,-0.0000
76.800,0.3022,0.3284,-0.4107,0.0034,1.0937,0.3009,-0.0000
76.812,0.3042,0.3307,-0.4135,0.0034,1.1011,0.3030,-0.0000
76.824,0.3063,0.3329,-0.4163,0.0034,1.1086,0.3050,-0.0000
76.836,0.3083,0.3351,-0.4191,0.0035,1.1160,0.3070,-0.0000
76.848,0.3103,0.3373,-0.4218,0.0035,1.1234,0.3091,-0.0000
76.860,0.3124,0.3396,-0.4246,0.0035,1.1308,0.3111,-0.0000
76.872,0.3144,0.3418,-0.4274,0.0035,1.1382,0.3131,-0.0000
76.884,0.3165,0.3440,-0.4302,0.0036,1.1456,0.3152,-0.0000
76.896,0.3185,0.3462,-0.4330,0.0036,1.1530,0.3172,-0.0000
76.908,0.3206,0.3485,-0.4357,0.0036,1.1604,0.3193,-0.0000
76.920,0.3226,0.3507,-0.4385,0.0036,1.1678,0.3213,-0.0000
76.932,0.3247,0.3529,-0.4413,0.0037,1.1752,0.3233,-0.0000
76.944,0.3266,0.3550,-0.4440,0.0037,1.1823,0.3253,-0.0000
76.956,0.3284,0.3569,-0.4463,0.0037,1.1886,0.3270,-0.0000
76.968,0.3299,0.3586,-0.4484,0.0037,1.1941,0.3285,-0.0000
76.980,0.3312,0.3600,-0.4502,0.0037,1.1989,0.3299,-0.0000
76.992,0.3324,0.3613,-0.4518,0.0037,1.2032,0.3310,-0.0000
77.004,0.3334,0.3624,-0.4532,0.0038,1.2070,0.3321,-0.0000
77.016,0.3343,0.3634,-0.4545,0.0038,1.2103,0.3330,-0.0000
77.028,0.3352,0.3643,-0.4556,0.0038,1.2132,0.3338,-0.0000
77.040,0.3359,0.3651,-0.4565,0.0038,1.2157,0.3345,-0.0000
77.052,0.3365,0.3658,-0.4574,0.0038,1.2180,0.3351,-0.0000
77.064,0.3370,0.3663,-0.4581,0.0038,1.2199,0.3356,-0.0000
77.076,0.3375,0.3669,-0.4588,0.0038,1.2217,0.3361,-0.0000
77.088,0.3379,0.3673,-0.4593,0.0038,1.2232,0.3365,-0.0000
77.100,0.3379,0.3673,-0.4593,0.0038,1.2232,0.3365,-0.0000
77.112,0.3379,0.3679,-0.4593,0.0038,1.2232,0.3366,-0.0000
77.124,0.3379,0.3689,-0.4594,0.0038,1.2233,0.3366,-0.0000
77.136,0.3380,0.3703,-0.4594,0.0038,1.2233,0.3366,-0.0000
77.148,0.3380,0.3720,-0.4594,0.0038,1.2233,0.3366,-0.0000
77.160,0.3380,0.3741,-0.4594,0.0038,1.2234,0.3366,-0.0000
77.172,0.3380,0.3764,-0.4594,0.0038,1.2235,0.3366,-0.0000
77.184,0.3380,0.3790,-0.4594,0.0038,1.2235,0.3366,-0.0000
77.196,0.3380,0.3819,-0.4595,0.0038,1.2236,0.3366,-0.0000
77.208,0.3381,0.3849,-0.4595,0.0038,1.2237,0.3367,-0.0000
77.220,0.3381,0.3880,-0.4595,0.0038,1.2238,0.3367,-0.0000
77.232,0.3381,0.3914,-0.4596,0.0038,1.2238,0.3367,-0.0000
77.244,0.3381,0.3948,-0.4596,0.0038,1.2239,0.3367,-0.0000
77.256,0.3381,0.3984,-0.4596,0.0038,1.2240,0.3368,-0.0000
77.268,0.3382,0.4020,-0.4597,0.0038,1.2241,0.3368,-0.0000
77.280,0.3382,0.4058,-0.4597,0.0038,1.2242,0.3368,-0.0000
77.292,0.3382,0.4096,-0.4597,0.0038,1.2243,0.3368,-0.0000
77.304,0.3383,0.4135,-0.4598,0.0038,1.2244,0.3369,-0.0000
77.316,0.3383,0.4175,-0.4598,0.0038,1.2245,0.3369,-0.0000
77.328,0.3383,0.4215,-0.4599,0.0038,1.2246,0.3369,-0.0000
77.340,0.3383,0.4255,-0.4599,0.0038,1.2247,0.3370,-0.0000
77.352,0.3384,0.4296,-0.4599,0.0038,1.2248,0.3370,-0.0000
77.364,0.3384,0.4338,-0.4600,0.0038,1.2249,0.3370,-0.0000
77.376,0.3384,0.4379,-0.4600,0.0038,1.2250,0.3370,-0.0000
77.388,0.3385,0.4421,-0.4601,0.0038,1.2251,0.3371,-0.0000
77.400,0.3385,0.4463,-0.4601,0.0038,1.2252,0.3371,-0.0000
77.412,0.3385,0.4506,-0.4601,0.0038,1.2254,0.3371,-0.0000
77.424,0.3385,0.4548,-0.4602,0.0038,1.2255,0.3372,-0.0000
77.436,0.3386,0.4591,-0.4602,0.0038,1.2256,0.3372,-0.0000
77.448,0.3386,0.4634,-0.4603,0.0038,1.2257,0.3372,-0.0000
77.460,0.3386,0.4677,-0.4603,0.0038,1.2258,0.3373,-0.0000
77.472,0.3387,0.4720,-0.4603,0.0038,1.2259,0.3373,-0.0000
77.484,0.3387,0.4763,-0.4604,0.0038,1.2260,0.3373,-0.0000
77.496,0.3387,0.4807,-0.4604,0.0038,1.2261,0.3373,-0.0000
77.508,0.3388,0.4850,-0.4605,0.0038,1.2262,0.3374,-0.0000
77.520,0.3388,0.4894,-0.4605,0.0038,1.2263,0.3374,-0.0000
77.532,0.3388,0.4937,-0.4606,0.0038,1.2265,0.3374,-0.0000
77.544,0.3389,0.4981,-0.4606,0.0038,1.2266,0.3375,-0.0000
77.556,0.3389,0.5024,-0.4606,0.0038,1.2267,0.3375,-0.0000
77.568,0.3389,0.5068,-0.4607,0.0038,1.2268,0.3375,-0.0000
77.580,0.3389,0.5112,-0.4607,0.0038,1.2269,0.3376,-0.0000
77.592,0.3390,0.5155,-0.4608,0.0038,1.2270,0.3376,-0.0000
77.604,0.3390,0.5199,-0.4608,0.0038,1.2271,0.3376,-0.0000
77.616,0.3390,0.5243,-0.4608,0.0038,1.2272,0.3377,-0.0000
77.628,0.3391,0.5287,-0.4609,0.0038,1.2274,0.3377,-0.0000
77.640,0.3391,0.5331,-0.4609,0.0038,1.2275,0.3377,-0.0000
77.652,0.3391,0.5374,-0.4610,0.0038,1.2276,0.3377,-0.0000
77.664,0.3392,0.5418,-0.4610,0.0038,1.2277,0.3378,-0.0000
77.676,0.3392,0.5462,-0.4611,0.0038,1.2278,0.3378,-0.0000
77.688,0.3392,0.5506,-0.4611,0.0038,1.2279,0.3378,-0.0000
77.700,0.3393,0.5550,-0.4611,0.0038,1.2280,0.3379,-0.0000
77.712,0.3393,0.5594,-0.4612,0.0038,1.2281,0.3379,-0.0000
77.724,0.3393,0.5638,-0.4612,0.0038,1.2282,0.3379,-0.0000
77.736,0.3393,0.5682,-0.4613,0.0038,1.2284,0.3380,-0.0000
77.748,0.3394,0.5726,-0.4613,0.0038,1.2285,0.3380,-0.0000
77.760,0.3394,0.5770,-0.4613,0.0038,1.2286,0.3380,-0.0000
77.772,0.3394,0.5813,-0.4614,0.0038,1.2287,0.3381,-0.0000
77.784,0.3395,0.5857,-0.4614,0.0038,1.2288,0.3381,-0.0000
77.796,0.3395,0.5901,-0.4615,0.0038,1.2289,0.3381,-0.0000
77.808,0.3395,0.5945,-0.4615,0.0038,1.2290,0.3381,-0.0000
77.820,0.3396,0.5989,-0.4616,0.0038,1.2291,0.3382,-0.0000
77.832,0.3396,0.6033,-0.4616,0.0038,1.2293,0.3382,-0.0000
77.844,0.3396,0.6077,-0.4616,0.0038,1.2294,0.3382,-0.0000
77.856,0.3397,0.6121,-0.4617,0.0038,1.2295,0.3383,-0.0000
77.868,0.3397,0.6165,-0.4617,0.0038,1.2296,0.3383,-0.0000
77.880,0.3397,0.6209,-0.4618,0.0038,1.2297,0.3383,-0.0000
77.892,0.3398,0.6253,-0.4618,0.0038,1.2298,0.3384,-0.0000
77.904,0.3398,0.6297,-0.4619,0.0038,1.2299,0.3384,-0.0000
77.916,0.3398,0.6341,-0.4619,0.0038,1.2300,0.3384,-0.0000
77.928,0.3398,0.6385,-0.4619,0.0038,1.2302,0.3385,-0.0000
77.940,0.3399,0.6429,-0.4620,0.0038,1.2303,0.3385,-0.0000
77.952,0.3399,0.6473,-0.4620,0.0038,1.2304,0.3385,-0.0000
77.964,0.3399,0.6517,-0.4621,0.0038,1.2305,0.3385,-0.0000
77.976,0.3400,0.6561,-0.4621,0.0038,1.2306,0.3386,-0.0000
77.988,0.3400,0.6605,-0.4622,0.0038,1.2307,0.3386,-0.0000
78.000,0.3400,0.6649,-0.4622,0.0038,1.2308,0.3386,-0.0000
78.012,0.3401,0.6693,-0.4622,0.0038,1.2309,0.3387,-0.0000
78.024,0.3401,0.6737,-0.4623,0.0038,1.2311,0.3387,-0.0000
78.036,0.3401,0.6781,-0.4623,0.0038,1.2312,0.3387,-0.0000
78.048,0.3402,0.6825,-0.4624,0.0038,1.2313,0.3388,-0.0000
78.060,0.3402,0.6869,-0.4624,0.0038,1.2314,0.3388,-0.0000
78.072,0.3402,0.6913,-0.4624,0.0038,1.2315,0.3388,-0.0000
78.084,0.3403,0.6956,-0.4625,0.0038,1.2316,0.3389,-0.0000
78.096,0.3403,0.7000,-0.4625,0.0038,1.2317,0.3389,-0.0000
78.108,0.3403,0.7044,-0.4626,0.0038,1.2318,0.3389,-0.0000
78.120,0.3403,0.7088,-0.4626,0.0038,1.2320,0.3390,-0.0000
78.132,0.3404,0.7132,-0.4627,0.0038,1.2321,0.3390,-0.0000
78.144,0.3404,0.7176,-0.4627,0.0038,1.2322,0.3390,-0.0000
78.156,0.3404,0.7220,-0.4627,0.0038,1.2323,0.3390,-0.0000
78.168,0.3405,0.7264,-0.4628,0.0038,1.2324,0.3391,-0.0000
78.180,0.3405,0.7308,-0.4628,0.0038,1.2325,0.3391,-0.0000
78.192,0.3405,0.7352,-0.4629,0.0038,1.2326,0.3391,-0.0000
78.204,0.3406,0.7396,-0.4629,0.0038,1.2327,0.3392,-0.0000
78.216,0.3406,0.7440,-0.4630,0.0038,1.2329,0.3392,-0.0000
78.228,0.3406,0.7484,-0.4630,0.0038,1.2330,0.3392,-0.0000
78.240,0.3407,0.7528,-0.4630,0.0038,1.2331,0.3393,-0.0000
78.252,0.3407,0.7572,-0.4631,0.0038,1.2332,0.3393,-0.0000
78.264,0.3407,0.7616,-0.4631,0.0038,1.2333,0.3393,-0.0000
78.276,0.3407,0.7660,-0.4632,0.0038,1.2334,0.3394,-0.0000
78.288,0.3408,0.7704,-0.4632,0.0038,1.2335,0.3394,-0.0000
78.300,0.3408,0.7748,-0.4632,0.0038,1.2336,0.3394,-0.0000
78.312,0.3408,0.7787,-0.4633,0.0038,1.2337,0.3394,-0.0000
78.324,0.3409,0.7821,-0.4633,0.0038,1.2338,0.3395,-0.0000
78.336,0.3409,0.7851,-0.4633,0.0038,1.2339,0.3395,-0.0000
78.348,0.3409,0.7877,-0.4634,0.0038,1.2340,0.3395,-0.0000
78.360,0.3409,0.7900,-0.4634,0.0038,1.2340,0.3395,-0.0000
78.372,0.3409,0.7921,-0.4634,0.0038,1.2341,0.3395,-0.0000
78.384,0.3409,0.7939,-0.4634,0.0038,1.2341,0.3395,-0.0000
78.396,0.3410,0.7954,-0.4634,0.0038,1.2342,0.3396,-0.0000
78.408,0.3410,0.7968,-0.4635,0.0038,1.2342,0.3396,-0.0005
78.420,0.3410,0.7981,-0.4635,0.0038,1.2342,0.3396,-0.0015
78.432,0.3410,0.7991,-0.4635,0.0038,1.2343,0.3396,-0.0029
78.444,0.3410,0.8001,-0.4635,0.0038,1.2343,0.3396,-0.0047
78.456,0.3410,0.8009,-0.4635,0.0038,1.2343,0.3396,-0.0068
78.468,0.3410,0.8017,-0.4635,0.0038,1.2343,0.3396,-0.0091
78.480,0.3410,0.8023,-0.4635,0.0038,1.2344,0.3396,-0.0117
78.492,0.3410,0.8029,-0.4635,0.0038,1.2344,0.3396,-0.0145
78.504,0.3410,0.8034,-0.4635,0.0038,1.2344,0.3396,-0.0175
78.516,0.3410,0.8038,-0.4635,0.0038,1.2344,0.3396,-0.0207
78.528,0.3410,0.8042,-0.4635,0.0038,1.2344,0.3396,-0.0240
78.540,0.3410,0.8045,-0.4635,0.0038,1.2344,0.3396,-0.0275
78.552,0.3410,0.8048,-0.4635,0.0038,1.2344,0.3396,-0.0311
78.564,0.3410,0.8051,-0.4635,0.0038,1.2344,0.3396,-0.0347
78.576,0.3410,0.8053,-0.4635,0.0038,1.2344,0.3396,-0.0385
78.588,0.3410,0.8055,-0.4635,0.0038,1.2344,0.3396,-0.0423
78.600,0.3410,0.8057,-0.4635,0.0038,1.2344,0.3396,-0.0462
78.612,0.3410,0.8059,-0.4635,0.0038,1.2344,0.3396,-0.0502
78.624,0.3410,0.8060,-0.4635,0.0038,1.2344,0.3396,-0.0542
78.636,0.3410,0.8061,-0.4636,0.0038,1.2344,0.3396,-0.0582
78.648,0.3410,0.8062,-0.4636,0.0038,1.2345,0.3396,-0.0623
78.660,0.3410,0.8063,-0.4636,0.0038,1.2345,0.3396,-0.0665
78.672,0.3410,0.8064,-0.4636,0.0038,1.2345,0.3396,-0.0706
78.684,0.3410,0.8065,-0.4636,0.0038,1.2345,0.3396,-0.0748
78.696,0.3410,0.8066,-0.4636,0.0038,1.2345,0.3396,-0.0791
78.708,0.3410,0.8066,-0.4636,0.0038,1.2345,0.3396,-0.0833
78.720,0.3410,0.8067,-0.4636,0.0038,1.2345,0.3396,-0.0876
78.732,0.3410,0.8067,-0.4636,0.0038,1.2345,0.3396,-0.0918
78.744,0.3410,0.8068,-0.4636,0.0038,1.2345,0.3396,-0.0961
78.756,0.3410,0.8068,-0.4636,0.0038,1.2345,0.3396,-0.1004
78.768,0.3410,0.8068,-0.4636,0.0038,1.2345,0.3396,-0.1047
78.780,0.3410,0.8068,-0.4636,0.0038,1.2345,0.3396,-0.1091
78.792,0.3410,0.8069,-0.4636,0.0038,1.2345,0.3396,-0.1134
78.804,0.3410,0.8069,-0.4636,0.0038,1.2345,0.3396,-0.1178
78.816,0.3410,0.8069,-0.4636,0.0038,1.2345,0.3396,-0.1221
78.828,0.3410,0.8069,-0.4636,0.0038,1.2345,0.3396,-0.1265
78.840,0.3410,0.8069,-0.4636,0.0038,1.2345,0.3396,-0.1308
78.852,0.3410,0.8070,-0.4636,0.0038,1.2345,0.3396,-0.1352
78.864,0.3410,0.8070,-0.4636,0.0038,1.2345,0.3396,-0.1396
78.876,0.3410,0.8070,-0.4636,0.0038,1.2345,0.3396,-0.1439
78.888,0.3410,0.8070,-0.4636,0.0038,1.2345,0.3396,-0.1483
78.900,0.3410,0.8070,-0.4636,0.0038,1.2345,0.3396,-0.1527
78.912,0.3410,0.8070,-0.4636,0.0038,1.2345,0.3396,-0.1571
78.924,0.3410,0.8070,-0.4636,0.0038,1.2345,0.3396,-0.1614
78.936,0.3410,0.8070,-0.4636,0.0038,1.2345,0.3396,-0.1658
78.948,0.3410,0.8070,-0.4636,0.0038,1.2345,0.3396,-0.1702
78.960,0.3410,0.8070,-0.4636,0.0038,1.2345,0.3396,-0.1746
78.972,0.3410,0.8070,-0.4636,0.0038,1.2345,0.3396,-0.1790
78.984,0.3410,0.8066,-0.4636,0.0038,1.2348,0.3396,-0.1834
78.996,0.3410,0.8061,-0.4636,0.0038,1.2352,0.3396,-0.1878
79.008,0.3410,0.8055,-0.4636,0.0038,1.2356,0.3396,-0.1922
79.020,0.3410,0.8050,-0.4636,0.0038,1.2360,0.3396,-0.1966
79.032,0.3410,0.8044,-0.4636,0.0038,1.2364,0.3396,-0.2010
79.044,0.3410,0.8039,-0.4636,0.0038,1.2369,0.3396,-0.2054
79.056,0.3410,0.8033,-0.4636,0.0038,1.2373,0.3396,-0.2098
79.068,0.3410,0.8028,-0.4636,0.0038,1.2377,0.3396,-0.2142
79.080,0.3410,0.8022,-0.4636,0.0038,1.2381,0.3396,-0.2186
79.092,0.3410,0.8017,-0.4636,0.0038,1.2385,0.3396,-0.2230
79.104,0.3410,0.8011,-0.4636,0.0038,1.2389,0.3396,-0.2274
79.116,0.3410,0.8006,-0.4636,0.0038,1.2394,0.3396,-0.2317
79.128,0.3410,0.8000,-0.4636,0.0038,1.2398,0.3396,-0.2361
79.140,0.3410,0.7995,-0.4636,0.0038,1.2402,0.3396,-0.2405
79.152,0.3410,0.7989,-0.4636,0.0038,1.2406,0.3396,-0.2449
79.164,0.3410,0.7984,-0.4636,0.0038,1.2410,0.3396,-0.2493
79.176,0.3410,0.7978,-0.4636,0.0038,1.2414,0.3396,-0.2537
79.188,0.3410,0.7973,-0.4636,0.0038,1.2418,0.3396,-0.2581
79.200,0.3410,0.7968,-0.4636,0.0038,1.2421,0.3396,-0.2625
79.212,0.3410,0.7962,-0.4636,0.0038,1.2425,0.3396,-0.2669
79.224,0.3410,0.7957,-0.4636,0.0038,1.2429,0.3396,-0.2713
79.236,0.3410,0.7952,-0.4636,0.0038,1.2433,0.3396,-0.2757
79.248,0.3410,0.7946,-0.4636,0.0038,1.2437,0.3396,-0.2801
79.260,0.3410,0.7941,-0.4636,0.0038,1.2441,0.3396,-0.2845
79.272,0.3410,0.7936,-0.4636,0.0038,1.2445,0.3396,-0.2889
79.284,0.3410,0.7930,-0.4636,0.0038,1.2449,0.3396,-0.2933
79.296,0.3410,0.7925,-0.4636,0.0038,1.2452,0.3396,-0.2977
79.308,0.3410,0.7920,-0.4636,0.0038,1.2456,0.3396,-0.3021
79.320,0.3410,0.7915,-0.4636,0.0038,1.2460,0.3396,-0.3065
79.332,0.3410,0.7910,-0.4636,0.0038,1.2464,0.3396,-0.3109
79.344,0.3410,0.7904,-0.4636,0.0038,1.2468,0.3396,-0.3153
79.356,0.3410,0.7899,-0.4636,0.0038,1.2471,0.3396,-0.3197
79.368,0.3410,0.7894,-0.4636,0.0038,1.2475,0.3396,-0.3241
79.380,0.3410,0.7889,-0.4636,0.0038,1.2479,0.3396,-0.3285
79.392,0.3410,0.7884,-0.4636,0.0038,1.2482,0.3396,-0.3329
79.404,0.3410,0.7879,-0.4636,0.0038,1.2486,0.3396,-0.3373
79.416,0.3410,0.7874,-0.4636,0.0038,1.2490,0.3396,-0.3417
79.428,0.3410,0.7869,-0.4636,0.0038,1.2493,0.3396,-0.3461
79.440,0.3410,0.7864,-0.4636,0.0038,1.2497,0.3396,-0.3505
79.452,0.3410,0.7859,-0.4636,0.0038,1.2501,0.3396,-0.3549
79.464,0.3410,0.7854,-0.4636,0.0038,1.2504,0.3396,-0.3593
79.476,0.3410,0.7849,-0.4636,0.0038,1.2508,0.3396,-0.3637
79.488,0.3410,0.7844,-0.4636,0.0038,1.2511,0.3396,-0.3681
79.500,0.3410,0.7839,-0.4636,0.0038,1.2515,0.3396,-0.3725
79.512,0.3410,0.7834,-0.4636,0.0038,1.2518,0.3396,-0.3769
79.524,0.3410,0.7829,-0.4636,0.0038,1.2522,0.3396,-0.3813
79.536,0.3410,0.7824,-0.4636,0.0038,1.2525,0.3396,-0.3857
79.548,0.3410,0.7819,-0.4636,0.0038,1.2529,0.3396,-0.3901
79.560,0.3410,0.7815,-0.4636,0.0038,1.2532,0.3396,-0.3945
79.572,0.3410,0.7810,-0.4636,0.0038,1.2535,0.3396,-0.3989
79.584,0.3410,0.7805,-0.4636,0.0038,1.2539,0.3396,-0.4033
79.596,0.3410,0.7800,-0.4636,0.0038,1.2542,0.3396,-0.4077
79.608,0.3410,0.7796,-0.4636,0.0038,1.2545,0.3396,-0.4116
79.620,0.3410,0.7792,-0.4636,0.0038,1.2548,0.3396,-0.4150
79.632,0.3410,0.7788,-0.4636,0.0038,1.2551,0.3396,-0.4180
79.644,0.3410,0.7784,-0.4636,0.0038,1.2550,0.3396,-0.4206
79.656,0.3410,0.7775,-0.4636,0.0038,1.2549,0.3396,-0.4230
79.668,0.3410,0.7762,-0.4636,0.0038,1.2548,0.3396,-0.4250
79.680,0.3410,0.7746,-0.4636,0.0038,1.2547,0.3396,-0.4268
79.692,0.3410,0.7727,-0.4636,0.0038,1.2546,0.3396,-0.4284
79.704,0.3410,0.7706,-0.4636,0.0038,1.2545,0.3396,-0.4298
79.716,0.3410,0.7682,-0.4636,0.0038,1.2544,0.3396,-0.4310
79.728,0.3410,0.7656,-0.4636,0.0038,1.2542,0.3396,-0.4321
79.740,0.3410,0.7628,-0.4636,0.0038,1.2541,0.3396,-0.4330
79.752,0.3410,0.7599,-0.4636,0.0038,1.2539,0.3396,-0.4339
79.764,0.3410,0.7568,-0.4636,0.0038,1.2537,0.3396,-0.4346
79.776,0.3410,0.7536,-0.4636,0.0038,1.2536,0.3396,-0.4353
79.788,0.3410,0.7503,-0.4636,0.0038,1.2534,0.3396,-0.4358
79.800,0.3410,0.7469,-0.4636,0.0038,1.2532,0.3396,-0.4363
79.812,0.3410,0.7434,-0.4636,0.0038,1.2531,0.3396,-0.4368
79.824,0.3410,0.7399,-0.4636,0.0038,1.2529,0.3396,-0.4372
79.836,0.3410,0.7363,-0.4636,0.0038,1.2527,0.3396,-0.4375
79.848,0.3410,0.7326,-0.4636,0.0038,1.2525,0.3396,-0.4378
79.860,0.3410,0.7289,-0.4636,0.0038,1.2523,0.3396,-0.4381
79.872,0.3410,0.7251,-0.4636,0.0038,1.2521,0.3396,-0.4383
79.884,0.3410,0.7213,-0.4636,0.0038,1.2519,0.3396,-0.4385
79.896,0.3410,0.7175,-0.4636,0.0038,1.2517,0.3396,-0.4387
79.908,0.3410,0.7136,-0.4636,0.0038,1.2515,0.3396,-0.4388
79.920,0.3410,0.7097,-0.4636,0.0038,1.2514,0.3396,-0.4390
79.932,0.3410,0.7058,-0.4636,0.0038,1.2512,0.3396,-0.4391
79.944,0.3410,0.7018,-0.4636,0.0038,1.2510,0.3396,-0.4392
79.956,0.3410,0.6979,-0.4636,0.0038,1.2508,0.3396,-0.4393
79.968,0.3410,0.6939,-0.4636,0.0038,1.2506,0.3396,-0.4394
79.980,0.3410,0.6899,-0.4636,0.0038,1.2504,0.3396,-0.4395
79.992,0.3410,0.6859,-0.4636,0.0038,1.2502,0.3396,-0.4395
80.004,0.3410,0.6819,-0.4636,0.0038,1.2500,0.3396,-0.4396
80.016,0.3410,0.6779,-0.4636,0.0038,1.2498,0.3396,-0.4396
80.028,0.3410,0.6739,-0.4636,0.0038,1.2496,0.3396,-0.4397
80.040,0.3410,0.6699,-0.4636,0.0038,1.2494,0.3396,-0.4397
80.052,0.3410,0.6658,-0.4636,0.0038,1.2492,0.3396,-0.4397
80.064,0.3410,0.6618,-0.4636,0.0038,1.2490,0.3396,-0.4398
80.076,0.3410,0.6577,-0.4636,0.0038,1.2488,0.3396,-0.4398
80.088,0.3410,0.6537,-0.4636,0.0038,1.2486,0.3396,-0.4398
80.100,0.3410,0.6496,-0.4636,0.0038,1.2484,0.3396,-0.4398
80.112,0.3410,0.6456,-0.4636,0.0038,1.2481,0.3396,-0.4399
80.124,0.3410,0.6415,-0.4636,0.0038,1.2479,0.3396,-0.4399
80.136,0.3410,0.6374,-0.4636,0.0038,1.2477,0.3396,-0.4399
80.148,0.3410,0.6334,-0.4636,0.0038,1.2475,0.3396,-0.4399
80.160,0.3410,0.6293,-0.4636,0.0038,1.2473,0.3396,-0.4399
80.172,0.3410,0.6252,-0.4636,0.0038,1.2471,0.3396,-0.4399
80.184,0.3410,0.6212,-0.4636,0.0038,1.2469,0.3396,-0.4399
80.196,0.3410,0.6171,-0.4636,0.0038,1.2467,0.3396,-0.4399
80.208,0.3410,0.6130,-0.4636,0.0038,1.2465,0.3396,-0.4400
80.220,0.3410,0.6089,-0.4636,0.0038,1.2463,0.3396,-0.4400
80.232,0.3410,0.6049,-0.4636,0.0038,1.2461,0.3396,-0.4400
80.244,0.3410,0.6008,-0.4636,0.0038,1.2459,0.3396,-0.4400
80.256,0.3410,0.5967,-0.4636,0.0038,1.2457,0.3396,-0.4400
80.268,0.3410,0.5926,-0.4636,0.0038,1.2455,0.3396,-0.4400
80.280,0.3410,0.5885,-0.4636,0.0038,1.2453,0.3396,-0.4400
80.292,0.3410,0.5845,-0.4636,0.0038,1.2451,0.3396,-0.4400
80.304,0.3410,0.5804,-0.4636,0.0038,1.2449,0.3396,-0.4400
80.316,0.3410,0.5763,-0.4636,0.0038,1.2447,0.3396,-0.4400
80.328,0.3410,0.5722,-0.4636,0.0038,1.2445,0.3396,-0.4400
80.340,0.3410,0.5681,-0.4636,0.0038,1.2443,0.3396,-0.4400
80.352,0.3410,0.5640,-0.4636,0.0038,1.2441,0.3396,-0.4400
80.364,0.3410,0.5600,-0.4636,0.0038,1.2439,0.3396,-0.4400
80.376,0.3410,0.5559,-0.4636,0.0038,1.2437,0.3396,-0.4400
80.388,0.3410,0.5518,-0.4636,0.0038,1.2435,0.3396,-0.4400
80.400,0.3410,0.5477,-0.4636,0.0038,1.2433,0.3396,-0.4400
80.412,0.3410,0.5436,-0.4636,0.0038,1.2431,0.3396,-0.4400
80.424,0.3410,0.5395,-0.4636,0.0038,1.2429,0.3396,-0.4400
80.436,0.3410,0.5355,-0.4636,0.0038,1.2427,0.3396,-0.4400
80.448,0.3410,0.5314,-0.4636,0.0038,1.2425,0.3396,-0.4400
80.460,0.3410,0.5273,-0.4636,0.0038,1.2423,0.3396,-0.4400
80.472,0.3410,0.5232,-0.4636,0.0038,1.2421,0.3396,-0.4400
80.484,0.3410,0.5191,-0.4636,0.0038,1.2419,0.3396,-0.4400
80.496,0.3410,0.5150,-0.4636,0.0038,1.2417,0.3396,-0.4400
80.508,0.3410,0.5110,-0.4636,0.0038,1.2414,0.3396,-0.4400
80.520,0.3410,0.5069,-0.4636,0.0038,1.2412,0.3396,-0.4400
80.532,0.3410,0.5028,-0.4636,0.0038,1.2410,0.3396,-0.4400
80.544,0.3410,0.4987,-0.4636,0.0038,1.2408,0.3396,-0.4400
80.556,0.3410,0.4946,-0.4636,0.0038,1.2406,0.3396,-0.4400
80.568,0.3410,0.4905,-0.4636,0.0038,1.2404,0.3396,-0.4400
80.580,0.3410,0.4864,-0.4636,0.0038,1.2402,0.3396,-0.4400
80.592,0.3410,0.4824,-0.4636,0.0038,1.2400,0.3396,-0.4400
80.604,0.3410,0.4783,-0.4636,0.0038,1.2398,0.3396,-0.4400
80.616,0.3410,0.4742,-0.4636,0.0038,1.2396,0.3396,-0.4400
80.628,0.3410,0.4701,-0.4636,0.0038,1.2394,0.3396,-0.4400
80.640,0.3410,0.4660,-0.4636,0.0038,1.2392,0.3396,-0.4400
80.652,0.3410,0.4619,-0.4636,0.0038,1.2390,0.3396,-0.4400
80.664,0.3410,0.4578,-0.4636,0.0038,1.2388,0.3396,-0.4400
80.676,0.3410,0.4538,-0.4636,0.0038,1.2386,0.3396,-0.4400
80.688,0.3410,0.4497,-0.4636,0.0038,1.2384,0.3396,-0.4400
80.700,0.3410,0.4456,-0.4636,0.0038,1.2382,0.3396,-0.4400
80.712,0.3410,0.4415,-0.4636,0.0038,1.2380,0.3396,-0.4400
80.724,0.3410,0.4374,-0.4636,0.0038,1.2378,0.3396,-0.4400
80.736,0.3410,0.4333,-0.4636,0.0038,1.2376,0.3396,-0.4400
80.748,0.3410,0.4293,-0.4636,0.0038,1.2374,0.3396,-0.4400
80.760,0.3410,0.4252,-0.4636,0.0038,1.2372,0.3396,-0.4400
80.772,0.3410,0.4211,-0.4636,0.0038,1.2370,0.3396,-0.4400
80.784,0.3410,0.4170,-0.4636,0.0038,1.2368,0.3396,-0.4400
80.796,0.3410,0.4129,-0.4636,0.0038,1.2366,0.3396,-0.4400
80.808,0.3410,0.4088,-0.4636,0.0038,1.2364,0.3396,-0.4400
80.820,0.3410,0.4047,-0.4636,0.0038,1.2362,0.3396,-0.4400
80.832,0.3410,0.4007,-0.4636,0.0038,1.2360,0.3396,-0.4400
80.844,0.3410,0.3971,-0.4636,0.0038,1.2358,0.3396,-0.4400
80.856,0.3410,0.3939,-0.4636,0.0038,1.2356,0.3396,-0.4400
80.868,0.3410,0.3911,-0.4636,0.0038,1.2355,0.3396,-0.4400
80.880,0.3410,0.3887,-0.4636,0.0038,1.2354,0.3396,-0.4400
80.892,0.3410,0.3865,-0.4636,0.0038,1.2353,0.3396,-0.4400
80.904,0.3410,0.3846,-0.4636,0.0038,1.2352,0.3396,-0.4400
80.916,0.3410,0.3829,-0.4636,0.0038,1.2351,0.3396,-0.4400
80.928,0.3410,0.3815,-0.4636,0.0038,1.2350,0.3396,-0.4400
80.940,0.3410,0.3802,-0.4636,0.0038,1.2349,0.3396,-0.4400
80.952,0.3410,0.3802,-0.4636,0.0038,1.2349,0.3396,-0.4400
80.964,0.3410,0.3799,-0.4636,0.0038,1.2349,0.3396,-0.4400
80.976,0.3410,0.3794,-0.4636,0.0038,1.2349,0.3396,-0.4400
80.988,0.3410,0.3787,-0.4636,0.0038,1.2349,0.3396,-0.4400
81.000,0.3410,0.3778,-0.4636,0.0038,1.2349,0.3396,-0.4400
81.012,0.3410,0.3768,-0.4636,0.0038,1.2349,0.3396,-0.4400
81.024,0.3410,0.3756,-0.4636,0.0038,1.2349,0.3396,-0.4400
81.036,0.3410,0.3743,-0.4636,0.0038,1.2349,0.3396,-0.4400
81.048,0.3410,0.3729,-0.4636,0.0038,1.2349,0.3396,-0.4400
81.060,0.3410,0.3714,-0.4636,0.0038,1.2349,0.3396,-0.4400
81.072,0.3410,0.3698,-0.4636,0.0038,1.2349,0.3396,-0.4400
81.084,0.3410,0.3681,-0.4636,0.0038,1.2349,0.3396,-0.4400
81.096,0.3410,0.3664,-0.4636,0.0038,1.2349,0.3396,-0.4400
81.108,0.3410,0.3646,-0.4636,0.0038,1.2349,0.3396,-0.4400
81.120,0.3410,0.3628,-0.4636,0.0038,1.2349,0.3396,-0.4400
81.132,0.3410,0.3609,-0.4636,0.0038,1.2349,0.3396,-0.4400
81.144,0.3410,0.3590,-0.4636,0.0038,1.2349,0.3396,-0.4400
81.156,0.3410,0.3570,-0.4636,0.0038,1.2349,0.3396,-0.4400
81.168,0.3410,0.3550,-0.4636,0.0038,1.2349,0.3396,-0.4400
81.180,0.3410,0.3530,-0.4636,0.0038,1.2349,0.3396,-0.4400
81.192,0.3410,0.3510,-0.4636,0.0038,1.2349,0.3396,-0.4400
81.204,0.3410,0.3489,-0.4636,0.0038,1.2349,0.3396,-0.4400
81.216,0.3410,0.3468,-0.4636,0.0038,1.2349,0.3396,-0.4400
81.228,0.3410,0.3447,-0.4636,0.0038,1.2349,0.3396,-0.4400
81.240,0.3410,0.3426,-0.4636,0.0038,1.2348,0.3396,-0.4400
81.252,0.3410,0.3405,-0.4636,0.0038,1.2348,0.3396,-0.4400
81.264,0.3410,0.3384,-0.4636,0.0038,1.2348,0.3396,-0.4400
81.276,0.3410,0.3362,-0.4636,0.0038,1.2348,0.3396,-0.4400
81.288,0.3410,0.3341,-0.4636,0.0038,1.2348,0.3396,-0.4400
81.300,0.3410,0.3319,-0.4636,0.0038,1.2348,0.3396,-0.4400
81.312,0.3410,0.3298,-0.4636,0.0038,1.2348,0.3396,-0.4400
81.324,0.3410,0.3276,-0.4636,0.0038,1.2348,0.3396,-0.4400
81.336,0.3410,0.3254,-0.4636,0.0038,1.2348,0.3396,-0.4400
81.348,0.3410,0.3233,-0.4636,0.0038,1.2348,0.3396,-0.4400
81.360,0.3410,0.3211,-0.4636,0.0038,1.2348,0.3396,-0.4400
81.372,0.3410,0.3189,-0.4636,0.0038,1.2348,0.3396,-0.4400
81.384,0.3410,0.3167,-0.4636,0.0038,1.2348,0.3396,-0.4400
81.396,0.3410,0.3145,-0.4636,0.0038,1.2348,0.3396,-0.4400
81.408,0.3410,0.3123,-0.4636,0.0038,1.2348,0.3396,-0.4400
81.420,0.3410,0.3102,-0.4636,0.0038,1.2348,0.3396,-0.4400
81.432,0.3410,0.3080,-0.4636,0.0038,1.2348,0.3396,-0.4400
81.444,0.3410,0.3058,-0.4636,0.0038,1.2348,0.3396,-0.4400
81.456,0.3410,0.3036,-0.4636,0.0038,1.2347,0.3396,-0.4400
81.468,0.3410,0.3014,-0.4636,0.0038,1.2347,0.3396,-0.4400
81.480,0.3410,0.2992,-0.4636,0.0038,1.2347,0.3396,-0.4400
81.492,0.3410,0.2970,-0.4636,0.0038,1.2347,0.3396,-0.4400
81.504,0.3410,0.2948,-0.4636,0.0038,1.2347,0.3396,-0.4400
81.516,0.3410,0.2926,-0.4636,0.0038,1.2347,0.3396,-0.4400
81.528,0.3410,0.2904,-0.4636,0.0038,1.2347,0.3396,-0.4400
81.540,0.3410,0.2882,-0.4636,0.0038,1.2347,0.3396,-0.4400
81.552,0.3410,0.2859,-0.4636,0.0038,1.2347,0.3396,-0.4400
81.564,0.3410,0.2837,-0.4636,0.0038,1.2347,0.3396,-0.4400
81.576,0.3410,0.2815,-0.4636,0.0038,1.2347,0.3396,-0.4400
81.588,0.3410,0.2793,-0.4636,0.0038,1.2347,0.3396,-0.4400
81.600,0.3410,0.2771,-0.4636,0.0038,1.2347,0.3396,-0.4400
81.612,0.3410,0.2749,-0.4636,0.0038,1.2347,0.3396,-0.4400
81.624,0.3410,0.2727,-0.4636,0.0038,1.2347,0.3396,-0.4400
81.636,0.3410,0.2705,-0.4636,0.0038,1.2347,0.3396,-0.4400
81.648,0.3410,0.2683,-0.4636,0.0038,1.2347,0.3396,-0.4400
81.660,0.3410,0.2661,-0.4636,0.0038,1.2347,0.3396,-0.4400
81.672,0.3410,0.2639,-0.4636,0.0038,1.2346,0.3396,-0.4400
81.684,0.3410,0.2617,-0.4636,0.0038,1.2346,0.3396,-0.4400
81.696,0.3410,0.2595,-0.4636,0.0038,1.2346,0.3396,-0.4400
81.708,0.3410,0.2573,-0.4636,0.0038,1.2346,0.3396,-0.4400
81.720,0.3410,0.2551,-0.4636,0.0038,1.2346,0.3396,-0.4400
81.732,0.3410,0.2528,-0.4636,0.0038,1.2346,0.3396,-0.4400
81.744,0.3410,0.2506,-0.4636,0.0038,1.2346,0.3396,-0.4400
81.756,0.3410,0.2484,-0.4636,0.0038,1.2346,0.3396,-0.4400
81.768,0.3410,0.2462,-0.4636,0.0038,1.2346,0.3396,-0.4400
81.780,0.3410,0.2440,-0.4636,0.0038,1.2346,0.3396,-0.4400
81.792,0.3410,0.2418,-0.4636,0.0038,1.2346,0.3396,-0.4400
81.804,0.3410,0.2396,-0.4636,0.0038,1.2346,0.3396,-0.4400
81.816,0.3410,0.2374,-0.4636,0.0038,1.2346,0.3396,-0.4400
81.828,0.3410,0.2352,-0.4636,0.0038,1.2346,0.3396,-0.4400
81.840,0.3410,0.2330,-0.4636,0.0038,1.2346,0.3396,-0.4400
81.852,0.3410,0.2308,-0.4636,0.0038,1.2346,0.3396,-0.4400
81.864,0.3410,0.2286,-0.4636,0.0038,1.2346,0.3396,-0.4400
81.876,0.3410,0.2264,-0.4636,0.0038,1.2345,0.3396,-0.4400
81.888,0.3410,0.2241,-0.4636,0.0038,1.2345,0.3396,-0.4400
81.900,0.3410,0.2219,-0.4636,0.0038,1.2345,0.3396,-0.4400
81.912,0.3410,0.2197,-0.4636,0.0038,1.2345,0.3396,-0.4400
81.924,0.3410,0.2175,-0.4636,0.0038,1.2345,0.3396,-0.4400
81.936,0.3410,0.2153,-0.4636,0.0038,1.2345,0.3396,-0.4400
81.948,0.3410,0.2131,-0.4636,0.0038,1.2345,0.3396,-0.4400
81.960,0.3410,0.2111,-0.4636,0.0038,1.2345,0.3396,-0.4400
81.972,0.3410,0.2093,-0.4636,0.0038,1.2345,0.3396,-0.4400
81.984,0.3410,0.2093,-0.4636,0.0038,1.2345,0.3396,-0.4400
81.996,0.3401,0.2093,-0.4636,0.0038,1.2345,0.3396,-0.4400
82.008,0.3384,0.2093,-0.4636,0.0038,1.2345,0.3396,-0.4400
82.020,0.3360,0.2092,-0.4636,0.0038,1.2345,0.3396,-0.4400
82.032,0.3329,0.2092,-0.4636,0.0038,1.2345,0.3396,-0.4400
82.044,0.3293,0.2092,-0.4636,0.0038,1.2345,0.3396,-0.4400
82.056,0.3253,0.2091,-0.4636,0.0038,1.2345,0.3396,-0.4400
82.068,0.3208,0.2091,-0.4636,0.0038,1.2345,0.3396,-0.4400
82.080,0.3159,0.2090,-0.4636,0.0038,1.2345,0.3396,-0.4400
82.092,0.3107,0.2090,-0.4636,0.0038,1.2345,0.3396,-0.4400
82.104,0.3052,0.2089,-0.4636,0.0038,1.2345,0.3396,-0.4400
82.116,0.2995,0.2089,-0.4636,0.0038,1.2345,0.3396,-0.4400
82.128,0.2935,0.2088,-0.4636,0.0038,1.2345,0.3396,-0.4400
82.140,0.2873,0.2087,-0.4636,0.0038,1.2345,0.3396,-0.4400
82.152,0.2810,0.2087,-0.4636,0.0038,1.2345,0.3396,-0.4400
82.164,0.2745,0.2086,-0.4636,0.0038,1.2345,0.3396,-0.4400
82.176,0.2679,0.2085,-0.4636,0.0038,1.2345,0.3396,-0.4400
82.188,0.2611,0.2085,-0.4636,0.0038,1.2345,0.3396,-0.4400
82.200,0.2543,0.2084,-0.4636,0.0038,1.2345,0.3396,-0.4400
82.212,0.2473,0.2083,-0.4636,0.0038,1.2345,0.3396,-0.4400
82.224,0.2403,0.2082,-0.4636,0.0038,1.2345,0.3396,-0.4400
82.236,0.2332,0.2082,-0.4636,0.0038,1.2345,0.3396,-0.4400
82.248,0.2261,0.2081,-0.4636,0.0038,1.2345,0.3396,-0.4400
82.260,0.2188,0.2080,-0.4636,0.0038,1.2345,0.3396,-0.4400
82.272,0.2116,0.2079,-0.4636,0.0038,1.2345,0.3396,-0.4400
82.284,0.2043,0.2079,-0.4636,0.0038,1.2345,0.3396,-0.4400
82.296,0.1970,0.2078,-0.4636,0.0038,1.2345,0.3396,-0.4400
82.308,0.1896,0.2077,-0.4636,0.0038,1.2345,0.3396,-0.4400
82.320,0.1822,0.2076,-0.4636,0.0038,1.2345,0.3396,-0.4400
82.332,0.1748,0.2076,-0.4636,0.0038,1.2345,0.3396,-0.4400
82.344,0.1673,0.2075,-0.4636,0.0038,1.2345,0.3396,-0.4400
82.356,0.1598,0.2074,-0.4636,0.0038,1.2345,0.3396,-0.4400
82.368,0.1524,0.2073,-0.4636,0.0038,1.2345,0.3396,-0.4400
82.380,0.1449,0.2073,-0.4636,0.0038,1.2345,0.3396,-0.4400
82.392,0.1374,0.2072,-0.4636,0.0038,1.2345,0.3396,-0.4400
82.404,0.1298,0.2071,-0.4636,0.0038,1.2345,0.3396,-0.4400
82.416,0.1223,0.2070,-0.4636,0.0038,1.2345,0.3396,-0.4400
82.428,0.1148,0.2069,-0.4636,0.0038,1.2345,0.3396,-0.4400
82.440,0.1072,0.2069,-0.4636,0.0038,1.2345,0.3396,-0.4400
82.452,0.0996,0.2068,-0.4636,0.0038,1.2345,0.3396,-0.4400
82.464,0.0921,0.2067,-0.4636,0.0038,1.2345,0.3396,-0.4400
82.476,0.0845,0.2066,-0.4636,0.0038,1.2345,0.3396,-0.4400
82.488,0.0769,0.2066,-0.4636,0.0038,1.2345,0.3396,-0.4400
82.500,0.0693,0.2065,-0.4636,0.0038,1.2345,0.3396,-0.4400
82.512,0.0618,0.2064,-0.4636,0.0038,1.2345,0.3396,-0.4400
82.524,0.0542,0.2063,-0.4636,0.0038,1.2345,0.3396,-0.4400
82.536,0.0466,0.2062,-0.4636,0.0038,1.2345,0.3396,-0.4400
82.548,0.0390,0.2062,-0.4636,0.0038,1.2345,0.3396,-0.4400
82.560,0.0314,0.2061,-0.4636,0.0038,1.2345,0.3396,-0.4400
82.572,0.0238,0.2060,-0.4636,0.0038,1.2345,0.3396,-0.4400
82.584,0.0162,0.2059,-0.4636,0.0038,1.2345,0.3396,-0.4400
82.596,0.0086,0.2058,-0.4636,0.0038,1.2345,0.3396,-0.4400
82.608,0.0010,0.2058,-0.4636,0.0038,1.2345,0.3396,-0.4400
82.620,-0.0066,0.2057,-0.4636,0.0038,1.2345,0.3396,-0.4400
82.632,-0.0142,0.2056,-0.4636,0.0038,1.2345,0.3396,-0.4400
82.644,-0.0218,0.2055,-0.4636,0.0038,1.2345,0.3396,-0.4400
82.656,-0.0294,0.2055,-0.4636,0.0038,1.2345,0.3396,-0.4400
82.668,-0.0370,0.2054,-0.4636,0.0038,1.2345,0.3396,-0.4400
82.680,-0.0446,0.2053,-0.4636,0.0038,1.2345,0.3396,-0.4400
82.692,-0.0522,0.2052,-0.4636,0.0038,1.2345,0.3396,-0.4400
82.704,-0.0598,0.2051,-0.4636,0.0038,1.2345,0.3396,-0.4400
82.716,-0.0674,0.2051,-0.4636,0.0038,1.2345,0.3396,-0.4400
82.728,-0.0751,0.2050,-0.4636,0.0038,1.2345,0.3396,-0.4400
82.740,-0.0827,0.2049,-0.4636,0.0038,1.2345,0.3396,-0.4400
82.752,-0.0903,0.2048,-0.4636,0.0038,1.2345,0.3396,-0.4400
82.764,-0.0979,0.2047,-0.4636,0.0038,1.2345,0.3396,-0.4400
82.776,-0.1055,0.2047,-0.4636,0.0038,1.2345,0.3396,-0.4400
82.788,-0.1131,0.2046,-0.4636,0.0038,1.2345,0.3396,-0.4400
82.800,-0.1207,0.2045,-0.4636,0.0038,1.2345,0.3396,-0.4400
82.812,-0.1283,0.2044,-0.4636,0.0038,1.2345,0.3396,-0.4400
82.824,-0.1359,0.2044,-0.4636,0.0038,1.2345,0.3396,-0.4400
82.836,-0.1435,0.2043,-0.4636,0.0038,1.2345,0.3396,-0.4400
82.848,-0.1511,0.2042,-0.4636,0.0038,1.2345,0.3396,-0.4400
82.860,-0.1588,0.2041,-0.4636,0.0038,1.2345,0.3396,-0.4400
82.872,-0.1664,0.2040,-0.4636,0.0038,1.2345,0.3396,-0.4400
82.884,-0.1740,0.2040,-0.4636,0.0038,1.2345,0.3396,-0.4400
82.896,-0.1816,0.2039,-0.4636,0.0038,1.2345,0.3396,-0.4400
82.908,-0.1892,0.2038,-0.4636,0.0038,1.2345,0.3396,-0.4400
82.920,-0.1968,0.2037,-0.4636,0.0038,1.2345,0.3396,-0.4400
82.932,-0.2044,0.2036,-0.4636,0.0038,1.2345,0.3396,-0.4400
82.944,-0.2120,0.2036,-0.4636,0.0038,1.2345,0.3396,-0.4400
82.956,-0.2196,0.2035,-0.4636,0.0038,1.2345,0.3396,-0.4400
82.968,-0.2273,0.2034,-0.4636,0.0038,1.2345,0.3396,-0.4400
82.980,-0.2349,0.2033,-0.4636,0.0038,1.2345,0.3396,-0.4400
82.992,-0.2425,0.2033,-0.4636,0.0038,1.2345,0.3396,-0.4400
83.004,-0.2501,0.2032,-0.4636,0.0038,1.2345,0.3396,-0.4400
83.016,-0.2577,0.2031,-0.4636,0.0038,1.2345,0.3396,-0.4400
83.028,-0.2653,0.2030,-0.4636,0.0038,1.2345,0.3396,-0.4400
83.040,-0.2729,0.2029,-0.4636,0.0038,1.2345,0.3396,-0.4400
83.052,-0.2805,0.2029,-0.4636,0.0038,1.2345,0.3396,-0.4400
83.064,-0.2881,0.2028,-0.4636,0.0038,1.2345,0.3396,-0.4400
83.076,-0.2958,0.2027,-0.4636,0.0038,1.2345,0.3396,-0.4400
83.088,-0.3034,0.2026,-0.4636,0.0038,1.2345,0.3396,-0.4400
83.100,-0.3110,0.2025,-0.4636,0.0038,1.2345,0.3396,-0.4400
83.112,-0.3186,0.2025,-0.4636,0.0038,1.2345,0.3396,-0.4400
83.124,-0.3262,0.2024,-0.4636,0.0038,1.2345,0.3396,-0.4400
83.136,-0.3338,0.2023,-0.4636,0.0038,1.2345,0.3396,-0.4400
83.148,-0.3414,0.2022,-0.4636,0.0038,1.2345,0.3396,-0.4400
83.160,-0.3490,0.2022,-0.4636,0.0038,1.2345,0.3396,-0.4400
83.172,-0.3566,0.2021,-0.4636,0.0038,1.2345,0.3396,-0.4400
83.184,-0.3643,0.2020,-0.4636,0.0038,1.2345,0.3396,-0.4400
83.196,-0.3719,0.2019,-0.4636,0.0038,1.2345,0.3396,-0.4400
83.208,-0.3795,0.2018,-0.4636,0.0038,1.2345,0.3396,-0.4400
83.220,-0.3871,0.2018,-0.4636,0.0038,1.2345,0.3396,-0.4400
83.232,-0.3947,0.2017,-0.4636,0.0038,1.2345,0.3396,-0.4400
83.244,-0.4023,0.2016,-0.4636,0.0038,1.2345,0.3396,-0.4400
83.256,-0.4099,0.2015,-0.4636,0.0038,1.2345,0.3396,-0.4400
83.268,-0.4175,0.2014,-0.4636,0.0038,1.2345,0.3396,-0.4400
83.280,-0.4251,0.2014,-0.4636,0.0038,1.2345,0.3396,-0.4400
83.292,-0.4328,0.2013,-0.4636,0.0038,1.2345,0.3396,-0.4400
83.304,-0.4404,0.2012,-0.4636,0.0038,1.2345,0.3396,-0.4400
83.316,-0.4480,0.2011,-0.4636,0.0038,1.2345,0.3396,-0.4400
83.328,-0.4556,0.2011,-0.4636,0.0038,1.2345,0.3396,-0.4400
83.340,-0.4632,0.2010,-0.4636,0.0038,1.2345,0.3396,-0.4400
83.352,-0.4708,0.2009,-0.4636,0.0038,1.2345,0.3396,-0.4400
83.364,-0.4784,0.2008,-0.4636,0.0038,1.2345,0.3396,-0.4400
83.376,-0.4860,0.2007,-0.4636,0.0038,1.2345,0.3396,-0.4400
83.388,-0.4936,0.2007,-0.4636,0.0038,1.2345,0.3396,-0.4400
83.400,-0.5013,0.2006,-0.4636,0.0038,1.2345,0.3396,-0.4400
83.412,-0.5089,0.2005,-0.4636,0.0038,1.2345,0.3396,-0.4400
83.424,-0.5165,0.2004,-0.4636,0.0038,1.2345,0.3396,-0.4400
83.436,-0.5241,0.2003,-0.4636,0.0038,1.2345,0.3396,-0.4400
83.448,-0.5317,0.2003,-0.4636,0.0038,1.2345,0.3396,-0.4400
83.460,-0.5393,0.2002,-0.4636,0.0038,1.2345,0.3396,-0.4400
83.472,-0.5469,0.2001,-0.4636,0.0038,1.2345,0.3396,-0.4400
83.484,-0.5545,0.2000,-0.4636,0.0038,1.2345,0.3396,-0.4400
83.496,-0.5621,0.2000,-0.4636,0.0038,1.2345,0.3396,-0.4400
83.508,-0.5697,0.1999,-0.4636,0.0038,1.2345,0.3396,-0.4400
83.520,-0.5774,0.1998,-0.4636,0.0038,1.2345,0.3396,-0.4400
83.532,-0.5850,0.1997,-0.4636,0.0038,1.2345,0.3396,-0.4400
83.544,-0.5926,0.1996,-0.4636,0.0038,1.2345,0.3396,-0.4400
83.556,-0.6002,0.1996,-0.4636,0.0038,1.2345,0.3396,-0.4400
83.568,-0.6078,0.1995,-0.4636,0.0038,1.2345,0.3396,-0.4400
83.580,-0.6154,0.1994,-0.4636,0.0038,1.2345,0.3396,-0.4400
83.592,-0.6230,0.1993,-0.4636,0.0038,1.2345,0.3396,-0.4400
83.604,-0.6306,0.1992,-0.4636,0.0038,1.2345,0.3396,-0.4400
83.616,-0.6382,0.1992,-0.4636,0.0038,1.2345,0.3396,-0.4400
83.628,-0.6459,0.1991,-0.4636,0.0038,1.2345,0.3396,-0.4400
83.640,-0.6535,0.1990,-0.4636,0.0038,1.2345,0.3396,-0.4400
83.652,-0.6611,0.1989,-0.4636,0.0038,1.2345,0.3396,-0.4400
83.664,-0.6687,0.1988,-0.4636,0.0038,1.2345,0.3396,-0.4400
83.676,-0.6763,0.1988,-0.4636,0.0038,1.2345,0.3396,-0.4400
83.688,-0.6839,0.1987,-0.4636,0.0038,1.2345,0.3396,-0.4400
83.700,-0.6915,0.1986,-0.4636,0.0038,1.2345,0.3396,-0.4400
83.712,-0.6991,0.1985,-0.4636,0.0038,1.2345,0.3396,-0.4400
83.724,-0.7067,0.1985,-0.4636,0.0038,1.2345,0.3396,-0.4400
83.736,-0.7144,0.1984,-0.4636,0.0038,1.2345,0.3396,-0.4400
83.748,-0.7220,0.1983,-0.4636,0.0038,1.2345,0.3396,-0.4400
83.760,-0.7296,0.1982,-0.4636,0.0038,1.2345,0.3396,-0.4400
83.772,-0.7372,0.1981,-0.4636,0.0038,1.2345,0.3396,-0.4400
83.784,-0.7448,0.1981,-0.4636,0.0038,1.2345,0.3396,-0.4400
83.796,-0.7524,0.1980,-0.4636,0.0038,1.2345,0.3396,-0.4400
83.808,-0.7600,0.1979,-0.4636,0.0038,1.2345,0.3396,-0.4400
83.820,-0.7676,0.1978,-0.4636,0.0038,1.2345,0.3396,-0.4400
83.832,-0.7752,0.1977,-0.4636,0.0038,1.2345,0.3396,-0.4400
83.844,-0.7829,0.1977,-0.4636,0.0038,1.2345,0.3396,-0.4400
83.856,-0.7905,0.1976,-0.4636,0.0038,1.2345,0.3396,-0.4400
83.868,-0.7981,0.1975,-0.4636,0.0038,1.2345,0.3396,-0.4400
83.880,-0.8057,0.1974,-0.4636,0.0038,1.2345,0.3396,-0.4400
83.892,-0.8133,0.1974,-0.4636,0.0038,1.2345,0.3396,-0.4400
83.904,-0.8209,0.1973,-0.4636,0.0038,1.2345,0.3396,-0.4400
83.916,-0.8285,0.1972,-0.4636,0.0038,1.2345,0.3396,-0.4400
83.928,-0.8361,0.1971,-0.4636,0.0038,1.2345,0.3396,-0.4400
83.940,-0.8437,0.1970,-0.4636,0.0038,1.2345,0.3396,-0.4400
83.952,-0.8514,0.1970,-0.4636,0.0038,1.2345,0.3396,-0.4400
83.964,-0.8590,0.1969,-0.4636,0.0038,1.2345,0.3396,-0.4400
83.976,-0.8666,0.1968,-0.4636,0.0038,1.2345,0.3396,-0.4400
83.988,-0.8739,0.1967,-0.4636,0.0038,1.2345,0.3396,-0.4400
84.000,-0.8803,0.1967,-0.4636,0.0038,1.2345,0.3396,-0.4400
84.012,-0.8860,0.1966,-0.4636,0.0038,1.2345,0.3396,-0.4400
84.024,-0.8910,0.1966,-0.4636,0.0038,1.2345,0.3396,-0.4400
84.036,-0.8953,0.1965,-0.4636,0.0038,1.2345,0.3396,-0.4400
84.048,-0.8992,0.1965,-0.4636,0.0038,1.2345,0.3396,-0.4400
84.060,-0.9026,0.1964,-0.4636,0.0038,1.2345,0.3396,-0.4400
84.072,-0.9056,0.1964,-0.4636,0.0038,1.2345,0.3396,-0.4400
84.084,-0.9082,0.1964,-0.4636,0.0038,1.2345,0.3396,-0.4400
84.096,-0.9105,0.1964,-0.4636,0.0038,1.2345,0.3396,-0.4400
84.108,-0.9125,0.1963,-0.4636,0.0038,1.2345,0.3396,-0.4400
84.120,-0.9143,0.1963,-0.4636,0.0038,1.2345,0.3396,-0.4400
84.132,-0.9143,0.1963,-0.4636,0.0038,1.2345,0.3396,-0.4400
84.144,-0.9143,0.1965,-0.4636,0.0038,1.2345,0.3385,-0.4400
84.156,-0.9144,0.1967,-0.4636,0.0038,1.2346,0.3364,-0.4400
84.168,-0.9144,0.1971,-0.4637,0.0038,1.2347,0.3333,-0.4400
84.180,-0.9144,0.1976,-0.4638,0.0038,1.2348,0.3295,-0.4400
84.192,-0.9145,0.1982,-0.4639,0.0037,1.2350,0.3251,-0.4400
84.204,-0.9145,0.1988,-0.4641,0.0037,1.2352,0.3200,-0.4400
84.216,-0.9146,0.1995,-0.4642,0.0036,1.2354,0.3144,-0.4400
84.228,-0.9147,0.2003,-0.4644,0.0036,1.2356,0.3083,-0.4400
84.240,-0.9147,0.2011,-0.4645,0.0035,1.2358,0.3018,-0.4400
84.252,-0.9148,0.2020,-0.4647,0.0035,1.2361,0.2950,-0.4400
84.264,-0.9149,0.2029,-0.4649,0.0034,1.2363,0.2878,-0.4400
84.276,-0.9150,0.2038,-0.4651,0.0034,1.2366,0.2803,-0.4400
84.288,-0.9150,0.2048,-0.4653,0.0033,1.2369,0.2727,-0.4400
84.300,-0.9151,0.2058,-0.4655,0.0032,1.2371,0.2647,-0.4400
84.312,-0.9152,0.2068,-0.4657,0.0032,1.2374,0.2567,-0.4400
84.324,-0.9153,0.2079,-0.4659,0.0031,1.2377,0.2484,-0.4400
84.336,-0.9154,0.2089,-0.4661,0.0030,1.2380,0.2400,-0.4400
84.348,-0.9155,0.2100,-0.4664,0.0030,1.2383,0.2314,-0.4400
84.360,-0.9155,0.2111,-0.4666,0.0029,1.2386,0.2228,-0.4400
84.372,-0.9156,0.2122,-0.4668,0.0028,1.2390,0.2140,-0.4400
84.384,-0.9157,0.2133,-0.4670,0.0028,1.2393,0.2052,-0.4400
84.396,-0.9158,0.2145,-0.4673,0.0027,1.2396,0.1963,-0.4400
84.408,-0.9159,0.2156,-0.4675,0.0026,1.2399,0.1873,-0.4400
84.420,-0.9160,0.2168,-0.4677,0.0025,1.2402,0.1782,-0.4400
84.432,-0.9161,0.2179,-0.4680,0.0025,1.2406,0.1691,-0.4400
84.444,-0.9162,0.2191,-0.4682,0.0024,1.2409,0.1600,-0.4400
84.456,-0.9163,0.2202,-0.4684,0.0023,1.2412,0.1508,-0.4400
84.468,-0.9164,0.2214,-0.4687,0.0023,1.2415,0.1416,-0.4400
84.480,-0.9165,0.2226,-0.4689,0.0022,1.2419,0.1323,-0.4400
84.492,-0.9166,0.2237,-0.4691,0.0021,1.2422,0.1230,-0.4400
84.504,-0.9167,0.2249,-0.4694,0.0020,1.2425,0.1137,-0.4400
84.516,-0.9168,0.2261,-0.4696,0.0020,1.2429,0.1044,-0.4400
84.528,-0.9169,0.2273,-0.4699,0.0019,1.2432,0.0950,-0.4400
84.540,-0.9170,0.2285,-0.4701,0.0018,1.2435,0.0857,-0.4400
84.552,-0.9171,0.2297,-0.4704,0.0017,1.2439,0.0763,-0.4400
84.564,-0.9172,0.2309,-0.4706,0.0017,1.2442,0.0669,-0.4400
84.576,-0.9173,0.2320,-0.4708,0.0016,1.2446,0.0575,-0.4400
84.588,-0.9174,0.2332,-0.4711,0.0015,1.2449,0.0481,-0.4400
84.600,-0.9175,0.2344,-0.4713,0.0014,1.2452,0.0386,-0.4400
84.612,-0.9176,0.2356,-0.4716,0.0014,1.2456,0.0292,-0.4400
84.624,-0.9177,0.2368,-0.4718,0.0013,1.2459,0.0198,-0.4400
84.636,-0.9178,0.2380,-0.4721,0.0012,1.2462,0.0103,-0.4400
84.648,-0.9179,0.2392,-0.4723,0.0011,1.2466,0.0009,-0.4400
84.660,-0.9179,0.2404,-0.4725,0.0011,1.2469,-0.0086,-0.4400
84.672,-0.9180,0.2416,-0.4728,0.0010,1.2472,-0.0180,-0.4400
84.684,-0.9181,0.2428,-0.4730,0.0009,1.2476,-0.0275,-0.4400
84.696,-0.9182,0.2440,-0.4733,0.0008,1.2479,-0.0370,-0.4400
84.708,-0.9183,0.2452,-0.4735,0.0008,1.2483,-0.0464,-0.4400
84.720,-0.9184,0.2464,-0.4738,0.0007,1.2486,-0.0559,-0.4400
84.732,-0.9185,0.2476,-0.4740,0.0006,1.2489,-0.0654,-0.4400
84.744,-0.9186,0.2488,-0.4743,0.0005,1.2493,-0.0749,-0.4400
84.756,-0.9187,0.2500,-0.4745,0.0004,1.2496,-0.0843,-0.4400
84.768,-0.9188,0.2512,-0.4747,0.0004,1.2500,-0.0938,-0.4400
84.780,-0.9189,0.2524,-0.4750,0.0003,1.2503,-0.1033,-0.4400
84.792,-0.9190,0.2536,-0.4752,0.0002,1.2506,-0.1128,-0.4400
84.804,-0.9191,0.2548,-0.4755,0.0001,1.2510,-0.1223,-0.4400
84.816,-0.9192,0.2560,-0.4757,0.0001,1.2513,-0.1318,-0.4400
84.828,-0.9193,0.2572,-0.4760,-0.0000,1.2517,-0.1412,-0.4400
84.840,-0.9194,0.2584,-0.4762,-0.0001,1.2520,-0.1507,-0.4400
84.852,-0.9195,0.2596,-0.4765,-0.0002,1.2523,-0.1602,-0.4400
84.864,-0.9196,0.2608,-0.4767,-0.0002,1.2527,-0.1697,-0.4400
84.876,-0.9197,0.2620,-0.4769,-0.0003,1.2530,-0.1792,-0.4400
84.888,-0.9198,0.2632,-0.4772,-0.0004,1.2533,-0.1887,-0.4400
84.900,-0.9199,0.2644,-0.4774,-0.0005,1.2537,-0.1982,-0.4400
84.912,-0.9200,0.2656,-0.4777,-0.0005,1.2540,-0.2076,-0.4400
84.924,-0.9201,0.2668,-0.4779,-0.0006,1.2544,-0.2171,-0.4400
84.936,-0.9202,0.2680,-0.4782,-0.0007,1.2547,-0.2266,-0.4400
84.948,-0.9203,0.2692,-0.4784,-0.0008,1.2550,-0.2361,-0.4400
84.960,-0.9204,0.2704,-0.4787,-0.0008,1.2554,-0.2456,-0.4400
84.972,-0.9205,0.2716,-0.4789,-0.0009,1.2557,-0.2551,-0.4400
84.984,-0.9206,0.2728,-0.4791,-0.0010,1.2561,-0.2646,-0.4400
84.996,-0.9207,0.2740,-0.4794,-0.0011,1.2564,-0.2741,-0.4400
85.008,-0.9208,0.2752,-0.4796,-0.0011,1.2567,-0.2836,-0.4400
85.020,-0.9209,0.2764,-0.4799,-0.0012,1.2571,-0.2930,-0.4400
85.032,-0.9210,0.2776,-0.4801,-0.0013,1.2574,-0.3025,-0.4400
85.044,-0.9211,0.2788,-0.4804,-0.0014,1.2578,-0.3120,-0.4400
85.056,-0.9212,0.2800,-0.4806,-0.0014,1.2581,-0.3215,-0.4400
85.068,-0.9213,0.2812,-0.4809,-0.0015,1.2584,-0.3310,-0.4400
85.080,-0.9214,0.2825,-0.4811,-0.0016,1.2588,-0.3405,-0.4400
85.092,-0.9215,0.2837,-0.4813,-0.0017,1.2591,-0.3500,-0.4400
85.104,-0.9216,0.2849,-0.4816,-0.0018,1.2594,-0.3595,-0.4400
85.116,-0.9217,0.2861,-0.4818,-0.0018,1.2598,-0.3690,-0.4400
85.128,-0.9218,0.2873,-0.4821,-0.0019,1.2601,-0.3785,-0.4400
85.140,-0.9219,0.2885,-0.4823,-0.0020,1.2605,-0.3879,-0.4400
85.152,-0.9220,0.2897,-0.4826,-0.0021,1.2608,-0.3974,-0.4400
85.164,-0.9221,0.2909,-0.4828,-0.0021,1.2611,-0.4069,-0.4400
85.176,-0.9222,0.2921,-0.4831,-0.0022,1.2615,-0.4164,-0.4400
85.188,-0.9223,0.2933,-0.4833,-0.0023,1.2618,-0.4259,-0.4400
85.200,-0.9224,0.2945,-0.4836,-0.0024,1.2622,-0.4354,-0.4400
85.212,-0.9225,0.2957,-0.4838,-0.0024,1.2625,-0.4449,-0.4400
85.224,-0.9226,0.2969,-0.4840,-0.0025,1.2628,-0.4544,-0.4400
85.236,-0.9227,0.2981,-0.4843,-0.0026,1.2632,-0.4639,-0.4400
85.248,-0.9228,0.2993,-0.4845,-0.0027,1.2635,-0.4734,-0.4400
85.260,-0.9229,0.3005,-0.4848,-0.0027,1.2639,-0.4828,-0.4400
85.272,-0.9230,0.3017,-0.4850,-0.0028,1.2642,-0.4923,-0.4400
85.284,-0.9231,0.3029,-0.4853,-0.0029,1.2645,-0.5018,-0.4400
85.296,-0.9232,0.3041,-0.4855,-0.0030,1.2649,-0.5113,-0.4400
85.308,-0.9233,0.3053,-0.4858,-0.0030,1.2652,-0.5208,-0.4400
85.320,-0.9234,0.3065,-0.4860,-0.0031,1.2655,-0.5303,-0.4400
85.332,-0.9235,0.3077,-0.4862,-0.0032,1.2659,-0.5398,-0.4400
85.344,-0.9236,0.3089,-0.4865,-0.0033,1.2662,-0.5493,-0.4400
85.356,-0.9237,0.3101,-0.4867,-0.0033,1.2666,-0.5588,-0.4400
85.368,-0.9238,0.3113,-0.4870,-0.0034,1.2669,-0.5683,-0.4400
85.380,-0.9239,0.3125,-0.4872,-0.0035,1.2672,-0.5777,-0.4400
85.392,-0.9240,0.3137,-0.4875,-0.0036,1.2676,-0.5872,-0.4400
85.404,-0.9241,0.3149,-0.4877,-0.0037,1.2679,-0.5967,-0.4400
85.416,-0.9242,0.3161,-0.4880,-0.0037,1.2683,-0.6062,-0.4400
85.428,-0.9243,0.3173,-0.4882,-0.0038,1.2686,-0.6157,-0.4400
85.440,-0.9243,0.3185,-0.4884,-0.0039,1.2689,-0.6252,-0.4400
85.452,-0.9244,0.3197,-0.4887,-0.0040,1.2693,-0.6347,-0.4400
85.464,-0.9245,0.3209,-0.4889,-0.0040,1.2696,-0.6442,-0.4400
85.476,-0.9246,0.3221,-0.4892,-0.0041,1.2700,-0.6537,-0.4400
85.488,-0.9247,0.3233,-0.4894,-0.0042,1.2703,-0.6632,-0.4400
85.500,-0.9248,0.3245,-0.4897,-0.0043,1.2706,-0.6726,-0.4400
85.512,-0.9249,0.3257,-0.4899,-0.0043,1.2710,-0.6821,-0.4400
85.524,-0.9250,0.3269,-0.4902,-0.0044,1.2713,-0.6916,-0.4400
85.536,-0.9251,0.3281,-0.4904,-0.0045,1.2717,-0.7011,-0.4400
85.548,-0.9252,0.3293,-0.4906,-0.0046,1.2720,-0.7106,-0.4400
85.560,-0.9253,0.3305,-0.4909,-0.0046,1.2723,-0.7201,-0.4400
85.572,-0.9254,0.3317,-0.4911,-0.0047,1.2727,-0.7296,-0.4400
85.584,-0.9255,0.3329,-0.4914,-0.0048,1.2730,-0.7391,-0.4400
85.596,-0.9256,0.3341,-0.4916,-0.0049,1.2733,-0.7486,-0.4400
85.608,-0.9257,0.3353,-0.4919,-0.0049,1.2737,-0.7581,-0.4400
85.620,-0.9258,0.3365,-0.4921,-0.0050,1.2740,-0.7676,-0.4400
85.632,-0.9259,0.3377,-0.4924,-0.0051,1.2744,-0.7770,-0.4400
85.644,-0.9260,0.3389,-0.4926,-0.0052,1.2747,-0.7865,-0.4400
85.656,-0.9261,0.3401,-0.4929,-0.0052,1.2750,-0.7960,-0.4400
85.668,-0.9262,0.3413,-0.4931,-0.0053,1.2754,-0.8055,-0.4400
85.680,-0.9263,0.3425,-0.4933,-0.0054,1.2757,-0.8150,-0.4400
85.692,-0.9264,0.3437,-0.4936,-0.0055,1.2761,-0.8245,-0.4400
85.704,-0.9265,0.3450,-0.4938,-0.0055,1.2764,-0.8340,-0.4400
85.716,-0.9266,0.3462,-0.4941,-0.0056,1.2767,-0.8435,-0.4400
85.728,-0.9267,0.3474,-0.4943,-0.0057,1.2771,-0.8530,-0.4400
85.740,-0.9268,0.3485,-0.4945,-0.0058,1.2774,-0.8617,-0.4400
85.752,-0.9269,0.3494,-0.4947,-0.0058,1.2777,-0.8694,-0.4400
85.764,-0.9270,0.3503,-0.4949,-0.0059,1.2779,-0.8761,-0.4400
85.776,-0.9270,0.3510,-0.4951,-0.0059,1.2781,-0.8821,-0.4400
85.788,-0.9271,0.3517,-0.4952,-0.0060,1.2783,-0.8873,-0.4400
85.800,-0.9271,0.3523,-0.4953,-0.0060,1.2785,-0.8919,-0.4400
85.812,-0.9272,0.3528,-0.4954,-0.0060,1.2786,-0.8960,-0.4400
85.824,-0.9272,0.3533,-0.4955,-0.0061,1.2787,-0.8996,-0.4400
85.836,-0.9272,0.3537,-0.4956,-0.0061,1.2789,-0.9027,-0.4400
85.848,-0.9273,0.3540,-0.4957,-0.0061,1.2790,-0.9055,-0.4400
85.860,-0.9273,0.3543,-0.4957,-0.0061,1.2790,-0.9079,-0.4400
85.872,-0.9273,0.3546,-0.4958,-0.0062,1.2791,-0.9100,-0.4400
85.884,-0.9273,0.3548,-0.4958,-0.0062,1.2792,-0.9119,-0.4400
85.896,-0.9273,0.3548,-0.4958,-0.0062,1.2792,-0.9119,-0.4400
85.908,-0.9273,0.3553,-0.4958,-0.0062,1.2792,-0.9119,-0.4400
85.920,-0.9273,0.3563,-0.4958,-0.0062,1.2792,-0.9120,-0.4400
85.932,-0.9273,0.3577,-0.4958,-0.0062,1.2792,-0.9120,-0.4400
85.944,-0.9273,0.3595,-0.4958,-0.0062,1.2792,-0.9121,-0.4400
85.956,-0.9273,0.3616,-0.4958,-0.0062,1.2792,-0.9121,-0.4400
85.968,-0.9273,0.3639,-0.4958,-0.0062,1.2792,-0.9122,-0.4400
85.980,-0.9273,0.3665,-0.4959,-0.0062,1.2792,-0.9123,-0.4400
85.992,-0.9273,0.3693,-0.4959,-0.0062,1.2792,-0.9124,-0.4400
86.004,-0.9273,0.3723,-0.4959,-0.0062,1.2792,-0.9125,-0.4400
86.016,-0.9273,0.3755,-0.4959,-0.0062,1.2792,-0.9126,-0.4400
86.028,-0.9273,0.3788,-0.4959,-0.0062,1.2792,-0.9127,-0.4400
86.040,-0.9273,0.3822,-0.4959,-0.0062,1.2792,-0.9128,-0.4400
86.052,-0.9273,0.3857,-0.4959,-0.0062,1.2792,-0.9129,-0.4400
86.064,-0.9273,0.3894,-0.4959,-0.0062,1.2792,-0.9130,-0.4400
86.076,-0.9273,0.3931,-0.4959,-0.0062,1.2792,-0.9131,-0.4400
86.088,-0.9273,0.3969,-0.4959,-0.0062,1.2792,-0.9132,-0.4400
86.100,-0.9273,0.4008,-0.4959,-0.0062,1.2792,-0.9134,-0.4400
86.112,-0.9273,0.4048,-0.4959,-0.0062,1.2792,-0.9135,-0.4400
86.124,-0.9273,0.4088,-0.4959,-0.0062,1.2792,-0.9136,-0.4400
86.136,-0.9273,0.4128,-0.4959,-0.0062,1.2792,-0.9137,-0.4400
86.148,-0.9273,0.4169,-0.4959,-0.0062,1.2793,-0.9139,-0.4400
86.160,-0.9273,0.4210,-0.4959,-0.0062,1.2793,-0.9140,-0.4400
86.172,-0.9273,0.4252,-0.4959,-0.0062,1.2793,-0.9141,-0.4400
86.184,-0.9273,0.4293,-0.4959,-0.0062,1.2793,-0.9143,-0.4400
86.196,-0.9274,0.4335,-0.4959,-0.0062,1.2793,-0.9144,-0.4400
86.208,-0.9274,0.4378,-0.4959,-0.0062,1.2793,-0.9145,-0.4400
86.220,-0.9274,0.4420,-0.4959,-0.0062,1.2793,-0.9147,-0.4400
86.232,-0.9274,0.4463,-0.4959,-0.0062,1.2793,-0.9148,-0.4400
86.244,-0.9274,0.4505,-0.4959,-0.0062,1.2793,-0.9149,-0.4400
86.256,-0.9274,0.4548,-0.4959,-0.0062,1.2793,-0.9151,-0.4400
86.268,-0.9274,0.4591,-0.4959,-0.0062,1.2793,-0.9152,-0.4400
86.280,-0.9274,0.4634,-0.4959,-0.0062,1.2793,-0.9153,-0.4400
86.292,-0.9274,0.4677,-0.4959,-0.0062,1.2793,-0.9155,-0.4400
86.304,-0.9274,0.4721,-0.4959,-0.0062,1.2793,-0.9156,-0.4400
86.316,-0.9274,0.4764,-0.4959,-0.0062,1.2793,-0.9157,-0.4400
86.328,-0.9274,0.4807,-0.4959,-0.0062,1.2793,-0.9159,-0.4400
86.340,-0.9274,0.4851,-0.4959,-0.0062,1.2793,-0.9160,-0.4400
86.352,-0.9274,0.4894,-0.4960,-0.0062,1.2793,-0.9162,-0.4400
86.364,-0.9274,0.4938,-0.4960,-0.0062,1.2793,-0.9163,-0.4400
86.376,-0.9274,0.4981,-0.4960,-0.0062,1.2793,-0.9164,-0.4400
86.388,-0.9274,0.5025,-0.4960,-0.0062,1.2793,-0.9166,-0.4400
86.400,-0.9274,0.5068,-0.4960,-0.0062,1.2794,-0.9167,-0.4400
86.412,-0.9274,0.5112,-0.4960,-0.0062,1.2794,-0.9168,-0.4400
86.424,-0.9274,0.5156,-0.4960,-0.0062,1.2794,-0.9170,-0.4400
86.436,-0.9274,0.5199,-0.4960,-0.0062,1.2794,-0.9171,-0.4400
86.448,-0.9274,0.5243,-0.4960,-0.0062,1.2794,-0.9173,-0.4400
86.460,-0.9274,0.5287,-0.4960,-0.0062,1.2794,-0.9174,-0.4400
86.472,-0.9274,0.5330,-0.4960,-0.0062,1.2794,-0.9175,-0.4400
86.484,-0.9274,0.5374,-0.4960,-0.0062,1.2794,-0.9177,-0.4400
86.496,-0.9274,0.5418,-0.4960,-0.0062,1.2794,-0.9178,-0.4400
86.508,-0.9274,0.5462,-0.4960,-0.0062,1.2794,-0.9179,-0.4400
86.520,-0.9274,0.5505,-0.4960,-0.0062,1.2794,-0.9181,-0.4400
86.532,-0.9274,0.5549,-0.4960,-0.0062,1.2794,-0.9182,-0.4400
86.544,-0.9274,0.5593,-0.4960,-0.0062,1.2794,-0.9184,-0.4400
86.556,-0.9274,0.5637,-0.4960,-0.0062,1.2794,-0.9185,-0.4400
86.568,-0.9274,0.5680,-0.4960,-0.0062,1.2794,-0.9186,-0.4400
86.580,-0.9274,0.5724,-0.4960,-0.0062,1.2794,-0.9188,-0.4400
86.592,-0.9274,0.5768,-0.4960,-0.0062,1.2794,-0.9189,-0.4400
86.604,-0.9274,0.5812,-0.4960,-0.0062,1.2794,-0.9190,-0.4400
86.616,-0.9274,0.5856,-0.4960,-0.0062,1.2794,-0.9192,-0.4400
86.628,-0.9274,0.5899,-0.4960,-0.0062,1.2794,-0.9193,-0.4400
86.640,-0.9274,0.5943,-0.4960,-0.0062,1.2795,-0.9195,-0.4400
86.652,-0.9274,0.5987,-0.4960,-0.0062,1.2795,-0.9196,-0.4400
86.664,-0.9274,0.6031,-0.4960,-0.0062,1.2795,-0.9197,-0.4400
86.676,-0.9274,0.6075,-0.4960,-0.0062,1.2795,-0.9199,-0.4400
86.688,-0.9274,0.6118,-0.4960,-0.0062,1.2795,-0.9200,-0.4400
86.700,-0.9274,0.6162,-0.4961,-0.0062,1.2795,-0.9202,-0.4400
86.712,-0.9274,0.6206,-0.4961,-0.0062,1.2795,-0.9203,-0.4400
86.724,-0.9274,0.6250,-0.4961,-0.0062,1.2795,-0.9204,-0.4400
86.736,-0.9274,0.6294,-0.4961,-0.0062,1.2795,-0.9206,-0.4400
86.748,-0.9274,0.6337,-0.4961,-0.0062,1.2795,-0.9207,-0.4400
86.760,-0.9274,0.6381,-0.4961,-0.0062,1.2795,-0.9208,-0.4400
86.772,-0.9274,0.6425,-0.4961,-0.0062,1.2795,-0.9210,-0.4400
86.784,-0.9274,0.6469,-0.4961,-0.0062,1.2795,-0.9211,-0.4400
86.796,-0.9274,0.6513,-0.4961,-0.0062,1.2795,-0.9213,-0.4400
86.808,-0.9274,0.6556,-0.4961,-0.0062,1.2795,-0.9214,-0.4400
86.820,-0.9274,0.6600,-0.4961,-0.0062,1.2795,-0.9215,-0.4400
86.832,-0.9274,0.6644,-0.4961,-0.0063,1.2795,-0.9217,-0.4400
86.844,-0.9274,0.6688,-0.4961,-0.0063,1.2795,-0.9218,-0.4400
86.856,-0.9274,0.6732,-0.4961,-0.0063,1.2795,-0.9219,-0.4400
86.868,-0.9274,0.6775,-0.4961,-0.0063,1.2795,-0.9221,-0.4400
86.880,-0.9274,0.6819,-0.4961,-0.0063,1.2796,-0.9222,-0.4400
86.892,-0.9274,0.6863,-0.4961,-0.0063,1.2796,-0.9224,-0.4400
86.904,-0.9274,0.6907,-0.4961,-0.0063,1.2796,-0.9225,-0.4400
86.916,-0.9274,0.6951,-0.4961,-0.0063,1.2796,-0.9226,-0.4400
86.928,-0.9274,0.6994,-0.4961,-0.0063,1.2796,-0.9228,-0.4400
86.940,-0.9274,0.7038,-0.4961,-0.0063,1.2796,-0.9229,-0.4400
86.952,-0.9274,0.7082,-0.4961,-0.0063,1.2796,-0.9231,-0.4400
86.964,-0.9274,0.7126,-0.4961,-0.0063,1.2796,-0.9232,-0.4400
86.976,-0.9274,0.7170,-0.4961,-0.0063,1.2796,-0.9233,-0.4400
86.988,-0.9274,0.7214,-0.4961,-0.0063,1.2796,-0.9235,-0.4400
87.000,-0.9274,0.7257,-0.4961,-0.0063,1.2796,-0.9236,-0.4400
87.012,-0.9274,0.7301,-0.4961,-0.0063,1.2796,-0.9237,-0.4400
87.024,-0.9274,0.7345,-0.4961,-0.0063,1.2796,-0.9239,-0.4400
87.036,-0.9275,0.7389,-0.4962,-0.0063,1.2796,-0.9240,-0.4400
87.048,-0.9275,0.7433,-0.4962,-0.0063,1.2796,-0.9242,-0.4400
87.060,-0.9275,0.7476,-0.4962,-0.0063,1.2796,-0.9243,-0.4400
87.072,-0.9275,0.7520,-0.4962,-0.0063,1.2796,-0.9244,-0.4400
87.084,-0.9275,0.7564,-0.4962,-0.0063,1.2796,-0.9246,-0.4400
87.096,-0.9275,0.7608,-0.4962,-0.0063,1.2796,-0.9247,-0.4400
87.108,-0.9275,0.7646,-0.4962,-0.0063,1.2796,-0.9248,-0.4400
87.120,-0.9275,0.7680,-0.4962,-0.0063,1.2796,-0.9249,-0.4400
87.132,-0.9275,0.7710,-0.4962,-0.0063,1.2797,-0.9250,-0.4400
87.144,-0.9275,0.7736,-0.4962,-0.0063,1.2797,-0.9251,-0.4400
87.156,-0.9275,0.7759,-0.4962,-0.0063,1.2797,-0.9252,-0.4400
87.168,-0.9275,0.7780,-0.4962,-0.0063,1.2797,-0.9253,-0.4400
87.180,-0.9275,0.7798,-0.4962,-0.0063,1.2797,-0.9253,-0.4400
87.192,-0.9275,0.7813,-0.4962,-0.0063,1.2797,-0.9254,-0.4395
87.204,-0.9275,0.7827,-0.4962,-0.0063,1.2797,-0.9254,-0.4385
87.216,-0.9275,0.7840,-0.4962,-0.0063,1.2797,-0.9254,-0.4371
87.228,-0.9275,0.7850,-0.4962,-0.0063,1.2797,-0.9255,-0.4353
87.240,-0.9275,0.7860,-0.4962,-0.0063,1.2797,-0.9255,-0.4332
87.252,-0.9275,0.7868,-0.4962,-0.0063,1.2797,-0.9255,-0.4309
87.264,-0.9275,0.7875,-0.4962,-0.0063,1.2797,-0.9256,-0.4283
87.276,-0.9275,0.7882,-0.4962,-0.0063,1.2797,-0.9256,-0.4255
87.288,-0.9275,0.7887,-0.4962,-0.0063,1.2797,-0.9256,-0.4225
87.300,-0.9275,0.7892,-0.4962,-0.0063,1.2797,-0.9256,-0.4193
87.312,-0.9275,0.7897,-0.4962,-0.0063,1.2797,-0.9256,-0.4160
87.324,-0.9275,0.7901,-0.4962,-0.0063,1.2797,-0.9256,-0.4125
87.336,-0.9275,0.7904,-0.4962,-0.0063,1.2797,-0.9256,-0.4089
87.348,-0.9275,0.7907,-0.4962,-0.0063,1.2797,-0.9257,-0.4053
87.360,-0.9275,0.7910,-0.4962,-0.0063,1.2797,-0.9257,-0.4015
87.372,-0.9275,0.7912,-0.4962,-0.0063,1.2797,-0.9257,-0.3977
87.384,-0.9275,0.7914,-0.4962,-0.0063,1.2797,-0.9257,-0.3938
87.396,-0.9275,0.7916,-0.4962,-0.0063,1.2797,-0.9257,-0.3898
87.408,-0.9275,0.7917,-0.4962,-0.0063,1.2797,-0.9257,-0.3858
87.420,-0.9275,0.7919,-0.4962,-0.0063,1.2797,-0.9257,-0.3818
87.432,-0.9275,0.7920,-0.4962,-0.0063,1.2797,-0.9257,-0.3777
87.444,-0.9275,0.7921,-0.4962,-0.0063,1.2797,-0.9257,-0.3735
87.456,-0.9275,0.7922,-0.4962,-0.0063,1.2797,-0.9257,-0.3694
87.468,-0.9275,0.7923,-0.4962,-0.0063,1.2797,-0.9257,-0.3652
87.480,-0.9275,0.7924,-0.4962,-0.0063,1.2797,-0.9257,-0.3609
87.492,-0.9275,0.7924,-0.4962,-0.0063,1.2797,-0.9257,-0.3567
87.504,-0.9275,0.7925,-0.4962,-0.0063,1.2797,-0.9257,-0.3524
87.516,-0.9275,0.7925,-0.4962,-0.0063,1.2797,-0.9257,-0.3482
87.528,-0.9275,0.7926,-0.4962,-0.0063,1.2797,-0.9257,-0.3439
87.540,-0.9275,0.7926,-0.4962,-0.0063,1.2797,-0.9257,-0.3396
87.552,-0.9275,0.7927,-0.4962,-0.0063,1.2797,-0.9257,-0.3353
87.564,-0.9275,0.7927,-0.4962,-0.0063,1.2797,-0.9257,-0.3309
87.576,-0.9275,0.7927,-0.4962,-0.0063,1.2797,-0.9257,-0.3266
87.588,-0.9275,0.7927,-0.4962,-0.0063,1.2797,-0.9257,-0.3222
87.600,-0.9275,0.7928,-0.4962,-0.0063,1.2797,-0.9257,-0.3179
87.612,-0.9275,0.7928,-0.4962,-0.0063,1.2797,-0.9257,-0.3135
87.624,-0.9275,0.7928,-0.4962,-0.0063,1.2797,-0.9257,-0.3092
87.636,-0.9275,0.7928,-0.4962,-0.0063,1.2797,-0.9257,-0.3048
87.648,-0.9275,0.7928,-0.4962,-0.0063,1.2797,-0.9257,-0.3004
87.660,-0.9275,0.7928,-0.4962,-0.0063,1.2797,-0.9257,-0.2961
87.672,-0.9275,0.7928,-0.4962,-0.0063,1.2797,-0.9257,-0.2917
87.684,-0.9275,0.7928,-0.4962,-0.0063,1.2797,-0.9257,-0.2873
87.696,-0.9275,0.7928,-0.4962,-0.0063,1.2797,-0.9257,-0.2829
87.708,-0.9275,0.7929,-0.4962,-0.0063,1.2797,-0.9257,-0.2786
87.720,-0.9275,0.7929,-0.4962,-0.0063,1.2797,-0.9257,-0.2742
87.732,-0.9275,0.7929,-0.4962,-0.0063,1.2797,-0.9257,-0.2698
87.744,-0.9275,0.7929,-0.4962,-0.0063,1.2797,-0.9257,-0.2654
87.756,-0.9275,0.7929,-0.4962,-0.0063,1.2797,-0.9257,-0.2610
87.768,-0.9275,0.7929,-0.4962,-0.0063,1.2797,-0.9257,-0.2566
87.780,-0.9275,0.7929,-0.4962,-0.0063,1.2797,-0.9257,-0.2522
87.792,-0.9275,0.7929,-0.4962,-0.0063,1.2797,-0.9257,-0.2478
87.804,-0.9275,0.7929,-0.4962,-0.0063,1.2797,-0.9257,-0.2434
87.816,-0.9275,0.7929,-0.4962,-0.0063,1.2797,-0.9257,-0.2390
87.828,-0.9275,0.7929,-0.4962,-0.0063,1.2797,-0.9257,-0.2346
87.840,-0.9275,0.7929,-0.4962,-0.0063,1.2797,-0.9257,-0.2302
87.852,-0.9275,0.7929,-0.4962,-0.0063,1.2797,-0.9257,-0.2258
87.864,-0.9275,0.7929,-0.4962,-0.0063,1.2797,-0.9257,-0.2214
87.876,-0.9275,0.7929,-0.4962,-0.0063,1.2797,-0.9257,-0.2170
87.888,-0.9275,0.7929,-0.4962,-0.0063,1.2797,-0.9257,-0.2126
87.900,-0.9275,0.7929,-0.4962,-0.0063,1.2797,-0.9257,-0.2083
87.912,-0.9275,0.7929,-0.4962,-0.0063,1.2797,-0.9257,-0.2039
87.924,-0.9275,0.7929,-0.4962,-0.0063,1.2797,-0.9257,-0.1995
87.936,-0.9275,0.7929,-0.4962,-0.0063,1.2797,-0.9257,-0.1951
87.948,-0.9275,0.7929,-0.4962,-0.0063,1.2797,-0.9257,-0.1907
87.960,-0.9275,0.7929,-0.4962,-0.0063,1.2797,-0.9257,-0.1863
87.972,-0.9275,0.7929,-0.4962,-0.0063,1.2797,-0.9257,-0.1819
87.984,-0.9275,0.7929,-0.4962,-0.0063,1.2797,-0.9257,-0.1775
87.996,-0.9275,0.7929,-0.4962,-0.0063,1.2797,-0.9257,-0.1731
88.008,-0.9275,0.7929,-0.4962,-0.0063,1.2797,-0.9257,-0.1687
88.020,-0.9275,0.7929,-0.4962,-0.0063,1.2797,-0.9257,-0.1643
88.032,-0.9275,0.7929,-0.4962,-0.0063,1.2797,-0.9257,-0.1599
88.044,-0.9275,0.7929,-0.4962,-0.0063,1.2797,-0.9257,-0.1555
88.056,-0.9275,0.7929,-0.4962,-0.0063,1.2797,-0.9257,-0.1511
88.068,-0.9275,0.7929,-0.4962,-0.0063,1.2797,-0.9257,-0.1467
88.080,-0.9275,0.7929,-0.4962,-0.0063,1.2797,-0.9257,-0.1423
88.092,-0.9275,0.7929,-0.4962,-0.0063,1.2797,-0.9257,-0.1379
88.104,-0.9275,0.7929,-0.4962,-0.0063,1.2797,-0.9257,-0.1335
88.116,-0.9275,0.7929,-0.4962,-0.0063,1.2797,-0.9257,-0.1291
88.128,-0.9275,0.7929,-0.4962,-0.0063,1.2797,-0.9257,-0.1247
88.140,-0.9275,0.7929,-0.4962,-0.0063,1.2797,-0.9257,-0.1203
88.152,-0.9275,0.7929,-0.4962,-0.0063,1.2797,-0.9257,-0.1159
88.164,-0.9275,0.7929,-0.4962,-0.0063,1.2797,-0.9257,-0.1115
88.176,-0.9275,0.7929,-0.4962,-0.0063,1.2797,-0.9257,-0.1071
88.188,-0.9275,0.7929,-0.4962,-0.0063,1.2797,-0.9257,-0.1027
88.200,-0.9275,0.7929,-0.4962,-0.0063,1.2797,-0.9257,-0.0983
88.212,-0.9275,0.7929,-0.4962,-0.0063,1.2797,-0.9257,-0.0939
88.224,-0.9275,0.7929,-0.4962,-0.0063,1.2797,-0.9257,-0.0895
88.236,-0.9275,0.7929,-0.4962,-0.0063,1.2797,-0.9257,-0.0851
88.248,-0.9275,0.7929,-0.4962,-0.0063,1.2797,-0.9257,-0.0807
88.260,-0.9275,0.7929,-0.4962,-0.0063,1.2797,-0.9257,-0.0763
88.272,-0.9275,0.7929,-0.4962,-0.0063,1.2797,-0.9257,-0.0719
88.284,-0.9275,0.7929,-0.4962,-0.0063,1.2797,-0.9257,-0.0675
88.296,-0.9275,0.7929,-0.4962,-0.0063,1.2797,-0.9257,-0.0631
88.308,-0.9275,0.7929,-0.4962,-0.0063,1.2797,-0.9257,-0.0587
88.320,-0.9275,0.7929,-0.4962,-0.0063,1.2797,-0.9257,-0.0543
88.332,-0.9275,0.7929,-0.4962,-0.0063,1.2797,-0.9257,-0.0499
88.344,-0.9275,0.7929,-0.4962,-0.0063,1.2797,-0.9257,-0.0455
88.356,-0.9275,0.7929,-0.4962,-0.0063,1.2797,-0.9257,-0.0411
88.368,-0.9275,0.7929,-0.4962,-0.0063,1.2797,-0.9257,-0.0367
88.380,-0.9275,0.7929,-0.4962,-0.0063,1.2797,-0.9257,-0.0323
88.392,-0.9275,0.7929,-0.4962,-0.0063,1.2797,-0.9257,-0.0284
88.404,-0.9275,0.7924,-0.4962,-0.0063,1.2797,-0.9257,-0.0250
88.416,-0.9275,0.7914,-0.4962,-0.0063,1.2797,-0.9257,-0.0220
88.428,-0.9275,0.7900,-0.4962,-0.0063,1.2797,-0.9257,-0.0194
88.440,-0.9275,0.7883,-0.4962,-0.0063,1.2797,-0.9257,-0.0170
88.452,-0.9275,0.7862,-0.4962,-0.0063,1.2797,-0.9257,-0.0150
88.464,-0.9275,0.7839,-0.4962,-0.0063,1.2797,-0.9257,-0.0132
88.476,-0.9275,0.7813,-0.4962,-0.0063,1.2797,-0.9257,-0.0116
88.488,-0.9275,0.7785,-0.4962,-0.0063,1.2797,-0.9257,-0.0102
88.500,-0.9275,0.7755,-0.4962,-0.0063,1.2797,-0.9257,-0.0090
88.512,-0.9275,0.7724,-0.4962,-0.0063,1.2797,-0.9257,-0.0079
88.524,-0.9275,0.7691,-0.4962,-0.0063,1.2797,-0.9257,-0.0070
88.536,-0.9275,0.7656,-0.4962,-0.0063,1.2797,-0.9257,-0.0061
88.548,-0.9275,0.7621,-0.4962,-0.0063,1.2797,-0.9257,-0.0054
88.560,-0.9275,0.7585,-0.4962,-0.0063,1.2797,-0.9257,-0.0047
88.572,-0.9275,0.7547,-0.4962,-0.0063,1.2797,-0.9257,-0.0042
88.584,-0.9275,0.7509,-0.4962,-0.0063,1.2797,-0.9257,-0.0037
88.596,-0.9275,0.7471,-0.4962,-0.0063,1.2797,-0.9257,-0.0032
88.608,-0.9275,0.7432,-0.4962,-0.0063,1.2797,-0.9257,-0.0028
88.620,-0.9275,0.7392,-0.4962,-0.0063,1.2797,-0.9257,-0.0025
88.632,-0.9275,0.7352,-0.4962,-0.0063,1.2797,-0.9257,-0.0022
88.644,-0.9275,0.7311,-0.4962,-0.0063,1.2797,-0.9257,-0.0019
88.656,-0.9275,0.7270,-0.4962,-0.0063,1.2797,-0.9257,-0.0017
88.668,-0.9275,0.7229,-0.4962,-0.0063,1.2797,-0.9257,-0.0015
88.680,-0.9275,0.7187,-0.4962,-0.0063,1.2797,-0.9257,-0.0013
88.692,-0.9275,0.7145,-0.4962,-0.0063,1.2797,-0.9257,-0.0012
88.704,-0.9275,0.7103,-0.4962,-0.0063,1.2797,-0.9257,-0.0010
88.716,-0.9275,0.7061,-0.4962,-0.0063,1.2797,-0.9257,-0.0009
88.728,-0.9275,0.7018,-0.4962,-0.0063,1.2797,-0.9257,-0.0008
88.740,-0.9275,0.6976,-0.4962,-0.0063,1.2797,-0.9257,-0.0007
88.752,-0.9275,0.6933,-0.4962,-0.0063,1.2797,-0.9257,-0.0006
88.764,-0.9275,0.6890,-0.4962,-0.0063,1.2797,-0.9257,-0.0005
88.776,-0.9275,0.6847,-0.4962,-0.0063,1.2797,-0.9257,-0.0005
88.788,-0.9275,0.6804,-0.4962,-0.0063,1.2797,-0.9257,-0.0004
88.800,-0.9275,0.6761,-0.4962,-0.0063,1.2797,-0.9257,-0.0004
88.812,-0.9275,0.6718,-0.4962,-0.0063,1.2797,-0.9257,-0.0003
88.824,-0.9275,0.6675,-0.4962,-0.0063,1.2797,-0.9257,-0.0003
88.836,-0.9275,0.6632,-0.4962,-0.0063,1.2797,-0.9257,-0.0003
88.848,-0.9275,0.6588,-0.4962,-0.0063,1.2797,-0.9257,-0.0002
88.860,-0.9275,0.6545,-0.4962,-0.0063,1.2797,-0.9257,-0.0002
88.872,-0.9275,0.6502,-0.4962,-0.0063,1.2797,-0.9257,-0.0002
88.884,-0.9275,0.6458,-0.4962,-0.0063,1.2797,-0.9257,-0.0002
88.896,-0.9275,0.6415,-0.4962,-0.0063,1.2797,-0.9257,-0.0001
88.908,-0.9275,0.6371,-0.4962,-0.0063,1.2797,-0.9257,-0.0001
88.920,-0.9275,0.6328,-0.4962,-0.0063,1.2797,-0.9257,-0.0001
88.932,-0.9275,0.6284,-0.4962,-0.0063,1.2797,-0.9257,-0.0001
88.944,-0.9275,0.6241,-0.4962,-0.0063,1.2797,-0.9257,-0.0001
88.956,-0.9275,0.6197,-0.4962,-0.0063,1.2797,-0.9257,-0.0001
88.968,-0.9275,0.6154,-0.4962,-0.0063,1.2797,-0.9257,-0.0001
88.980,-0.9275,0.6110,-0.4962,-0.0063,1.2797,-0.9257,-0.0001
88.992,-0.9275,0.6067,-0.4962,-0.0063,1.2797,-0.9257,-0.0000
89.004,-0.9275,0.6023,-0.4962,-0.0063,1.2797,-0.9257,-0.0000
89.016,-0.9275,0.5980,-0.4962,-0.0063,1.2797,-0.9257,-0.0000
89.028,-0.9275,0.5936,-0.4962,-0.0063,1.2797,-0.9257,-0.0000
89.040,-0.9275,0.5892,-0.4962,-0.0063,1.2797,-0.9257,-0.0000
89.052,-0.9275,0.5849,-0.4962,-0.0063,1.2797,-0.9257,-0.0000
89.064,-0.9275,0.5805,-0.4962,-0.0063,1.2797,-0.9257,-0.0000
89.076,-0.9275,0.5762,-0.4962,-0.0063,1.2797,-0.9257,-0.0000
89.088,-0.9275,0.5718,-0.4962,-0.0063,1.2797,-0.9257,-0.0000
89.100,-0.9275,0.5674,-0.4962,-0.0063,1.2797,-0.9257,-0.0000
89.112,-0.9275,0.5631,-0.4962,-0.0063,1.2797,-0.9257,-0.0000
89.124,-0.9275,0.5587,-0.4962,-0.0063,1.2797,-0.9257,-0.0000
89.136,-0.9275,0.5544,-0.4962,-0.0063,1.2797,-0.9257,-0.0000
89.148,-0.9275,0.5500,-0.4962,-0.0063,1.2797,-0.9257,-0.0000
89.160,-0.9275,0.5456,-0.4962,-0.0063,1.2797,-0.9257,-0.0000
89.172,-0.9275,0.5413,-0.4962,-0.0063,1.2797,-0.9257,-0.0000
89.184,-0.9275,0.5369,-0.4962,-0.0063,1.2797,-0.9257,-0.0000
89.196,-0.9275,0.5326,-0.4962,-0.0063,1.2797,-0.9257,-0.0000
89.208,-0.9275,0.5282,-0.4962,-0.0063,1.2797,-0.9257,-0.0000
89.220,-0.9275,0.5238,-0.4962,-0.0063,1.2797,-0.9257,-0.0000
89.232,-0.9275,0.5195,-0.4962,-0.0063,1.2797,-0.9257,-0.0000
89.244,-0.9275,0.5151,-0.4962,-0.0063,1.2797,-0.9257,-0.0000
89.256,-0.9275,0.5107,-0.4962,-0.0063,1.2797,-0.9257,-0.0000
89.268,-0.9275,0.5064,-0.4962,-0.0063,1.2797,-0.9257,-0.0000
89.280,-0.9275,0.5020,-0.4962,-0.0063,1.2797,-0.9257,-0.0000
89.292,-0.9275,0.4976,-0.4962,-0.0063,1.2797,-0.9257,-0.0000
89.304,-0.9275,0.4933,-0.4962,-0.0063,1.2797,-0.9257,-0.0000
89.316,-0.9275,0.4889,-0.4962,-0.0063,1.2797,-0.9257,-0.0000
89.328,-0.9275,0.4846,-0.4962,-0.0063,1.2797,-0.9257,-0.0000
89.340,-0.9275,0.4802,-0.4962,-0.0063,1.2797,-0.9257,-0.0000
89.352,-0.9275,0.4758,-0.4962,-0.0063,1.2797,-0.9257,-0.0000
89.364,-0.9275,0.4715,-0.4962,-0.0063,1.2797,-0.9257,-0.0000
89.376,-0.9275,0.4671,-0.4962,-0.0063,1.2797,-0.9257,-0.0000
89.388,-0.9275,0.4627,-0.4962,-0.0063,1.2797,-0.9257,-0.0000
89.400,-0.9275,0.4584,-0.4962,-0.0063,1.2797,-0.9257,-0.0000
89.412,-0.9275,0.4540,-0.4962,-0.0063,1.2797,-0.9257,-0.0000
89.424,-0.9275,0.4497,-0.4962,-0.0063,1.2797,-0.9257,-0.0000
89.436,-0.9275,0.4453,-0.4962,-0.0063,1.2797,-0.9257,-0.0000
89.448,-0.9275,0.4409,-0.4962,-0.0063,1.2797,-0.9257,-0.0000
89.460,-0.9275,0.4366,-0.4962,-0.0063,1.2797,-0.9257,-0.0000
89.472,-0.9275,0.4322,-0.4962,-0.0063,1.2797,-0.9257,-0.0000
89.484,-0.9275,0.4278,-0.4962,-0.0063,1.2797,-0.9257,-0.0000
89.496,-0.9275,0.4235,-0.4962,-0.0063,1.2797,-0.9257,-0.0000
89.508,-0.9275,0.4191,-0.4962,-0.0063,1.2797,-0.9257,-0.0000
89.520,-0.9275,0.4147,-0.4962,-0.0063,1.2797,-0.9257,-0.0000
89.532,-0.9275,0.4104,-0.4962,-0.0063,1.2797,-0.9257,-0.0000
89.544,-0.9275,0.4060,-0.4962,-0.0063,1.2797,-0.9257,-0.0000
89.556,-0.9275,0.4017,-0.4962,-0.0063,1.2797,-0.9257,-0.0000
89.568,-0.9275,0.3973,-0.4962,-0.0063,1.2797,-0.9257,-0.0000
89.580,-0.9275,0.3929,-0.4962,-0.0063,1.2797,-0.9257,-0.0000
89.592,-0.9275,0.3886,-0.4962,-0.0063,1.2797,-0.9257,-0.0000
89.604,-0.9275,0.3847,-0.4962,-0.0063,1.2797,-0.9257,-0.0000
89.616,-0.9275,0.3813,-0.4962,-0.0063,1.2797,-0.9257,-0.0000
89.628,-0.9275,0.3784,-0.4962,-0.0063,1.2797,-0.9257,-0.0000
89.640,-0.9275,0.3758,-0.4962,-0.0063,1.2797,-0.9257,-0.0000
89.652,-0.9275,0.3735,-0.4962,-0.0063,1.2797,-0.9257,-0.0000
89.664,-0.9275,0.3714,-0.4962,-0.0063,1.2797,-0.9257,-0.0000
89.676,-0.9275,0.3696,-0.4962,-0.0063,1.2797,-0.9257,-0.0000
89.688,-0.9275,0.3681,-0.4962,-0.0063,1.2797,-0.9257,-0.0000
89.700,-0.9275,0.3681,-0.4962,-0.0063,1.2797,-0.9257,-0.0000
89.712,-0.9268,0.3681,-0.4962,-0.0063,1.2797,-0.9257,-0.0000
89.724,-0.9255,0.3681,-0.4962,-0.0063,1.2797,-0.9257,-0.0000
89.736,-0.9238,0.3680,-0.4962,-0.0063,1.2797,-0.9257,-0.0000
89.748,-0.9215,0.3680,-0.4962,-0.0063,1.2797,-0.9257,-0.0000
89.760,-0.9189,0.3680,-0.4962,-0.0063,1.2797,-0.9257,-0.0000
89.772,-0.9159,0.3679,-0.4962,-0.0063,1.2797,-0.9257,-0.0000
89.784,-0.9126,0.3679,-0.4962,-0.0063,1.2797,-0.9257,-0.0000
89.796,-0.9091,0.3679,-0.4962,-0.0063,1.2797,-0.9257,-0.0000
89.808,-0.9053,0.3678,-0.4962,-0.0063,1.2797,-0.9257,-0.0000
89.820,-0.9013,0.3678,-0.4962,-0.0063,1.2797,-0.9257,-0.0000
89.832,-0.8971,0.3677,-0.4962,-0.0063,1.2797,-0.9257,-0.0000
89.844,-0.8927,0.3676,-0.4962,-0.0063,1.2797,-0.9257,-0.0000
89.856,-0.8882,0.3676,-0.4962,-0.0063,1.2797,-0.9257,-0.0000
89.868,-0.8836,0.3675,-0.4962,-0.0063,1.2797,-0.9257,-0.0000
89.880,-0.8788,0.3675,-0.4962,-0.0063,1.2797,-0.9257,-0.0000
89.892,-0.8740,0.3674,-0.4962,-0.0063,1.2797,-0.9257,-0.0000
89.904,-0.8690,0.3674,-0.4962,-0.0063,1.2797,-0.9257,-0.0000
89.916,-0.8640,0.3673,-0.4962,-0.0063,1.2797,-0.9257,-0.0000
89.928,-0.8589,0.3672,-0.4962,-0.0063,1.2797,-0.9257,-0.0000
89.940,-0.8538,0.3672,-0.4962,-0.0063,1.2797,-0.9257,-0.0000
89.952,-0.8486,0.3671,-0.4962,-0.0063,1.2797,-0.9257,-0.0000
89.964,-0.8434,0.3670,-0.4962,-0.0063,1.2797,-0.9257,-0.0000
89.976,-0.8381,0.3670,-0.4962,-0.0063,1.2797,-0.9257,-0.0000
89.988,-0.8328,0.3669,-0.4962,-0.0063,1.2797,-0.9257,-0.0000
90.000,-0.8275,0.3668,-0.4962,-0.0063,1.2797,-0.9257,-0.0000
90.012,-0.8221,0.3668,-0.4962,-0.0063,1.2797,-0.9257,-0.0000
90.024,-0.8167,0.3667,-0.4962,-0.0063,1.2797,-0.9257,-0.0000
90.036,-0.8113,0.3666,-0.4962,-0.0063,1.2797,-0.9257,-0.0000
90.048,-0.8059,0.3666,-0.4962,-0.0063,1.2797,-0.9257,-0.0000
90.060,-0.8005,0.3665,-0.4962,-0.0063,1.2797,-0.9257,-0.0000
90.072,-0.7950,0.3664,-0.4962,-0.0063,1.2797,-0.9257,-0.0000
90.084,-0.7895,0.3664,-0.4962,-0.0063,1.2797,-0.9257,-0.0000
90.096,-0.7840,0.3663,-0.4962,-0.0063,1.2797,-0.9257,-0.0000
90.108,-0.7785,0.3662,-0.4962,-0.0063,1.2797,-0.9257,-0.0000
90.120,-0.7730,0.3662,-0.4962,-0.0063,1.2797,-0.9257,-0.0000
90.132,-0.7675,0.3661,-0.4962,-0.0063,1.2797,-0.9257,-0.0000
90.144,-0.7620,0.3660,-0.4962,-0.0063,1.2797,-0.9257,-0.0000
90.156,-0.7565,0.3660,-0.4962,-0.0063,1.2797,-0.9257,-0.0000
90.168,-0.7510,0.3659,-0.4962,-0.0063,1.2797,-0.9257,-0.0000
90.180,-0.7454,0.3658,-0.4962,-0.0063,1.2797,-0.9257,-0.0000
90.192,-0.7399,0.3658,-0.4962,-0.0063,1.2797,-0.9257,-0.0000
90.204,-0.7344,0.3657,-0.4962,-0.0063,1.2797,-0.9257,-0.0000
90.216,-0.7288,0.3656,-0.4962,-0.0063,1.2797,-0.9257,-0.0000
90.228,-0.7233,0.3655,-0.4962,-0.0063,1.2797,-0.9257,-0.0000
90.240,-0.7177,0.3655,-0.4962,-0.0063,1.2797,-0.9257,-0.0000
90.252,-0.7122,0.3654,-0.4962,-0.0063,1.2797,-0.9257,-0.0000
90.264,-0.7066,0.3653,-0.4962,-0.0063,1.2797,-0.9257,-0.0000
90.276,-0.7011,0.3653,-0.4962,-0.0063,1.2797,-0.9257,-0.0000
90.288,-0.6955,0.3652,-0.4962,-0.0063,1.2797,-0.9257,-0.0000
90.300,-0.6900,0.3651,-0.4962,-0.0063,1.2797,-0.9257,-0.0000
90.312,-0.6844,0.3651,-0.4962,-0.0063,1.2797,-0.9257,-0.0000
90.324,-0.6789,0.3650,-0.4962,-0.0063,1.2797,-0.9257,-0.0000
90.336,-0.6733,0.3649,-0.4962,-0.0063,1.2797,-0.9257,-0.0000
90.348,-0.6677,0.3649,-0.4962,-0.0063,1.2797,-0.9257,-0.0000
90.360,-0.6622,0.3648,-0.4962,-0.0063,1.2797,-0.9257,-0.0000
90.372,-0.6566,0.3647,-0.4962,-0.0063,1.2797,-0.9257,-0.0000
90.384,-0.6511,0.3646,-0.4962,-0.0063,1.2797,-0.9257,-0.0000
90.396,-0.6455,0.3646,-0.4962,-0.0063,1.2797,-0.9257,-0.0000
90.408,-0.6399,0.3645,-0.4962,-0.0063,1.2797,-0.9257,-0.0000
90.420,-0.6344,0.3644,-0.4962,-0.0063,1.2797,-0.9257,-0.0000
90.432,-0.6288,0.3644,-0.4962,-0.0063,1.2797,-0.9257,-0.0000
90.444,-0.6232,0.3643,-0.4962,-0.0063,1.2797,-0.9257,-0.0000
90.456,-0.6177,0.3642,-0.4962,-0.0063,1.2797,-0.9257,-0.0000
90.468,-0.6121,0.3642,-0.4962,-0.0063,1.2797,-0.9257,-0.0000
90.480,-0.6066,0.3641,-0.4962,-0.0063,1.2797,-0.9257,-0.0000
90.492,-0.6010,0.3640,-0.4962,-0.0063,1.2797,-0.9257,-0.0000
90.504,-0.5954,0.3640,-0.4962,-0.0063,1.2797,-0.9257,-0.0000
90.516,-0.5899,0.3639,-0.4962,-0.0063,1.2797,-0.9257,-0.0000
90.528,-0.5843,0.3638,-0.4962,-0.0063,1.2797,-0.9257,-0.0000
90.540,-0.5787,0.3638,-0.4962,-0.0063,1.2797,-0.9257,-0.0000
90.552,-0.5732,0.3637,-0.4962,-0.0063,1.2797,-0.9257,-0.0000
90.564,-0.5676,0.3636,-0.4962,-0.0063,1.2797,-0.9257,-0.0000
90.576,-0.5620,0.3635,-0.4962,-0.0063,1.2797,-0.9257,-0.0000
90.588,-0.5565,0.3635,-0.4962,-0.0063,1.2797,-0.9257,-0.0000
90.600,-0.5509,0.3634,-0.4962,-0.0063,1.2797,-0.9257,-0.0000
90.612,-0.5453,0.3633,-0.4962,-0.0063,1.2797,-0.9257,-0.0000
90.624,-0.5398,0.3633,-0.4962,-0.0063,1.2797,-0.9257,-0.0000
90.636,-0.5342,0.3632,-0.4962,-0.0063,1.2797,-0.9257,-0.0000
90.648,-0.5287,0.3631,-0.4962,-0.0063,1.2797,-0.9257,-0.0000
90.660,-0.5231,0.3631,-0.4962,-0.0063,1.2797,-0.9257,-0.0000
90.672,-0.5175,0.3630,-0.4962,-0.0063,1.2797,-0.9257,-0.0000
90.684,-0.5120,0.3629,-0.4962,-0.0063,1.2797,-0.9257,-0.0000
90.696,-0.5064,0.3629,-0.4962,-0.0063,1.2797,-0.9257,-0.0000
90.708,-0.5008,0.3628,-0.4962,-0.0063,1.2797,-0.9257,-0.0000
90.720,-0.4953,0.3627,-0.4962,-0.0063,1.2797,-0.9257,-0.0000
90.732,-0.4897,0.3626,-0.4962,-0.0063,1.2797,-0.9257,-0.0000
90.744,-0.4841,0.3626,-0.4962,-0.0063,1.2797,-0.9257,-0.0000
90.756,-0.4786,0.3625,-0.4962,-0.0063,1.2797,-0.9257,-0.0000
90.768,-0.4730,0.3624,-0.4962,-0.0063,1.2797,-0.9257,-0.0000
90.780,-0.4674,0.3624,-0.4962,-0.0063,1.2797,-0.9257,-0.0000
90.792,-0.4619,0.3623,-0.4962,-0.0063,1.2797,-0.9257,-0.0000
90.804,-0.4563,0.3622,-0.4962,-0.0063,1.2797,-0.9257,-0.0000
90.816,-0.4507,0.3622,-0.4962,-0.0063,1.2797,-0.9257,-0.0000
90.828,-0.4452,0.3621,-0.4962,-0.0063,1.2797,-0.9257,-0.0000
90.840,-0.4396,0.3620,-0.4962,-0.0063,1.2797,-0.9257,-0.0000
90.852,-0.4341,0.3620,-0.4962,-0.0063,1.2797,-0.9257,-0.0000
90.864,-0.4285,0.3619,-0.4962,-0.0063,1.2797,-0.9257,-0.0000
90.876,-0.4229,0.3618,-0.4962,-0.0063,1.2797,-0.9257,-0.0000
90.888,-0.4174,0.3617,-0.4962,-0.0063,1.2797,-0.9257,-0.0000
90.900,-0.4118,0.3617,-0.4962,-0.0063,1.2797,-0.9257,-0.0000
90.912,-0.4062,0.3616,-0.4962,-0.0063,1.2797,-0.9257,-0.0000
90.924,-0.4007,0.3615,-0.4962,-0.0063,1.2797,-0.9257,-0.0000
90.936,-0.3951,0.3615,-0.4962,-0.0063,1.2797,-0.9257,-0.0000
90.948,-0.3895,0.3614,-0.4962,-0.0063,1.2797,-0.9257,-0.0000
90.960,-0.3840,0.3613,-0.4962,-0.0063,1.2797,-0.9257,-0.0000
90.972,-0.3784,0.3613,-0.4962,-0.0063,1.2797,-0.9257,-0.0000
90.984,-0.3728,0.3612,-0.4962,-0.0063,1.2797,-0.9257,-0.0000
90.996,-0.3673,0.3611,-0.4962,-0.0063,1.2797,-0.9257,-0.0000
91.008,-0.3617,0.3611,-0.4962,-0.0063,1.2797,-0.9257,-0.0000
91.020,-0.3561,0.3610,-0.4962,-0.0063,1.2797,-0.9257,-0.0000
91.032,-0.3506,0.3609,-0.4962,-0.0063,1.2797,-0.9257,-0.0000
91.044,-0.3450,0.3609,-0.4962,-0.0063,1.2797,-0.9257,-0.0000
91.056,-0.3395,0.3608,-0.4962,-0.0063,1.2797,-0.9257,-0.0000
91.068,-0.3339,0.3607,-0.4962,-0.0063,1.2797,-0.9257,-0.0000
91.080,-0.3283,0.3606,-0.4962,-0.0063,1.2797,-0.9257,-0.0000
91.092,-0.3228,0.3606,-0.4962,-0.0063,1.2797,-0.9257,-0.0000
91.104,-0.3172,0.3605,-0.4962,-0.0063,1.2797,-0.9257,-0.0000
91.116,-0.3116,0.3604,-0.4962,-0.0063,1.2797,-0.9257,-0.0000
91.128,-0.3061,0.3604,-0.4962,-0.0063,1.2797,-0.9257,-0.0000
91.140,-0.3005,0.3603,-0.4962,-0.0063,1.2797,-0.9257,-0.0000
91.152,-0.2949,0.3602,-0.4962,-0.0063,1.2797,-0.9257,-0.0000
91.164,-0.2894,0.3602,-0.4962,-0.0063,1.2797,-0.9257,-0.0000
91.176,-0.2838,0.3601,-0.4962,-0.0063,1.2797,-0.9257,-0.0000
91.188,-0.2782,0.3600,-0.4962,-0.0063,1.2797,-0.9257,-0.0000
91.200,-0.2727,0.3600,-0.4962,-0.0063,1.2797,-0.9257,-0.0000
91.212,-0.2671,0.3599,-0.4962,-0.0063,1.2797,-0.9257,-0.0000
91.224,-0.2615,0.3598,-0.4962,-0.0063,1.2797,-0.9257,-0.0000
91.236,-0.2560,0.3597,-0.4962,-0.0063,1.2797,-0.9257,-0.0000
91.248,-0.2504,0.3597,-0.4962,-0.0063,1.2797,-0.9257,-0.0000
91.260,-0.2449,0.3596,-0.4962,-0.0063,1.2797,-0.9257,-0.0000
91.272,-0.2393,0.3595,-0.4962,-0.0063,1.2797,-0.9257,-0.0000
91.284,-0.2337,0.3595,-0.4962,-0.0063,1.2797,-0.9257,-0.0000
91.296,-0.2282,0.3594,-0.4962,-0.0063,1.2797,-0.9257,-0.0000
91.308,-0.2226,0.3593,-0.4962,-0.0063,1.2797,-0.9257,-0.0000
91.320,-0.2170,0.3593,-0.4962,-0.0063,1.2797,-0.9257,-0.0000
91.332,-0.2115,0.3592,-0.4962,-0.0063,1.2797,-0.9257,-0.0000
91.344,-0.2059,0.3591,-0.4962,-0.0063,1.2797,-0.9257,-0.0000
91.356,-0.2003,0.3591,-0.4962,-0.0063,1.2797,-0.9257,-0.0000
91.368,-0.1948,0.3590,-0.4962,-0.0063,1.2797,-0.9257,-0.0000
91.380,-0.1892,0.3589,-0.4962,-0.0063,1.2797,-0.9257,-0.0000
91.392,-0.1836,0.3588,-0.4962,-0.0063,1.2797,-0.9257,-0.0000
91.404,-0.1781,0.3588,-0.4962,-0.0063,1.2797,-0.9257,-0.0000
91.416,-0.1725,0.3587,-0.4962,-0.0063,1.2797,-0.9257,-0.0000
91.428,-0.1669,0.3586,-0.4962,-0.0063,1.2797,-0.9257,-0.0000
91.440,-0.1614,0.3586,-0.4962,-0.0063,1.2797,-0.9257,-0.0000
91.452,-0.1558,0.3585,-0.4962,-0.0063,1.2797,-0.9257,-0.0000
91.464,-0.1502,0.3584,-0.4962,-0.0063,1.2797,-0.9257,-0.0000
91.476,-0.1447,0.3584,-0.4962,-0.0063,1.2797,-0.9257,-0.0000
91.488,-0.1391,0.3583,-0.4962,-0.0063,1.2797,-0.9257,-0.0000
91.500,-0.1336,0.3582,-0.4962,-0.0063,1.2797,-0.9257,-0.0000
91.512,-0.1280,0.3582,-0.4962,-0.0063,1.2797,-0.9257,-0.0000
91.524,-0.1224,0.3581,-0.4962,-0.0063,1.2797,-0.9257,-0.0000
91.536,-0.1169,0.3580,-0.4962,-0.0063,1.2797,-0.9257,-0.0000
91.548,-0.1113,0.3580,-0.4962,-0.0063,1.2797,-0.9257,-0.0000
91.560,-0.1057,0.3579,-0.4962,-0.0063,1.2797,-0.9257,-0.0000
91.572,-0.1002,0.3578,-0.4962,-0.0063,1.2797,-0.9257,-0.0000
91.584,-0.0946,0.3577,-0.4962,-0.0063,1.2797,-0.9257,-0.0000
91.596,-0.0890,0.3577,-0.4962,-0.0063,1.2797,-0.9257,-0.0000
91.608,-0.0835,0.3576,-0.4962,-0.0063,1.2797,-0.9257,-0.0000
91.620,-0.0779,0.3575,-0.4962,-0.0063,1.2797,-0.9257,-0.0000
91.632,-0.0723,0.3575,-0.4962,-0.0063,1.2797,-0.9257,-0.0000
91.644,-0.0668,0.3574,-0.4962,-0.0063,1.2797,-0.9257,-0.0000
91.656,-0.0612,0.3573,-0.4962,-0.0063,1.2797,-0.9257,-0.0000
91.668,-0.0556,0.3573,-0.4962,-0.0063,1.2797,-0.9257,-0.0000
91.680,-0.0501,0.3572,-0.4962,-0.0063,1.2797,-0.9257,-0.0000
91.692,-0.0445,0.3571,-0.4962,-0.0063,1.2797,-0.9257,-0.0000
91.704,-0.0392,0.3571,-0.4962,-0.0063,1.2797,-0.9257,-0.0000
91.716,-0.0345,0.3570,-0.4962,-0.0063,1.2797,-0.9257,-0.0000
91.728,-0.0303,0.3569,-0.4962,-0.0063,1.2797,-0.9257,-0.0000
91.740,-0.0267,0.3569,-0.4962,-0.0063,1.2797,-0.9257,-0.0000
91.752,-0.0235,0.3569,-0.4962,-0.0063,1.2797,-0.9257,-0.0000
91.764,-0.0207,0.3568,-0.4962,-0.0063,1.2797,-0.9257,-0.0000
91.776,-0.0182,0.3568,-0.4962,-0.0063,1.2797,-0.9257,-0.0000
91.788,-0.0160,0.3568,-0.4962,-0.0063,1.2797,-0.9257,-0.0000
91.800,-0.0141,0.3567,-0.4962,-0.0063,1.2797,-0.9257,-0.0000
91.812,-0.0124,0.3567,-0.4962,-0.0063,1.2797,-0.9257,-0.0000
91.824,-0.0124,0.3567,-0.4962,-0.0063,1.2797,-0.9257,-0.0000
91.836,-0.0124,0.3565,-0.4958,-0.0063,1.2788,-0.9251,-0.0000
91.848,-0.0124,0.3560,-0.4952,-0.0063,1.2770,-0.9238,-0.0000
91.860,-0.0123,0.3553,-0.4942,-0.0063,1.2746,-0.9220,-0.0000
91.872,-0.0123,0.3544,-0.4930,-0.0062,1.2715,-0.9198,-0.0000
91.884,-0.0123,0.3534,-0.4916,-0.0062,1.2679,-0.9172,-0.0000
91.896,-0.0122,0.3523,-0.4900,-0.0062,1.2638,-0.9142,-0.0000
91.908,-0.0122,0.3510,-0.4883,-0.0062,1.2592,-0.9109,-0.0000
91.920,-0.0122,0.3497,-0.4864,-0.0062,1.2543,-0.9074,-0.0000
91.932,-0.0121,0.3482,-0.4843,-0.0061,1.2491,-0.9036,-0.0000
91.944,-0.0120,0.3466,-0.4822,-0.0061,1.2435,-0.8996,-0.0000
91.956,-0.0120,0.3450,-0.4799,-0.0061,1.2377,-0.8954,-0.0000
91.968,-0.0119,0.3434,-0.4776,-0.0060,1.2317,-0.8910,-0.0000
91.980,-0.0119,0.3416,-0.4752,-0.0060,1.2255,-0.8865,-0.0000
91.992,-0.0118,0.3398,-0.4727,-0.0060,1.2191,-0.8819,-0.0000
92.004,-0.0117,0.3380,-0.4702,-0.0060,1.2125,-0.8772,-0.0000
92.016,-0.0117,0.3361,-0.4676,-0.0059,1.2058,-0.8723,-0.0000
92.028,-0.0116,0.3342,-0.4649,-0.0059,1.1990,-0.8674,-0.0000
92.040,-0.0116,0.3323,-0.4623,-0.0059,1.1921,-0.8624,-0.0000
92.052,-0.0115,0.3304,-0.4595,-0.0058,1.1851,-0.8573,-0.0000
92.064,-0.0114,0.3284,-0.4568,-0.0058,1.1781,-0.8522,-0.0000
92.076,-0.0113,0.3264,-0.4540,-0.0057,1.1709,-0.8470,-0.0000
92.088,-0.0113,0.3244,-0.4512,-0.0057,1.1637,-0.8418,-0.0000
92.100,-0.0112,0.3224,-0.4484,-0.0057,1.1564,-0.8366,-0.0000
92.112,-0.0111,0.3203,-0.4456,-0.0056,1.1491,-0.8313,-0.0000
92.124,-0.0111,0.3183,-0.4427,-0.0056,1.1417,-0.8259,-0.0000
92.136,-0.0110,0.3162,-0.4398,-0.0056,1.1343,-0.8206,-0.0000
92.148,-0.0109,0.3141,-0.4370,-0.0055,1.1269,-0.8152,-0.0000
92.160,-0.0108,0.3121,-0.4341,-0.0055,1.1194,-0.8098,-0.0000
92.172,-0.0108,0.3100,-0.4312,-0.0055,1.1119,-0.8044,-0.0000
92.184,-0.0107,0.3079,-0.4282,-0.0054,1.1044,-0.7989,-0.0000
92.196,-0.0106,0.3058,-0.4253,-0.0054,1.0969,-0.7935,-0.0000
92.208,-0.0106,0.3037,-0.4224,-0.0053,1.0893,-0.7880,-0.0000
92.220,-0.0105,0.3016,-0.4195,-0.0053,1.0818,-0.7826,-0.0000
92.232,-0.0104,0.2994,-0.4165,-0.0053,1.0742,-0.7771,-0.0000
92.244,-0.0103,0.2973,-0.4136,-0.0052,1.0666,-0.7716,-0.0000
92.256,-0.0103,0.2952,-0.4106,-0.0052,1.0590,-0.7661,-0.0000
92.268,-0.0102,0.2931,-0.4077,-0.0052,1.0514,-0.7606,-0.0000
92.280,-0.0101,0.2910,-0.4047,-0.0051,1.0438,-0.7551,-0.0000
92.292,-0.0100,0.2888,-0.4018,-0.0051,1.0362,-0.7496,-0.0000
92.304,-0.0100,0.2867,-0.3988,-0.0051,1.0285,-0.7440,-0.0000
92.316,-0.0099,0.2846,-0.3958,-0.0050,1.0209,-0.7385,-0.0000
92.328,-0.0098,0.2825,-0.3929,-0.0050,1.0132,-0.7330,-0.0000
92.340,-0.0097,0.2803,-0.3899,-0.0049,1.0056,-0.7275,-0.0000
92.352,-0.0097,0.2782,-0.3870,-0.0049,0.9979,-0.7219,-0.0000
92.364,-0.0096,0.2761,-0.3840,-0.0049,0.9903,-0.7164,-0.0000
92.376,-0.0095,0.2739,-0.3810,-0.0048,0.9826,-0.7108,-0.0000
92.388,-0.0094,0.2718,-0.3780,-0.0048,0.9750,-0.7053,-0.0000
92.400,-0.0094,0.2696,-0.3751,-0.0047,0.9673,-0.6998,-0.0000
92.412,-0.0093,0.2675,-0.3721,-0.0047,0.9596,-0.6942,-0.0000
92.424,-0.0092,0.2654,-0.3691,-0.0047,0.9520,-0.6887,-0.0000
92.436,-0.0091,0.2632,-0.3662,-0.0046,0.9443,-0.6831,-0.0000
92.448,-0.0091,0.2611,-0.3632,-0.0046,0.9366,-0.6776,-0.0000
92.460,-0.0090,0.2590,-0.3602,-0.0046,0.9290,-0.6720,-0.0000
92.472,-0.0089,0.2568,-0.3572,-0.0045,0.9213,-0.6665,-0.0000
92.484,-0.0089,0.2547,-0.3543,-0.0045,0.9136,-0.6609,-0.0000
92.496,-0.0088,0.2525,-0.3513,-0.0044,0.9060,-0.6554,-0.0000
92.508,-0.0087,0.2504,-0.3483,-0.0044,0.8983,-0.6498,-0.0000
92.520,-0.0086,0.2483,-0.3453,-0.0044,0.8906,-0.6443,-0.0000
92.532,-0.0086,0.2461,-0.3424,-0.0043,0.8829,-0.6387,-0.0000
92.544,-0.0085,0.2440,-0.3394,-0.0043,0.8753,-0.6332,-0.0000
92.556,-0.0084,0.2419,-0.3364,-0.0043,0.8676,-0.6276,-0.0000
92.568,-0.0083,0.2397,-0.3334,-0.0042,0.8599,-0.6221,-0.0000
92.580,-0.0083,0.2376,-0.3305,-0.0042,0.8522,-0.6165,-0.0000
92.592,-0.0082,0.2354,-0.3275,-0.0041,0.8446,-0.6110,-0.0000
92.604,-0.0081,0.2333,-0.3245,-0.0041,0.8369,-0.6054,-0.0000
92.616,-0.0080,0.2312,-0.3215,-0.0041,0.8292,-0.5999,-0.0000
92.628,-0.0080,0.2290,-0.3186,-0.0040,0.8215,-0.5943,-0.0000
92.640,-0.0079,0.2269,-0.3156,-0.0040,0.8139,-0.5888,-0.0000
92.652,-0.0078,0.2247,-0.3126,-0.0040,0.8062,-0.5832,-0.0000
92.664,-0.0077,0.2226,-0.3096,-0.0039,0.7985,-0.5776,-0.0000
92.676,-0.0077,0.2205,-0.3066,-0.0039,0.7908,-0.5721,-0.0000
92.688,-0.0076,0.2183,-0.3037,-0.0038,0.7832,-0.5665,-0.0000
92.700,-0.0075,0.2162,-0.3007,-0.0038,0.7755,-0.5610,-0.0000
92.712,-0.0074,0.2140,-0.2977,-0.0038,0.7678,-0.5554,-0.0000
92.724,-0.0074,0.2119,-0.2947,-0.0037,0.7601,-0.5499,-0.0000
92.736,-0.0073,0.2098,-0.2918,-0.0037,0.7524,-0.5443,-0.0000
92.748,-0.0072,0.2076,-0.2888,-0.0037,0.7448,-0.5388,-0.0000
92.760,-0.0071,0.2055,-0.2858,-0.0036,0.7371,-0.5332,-0.0000
92.772,-0.0071,0.2033,-0.2828,-0.0036,0.7294,-0.5277,-0.0000
92.784,-0.0070,0.2012,-0.2799,-0.0035,0.7217,-0.5221,-0.0000
92.796,-0.0069,0.1991,-0.2769,-0.0035,0.7141,-0.5166,-0.0000
92.808,-0.0068,0.1969,-0.2739,-0.0035,0.7064,-0.5110,-0.0000
92.820,-0.0068,0.1948,-0.2709,-0.0034,0.6987,-0.5054,-0.0000
92.832,-0.0067,0.1926,-0.2679,-0.0034,0.6910,-0.4999,-0.0000
92.844,-0.0066,0.1905,-0.2650,-0.0034,0.6833,-0.4943,-0.0000
92.856,-0.0065,0.1884,-0.2620,-0.0033,0.6757,-0.4888,-0.0000
92.868,-0.0065,0.1862,-0.2590,-0.0033,0.6680,-0.4832,-0.0000
92.880,-0.0064,0.1841,-0.2560,-0.0032,0.6603,-0.4777,-0.0000
92.892,-0.0063,0.1819,-0.2531,-0.0032,0.6526,-0.4721,-0.0000
92.904,-0.0062,0.1798,-0.2501,-0.0032,0.6450,-0.4666,-0.0000
92.916,-0.0062,0.1776,-0.2471,-0.0031,0.6373,-0.4610,-0.0000
92.928,-0.0061,0.1755,-0.2441,-0.0031,0.6296,-0.4555,-0.0000
92.940,-0.0060,0.1734,-0.2412,-0.0031,0.6219,-0.4499,-0.0000
92.952,-0.0060,0.1712,-0.2382,-0.0030,0.6142,-0.4443,-0.0000
92.964,-0.0059,0.1691,-0.2352,-0.0030,0.6066,-0.4388,-0.0000
92.976,-0.0058,0.1669,-0.2322,-0.0029,0.5989,-0.4332,-0.0000
92.988,-0.0057,0.1648,-0.2292,-0.0029,0.5912,-0.4277,-0.0000
93.000,-0.0057,0.1627,-0.2263,-0.0029,0.5835,-0.4221,-0.0000
93.012,-0.0056,0.1605,-0.2233,-0.0028,0.5759,-0.4166,-0.0000
93.024,-0.0055,0.1584,-0.2203,-0.0028,0.5682,-0.4110,-0.0000
93.036,-0.0054,0.1562,-0.2173,-0.0028,0.5605,-0.4055,-0.0000
93.048,-0.0054,0.1541,-0.2144,-0.0027,0.5528,-0.3999,-0.0000
93.060,-0.0053,0.1520,-0.2114,-0.0027,0.5451,-0.3944,-0.0000
93.072,-0.0052,0.1498,-0.2084,-0.0026,0.5375,-0.3888,-0.0000
93.084,-0.0051,0.1477,-0.2054,-0.0026,0.5298,-0.3832,-0.0000
93.096,-0.0051,0.1455,-0.2024,-0.0026,0.5221,-0.3777,-0.0000
93.108,-0.0050,0.1434,-0.1995,-0.0025,0.5144,-0.3721,-0.0000
93.120,-0.0049,0.1413,-0.1965,-0.0025,0.5068,-0.3666,-0.0000
93.132,-0.0048,0.1391,-0.1935,-0.0025,0.4991,-0.3610,-0.0000
93.144,-0.0048,0.1370,-0.1905,-0.0024,0.4914,-0.3555,-0.0000
93.156,-0.0047,0.1348,-0.1876,-0.0024,0.4837,-0.3499,-0.0000
93.168,-0.0046,0.1327,-0.1846,-0.0023,0.4760,-0.3444,-0.0000
93.180,-0.0045,0.1306,-0.1816,-0.0023,0.4684,-0.3388,-0.0000
93.192,-0.0045,0.1284,-0.1786,-0.0023,0.4607,-0.3333,-0.0000
93.204,-0.0044,0.1263,-0.1757,-0.0022,0.4530,-0.3277,-0.0000
93.216,-0.0043,0.1241,-0.1727,-0.0022,0.4453,-0.3222,-0.0000
93.228,-0.0042,0.1220,-0.1697,-0.0021,0.4376,-0.3166,-0.0000
93.240,-0.0042,0.1199,-0.1667,-0.0021,0.4300,-0.3110,-0.0000
93.252,-0.0041,0.1177,-0.1637,-0.0021,0.4223,-0.3055,-0.0000
93.264,-0.0040,0.1156,-0.1608,-0.0020,0.4146,-0.2999,-0.0000
93.276,-0.0039,0.1134,-0.1578,-0.0020,0.4069,-0.2944,-0.0000
93.288,-0.0039,0.1113,-0.1548,-0.0020,0.3993,-0.2888,-0.0000
93.300,-0.0038,0.1092,-0.1518,-0.0019,0.3916,-0.2833,-0.0000
93.312,-0.0037,0.1070,-0.1489,-0.0019,0.3839,-0.2777,-0.0000
93.324,-0.0036,0.1049,-0.1459,-0.0018,0.3762,-0.2722,-0.0000
93.336,-0.0036,0.1027,-0.1429,-0.0018,0.3685,-0.2666,-0.0000
93.348,-0.0035,0.1006,-0.1399,-0.0018,0.3609,-0.2611,-0.0000
93.360,-0.0034,0.0985,-0.1370,-0.0017,0.3532,-0.2555,-0.0000
93.372,-0.0033,0.0963,-0.1340,-0.0017,0.3455,-0.2499,-0.0000
93.384,-0.0033,0.0942,-0.1310,-0.0017,0.3378,-0.2444,-0.0000
93.396,-0.0032,0.0920,-0.1280,-0.0016,0.3302,-0.2388,-0.0000
93.408,-0.0031,0.0899,-0.1250,-0.0016,0.3225,-0.2333,-0.0000
93.420,-0.0031,0.0878,-0.1221,-0.0015,0.3148,-0.2277,-0.0000
93.432,-0.0030,0.0856,-0.1191,-0.0015,0.3071,-0.2222,-0.0000
93.444,-0.0029,0.0835,-0.1161,-0.0015,0.2994,-0.2166,-0.0000
93.456,-0.0028,0.0813,-0.1131,-0.0014,0.2918,-0.2111,-0.0000
93.468,-0.0028,0.0792,-0.1102,-0.0014,0.2841,-0.2055,-0.0000
93.480,-0.0027,0.0771,-0.1072,-0.0014,0.2764,-0.2000,-0.0000
93.492,-0.0026,0.0749,-0.1042,-0.0013,0.2687,-0.1944,-0.0000
93.504,-0.0025,0.0728,-0.1012,-0.0013,0.2611,-0.1888,-0.0000
93.516,-0.0025,0.0706,-0.0982,-0.0012,0.2534,-0.1833,-0.0000
93.528,-0.0024,0.0685,-0.0953,-0.0012,0.2457,-0.1777,-0.0000
93.540,-0.0023,0.0664,-0.0923,-0.0012,0.2380,-0.1722,-0.0000
93.552,-0.0022,0.0642,-0.0893,-0.0011,0.2303,-0.1666,-0.0000
93.564,-0.0022,0.0621,-0.0863,-0.0011,0.2227,-0.1611,-0.0000
93.576,-0.0021,0.0599,-0.0834,-0.0011,0.2150,-0.1555,-0.0000
93.588,-0.0020,0.0578,-0.0804,-0.0010,0.2073,-0.1500,-0.0000
93.600,-0.0019,0.0556,-0.0774,-0.0010,0.1996,-0.1444,-0.0000
93.612,-0.0019,0.0535,-0.0744,-0.0009,0.1920,-0.1389,-0.0000
93.624,-0.0018,0.0514,-0.0715,-0.0009,0.1843,-0.1333,-0.0000
93.636,-0.0017,0.0492,-0.0685,-0.0009,0.1766,-0.1277,-0.0000
93.648,-0.0016,0.0471,-0.0655,-0.0008,0.1689,-0.1222,-0.0000
93.660,-0.0016,0.0449,-0.0625,-0.0008,0.1612,-0.1166,-0.0000
93.672,-0.0015,0.0428,-0.0595,-0.0008,0.1536,-0.1111,-0.0000
93.684,-0.0014,0.0407,-0.0566,-0.0007,0.1459,-0.1055,-0.0000
93.696,-0.0013,0.0385,-0.0536,-0.0007,0.1382,-0.1000,-0.0000
93.708,-0.0013,0.0364,-0.0506,-0.0006,0.1305,-0.0944,-0.0000
93.720,-0.0012,0.0342,-0.0476,-0.0006,0.1228,-0.0889,-0.0000
93.732,-0.0011,0.0321,-0.0447,-0.0006,0.1152,-0.0833,-0.0000
93.744,-0.0010,0.0300,-0.0417,-0.0005,0.1075,-0.0778,-0.0000
93.756,-0.0010,0.0278,-0.0387,-0.0005,0.0998,-0.0722,-0.0000
93.768,-0.0009,0.0257,-0.0357,-0.0005,0.0921,-0.0667,-0.0000
93.780,-0.0008,0.0235,-0.0327,-0.0004,0.0845,-0.0611,-0.0000
93.792,-0.0007,0.0214,-0.0298,-0.0004,0.0768,-0.0555,-0.0000
93.804,-0.0007,0.0193,-0.0268,-0.0003,0.0691,-0.0500,-0.0000
93.816,-0.0006,0.0171,-0.0238,-0.0003,0.0614,-0.0444,-0.0000
93.828,-0.0005,0.0151,-0.0210,-0.0003,0.0541,-0.0391,-0.0000
93.840,-0.0005,0.0133,-0.0184,-0.0002,0.0476,-0.0344,-0.0000
93.852,-0.0004,0.0117,-0.0162,-0.0002,0.0419,-0.0303,-0.0000
93.864,-0.0004,0.0103,-0.0143,-0.0002,0.0368,-0.0266,-0.0000
93.876,-0.0003,0.0090,-0.0126,-0.0002,0.0324,-0.0234,-0.0000
93.888,-0.0003,0.0080,-0.0111,-0.0001,0.0285,-0.0206,-0.0000
93.900,-0.0002,0.0070,-0.0097,-0.0001,0.0251,-0.0182,-0.0000
93.912,-0.0002,0.0062,-0.0086,-0.0001,0.0221,-0.0160,-0.0000
93.924,-0.0002,0.0054,-0.0075,-0.0001,0.0194,-0.0141,-0.0000
93.936,-0.0002,0.0048,-0.0066,-0.0001,0.0171,-0.0124,-0.0000
93.948,-0.0001,0.0042,-0.0058,-0.0001,0.0151,-0.0109,-0.0000
93.960,-0.0001,0.0037,-0.0051,-0.0001,0.0132,-0.0096,-0.0000
93.972,-0.0001,0.0032,-0.0045,-0.0001,0.0117,-0.0084,-0.0000
93.984,-0.0001,0.0029,-0.0040,-0.0001,0.0103,-0.0074,-0.0000
93.996,-0.0001,0.0025,-0.0035,-0.0000,0.0090,-0.0065,-0.0000
94.008,-0.0001,0.0022,-0.0031,-0.0000,0.0079,-0.0057,-0.0000
94.020,-0.0001,0.0019,-0.0027,-0.0000,0.0070,-0.0051,-0.0000
94.032,-0.0001,0.0017,-0.0024,-0.0000,0.0062,-0.0045,-0.0000
94.044,-0.0001,0.0015,-0.0021,-0.0000,0.0054,-0.0039,-0.0000
94.056,-0.0000,0.0013,-0.0018,-0.0000,0.0048,-0.0034,0.0000
94.068,-0.0000,0.0012,-0.0016,-0.0000,0.0042,-0.0030,0.0000
94.080,-0.0000,0.0010,-0.0014,-0.0000,0.0037,-0.0027,0.0000
94.092,-0.0000,0.0009,-0.0013,-0.0000,0.0032,-0.0023,0.0000
94.104,-0.0000,0.0008,-0.0011,-0.0000,0.0029,-0.0021,0.0000
94.116,-0.0000,0.0007,-0.0010,-0.0000,0.0025,-0.0018,0.0000
94.128,-0.0000,0.0006,-0.0009,-0.0000,0.0022,-0.0016,0.0000
94.140,-0.0000,0.0005,-0.0008,-0.0000,0.0019,-0.0014,0.0000
94.152,-0.0000,0.0005,-0.0007,-0.0000,0.0017,-0.0012,0.0000
94.164,-0.0000,0.0004,-0.0006,-0.0000,0.0015,-0.0011,0.0000
94.176,-0.0000,0.0004,-0.0005,-0.0000,0.0013,-0.0010,0.0000
94.188,-0.0000,0.0003,-0.0005,-0.0000,0.0012,-0.0008,0.0000
94.200,-0.0000,0.0003,-0.0004,-0.0000,0.0010,-0.0007,0.0000
94.212,-0.0000,0.0003,-0.0004,-0.0000,0.0009,-0.0007,0.0000
94.224,-0.0000,0.0002,-0.0003,-0.0000,0.0008,-0.0006,0.0000
94.236,-0.0000,0.0002,-0.0003,-0.0000,0.0007,-0.0005,0.0000
94.248,-0.0000,0.0002,-0.0002,-0.0000,0.0006,-0.0004,0.0000
94.260,-0.0000,0.0002,-0.0002,-0.0000,0.0005,-0.0004,0.0000
94.272,-0.0000,0.0001,-0.0002,-0.0000,0.0005,-0.0003,0.0000
94.284,-0.0000,0.0001,-0.0002,-0.0000,0.0004,-0.0003,0.0000
94.296,-0.0000,0.0001,-0.0001,-0.0000,0.0004,-0.0003,0.0000
94.308,-0.0000,0.0001,-0.0001,-0.0000,0.0003,-0.0002,0.0000
94.320,-0.0000,0.0001,-0.0001,-0.0000,0.0003,-0.0002,0.0000
94.332,-0.0000,0.0001,-0.0001,-0.0000,0.0003,-0.0002,0.0000
94.344,-0.0000,0.0001,-0.0001,-0.0000,0.0002,-0.0002,0.0000
94.356,-0.0000,0.0001,-0.0001,-0.0000,0.0002,-0.0001,0.0000
94.368,-0.0000,0.0000,-0.0001,-0.0000,0.0002,-0.0001,0.0000
94.380,-0.0000,0.0000,-0.0001,-0.0000,0.0002,-0.0001,0.0000
94.392,-0.0000,0.0000,-0.0001,-0.0000,0.0001,-0.0001,0.0000
94.404,-0.0000,0.0000,-0.0000,-0.0000,0.0001,-0.0001,0.0000
94.416,-0.0000,0.0000,-0.0000,-0.0000,0.0001,-0.0001,0.0000
94.428,-0.0000,0.0000,-0.0000,-0.0000,0.0001,-0.0001,0.0000
94.440,-0.0000,0.0000,-0.0000,-0.0000,0.0001,-0.0001,0.0000
94.452,-0.0000,0.0000,-0.0000,-0.0000,0.0001,-0.0001,0.0000
94.464,-0.0000,0.0000,-0.0000,-0.0000,0.0001,-0.0000,0.0000
94.476,-0.0000,0.0000,-0.0000,-0.0000,0.0001,-0.0000,0.0000
94.488,-0.0000,0.0000,-0.0000,-0.0000,0.0000,-0.0000,0.0000
94.500,-0.0000,0.0000,-0.0000,-0.0000,0.0000,-0.0000,0.0000
94.512,-0.0000,0.0000,-0.0000,-0.0000,0.0000,-0.0000,0.0000
94.524,-0.0000,0.0000,-0.0000,-0.0000,0.0000,-0.0000,0.0000
94.536,-0.0000,0.0000,-0.0000,-0.0000,0.0000,-0.0000,0.0000
94.548,-0.0000,0.0000,-0.0000,-0.0000,0.0000,-0.0000,0.0000
94.560,-0.0000,0.0000,-0.0000,-0.0000,0.0000,-0.0000,0.0000
94.572,-0.0000,0.0000,-0.0000,-0.0000,0.0000,-0.0000,0.0000
94.584,-0.0000,0.0000,-0.0000,-0.0000,0.0000,-0.0000,0.0000
94.596,-0.0000,0.0000,-0.0000,-0.0000,0.0000,-0.0000,0.0000
94.608,-0.0000,0.0000,-0.0000,-0.0000,0.0000,-0.0000,0.0000
94.620,-0.0000,0.0000,-0.0000,-0.0000,0.0000,-0.0000,0.0000
94.632,-0.0000,0.0000,-0.0000,-0.0000,0.0000,-0.0000,0.0000
94.644,-0.0000,0.0000,-0.0000,-0.0000,0.0000,-0.0000,0.0000
94.656,-0.0000,0.0000,-0.0000,-0.0000,0.0000,-0.0000,0.0000
94.668,-0.0000,0.0000,-0.0000,-0.0000,0.0000,-0.0000,0.0000
94.680,-0.0000,0.0000,-0.0000,-0.0000,0.0000,-0.0000,0.0000
94.692,-0.0000,0.0000,-0.0000,-0.0000,0.0000,-0.0000,0.0000
94.704,-0.0000,0.0000,-0.0000,-0.0000,0.0000,-0.0000,0.0000
94.716,-0.0000,0.0000,-0.0000,-0.0000,0.0000,-0.0000,0.0000
94.728,-0.0000,0.0000,-0.0000,-0.0000,0.0000,-0.0000,0.0000
94.740,-0.0000,0.0000,-0.0000,-0.0000,0.0000,-0.0000,0.0000
94.752,-0.0000,0.0000,-0.0000,-0.0000,0.0000,-0.0000,0.0000
94.764,-0.0000,0.0000,-0.0000,-0.0000,0.0000,-0.0000,0.0000
94.776,-0.0000,0.0000,-0.0000,-0.0000,0.0000,-0.0000,0.0000
94.788,-0.0000,0.0000,-0.0000,-0.0000,0.0000,-0.0000,0.0000
94.800,-0.0000,0.0000,-0.0000,-0.0000,0.0000,-0.0000,0.0000
94.812,-0.0000,0.0000,-0.0000,-0.0000,0.0000,-0.0000,0.0000
94.824,-0.0000,0.0000,-0.0000,-0.0000,0.0000,-0.0000,0.0000
94.836,-0.0000,0.0000,-0.0000,-0.0000,0.0000,-0.0000,0.0000
94.848,-0.0000,0.0000,-0.0000,-0.0000,0.0000,-0.0000,0.0000
94.860,-0.0000,0.0000,-0.0000,-0.0000,0.0000,-0.0000,0.0000
94.872,-0.0000,0.0000,-0.0000,-0.0000,0.0000,-0.0000,0.0000
94.884,-0.0000,0.0000,-0.0000,-0.0000,0.0000,-0.0000,0.0000
94.896,-0.0000,0.0000,-0.0000,-0.0000,0.0000,-0.0000,0.0000
94.908,-0.0000,0.0000,-0.0000,-0.0000,0.0000,-0.0000,0.0000
94.920,-0.0000,0.0000,-0.0000,-0.0000,0.0000,-0.0000,0.0000
94.932,-0.0000,0.0000,-0.0000,-0.0000,0.0000,-0.0000,0.0000
94.944,-0.0000,0.0000,-0.0000,-0.0000,0.0000,-0.0000,0.0000
94.956,-0.0000,0.0000,-0.0000,-0.0000,0.0000,-0.0000,0.0000
94.968,-0.0000,0.0000,-0.0000,-0.0000,0.0000,-0.0000,0.0000
94.980,-0.0000,0.0000,-0.0000,-0.0000,0.0000,-0.0000,0.0000
94.992,-0.0000,0.0000,-0.0000,-0.0000,0.0000,-0.0000,0.0000
95.004,-0.0000,0.0000,-0.0000,-0.0000,0.0000,-0.0000,0.0000
95.016,-0.0000,0.0000,-0.0000,-0.0000,0.0000,-0.0000,0.0000
95.028,-0.0000,0.0000,-0.0000,-0.0000,0.0000,-0.0000,0.0000
95.040,-0.0000,0.0000,-0.0000,-0.0000,0.0000,-0.0000,0.0000
95.052,-0.0000,0.0000,-0.0000,-0.0000,0.0000,-0.0000,0.0000
95.064,-0.0000,0.0000,-0.0000,-0.0000,0.0000,-0.0000,0.0000
95.076,-0.0000,0.0000,-0.0000,-0.0000,0.0000,-0.0000,0.0000
95.088,-0.0000,0.0000,-0.0000,-0.0000,0.0000,-0.0000,0.0000
95.100,-0.0000,0.0000,-0.0000,-0.0000,0.0000,-0.0000,0.0000
95.112,-0.0000,0.0000,-0.0000,-0.0000,0.0000,-0.0000,0.0000
95.124,-0.0000,0.0000,-0.0000,-0.0000,0.0000,-0.0000,0.0000
95.136,-0.0000,0.0000,-0.0000,-0.0000,0.0000,-0.0000,0.0000
95.148,-0.0000,0.0000,-0.0000,-0.0000,0.0000,-0.0000,0.0000
95.160,-0.0000,0.0000,-0.0000,-0.0000,0.0000,-0.0000,0.0000
95.172,-0.0000,0.0000,-0.0000,-0.0000,0.0000,-0.0000,0.0000
95.184,-0.0000,0.0000,-0.0000,-0.0000,0.0000,-0.0000,0.0000
95.196,-0.0000,0.0000,-0.0000,-0.0000,0.0000,-0.0000,0.0000
95.208,-0.0000,0.0000,-0.0000,-0.0000,0.0000,-0.0000,0.0000
95.220,-0.0000,0.0000,-0.0000,-0.0000,0.0000,-0.0000,0.0000
95.232,-0.0000,0.0000,-0.0000,-0.0000,0.0000,-0.0000,0.0000
95.244,-0.0000,0.0000,-0.0000,-0.0000,0.0000,-0.0000,0.0000
95.256,-0.0000,0.0000,-0.0000,-0.0000,0.0000,-0.0000,0.0000
95.268,-0.0000,0.0000,-0.0000,-0.0000,0.0000,-0.0000,0.0000
95.280,-0.0000,0.0000,-0.0000,-0.0000,0.0000,-0.0000,0.0000
95.292,-0.0000,0.0000,-0.0000,-0.0000,0.0000,-0.0000,0.0000
95.304,-0.0000,0.0000,-0.0000,-0.0000,0.0000,-0.0000,0.0000
95.316,-0.0000,0.0000,-0.0000,-0.0000,0.0000,-0.0000,0.0000
95.328,-0.0000,0.0000,-0.0000,-0.0000,0.0000,-0.0000,0.0000
95.340,-0.0000,0.0000,-0.0000,-0.0000,0.0000,-0.0000,0.0000
95.352,-0.0000,0.0000,-0.0000,-0.0000,0.0000,-0.0000,0.0000
95.364,-0.0000,0.0000,-0.0000,-0.0000,0.0000,-0.0000,0.0000
95.376,-0.0000,0.0000,-0.0000,-0.0000,0.0000,-0.0000,0.0000
95.388,-0.0000,0.0000,-0.0000,-0.0000,0.0000,-0.0000,0.0000
95.400,-0.0000,0.0000,-0.0000,-0.0000,0.0000,-0.0000,0.0000
95.412,-0.0000,0.0000,-0.0000,-0.0000,0.0000,-0.0000,0.0000
95.424,-0.0000,0.0000,-0.0000,-0.0000,0.0000,-0.0000,0.0000
95.436,-0.0000,0.0000,-0.0000,-0.0000,0.0000,-0.0000,0.0000
95.448,-0.0000,0.0000,-0.0000,-0.0000,0.0000,-0.0000,0.0000
95.460,-0.0000,0.0000,-0.0000,-0.0000,0.0000,-0.0000,0.0000
95.472,-0.0000,0.0000,-0.0000,-0.0000,0.0000,-0.0000,0.0000
95.484,-0.0000,0.0000,-0.0000,-0.0000,0.0000,-0.0000,0.0000
95.496,-0.0000,0.0000,-0.0000,-0.0000,0.0000,-0.0000,0.0000
95.508,-0.0000,0.0000,-0.0000,-0.0000,0.0000,-0.0000,0.0000
95.520,-0.0000,0.0000,-0.0000,-0.0000,0.0000,-0.0000,0.0000
95.532,-0.0000,0.0000,-0.0000,-0.0000,0.0000,-0.0000,0.0000
95.544,-0.0000,0.0000,-0.0000,-0.0000,0.0000,-0.0000,0.0000
95.556,-0.0000,0.0000,-0.0000,-0.0000,0.0000,-0.0000,0.0000
95.568,-0.0000,0.0000,-0.0000,-0.0000,0.0000,-0.0000,0.0000
95.580,-0.0000,0.0000,-0.0000,-0.0000,0.0000,-0.0000,0.0000
95.592,-0.0000,0.0000,-0.0000,-0.0000,0.0000,-0.0000,0.0000
95.604,-0.0000,0.0000,0.0000,-0.0000,0.0000,-0.0000,0.0000
95.616,-0.0000,0.0000,0.0000,-0.0000,0.0000,-0.0000,0.0000
95.628,-0.0000,0.0000,0.0000,-0.0000,0.0000,-0.0000,0.0000
95.640,-0.0000,0.0000,0.0000,-0.0000,0.0000,-0.0000,0.0000
95.652,-0.0000,0.0000,0.0000,-0.0000,0.0000,-0.0000,0.0000
95.664,-0.0000,0.0000,0.0000,-0.0000,0.0000,-0.0000,0.0000
95.676,-0.0000,0.0000,0.0000,-0.0000,0.0000,-0.0000,0.0000
95.688,-0.0000,0.0000,0.0000,-0.0000,0.0000,-0.0000,0.0000
95.700,-0.0000,0.0000,0.0000,-0.0000,0.0000,-0.0000,0.0000
95.712,-0.0000,0.0000,0.0000,-0.0000,0.0000,-0.0000,0.0000
95.724,-0.0000,0.0000,0.0000,-0.0000,0.0000,-0.0000,0.0000
95.736,-0.0000,0.0000,0.0000,-0.0000,0.0000,-0.0000,0.0000
95.748,-0.0000,0.0000,0.0000,-0.0000,0.0000,-0.0000,0.0000
95.760,-0.0000,0.0000,0.0000,-0.0000,0.0000,-0.0000,0.0000
95.772,-0.0000,0.0000,0.0000,-0.0000,0.0000,-0.0000,0.0000
95.784,-0.0000,0.0000,0.0000,-0.0000,0.0000,-0.0000,0.0000
95.796,-0.0000,0.0000,0.0000,-0.0000,0.0000,-0.0000,0.0000
95.808,-0.0000,0.0000,0.0000,-0.0000,0.0000,-0.0000,0.0000
95.820,-0.0000,0.0000,0.0000,-0.0000,0.0000,-0.0000,0.0000
95.832,-0.0000,0.0000,0.0000,-0.0000,0.0000,-0.0000,0.0000
95.844,-0.0000,0.0000,0.0000,-0.0000,0.0000,-0.0000,0.0000
95.856,-0.0000,0.0000,0.0000,-0.0000,0.0000,-0.0000,0.0000
95.868,-0.0000,0.0000,0.0000,-0.0000,0.0000,-0.0000,0.0000
95.880,-0.0000,0.0000,0.0000,-0.0000,0.0000,-0.0000,0.0000
95.892,-0.0000,0.0000,0.0000,-0.0000,0.0000,-0.0000,0.0000
95.904,-0.0000,0.0000,0.0000,-0.0000,0.0000,-0.0000,0.0000
95.916,-0.0000,0.0000,0.0000,-0.0000,0.0000,-0.0000,0.0000
95.928,-0.0000,0.0000,0.0000,-0.0000,0.0000,-0.0000,0.0000
95.940,-0.0000,0.0000,0.0000,-0.0000,0.0000,-0.0000,0.0000
95.952,-0.0000,0.0000,0.0000,-0.0000,0.0000,-0.0000,0.0000
95.964,-0.0000,0.0000,0.0000,-0.0000,0.0000,-0.0000,0.0000
95.976,-0.0000,0.0000,0.0000,-0.0000,0.0000,-0.0000,0.0000
95.988,-0.0000,0.0000,0.0000,-0.0000,0.0000,-0.0000,0.0000
96.000,-0.0000,0.0000,0.0000,-0.0000,0.0000,-0.0000,0.0000
96.012,-0.0000,0.0000,0.0000,-0.0000,0.0000,-0.0000,0.0000
96.024,-0.0000,0.0000,0.0000,-0.0000,0.0000,-0.0000,0.0000
96.036,-0.0000,0.0000,0.0000,-0.0000,0.0000,-0.0000,0.0000
96.048,-0.0000,0.0000,0.0000,-0.0000,0.0000,-0.0000,0.0000
96.060,-0.0000,0.0000,0.0000,-0.0000,0.0000,-0.0000,0.0000
96.072,-0.0000,0.0000,0.0000,-0.0000,0.0000,-0.0000,0.0000
96.084,-0.0000,0.0000,0.0000,-0.0000,0.0000,-0.0000,0.0000
96.096,-0.0000,0.0000,0.0000,-0.0000,0.0000,-0.0000,0.0000
96.108,-0.0000,0.0000,0.0000,-0.0000,0.0000,-0.0000,0.0000
96.120,-0.0000,0.0000,0.0000,-0.0000,0.0000,-0.0000,0.0000
96.132,-0.0000,0.0000,0.0000,-0.0000,0.0000,-0.0000,0.0000
96.144,-0.0000,0.0000,0.0000,-0.0000,0.0000,-0.0000,0.0000
96.156,-0.0000,0.0000,0.0000,-0.0000,0.0000,-0.0000,0.0000
96.168,-0.0000,0.0000,0.0000,-0.0000,0.0000,-0.0000,0.0000
96.180,-0.0000,0.0000,0.0000,-0.0000,0.0000,-0.0000,0.0000
96.192,-0.0000,0.0000,0.0000,-0.0000,0.0000,-0.0000,0.0000
96.204,-0.0000,0.0000,0.0000,-0.0000,0.0000,-0.0000,0.0000
96.216,-0.0000,0.0000,0.0000,-0.0000,0.0000,-0.0000,0.0000
96.228,-0.0000,0.0000,0.0000,-0.0000,0.0000,-0.0000,0.0000
96.240,-0.0000,0.0000,0.0000,-0.0000,0.0000,-0.0000,0.0000
96.252,-0.0000,0.0000,0.0000,-0.0000,0.0000,-0.0000,0.0000
96.264,-0.0000,0.0000,0.0000,-0.0000,0.0000,-0.0000,0.0000
96.276,-0.0000,0.0000,0.0000,-0.0000,0.0000,-0.0000,0.0000
96.288,-0.0000,0.0000,0.0000,-0.0000,0.0000,-0.0000,0.0000
96.300,-0.0000,0.0000,0.0000,-0.0000,0.0000,-0.0000,0.0000
96.312,-0.0000,0.0000,0.0000,-0.0000,0.0000,-0.0000,0.0000
96.324,-0.0000,0.0000,0.0000,-0.0000,0.0000,-0.0000,0.0000
96.336,-0.0000,0.0000,0.0000,-0.0000,0.0000,-0.0000,0.0000
96.348,-0.0000,0.0000,0.0000,-0.0000,0.0000,-0.0000,0.0000
96.360,-0.0000,0.0000,0.0000,-0.0000,0.0000,-0.0000,0.0000
96.372,-0.0000,0.0000,0.0000,-0.0000,0.0000,-0.0000,0.0000
96.384,-0.0000,0.0000,0.0000,-0.0000,0.0000,-0.0000,0.0000
96.396,-0.0000,0.0000,0.0000,-0.0000,0.0000,-0.0000,0.0000
96.408,-0.0000,0.0000,0.0000,-0.0000,0.0000,-0.0000,0.0000
96.420,-0.0000,0.0000,0.0000,-0.0000,0.0000,-0.0000,0.0000
96.432,-0.0000,0.0000,0.0000,-0.0000,0.0000,-0.0000,0.0000
96.444,-0.0000,0.0000,0.0000,-0.0000,0.0000,-0.0000,0.0000
96.456,-0.0000,0.0000,0.0000,-0.0000,0.0000,-0.0000,0.0000
96.468,-0.0000,0.0000,0.0000,-0.0000,0.0000,-0.0000,0.0000
96.480,-0.0000,0.0000,0.0000,-0.0000,0.0000,-0.0000,0.0000
96.492,-0.0000,0.0000,0.0000,-0.0000,0.0000,-0.0000,0.0000
96.504,-0.0000,0.0000,0.0000,-0.0000,0.0000,-0.0000,0.0000
96.516,-0.0000,0.0000,0.0000,-0.0000,0.0000,-0.0000,0.0000
96.528,-0.0000,0.0000,0.0000,-0.0000,0.0000,-0.0000,0.0000
96.540,-0.0000,0.0000,0.0000,-0.0000,0.0000,-0.0000,0.0000
96.552,-0.0000,0.0000,0.0000,-0.0000,0.0000,-0.0000,0.0000
96.564,-0.0000,0.0000,0.0000,-0.0000,0.0000,-0.0000,0.0000
96.576,-0.0000,0.0000,0.0000,-0.0000,0.0000,-0.0000,0.0000
96.588,-0.0000,0.0000,0.0000,-0.0000,0.0000,-0.0000,0.0000
96.600,-0.0000,0.0000,0.0000,-0.0000,0.0000,-0.0000,0.0000
96.612,-0.0000,0.0000,0.0000,-0.0000,0.0000,-0.0000,0.0000
96.624,-0.0000,0.0000,0.0000,-0.0000,0.0000,-0.0000,0.0000
96.636,-0.0000,0.0000,0.0000,-0.0000,0.0000,-0.0000,0.0000
96.648,-0.0000,0.0000,0.0000,-0.0000,0.0000,-0.0000,0.0000
96.660,-0.0000,0.0000,0.0000,-0.0000,0.0000,-0.0000,0.0000
96.672,-0.0000,0.0000,0.0000,-0.0000,0.0000,-0.0000,0.0000
96.684,-0.0000,0.0000,0.0000,-0.0000,0.0000,-0.0000,0.0000
96.696,-0.0000,0.0000,0.0000,-0.0000,0.0000,-0.0000,0.0000
96.708,-0.0000,0.0000,0.0000,-0.0000,0.0000,-0.0000,0.0000
96.720,-0.0000,0.0000,0.0000,-0.0000,0.0000,-0.0000,0.0000
96.732,-0.0000,0.0000,0.0000,-0.0000,0.0000,-0.0000,0.0000
96.744,-0.0000,0.0000,0.0000,-0.0000,0.0000,-0.0000,0.0000
96.756,-0.0000,0.0000,0.0000,-0.0000,0.0000,-0.0000,0.0000
96.768,-0.0000,0.0000,0.0000,-0.0000,0.0000,-0.0000,0.0000
96.780,-0.0000,0.0000,0.0000,-0.0000,0.0000,-0.0000,0.0000
96.792,-0.0000,0.0000,0.0000,-0.0000,0.0000,-0.0000,0.0000
96.804,-0.0000,0.0000,0.0000,-0.0000,0.0000,-0.0000,0.0000
96.816,-0.0000,0.0000,0.0000,-0.0000,0.0000,-0.0000,0.0000
96.828,-0.0000,0.0000,0.0000,-0.0000,0.0000,-0.0000,0.0000
96.840,-0.0000,0.0000,0.0000,-0.0000,0.0000,-0.0000,0.0000
96.852,-0.0000,0.0000,0.0000,-0.0000,0.0000,-0.0000,0.0000
96.864,-0.0000,0.0000,0.0000,-0.0000,0.0000,-0.0000,0.0000
96.876,-0.0000,0.0000,0.0000,-0.0000,0.0000,-0.0000,0.0000
96.888,-0.0000,0.0000,0.0000,-0.0000,0.0000,-0.0000,0.0000
96.900,-0.0000,0.0000,0.0000,-0.0000,0.0000,-0.0000,0.0000
96.912,-0.0000,0.0000,0.0000,-0.0000,0.0000,-0.0000,0.0000
96.924,-0.0000,0.0000,0.0000,-0.0000,0.0000,-0.0000,0.0000
96.936,-0.0000,0.0000,0.0000,-0.0000,0.0000,-0.0000,0.0000
96.948,-0.0000,0.0000,0.0000,-0.0000,0.0000,-0.0000,0.0000
96.960,-0.0000,0.0000,0.0000,-0.0000,0.0000,-0.0000,0.0000
96.972,-0.0000,0.0000,0.0000,-0.0000,0.0000,-0.0000,0.0000
96.984,-0.0000,0.0000,0.0000,-0.0000,0.0000,-0.0000,0.0000
96.996,-0.0000,0.0000,0.0000,-0.0000,0.0000,-0.0000,0.0000
97.008,-0.0000,0.0000,0.0000,-0.0000,0.0000,-0.0000,0.0000
97.020,-0.0000,0.0000,0.0000,-0.0000,0.0000,-0.0000,0.0000
97.032,-0.0000,0.0002,-0.0002,-0.0000,0.0008,-0.0000,0.0000
97.044,-0.0000,0.0006,-0.0006,-0.0000,0.0024,-0.0000,0.0000
97.056,-0.0000,0.0011,-0.0012,-0.0000,0.0047,-0.0000,0.0000
97.068,-0.0000,0.0017,-0.0019,-0.0000,0.0075,-0.0000,0.0000
97.080,-0.0000,0.0025,-0.0027,-0.0000,0.0108,-0.0000,0.0000
97.092,-0.0000,0.0033,-0.0037,-0.0000,0.0145,-0.0000,0.0000
97.104,-0.0000,0.0043,-0.0047,-0.0000,0.0187,-0.0000,0.0000
97.116,-0.0000,0.0053,-0.0058,-0.0000,0.0231,-0.0000,0.0000
97.128,-0.0000,0.0064,-0.0070,-0.0000,0.0279,-0.0000,0.0000
97.140,-0.0000,0.0076,-0.0083,-0.0000,0.0330,-0.0000,0.0000
97.152,-0.0000,0.0088,-0.0096,-0.0000,0.0383,-0.0000,-0.0000
97.164,-0.0000,0.0101,-0.0110,-0.0000,0.0438,-0.0000,-0.0000
97.176,-0.0000,0.0114,-0.0124,-0.0000,0.0494,-0.0000,-0.0000
97.188,-0.0000,0.0127,-0.0139,-0.0000,0.0553,-0.0000,-0.0000
97.200,-0.0000,0.0141,-0.0154,-0.0000,0.0613,-0.0000,-0.0000
97.212,-0.0000,0.0155,-0.0169,-0.0000,0.0674,-0.0000,-0.0000
97.224,-0.0000,0.0169,-0.0185,-0.0000,0.0736,-0.0000,-0.0000
97.236,-0.0000,0.0184,-0.0201,-0.0000,0.0799,-0.0000,-0.0000
97.248,-0.0000,0.0198,-0.0217,-0.0000,0.0863,-0.0000,-0.0000
97.260,-0.0000,0.0213,-0.0233,-0.0000,0.0927,-0.0000,-0.0000
97.272,-0.0000,0.0228,-0.0250,-0.0000,0.0993,-0.0000,-0.0000
97.284,-0.0000,0.0243,-0.0266,-0.0000,0.1058,-0.0000,-0.0000
97.296,-0.0000,0.0259,-0.0283,-0.0000,0.1125,-0.0000,-0.0000
97.308,-0.0000,0.0274,-0.0300,-0.0000,0.1192,-0.0000,-0.0000
97.320,-0.0000,0.0290,-0.0316,-0.0000,0.1259,-0.0000,-0.0000
97.332,-0.0000,0.0305,-0.0333,-0.0000,0.1326,-0.0000,-0.0000
97.344,-0.0000,0.0321,-0.0351,-0.0000,0.1394,-0.0000,-0.0000
97.356,-0.0000,0.0336,-0.0368,-0.0000,0.1462,-0.0000,-0.0000
97.368,-0.0000,0.0352,-0.0385,-0.0000,0.1531,-0.0000,-0.0000
97.380,-0.0000,0.0368,-0.0402,-0.0000,0.1599,-0.0000,-0.0000
97.392,-0.0000,0.0384,-0.0419,-0.0000,0.1668,-0.0000,-0.0000
97.404,-0.0000,0.0400,-0.0437,-0.0000,0.1737,-0.0000,-0.0000
97.416,-0.0000,0.0415,-0.0454,-0.0000,0.1806,-0.0000,-0.0000
97.428,-0.0000,0.0431,-0.0471,-0.0000,0.1875,-0.0000,-0.0000
97.440,-0.0000,0.0447,-0.0489,-0.0000,0.1944,-0.0000,-0.0000
97.452,-0.0000,0.0463,-0.0506,-0.0000,0.2013,-0.0000,-0.0000
97.464,-0.0000,0.0479,-0.0524,-0.0000,0.2083,-0.0000,-0.0000
97.476,-0.0000,0.0495,-0.0541,-0.0000,0.2152,-0.0000,-0.0000
97.488,-0.0000,0.0511,-0.0559,-0.0000,0.2222,-0.0000,-0.0000
97.500,-0.0000,0.0527,-0.0576,-0.0000,0.2292,-0.0000,-0.0000
97.512,-0.0000,0.0543,-0.0594,-0.0000,0.2361,-0.0000,-0.0000
97.524,-0.0000,0.0559,-0.0611,-0.0000,0.2431,-0.0000,-0.0000
97.536,-0.0000,0.0575,-0.0629,-0.0000,0.2501,-0.0000,-0.0000
97.548,-0.0000,0.0591,-0.0646,-0.0000,0.2571,-0.0000,-0.0000
97.560,-0.0000,0.0607,-0.0664,-0.0000,0.2640,-0.0000,-0.0000
97.572,-0.0000,0.0623,-0.0681,-0.0000,0.2710,-0.0000,-0.0000
97.584,-0.0000,0.0640,-0.0699,-0.0000,0.2780,-0.0000,-0.0000
97.596,-0.0000,0.0656,-0.0717,-0.0000,0.2850,-0.0000,-0.0000
97.608,-0.0000,0.0672,-0.0734,-0.0000,0.2920,-0.0000,-0.0000
97.620,-0.0000,0.0688,-0.0752,-0.0000,0.2990,-0.0000,-0.0000
97.632,-0.0000,0.0704,-0.0769,-0.0000,0.3060,-0.0000,-0.0000
97.644,-0.0000,0.0720,-0.0787,-0.0000,0.3130,-0.0000,-0.0000
97.656,-0.0000,0.0736,-0.0805,-0.0000,0.3200,-0.0000,-0.0000
97.668,-0.0000,0.0752,-0.0822,-0.0000,0.3270,-0.0000,-0.0000
97.680,-0.0000,0.0768,-0.0840,-0.0000,0.3340,-0.0000,-0.0000
97.692,-0.0000,0.0784,-0.0857,-0.0000,0.3410,-0.0000,-0.0000
97.704,-0.0000,0.0801,-0.0875,-0.0000,0.3480,-0.0000,-0.0000
97.716,-0.0000,0.0817,-0.0893,-0.0000,0.3550,-0.0000,-0.0000
97.728,-0.0000,0.0833,-0.0910,-0.0000,0.3620,-0.0000,-0.0000
97.740,-0.0000,0.0849,-0.0928,-0.0000,0.3690,-0.0000,-0.0000
97.752,-0.0000,0.0865,-0.0945,-0.0000,0.3760,-0.0000,-0.0000
97.764,-0.0000,0.0881,-0.0963,-0.0000,0.3830,-0.0000,-0.0000
97.776,-0.0000,0.0897,-0.0981,-0.0000,0.3900,-0.0000,-0.0000
97.788,-0.0000,0.0913,-0.0998,-0.0000,0.3970,-0.0000,-0.0000
97.800,-0.0000,0.0929,-0.1016,-0.0000,0.4040,-0.0000,-0.0000
97.812,-0.0000,0.0946,-0.1033,-0.0000,0.4110,-0.0000,-0.0000
97.824,-0.0000,0.0962,-0.1051,-0.0000,0.4180,-0.0000,-0.0000
97.836,-0.0000,0.0978,-0.1069,-0.0000,0.4250,-0.0000,-0.0000
97.848,-0.0000,0.0994,-0.1086,-0.0000,0.4320,-0.0000,-0.0000
97.860,-0.0000,0.1010,-0.1104,-0.0000,0.4390,-0.0000,-0.0000
97.872,-0.0000,0.1026,-0.1121,-0.0000,0.4460,-0.0000,-0.0000
97.884,-0.0000,0.1042,-0.1139,-0.0000,0.4530,-0.0000,-0.0000
97.896,-0.0000,0.1058,-0.1157,-0.0000,0.4600,-0.0000,-0.0000
97.908,-0.0000,0.1074,-0.1174,-0.0000,0.4671,-0.0000,-0.0000
97.920,0.0000,0.1091,-0.1192,-0.0000,0.4741,-0.0000,-0.0000
97.932,0.0000,0.1107,-0.1209,-0.0000,0.4811,-0.0000,-0.0000
97.944,0.0000,0.1123,-0.1227,-0.0000,0.4881,-0.0000,-0.0000
97.956,0.0000,0.1139,-0.1245,-0.0000,0.4951,-0.0000,-0.0000
97.968,0.0000,0.1155,-0.1262,-0.0000,0.5021,-0.0000,-0.0000
97.980,0.0000,0.1171,-0.1280,-0.0000,0.5091,-0.0000,-0.0000
97.992,0.0000,0.1187,-0.1298,-0.0000,0.5161,-0.0000,-0.0000
98.004,0.0000,0.1203,-0.1315,-0.0000,0.5231,-0.0000,-0.0000
98.016,0.0000,0.1219,-0.1333,-0.0000,0.5301,-0.0000,-0.0000
98.028,0.0000,0.1236,-0.1350,-0.0000,0.5371,-0.0000,-0.0000
98.040,0.0000,0.1252,-0.1368,-0.0000,0.5441,-0.0000,-0.0000
98.052,0.0000,0.1268,-0.1386,-0.0000,0.5511,-0.0000,-0.0000
98.064,0.0000,0.1284,-0.1403,-0.0000,0.5581,-0.0000,-0.0000
98.076,0.0000,0.1300,-0.1421,-0.0000,0.5651,-0.0000,-0.0000
98.088,0.0000,0.1316,-0.1438,-0.0000,0.5721,-0.0000,-0.0000
98.100,0.0000,0.1332,-0.1456,-0.0000,0.5791,-0.0000,-0.0000
98.112,0.0000,0.1348,-0.1474,-0.0000,0.5861,-0.0000,-0.0000
98.124,0.0000,0.1365,-0.1491,-0.0000,0.5932,-0.0000,-0.0000
98.136,0.0000,0.1381,-0.1509,-0.0000,0.6002,-0.0000,-0.0000
98.148,0.0000,0.1397,-0.1527,-0.0000,0.6072,-0.0000,-0.0000
98.160,0.0000,0.1413,-0.1544,-0.0000,0.6142,-0.0000,-0.0000
98.172,0.0000,0.1429,-0.1562,-0.0000,0.6212,-0.0000,-0.0000
98.184,0.0000,0.1445,-0.1579,-0.0000,0.6282,-0.0000,-0.0000
98.196,0.0000,0.1461,-0.1597,-0.0000,0.6352,-0.0000,-0.0000
98.208,0.0000,0.1477,-0.1615,-0.0000,0.6422,-0.0000,-0.0000
98.220,0.0000,0.1493,-0.1632,-0.0000,0.6492,-0.0000,-0.0000
98.232,0.0000,0.1510,-0.1650,-0.0000,0.6562,-0.0000,-0.0000
98.244,0.0000,0.1526,-0.1667,-0.0000,0.6632,-0.0000,-0.0000
98.256,0.0000,0.1542,-0.1685,-0.0000,0.6702,-0.0000,-0.0000
98.268,0.0000,0.1558,-0.1703,-0.0000,0.6772,-0.0000,-0.0000
98.280,0.0000,0.1574,-0.1720,-0.0000,0.6842,-0.0000,-0.0000
98.292,0.0000,0.1590,-0.1738,-0.0000,0.6912,-0.0000,-0.0000
98.304,0.0000,0.1606,-0.1756,-0.0000,0.6982,-0.0000,-0.0000
98.316,0.0000,0.1622,-0.1773,-0.0000,0.7052,-0.0000,-0.0000
98.328,0.0000,0.1638,-0.1791,-0.0000,0.7123,-0.0000,-0.0000
98.340,0.0000,0.1655,-0.1808,-0.0000,0.7193,-0.0000,-0.0000
98.352,0.0000,0.1671,-0.1826,-0.0000,0.7263,-0.0000,-0.0000
98.364,0.0000,0.1687,-0.1844,-0.0000,0.7333,-0.0000,-0.0000
98.376,0.0000,0.1703,-0.1861,-0.0000,0.7403,-0.0000,-0.0000
98.388,0.0000,0.1719,-0.1879,-0.0000,0.7473,-0.0000,-0.0000
98.400,0.0000,0.1735,-0.1896,-0.0000,0.7543,-0.0000,-0.0000
98.412,0.0000,0.1751,-0.1914,-0.0000,0.7613,-0.0000,-0.0000
98.424,0.0000,0.1767,-0.1932,-0.0000,0.7683,-0.0000,-0.0000
98.436,0.0000,0.1784,-0.1949,-0.0000,0.7753,-0.0000,-0.0000
98.448,0.0000,0.1800,-0.1967,-0.0000,0.7823,-0.0000,-0.0000
98.460,0.0000,0.1816,-0.1984,-0.0000,0.7893,-0.0000,-0.0000
98.472,0.0000,0.1832,-0.2002,-0.0000,0.7963,-0.0000,-0.0000
98.484,0.0000,0.1848,-0.2020,-0.0000,0.8033,-0.0000,-0.0000
98.496,0.0000,0.1864,-0.2037,-0.0000,0.8103,-0.0000,-0.0000
98.508,0.0000,0.1880,-0.2055,-0.0000,0.8173,-0.0000,-0.0000
98.520,0.0000,0.1896,-0.2073,-0.0000,0.8243,-0.0000,-0.0000
98.532,0.0000,0.1912,-0.2090,-0.0000,0.8313,-0.0000,-0.0000
98.544,0.0000,0.1929,-0.2108,-0.0000,0.8384,-0.0000,-0.0000
98.556,0.0000,0.1945,-0.2125,-0.0000,0.8454,-0.0000,-0.0000
98.568,0.0000,0.1961,-0.2143,-0.0000,0.8524,-0.0000,-0.0000
98.580,0.0000,0.1977,-0.2161,-0.0000,0.8594,-0.0000,-0.0000
98.592,0.0000,0.1993,-0.2178,-0.0000,0.8664,-0.0000,-0.0000
98.604,0.0000,0.2009,-0.2196,-0.0000,0.8734,-0.0000,-0.0000
98.616,0.0000,0.2025,-0.2213,-0.0000,0.8804,-0.0000,-0.0000
98.628,0.0000,0.2041,-0.2231,-0.0000,0.8874,-0.0000,-0.0000
98.640,0.0000,0.2058,-0.2249,-0.0000,0.8944,-0.0000,-0.0000
98.652,0.0000,0.2074,-0.2266,-0.0000,0.9014,-0.0000,-0.0000
98.664,0.0000,0.2090,-0.2284,-0.0000,0.9084,-0.0000,-0.0000
98.676,0.0000,0.2106,-0.2302,-0.0000,0.9154,-0.0000,-0.0000
98.688,0.0000,0.2122,-0.2319,-0.0000,0.9224,-0.0000,-0.0000
98.700,0.0000,0.2138,-0.2337,-0.0000,0.9294,-0.0000,-0.0000
98.712,0.0000,0.2154,-0.2354,-0.0000,0.9364,-0.0000,-0.0000
98.724,0.0000,0.2170,-0.2372,-0.0000,0.9434,-0.0000,-0.0000
98.736,0.0000,0.2186,-0.2390,-0.0000,0.9504,-0.0000,-0.0000
98.748,0.0000,0.2203,-0.2407,-0.0000,0.9575,-0.0000,-0.0000
98.760,0.0000,0.2219,-0.2425,-0.0000,0.9645,-0.0000,-0.0000
98.772,0.0000,0.2235,-0.2442,-0.0000,0.9715,-0.0000,-0.0000
98.784,0.0000,0.2251,-0.2460,-0.0000,0.9785,-0.0000,-0.0000
98.796,0.0000,0.2267,-0.2478,-0.0000,0.9855,-0.0000,-0.0000
98.808,0.0000,0.2283,-0.2495,-0.0000,0.9925,-0.0000,-0.0000
98.820,0.0000,0.2299,-0.2513,-0.0000,0.9995,-0.0000,-0.0000
98.832,0.0000,0.2315,-0.2531,-0.0000,1.0065,-0.0000,-0.0000
98.844,0.0000,0.2332,-0.2548,-0.0000,1.0135,-0.0000,-0.0000
98.856,0.0000,0.2348,-0.2566,-0.0000,1.0205,-0.0000,-0.0000
98.868,0.0000,0.2364,-0.2583,-0.0000,1.0275,-0.0000,-0.0000
98.880,0.0000,0.2380,-0.2601,-0.0000,1.0345,-0.0000,-0.0000
98.892,0.0000,0.2396,-0.2619,-0.0000,1.0415,-0.0000,-0.0000
98.904,0.0000,0.2412,-0.2636,-0.0000,1.0485,-0.0000,-0.0000
98.916,0.0000,0.2428,-0.2654,-0.0000,1.0555,-0.0000,-0.0000
98.928,0.0000,0.2444,-0.2671,-0.0000,1.0625,-0.0000,-0.0000
98.940,0.0000,0.2460,-0.2689,-0.0000,1.0695,-0.0000,-0.0000
98.952,0.0000,0.2477,-0.2707,-0.0000,1.0766,-0.0000,-0.0000
98.964,0.0000,0.2493,-0.2724,-0.0000,1.0836,-0.0000,-0.0000
98.976,0.0000,0.2509,-0.2742,-0.0000,1.0906,-0.0000,-0.0000
98.988,0.0000,0.2525,-0.2760,-0.0000,1.0976,-0.0000,-0.0000
99.000,0.0000,0.2541,-0.2777,-0.0000,1.1046,-0.0000,-0.0000
99.012,0.0000,0.2557,-0.2795,-0.0000,1.1116,-0.0000,-0.0000
99.024,0.0000,0.2573,-0.2812,-0.0000,1.1183,-0.0000,-0.0000
99.036,0.0000,0.2586,-0.2827,-0.0000,1.1242,-0.0000,-0.0000
99.048,0.0000,0.2598,-0.2840,-0.0000,1.1294,-0.0000,-0.0000
99.060,0.0000,0.2609,-0.2851,-0.0000,1.1340,-0.0000,-0.0000
99.072,0.0000,0.2618,-0.2861,-0.0000,1.1380,-0.0000,-0.0000
99.084,0.0000,0.2626,-0.2870,-0.0000,1.1416,-0.0000,-0.0000
99.096,0.0000,0.2633,-0.2878,-0.0000,1.1447,-0.0000,-0.0000
99.108,0.0000,0.2640,-0.2885,-0.0000,1.1475,-0.0000,-0.0000
99.120,0.0000,0.2645,-0.2891,-0.0000,1.1499,-0.0000,-0.0000
99.132,0.0000,0.2650,-0.2896,-0.0000,1.1520,-0.0000,-0.0000
99.144,0.0000,0.2654,-0.2901,-0.0000,1.1539,-0.0000,-0.0000
99.156,0.0000,0.2654,-0.2901,-0.0000,1.1539,-0.0000,-0.0000
99.168,0.0000,0.2660,-0.2901,-0.0000,1.1539,-0.0000,-0.0000
99.180,-0.0000,0.2670,-0.2901,-0.0000,1.1539,-0.0000,-0.0000
99.192,-0.0000,0.2684,-0.2901,-0.0000,1.1540,-0.0000,-0.0000
99.204,-0.0000,0.2701,-0.2901,-0.0000,1.1540,-0.0000,-0.0000
99.216,-0.0000,0.2722,-0.2902,-0.0000,1.1541,-0.0000,-0.0000
99.228,-0.0000,0.2746,-0.2902,-0.0000,1.1542,-0.0000,-0.0000
99.240,-0.0000,0.2772,-0.2902,-0.0000,1.1543,-0.0000,-0.0000
99.252,-0.0000,0.2800,-0.2902,-0.0000,1.1543,-0.0000,-0.0000
99.264,-0.0000,0.2830,-0.2902,-0.0000,1.1544,-0.0000,-0.0000
99.276,-0.0000,0.2861,-0.2903,-0.0000,1.1545,-0.0000,-0.0000
99.288,-0.0000,0.2895,-0.2903,-0.0000,1.1546,-0.0000,-0.0000
99.300,-0.0000,0.2929,-0.2903,-0.0000,1.1547,-0.0000,-0.0000
99.312,-0.0000,0.2965,-0.2904,-0.0000,1.1549,-0.0000,-0.0000
99.324,-0.0000,0.3001,-0.2904,-0.0000,1.1550,-0.0000,-0.0000
99.336,-0.0000,0.3039,-0.2904,-0.0000,1.1551,-0.0000,-0.0000
99.348,-0.0000,0.3077,-0.2904,-0.0000,1.1552,-0.0000,-0.0000
99.360,-0.0000,0.3116,-0.2905,-0.0000,1.1553,-0.0000,-0.0000
99.372,-0.0000,0.3156,-0.2905,-0.0000,1.1555,-0.0000,-0.0000
99.384,-0.0000,0.3196,-0.2905,-0.0000,1.1556,-0.0000,-0.0000
99.396,-0.0000,0.3236,-0.2906,-0.0000,1.1557,-0.0000,-0.0000
99.408,-0.0000,0.3277,-0.2906,-0.0000,1.1558,-0.0000,-0.0000
99.420,-0.0000,0.3318,-0.2906,-0.0000,1.1560,-0.0000,-0.0000
99.432,-0.0000,0.3360,-0.2907,-0.0000,1.1561,-0.0000,-0.0000
99.444,0.0000,0.3402,-0.2907,-0.0000,1.1562,-0.0000,-0.0000
99.456,0.0000,0.3444,-0.2907,-0.0000,1.1564,-0.0000,-0.0000
99.468,0.0000,0.3486,-0.2908,-0.0000,1.1565,-0.0000,-0.0000
99.480,0.0000,0.3529,-0.2908,-0.0000,1.1566,-0.0000,-0.0000
99.492,0.0000,0.3572,-0.2908,-0.0000,1.1568,-0.0000,-0.0000
99.504,0.0000,0.3615,-0.2909,-0.0000,1.1569,-0.0000,-0.0000
99.516,0.0000,0.3658,-0.2909,-0.0000,1.1570,-0.0000,-0.0000
99.528,0.0000,0.3701,-0.2909,-0.0000,1.1572,-0.0000,-0.0000
99.540,0.0000,0.3744,-0.2910,-0.0000,1.1573,-0.0000,-0.0000
99.552,0.0000,0.3787,-0.2910,-0.0000,1.1574,-0.0000,-0.0000
99.564,0.0000,0.3831,-0.2910,-0.0000,1.1576,-0.0000,-0.0000
99.576,0.0000,0.3874,-0.2911,-0.0000,1.1577,-0.0000,-0.0000
99.588,0.0000,0.3918,-0.2911,-0.0000,1.1578,-0.0000,-0.0000
99.600,0.0000,0.3961,-0.2911,-0.0000,1.1580,-0.0000,-0.0000
99.612,0.0000,0.4005,-0.2912,-0.0000,1.1581,-0.0000,-0.0000
99.624,0.0000,0.4048,-0.2912,-0.0000,1.1582,-0.0000,-0.0000
99.636,0.0000,0.4092,-0.2912,-0.0000,1.1584,-0.0000,-0.0000
99.648,0.0000,0.4136,-0.2913,-0.0000,1.1585,-0.0000,-0.0000
99.660,0.0000,0.4180,-0.2913,-0.0000,1.1587,-0.0000,-0.0000
99.672,0.0000,0.4223,-0.2913,-0.0000,1.1588,-0.0000,-0.0000
99.684,0.0000,0.4267,-0.2914,-0.0000,1.1589,-0.0000,-0.0000
99.696,0.0000,0.4311,-0.2914,-0.0000,1.1591,-0.0000,-0.0000
99.708,0.0000,0.4355,-0.2914,-0.0000,1.1592,-0.0000,-0.0000
99.720,0.0000,0.4399,-0.2915,-0.0000,1.1593,-0.0000,-0.0000
99.732,0.0000,0.4442,-0.2915,-0.0000,1.1595,-0.0000,-0.0000
99.744,0.0000,0.4486,-0.2916,-0.0000,1.1596,-0.0000,-0.0000
99.756,0.0000,0.4530,-0.2916,-0.0000,1.1598,-0.0000,-0.0000
99.768,0.0000,0.4574,-0.2916,-0.0000,1.1599,-0.0000,-0.0000
99.780,0.0000,0.4618,-0.2917,-0.0000,1.1600,-0.0000,-0.0000
99.792,0.0000,0.4662,-0.2917,-0.0000,1.1602,-0.0000,-0.0000
99.804,0.0000,0.4706,-0.2917,-0.0000,1.1603,-0.0000,-0.0000
99.816,0.0000,0.4750,-0.2918,-0.0000,1.1604,-0.0000,-0.0000
99.828,0.0000,0.4794,-0.2918,-0.0000,1.1606,-0.0000,-0.0000
99.840,0.0000,0.4837,-0.2918,-0.0000,1.1607,-0.0000,-0.0000
99.852,0.0000,0.4881,-0.2919,-0.0000,1.1608,-0.0000,-0.0000
99.864,0.0000,0.4925,-0.2919,-0.0000,1.1610,-0.0000,-0.0000
99.876,0.0000,0.4969,-0.2919,-0.0000,1.1611,-0.0000,-0.0000
99.888,0.0000,0.5013,-0.2920,-0.0000,1.1613,-0.0000,-0.0000
99.900,0.0000,0.5057,-0.2920,-0.0000,1.1614,-0.0000,-0.0000
99.912,0.0000,0.5101,-0.2920,-0.0000,1.1615,-0.0000,-0.0000
99.924,0.0000,0.5145,-0.2921,-0.0000,1.1617,-0.0000,-0.0000
99.936,0.0000,0.5189,-0.2921,-0.0000,1.1618,-0.0000,-0.0000
99.948,0.0000,0.5233,-0.2921,-0.0000,1.1619,-0.0000,-0.0000
99.960,0.0000,0.5277,-0.2922,-0.0000,1.1621,-0.0000,-0.0000
99.972,0.0000,0.5321,-0.2922,-0.0000,1.1622,-0.0000,-0.0000
99.984,0.0000,0.5365,-0.2922,-0.0000,1.1624,-0.0000,-0.0000
99.996,0.0000,0.5409,-0.2923,-0.0000,1.1625,-0.0000,-0.0000
100.008,0.0000,0.5453,-0.2923,-0.0000,1.1626,-0.0000,-0.0000
100.020,0.0000,0.5497,-0.2923,-0.0000,1.1628,-0.0000,-0.0000
100.032,0.0000,0.5540,-0.2924,-0.0000,1.1629,-0.0000,-0.0000
100.044,0.0000,0.5584,-0.2924,-0.0000,1.1630,-0.0000,-0.0000
100.056,0.0000,0.5628,-0.2924,-0.0000,1.1632,-0.0000,-0.0000
100.068,0.0000,0.5672,-0.2925,-0.0000,1.1633,-0.0000,-0.0000
100.080,0.0000,0.5716,-0.2925,-0.0000,1.1635,-0.0000,-0.0000
100.092,0.0000,0.5760,-0.2926,-0.0000,1.1636,-0.0000,-0.0000
100.104,0.0000,0.5804,-0.2926,-0.0000,1.1637,-0.0000,-0.0000
100.116,0.0000,0.5848,-0.2926,-0.0000,1.1639,-0.0000,-0.0000
100.128,0.0000,0.5892,-0.2927,-0.0000,1.1640,-0.0000,-0.0000
100.140,0.0000,0.5936,-0.2927,-0.0000,1.1641,-0.0000,-0.0000
100.152,0.0000,0.5980,-0.2927,-0.0000,1.1643,-0.0000,-0.0000
100.164,0.0000,0.6024,-0.2928,-0.0000,1.1644,-0.0000,-0.0000
100.176,0.0000,0.6068,-0.2928,-0.0000,1.1646,-0.0000,-0.0000
100.188,0.0000,0.6112,-0.2928,-0.0000,1.1647,-0.0000,-0.0000
100.200,0.0000,0.6156,-0.2929,-0.0000,1.1648,-0.0000,-0.0000
100.212,0.0000,0.6200,-0.2929,-0.0000,1.1650,-0.0000,-0.0000
100.224,0.0000,0.6244,-0.2929,-0.0000,1.1651,-0.0000,-0.0000
100.236,0.0000,0.6288,-0.2930,-0.0000,1.1652,-0.0000,-0.0000
100.248,0.0000,0.6332,-0.2930,-0.0000,1.1654,-0.0000,-0.0000
100.260,0.0000,0.6375,-0.2930,-0.0000,1.1655,-0.0000,-0.0000
100.272,0.0000,0.6419,-0.2931,-0.0000,1.1657,-0.0000,-0.0000
100.284,0.0000,0.6463,-0.2931,-0.0000,1.1658,-0.0000,-0.0000
100.296,0.0000,0.6507,-0.2931,-0.0000,1.1659,-0.0000,-0.0000
100.308,0.0000,0.6551,-0.2932,-0.0000,1.1661,-0.0000,-0.0000
100.320,0.0000,0.6595,-0.2932,-0.0000,1.1662,-0.0000,-0.0000
100.332,0.0000,0.6639,-0.2932,-0.0000,1.1663,-0.0000,-0.0000
100.344,0.0000,0.6683,-0.2933,-0.0000,1.1665,-0.0000,-0.0000
100.356,0.0000,0.6727,-0.2933,-0.0000,1.1666,-0.0000,-0.0000
100.368,0.0000,0.6766,-0.2933,-0.0000,1.1667,-0.0000,-0.0000
100.380,0.0000,0.6800,-0.2934,-0.0000,1.1668,-0.0000,-0.0000
100.392,0.0000,0.6830,-0.2934,-0.0000,1.1669,-0.0000,-0.0000
100.404,0.0000,0.6856,-0.2934,-0.0000,1.1670,-0.0000,-0.0000
100.416,0.0000,0.6879,-0.2934,-0.0000,1.1671,-0.0000,-0.0000
100.428,0.0000,0.6900,-0.2934,-0.0000,1.1672,-0.0000,-0.0000
100.440,0.0000,0.6918,-0.2935,-0.0000,1.1672,-0.0000,-0.0000
100.452,0.0000,0.6933,-0.2935,-0.0000,1.1673,-0.0000,-0.0000
100.464,0.0000,0.6947,-0.2935,-0.0000,1.1673,-0.0000,-0.0005
100.476,0.0000,0.6960,-0.2935,-0.0000,1.1673,-0.0000,-0.0015
100.488,0.0000,0.6970,-0.2935,-0.0000,1.1674,0.0000,-0.0029
100.500,0.0000,0.6980,-0.2935,-0.0000,1.1674,0.0000,-0.0047
100.512,0.0000,0.6988,-0.2935,-0.0000,1.1674,0.0000,-0.0068
100.524,0.0000,0.6996,-0.2935,-0.0000,1.1675,0.0000,-0.0091
100.536,0.0000,0.7002,-0.2935,-0.0000,1.1675,0.0000,-0.0117
100.548,0.0000,0.7008,-0.2935,-0.0000,1.1675,0.0000,-0.0145
100.560,0.0000,0.7013,-0.2935,-0.0000,1.1675,0.0000,-0.0175
100.572,0.0000,0.7017,-0.2935,-0.0000,1.1675,0.0000,-0.0207
100.584,0.0000,0.7021,-0.2935,-0.0000,1.1675,0.0000,-0.0240
100.596,0.0000,0.7024,-0.2935,-0.0000,1.1675,0.0000,-0.0275
100.608,0.0000,0.7027,-0.2935,-0.0000,1.1676,0.0000,-0.0311
100.620,0.0000,0.7030,-0.2935,-0.0000,1.1676,0.0000,-0.0347
100.632,0.0000,0.7032,-0.2936,-0.0000,1.1676,0.0000,-0.0385
100.644,0.0000,0.7034,-0.2936,-0.0000,1.1676,0.0000,-0.0423
100.656,0.0000,0.7036,-0.2936,-0.0000,1.1676,-0.0000,-0.0462
100.668,0.0000,0.7038,-0.2936,-0.0000,1.1676,-0.0000,-0.0502
100.680,0.0000,0.7039,-0.2936,-0.0000,1.1676,-0.0000,-0.0542
100.692,0.0000,0.7040,-0.2936,-0.0000,1.1676,-0.0000,-0.0582
100.704,0.0000,0.7041,-0.2936,-0.0000,1.1676,-0.0000,-0.0623
100.716,0.0000,0.7042,-0.2936,-0.0000,1.1676,-0.0000,-0.0665
100.728,0.0000,0.7043,-0.2936,-0.0000,1.1676,-0.0000,-0.0706
100.740,0.0000,0.7044,-0.2936,-0.0000,1.1676,-0.0000,-0.0748
100.752,0.0000,0.7045,-0.2936,-0.0000,1.1676,-0.0000,-0.0791
100.764,0.0000,0.7045,-0.2936,-0.0000,1.1676,-0.0000,-0.0833
100.776,0.0000,0.7046,-0.2936,-0.0000,1.1676,-0.0000,-0.0876
100.788,0.0000,0.7046,-0.2936,-0.0000,1.1676,-0.0000,-0.0918
100.800,0.0000,0.7047,-0.2936,-0.0000,1.1676,-0.0000,-0.0961
100.812,0.0000,0.7047,-0.2936,-0.0000,1.1676,-0.0000,-0.1004
100.824,0.0000,0.7047,-0.2936,-0.0000,1.1676,-0.0000,-0.1047
100.836,0.0000,0.7047,-0.2936,-0.0000,1.1676,-0.0000,-0.1091
100.848,0.0000,0.7048,-0.2936,-0.0000,1.1676,-0.0000,-0.1134
100.860,0.0000,0.7048,-0.2936,-0.0000,1.1676,-0.0000,-0.1178
100.872,0.0000,0.7048,-0.2936,-0.0000,1.1676,-0.0000,-0.1221
100.884,0.0000,0.7048,-0.2936,-0.0000,1.1676,-0.0000,-0.1265
100.896,0.0000,0.7048,-0.2936,-0.0000,1.1676,-0.0000,-0.1308
100.908,0.0000,0.7048,-0.2936,-0.0000,1.1676,-0.0000,-0.1352
100.920,0.0000,0.7049,-0.2936,-0.0000,1.1676,-0.0000,-0.1396
100.932,0.0000,0.7049,-0.2936,-0.0000,1.1676,-0.0000,-0.1439
100.944,0.0000,0.7049,-0.2936,-0.0000,1.1676,-0.0000,-0.1483
100.956,0.0000,0.7049,-0.2936,-0.0000,1.1676,-0.0000,-0.1527
100.968,0.0000,0.7049,-0.2936,-0.0000,1.1676,-0.0000,-0.1571
100.980,0.0000,0.7049,-0.2936,-0.0000,1.1676,-0.0000,-0.1614
100.992,0.0000,0.7049,-0.2936,-0.0000,1.1676,-0.0000,-0.1658
101.004,0.0000,0.7049,-0.2936,-0.0000,1.1676,-0.0000,-0.1702
101.016,0.0000,0.7049,-0.2936,-0.0000,1.1676,-0.0000,-0.1746
101.028,0.0000,0.7049,-0.2936,-0.0000,1.1676,-0.0000,-0.1790
101.040,0.0000,0.7047,-0.2936,0.0000,1.1677,-0.0000,-0.1834
101.052,0.0000,0.7042,-0.2936,0.0000,1.1681,-0.0000,-0.1878
101.064,0.0000,0.7037,-0.2936,0.0000,1.1686,-0.0000,-0.1922
101.076,0.0000,0.7031,-0.2936,0.0000,1.1690,-0.0000,-0.1966
101.088,0.0000,0.7025,-0.2936,0.0000,1.1694,-0.0000,-0.2010
101.100,0.0000,0.7019,-0.2936,0.0000,1.1699,-0.0000,-0.2054
101.112,0.0000,0.7013,-0.2936,0.0000,1.1703,-0.0000,-0.2098
101.124,0.0000,0.7008,-0.2936,0.0000,1.1708,-0.0000,-0.2142
101.136,0.0000,0.7002,-0.2936,0.0000,1.1712,-0.0000,-0.2186
101.148,0.0000,0.6996,-0.2936,0.0000,1.1717,-0.0000,-0.2230
101.160,0.0000,0.6990,-0.2936,0.0000,1.1721,-0.0000,-0.2273
101.172,0.0000,0.6984,-0.2936,0.0000,1.1725,-0.0000,-0.2317
101.184,0.0000,0.6979,-0.2936,0.0000,1.1730,-0.0000,-0.2361
101.196,0.0000,0.6973,-0.2936,0.0000,1.1734,-0.0000,-0.2405
101.208,0.0000,0.6967,-0.2936,0.0000,1.1738,-0.0000,-0.2449
101.220,0.0000,0.6961,-0.2936,0.0000,1.1743,-0.0000,-0.2493
101.232,0.0000,0.6956,-0.2936,0.0000,1.1747,-0.0000,-0.2537
101.244,0.0000,0.6950,-0.2936,0.0000,1.1751,-0.0000,-0.2581
101.256,0.0000,0.6944,-0.2936,0.0000,1.1756,-0.0000,-0.2625
101.268,0.0000,0.6939,-0.2936,0.0000,1.1760,-0.0000,-0.2669
101.280,0.0000,0.6933,-0.2936,0.0000,1.1764,-0.0000,-0.2713
101.292,0.0000,0.6927,-0.2936,0.0000,1.1769,-0.0000,-0.2757
101.304,0.0000,0.6922,-0.2936,0.0000,1.1773,-0.0000,-0.2801
101.316,0.0000,0.6916,-0.2936,0.0000,1.1777,-0.0000,-0.2845
101.328,0.0000,0.6910,-0.2936,0.0000,1.1781,-0.0000,-0.2889
101.340,0.0000,0.6905,-0.2936,0.0000,1.1786,-0.0000,-0.2933
101.352,0.0000,0.6899,-0.2936,0.0000,1.1790,-0.0000,-0.2977
101.364,0.0000,0.6894,-0.2936,0.0000,1.1794,-0.0000,-0.3021
101.376,0.0000,0.6888,-0.2936,0.0000,1.1798,-0.0000,-0.3065
101.388,0.0000,0.6883,-0.2936,0.0000,1.1802,-0.0000,-0.3109
101.400,0.0000,0.6877,-0.2936,0.0000,1.1806,-0.0000,-0.3153
101.412,0.0000,0.6872,-0.2936,0.0000,1.1810,-0.0000,-0.3197
101.424,-0.0000,0.6866,-0.2936,0.0000,1.1815,-0.0000,-0.3241
101.436,-0.0000,0.6861,-0.2936,0.0000,1.1819,-0.0000,-0.3285
101.448,-0.0000,0.6856,-0.2936,0.0000,1.1823,-0.0000,-0.3329
101.460,-0.0000,0.6850,-0.2936,0.0000,1.1827,-0.0000,-0.3373
101.472,-0.0000,0.6845,-0.2936,0.0000,1.1831,-0.0000,-0.3417
101.484,-0.0000,0.6840,-0.2936,0.0000,1.1835,0.0000,-0.3461
101.496,-0.0000,0.6834,-0.2936,0.0000,1.1839,0.0000,-0.3505
101.508,-0.0000,0.6829,-0.2936,0.0000,1.1843,0.0000,-0.3549
101.520,-0.0000,0.6824,-0.2936,0.0000,1.1847,0.0000,-0.3593
101.532,-0.0000,0.6818,-0.2936,0.0000,1.1851,0.0000,-0.3637
101.544,-0.0000,0.6813,-0.2936,0.0000,1.1855,0.0000,-0.3681
101.556,-0.0000,0.6808,-0.2936,0.0000,1.1858,0.0000,-0.3725
101.568,-0.0000,0.6803,-0.2936,0.0000,1.1862,0.0000,-0.3769
101.580,-0.0000,0.6798,-0.2936,0.0000,1.1866,0.0000,-0.3813
101.592,-0.0000,0.6793,-0.2936,0.0000,1.1870,0.0000,-0.3857
101.604,-0.0000,0.6787,-0.2936,0.0000,1.1874,0.0000,-0.3901
101.616,-0.0000,0.6782,-0.2936,0.0000,1.1878,0.0000,-0.3945
101.628,-0.0000,0.6777,-0.2936,0.0000,1.1881,0.0000,-0.3989
101.640,-0.0000,0.6772,-0.2936,0.0000,1.1885,0.0000,-0.4033
101.652,-0.0000,0.6767,-0.2936,0.0000,1.1889,0.0000,-0.4077
101.664,-0.0000,0.6763,-0.2936,-0.0000,1.1892,-0.0000,-0.4116
101.676,-0.0000,0.6758,-0.2936,-0.0000,1.1895,-0.0000,-0.4150
101.688,-0.0000,0.6754,-0.2936,-0.0000,1.1895,0.0000,-0.4180
101.700,-0.0000,0.6745,-0.2936,-0.0000,1.1894,0.0000,-0.4206
101.712,-0.0000,0.6733,-0.2936,-0.0000,1.1893,0.0000,-0.4230
101.724,-0.0000,0.6717,-0.2936,-0.0000,1.1892,0.0000,-0.4250
101.736,-0.0000,0.6698,-0.2936,-0.0000,1.1891,0.0000,-0.4268
101.748,-0.0000,0.6676,-0.2936,-0.0000,1.1889,0.0000,-0.4284
101.760,-0.0000,0.6652,-0.2936,-0.0000,1.1888,-0.0000,-0.4298
101.772,-0.0000,0.6626,-0.2936,-0.0000,1.1886,-0.0000,-0.4310
101.784,-0.0000,0.6599,-0.2936,-0.0000,1.1885,-0.0000,-0.4321
101.796,-0.0000,0.6569,-0.2936,-0.0000,1.1883,-0.0000,-0.4330
101.808,-0.0000,0.6539,-0.2936,-0.0000,1.1881,-0.0000,-0.4339
101.820,-0.0000,0.6507,-0.2936,-0.0000,1.1880,-0.0000,-0.4346
101.832,-0.0000,0.6474,-0.2936,-0.0000,1.1878,-0.0000,-0.4353
101.844,-0.0000,0.6440,-0.2936,-0.0000,1.1876,-0.0000,-0.4358
101.856,-0.0000,0.6406,-0.2936,-0.0000,1.1874,-0.0000,-0.4363
101.868,-0.0000,0.6370,-0.2936,-0.0000,1.1872,-0.0000,-0.4368
101.880,-0.0000,0.6334,-0.2936,-0.0000,1.1870,-0.0000,-0.4372
101.892,-0.0000,0.6297,-0.2936,-0.0000,1.1868,-0.0000,-0.4375
101.904,-0.0000,0.6260,-0.2936,-0.0000,1.1866,-0.0000,-0.4378
101.916,-0.0000,0.6223,-0.2936,-0.0000,1.1864,-0.0000,-0.4381
101.928,-0.0000,0.6185,-0.2936,-0.0000,1.1862,-0.0000,-0.4383
101.940,-0.0000,0.6146,-0.2936,-0.0000,1.1860,-0.0000,-0.4385
101.952,-0.0000,0.6108,-0.2936,-0.0000,1.1858,-0.0000,-0.4387
101.964,-0.0000,0.6069,-0.2936,-0.0000,1.1856,-0.0000,-0.4388
101.976,-0.0000,0.6030,-0.2936,-0.0000,1.1854,-0.0000,-0.4390
101.988,-0.0000,0.5991,-0.2936,-0.0000,1.1852,-0.0000,-0.4391
102.000,-0.0000,0.5951,-0.2936,-0.0000,1.1849,-0.0000,-0.4392
102.012,-0.0000,0.5912,-0.2936,-0.0000,1.1847,-0.0000,-0.4393
102.024,-0.0000,0.5872,-0.2936,-0.0000,1.1845,-0.0000,-0.4394
102.036,-0.0000,0.5832,-0.2936,-0.0000,1.1843,-0.0000,-0.4395
102.048,-0.0000,0.5792,-0.2936,-0.0000,1.1841,-0.0000,-0.4395
102.060,-0.0000,0.5752,-0.2936,-0.0000,1.1839,-0.0000,-0.4396
102.072,-0.0000,0.5712,-0.2936,-0.0000,1.1837,-0.0000,-0.4396
102.084,-0.0000,0.5672,-0.2936,-0.0000,1.1835,-0.0000,-0.4397
102.096,-0.0000,0.5631,-0.2936,-0.0000,1.1832,-0.0000,-0.4397
102.108,-0.0000,0.5591,-0.2936,-0.0000,1.1830,-0.0000,-0.4397
102.120,-0.0000,0.5551,-0.2936,-0.0000,1.1828,-0.0000,-0.4398
102.132,-0.0000,0.5510,-0.2936,-0.0000,1.1826,-0.0000,-0.4398
102.144,-0.0000,0.5470,-0.2936,-0.0000,1.1824,-0.0000,-0.4398
102.156,-0.0000,0.5429,-0.2936,-0.0000,1.1822,-0.0000,-0.4398
102.168,-0.0000,0.5389,-0.2936,-0.0000,1.1820,-0.0000,-0.4399
102.180,-0.0000,0.5348,-0.2936,-0.0000,1.1817,-0.0000,-0.4399
102.192,-0.0000,0.5307,-0.2936,-0.0000,1.1815,-0.0000,-0.4399
102.204,-0.0000,0.5267,-0.2936,-0.0000,1.1813,-0.0000,-0.4399
102.216,-0.0000,0.5226,-0.2936,-0.0000,1.1811,-0.0000,-0.4399
102.228,-0.0000,0.5185,-0.2936,-0.0000,1.1809,-0.0000,-0.4399
102.240,-0.0000,0.5145,-0.2936,-0.0000,1.1807,-0.0000,-0.4399
102.252,-0.0000,0.5104,-0.2936,-0.0000,1.1804,-0.0000,-0.4399
102.264,-0.0000,0.5063,-0.2936,-0.0000,1.1802,-0.0000,-0.4400
102.276,-0.0000,0.5023,-0.2936,-0.0000,1.1800,-0.0000,-0.4400
102.288,-0.0000,0.4982,-0.2936,-0.0000,1.1798,-0.0000,-0.4400
102.300,-0.0000,0.4941,-0.2936,-0.0000,1.1796,-0.0000,-0.4400
102.312,-0.0000,0.4901,-0.2936,-0.0000,1.1794,-0.0000,-0.4400
102.324,-0.0000,0.4860,-0.2936,-0.0000,1.1792,-0.0000,-0.4400
102.336,-0.0000,0.4819,-0.2936,-0.0000,1.1789,-0.0000,-0.4400
102.348,-0.0000,0.4778,-0.2936,-0.0000,1.1787,-0.0000,-0.4400
102.360,-0.0000,0.4738,-0.2936,-0.0000,1.1785,-0.0000,-0.4400
102.372,-0.0000,0.4697,-0.2936,-0.0000,1.1783,-0.0000,-0.4400
102.384,-0.0000,0.4656,-0.2936,-0.0000,1.1781,-0.0000,-0.4400
102.396,-0.0000,0.4615,-0.2936,-0.0000,1.1779,-0.0000,-0.4400
102.408,-0.0000,0.4575,-0.2936,-0.0000,1.1776,-0.0000,-0.4400
102.420,-0.0000,0.4534,-0.2936,-0.0000,1.1774,-0.0000,-0.4400
102.432,-0.0000,0.4493,-0.2936,-0.0000,1.1772,-0.0000,-0.4400
102.444,-0.0000,0.4452,-0.2936,-0.0000,1.1770,-0.0000,-0.4400
102.456,-0.0000,0.4412,-0.2936,-0.0000,1.1768,-0.0000,-0.4400
102.468,-0.0000,0.4371,-0.2936,-0.0000,1.1766,-0.0000,-0.4400
102.480,-0.0000,0.4330,-0.2936,-0.0000,1.1763,-0.0000,-0.4400
102.492,-0.0000,0.4289,-0.2936,-0.0000,1.1761,-0.0000,-0.4400
102.504,-0.0000,0.4249,-0.2936,-0.0000,1.1759,-0.0000,-0.4400
102.516,-0.0000,0.4208,-0.2936,-0.0000,1.1757,-0.0000,-0.4400
102.528,-0.0000,0.4167,-0.2936,-0.0000,1.1755,-0.0000,-0.4400
102.540,-0.0000,0.4126,-0.2936,-0.0000,1.1753,-0.0000,-0.4400
102.552,-0.0000,0.4086,-0.2936,-0.0000,1.1750,-0.0000,-0.4400
102.564,-0.0000,0.4045,-0.2936,-0.0000,1.1748,-0.0000,-0.4400
102.576,-0.0000,0.4004,-0.2936,-0.0000,1.1746,-0.0000,-0.4400
102.588,-0.0000,0.3963,-0.2936,-0.0000,1.1744,-0.0000,-0.4400
102.600,-0.0000,0.3923,-0.2936,-0.0000,1.1742,-0.0000,-0.4400
102.612,-0.0000,0.3882,-0.2936,-0.0000,1.1740,-0.0000,-0.4400
102.624,-0.0000,0.3841,-0.2936,-0.0000,1.1737,-0.0000,-0.4400
102.636,-0.0000,0.3800,-0.2936,-0.0000,1.1735,-0.0000,-0.4400
102.648,-0.0000,0.3760,-0.2936,-0.0000,1.1733,-0.0000,-0.4400
102.660,-0.0000,0.3719,-0.2936,-0.0000,1.1731,-0.0000,-0.4400
102.672,-0.0000,0.3678,-0.2936,-0.0000,1.1729,-0.0000,-0.4400
102.684,-0.0000,0.3637,-0.2936,-0.0000,1.1727,-0.0000,-0.4400
102.696,-0.0000,0.3596,-0.2936,-0.0000,1.1725,-0.0000,-0.4400
102.708,-0.0000,0.3556,-0.2936,-0.0000,1.1722,-0.0000,-0.4400
102.720,-0.0000,0.3515,-0.2936,-0.0000,1.1720,-0.0000,-0.4400
102.732,-0.0000,0.3474,-0.2936,-0.0000,1.1718,-0.0000,-0.4400
102.744,-0.0000,0.3433,-0.2936,-0.0000,1.1716,-0.0000,-0.4400
102.756,-0.0000,0.3393,-0.2936,-0.0000,1.1714,-0.0000,-0.4400
102.768,-0.0000,0.3352,-0.2936,-0.0000,1.1712,-0.0000,-0.4400
102.780,-0.0000,0.3311,-0.2936,-0.0000,1.1709,-0.0000,-0.4400
102.792,-0.0000,0.3270,-0.2936,-0.0000,1.1707,-0.0000,-0.4400
102.804,-0.0000,0.3230,-0.2936,-0.0000,1.1705,-0.0000,-0.4400
102.816,-0.0000,0.3189,-0.2936,-0.0000,1.1703,-0.0000,-0.4400
102.828,-0.0000,0.3148,-0.2936,-0.0000,1.1701,-0.0000,-0.4400
102.840,-0.0000,0.3107,-0.2936,-0.0000,1.1699,-0.0000,-0.4400
102.852,-0.0000,0.3067,-0.2936,-0.0000,1.1696,-0.0000,-0.4400
102.864,-0.0000,0.3026,-0.2936,-0.0000,1.1694,-0.0000,-0.4400
102.876,-0.0000,0.2985,-0.2936,-0.0000,1.1692,-0.0000,-0.4400
102.888,-0.0000,0.2949,-0.2936,-0.0000,1.1690,-0.0000,-0.4400
102.900,-0.0000,0.2918,-0.2936,-0.0000,1.1689,-0.0000,-0.4400
102.912,-0.0000,0.2890,-0.2936,-0.0000,1.1687,-0.0000,-0.4400
102.924,-0.0000,0.2865,-0.2936,-0.0000,1.1686,-0.0000,-0.4400
102.936,-0.0000,0.2844,-0.2936,-0.0000,1.1685,-0.0000,-0.4400
102.948,-0.0000,0.2825,-0.2936,-0.0000,1.1684,-0.0000,-0.4400
102.960,-0.0000,0.2825,-0.2936,-0.0000,1.1684,-0.0000,-0.4400
102.972,-0.0000,0.2822,-0.2936,-0.0000,1.1684,-0.0000,-0.4400
102.984,-0.0000,0.2817,-0.2936,-0.0000,1.1684,-0.0000,-0.4400
102.996,-0.0000,0.2810,-0.2936,-0.0000,1.1684,-0.0000,-0.4400
103.008,-0.0000,0.2801,-0.2936,-0.0000,1.1684,-0.0000,-0.4400
103.020,-0.0000,0.2790,-0.2936,-0.0000,1.1683,-0.0000,-0.4400
103.032,-0.0000,0.2778,-0.2936,-0.0000,1.1683,-0.0000,-0.4400
103.044,-0.0000,0.2765,-0.2936,-0.0000,1.1683,-0.0000,-0.4400
103.056,-0.0000,0.2750,-0.2936,-0.0000,1.1683,-0.0000,-0.4400
103.068,-0.0000,0.2735,-0.2936,-0.0000,1.1683,-0.0000,-0.4400
103.080,-0.0000,0.2718,-0.2936,-0.0000,1.1683,-0.0000,-0.4400
103.092,-0.0000,0.2701,-0.2936,-0.0000,1.1683,-0.0000,-0.4400
103.104,-0.0000,0.2684,-0.2936,-0.0000,1.1683,-0.0000,-0.4400
103.116,-0.0000,0.2665,-0.2936,-0.0000,1.1683,-0.0000,-0.4400
103.128,-0.0000,0.2646,-0.2936,-0.0000,1.1683,-0.0000,-0.4400
103.140,-0.0000,0.2627,-0.2936,-0.0000,1.1683,-0.0000,-0.4400
103.152,-0.0000,0.2607,-0.2936,-0.0000,1.1683,-0.0000,-0.4400
103.164,-0.0000,0.2587,-0.2936,-0.0000,1.1683,-0.0000,-0.4400
103.176,-0.0000,0.2567,-0.2936,-0.0000,1.1683,-0.0000,-0.4400
103.188,-0.0000,0.2546,-0.2936,-0.0000,1.1683,-0.0000,-0.4400
103.200,-0.0000,0.2526,-0.2936,-0.0000,1.1682,-0.0000,-0.4400
103.212,-0.0000,0.2505,-0.2936,-0.0000,1.1682,-0.0000,-0.4400
103.224,-0.0000,0.2483,-0.2936,-0.0000,1.1682,-0.0000,-0.4400
103.236,-0.0000,0.2462,-0.2936,-0.0000,1.1682,-0.0000,-0.4400
103.248,-0.0000,0.2440,-0.2936,-0.0000,1.1682,-0.0000,-0.4400
103.260,-0.0000,0.2419,-0.2936,-0.0000,1.1682,-0.0000,-0.4400
103.272,-0.0000,0.2397,-0.2936,-0.0000,1.1682,-0.0000,-0.4400
103.284,-0.0000,0.2375,-0.2936,-0.0000,1.1682,-0.0000,-0.4400
103.296,-0.0000,0.2353,-0.2936,-0.0000,1.1682,-0.0000,-0.4400
103.308,-0.0000,0.2331,-0.2936,-0.0000,1.1682,-0.0000,-0.4400
103.320,-0.0000,0.2309,-0.2936,-0.0000,1.1682,-0.0000,-0.4400
103.332,-0.0000,0.2287,-0.2936,-0.0000,1.1682,-0.0000,-0.4400
103.344,-0.0000,0.2264,-0.2936,-0.0000,1.1681,-0.0000,-0.4400
103.356,-0.0000,0.2242,-0.2936,-0.0000,1.1681,-0.0000,-0.4400
103.368,-0.0000,0.2220,-0.2936,-0.0000,1.1681,-0.0000,-0.4400
103.380,-0.0000,0.2197,-0.2936,-0.0000,1.1681,-0.0000,-0.4400
103.392,-0.0000,0.2175,-0.2936,-0.0000,1.1681,-0.0000,-0.4400
103.404,-0.0000,0.2153,-0.2936,-0.0000,1.1681,-0.0000,-0.4400
103.416,-0.0000,0.2130,-0.2936,-0.0000,1.1681,-0.0000,-0.4400
103.428,-0.0000,0.2108,-0.2936,-0.0000,1.1681,-0.0000,-0.4400
103.440,-0.0000,0.2085,-0.2936,-0.0000,1.1681,-0.0000,-0.4400
103.452,-0.0000,0.2063,-0.2936,-0.0000,1.1681,-0.0000,-0.4400
103.464,-0.0000,0.2040,-0.2936,-0.0000,1.1681,-0.0000,-0.4400
103.476,-0.0000,0.2018,-0.2936,-0.0000,1.1680,-0.0000,-0.4400
103.488,-0.0000,0.1995,-0.2936,-0.0000,1.1680,-0.0000,-0.4400
103.500,-0.0000,0.1973,-0.2936,-0.0000,1.1680,-0.0000,-0.4400
103.512,-0.0000,0.1950,-0.2936,-0.0000,1.1680,-0.0000,-0.4400
103.524,-0.0000,0.1928,-0.2936,-0.0000,1.1680,-0.0000,-0.4400
103.536,-0.0000,0.1905,-0.2936,-0.0000,1.1680,-0.0000,-0.4400
103.548,-0.0000,0.1882,-0.2936,-0.0000,1.1680,-0.0000,-0.4400
103.560,-0.0000,0.1860,-0.2936,-0.0000,1.1680,-0.0000,-0.4400
103.572,-0.0000,0.1837,-0.2936,-0.0000,1.1680,-0.0000,-0.4400
103.584,-0.0000,0.1815,-0.2936,-0.0000,1.1680,-0.0000,-0.4400
103.596,-0.0000,0.1792,-0.2936,-0.0000,1.1680,-0.0000,-0.4400
103.608,-0.0000,0.1770,-0.2936,-0.0000,1.1679,-0.0000,-0.4400
103.620,-0.0000,0.1747,-0.2936,-0.0000,1.1679,-0.0000,-0.4400
103.632,-0.0000,0.1724,-0.2936,-0.0000,1.1679,-0.0000,-0.4400
103.644,-0.0000,0.1702,-0.2936,-0.0000,1.1679,-0.0000,-0.4400
103.656,-0.0000,0.1679,-0.2936,-0.0000,1.1679,-0.0000,-0.4400
103.668,-0.0000,0.1657,-0.2936,-0.0000,1.1679,-0.0000,-0.4400
103.680,-0.0000,0.1634,-0.2936,-0.0000,1.1679,-0.0000,-0.4400
103.692,-0.0000,0.1611,-0.2936,-0.0000,1.1679,-0.0000,-0.4400
103.704,-0.0000,0.1589,-0.2936,-0.0000,1.1679,-0.0000,-0.4400
103.716,-0.0000,0.1566,-0.2936,-0.0000,1.1679,-0.0000,-0.4400
103.728,-0.0000,0.1544,-0.2936,-0.0000,1.1679,-0.0000,-0.4400
103.740,-0.0000,0.1521,-0.2936,-0.0000,1.1679,-0.0000,-0.4400
103.752,-0.0000,0.1498,-0.2936,-0.0000,1.1678,-0.0000,-0.4400
103.764,-0.0000,0.1476,-0.2936,-0.0000,1.1678,-0.0000,-0.4400
103.776,-0.0000,0.1453,-0.2936,-0.0000,1.1678,-0.0000,-0.4400
103.788,-0.0000,0.1431,-0.2936,-0.0000,1.1678,-0.0000,-0.4400
103.800,-0.0000,0.1408,-0.2936,-0.0000,1.1678,-0.0000,-0.4400
103.812,-0.0000,0.1385,-0.2936,-0.0000,1.1678,-0.0000,-0.4400
103.824,-0.0000,0.1363,-0.2936,-0.0000,1.1678,-0.0000,-0.4400
103.836,-0.0000,0.1340,-0.2936,-0.0000,1.1678,-0.0000,-0.4400
103.848,-0.0000,0.1318,-0.2936,-0.0000,1.1678,-0.0000,-0.4400
103.860,-0.0000,0.1295,-0.2936,-0.0000,1.1678,-0.0000,-0.4400
103.872,-0.0000,0.1272,-0.2936,-0.0000,1.1678,-0.0000,-0.4400
103.884,-0.0000,0.1250,-0.2936,-0.0000,1.1677,-0.0000,-0.4400
103.896,-0.0000,0.1227,-0.2936,-0.0000,1.1677,-0.0000,-0.4400
103.908,-0.0000,0.1205,-0.2936,-0.0000,1.1677,-0.0000,-0.4400
103.920,-0.0000,0.1182,-0.2936,-0.0000,1.1677,-0.0000,-0.4400
103.932,-0.0000,0.1159,-0.2936,-0.0000,1.1677,-0.0000,-0.4400
103.944,-0.0000,0.1137,-0.2936,-0.0000,1.1677,-0.0000,-0.4400
103.956,-0.0000,0.1114,-0.2936,-0.0000,1.1677,-0.0000,-0.4400
103.968,-0.0000,0.1093,-0.2936,-0.0000,1.1677,-0.0000,-0.4400
103.980,-0.0000,0.1075,-0.2936,-0.0000,1.1677,-0.0000,-0.4400
103.992,-0.0000,0.1075,-0.2936,-0.0000,1.1677,-0.0000,-0.4400
104.004,0.0007,0.1075,-0.2936,-0.0000,1.1677,-0.0000,-0.4400
104.016,0.0019,0.1075,-0.2936,-0.0000,1.1677,-0.0000,-0.4400
104.028,0.0037,0.1074,-0.2936,-0.0000,1.1677,-0.0000,-0.4400
104.040,0.0059,0.1074,-0.2936,-0.0000,1.1677,-0.0000,-0.4400
104.052,0.0085,0.1074,-0.2936,-0.0000,1.1677,-0.0000,-0.4400
104.064,0.0115,0.1073,-0.2936,-0.0000,1.1677,-0.0000,-0.4400
104.076,0.0148,0.1073,-0.2936,-0.0000,1.1677,-0.0000,-0.4400
104.088,0.0183,0.1072,-0.2936,-0.0000,1.1677,-0.0000,-0.4400
104.100,0.0221,0.1072,-0.2936,-0.0000,1.1677,-0.0000,-0.4400
104.112,0.0261,0.1071,-0.2936,-0.0000,1.1677,-0.0000,-0.4400
104.124,0.0303,0.1071,-0.2936,-0.0000,1.1677,-0.0000,-0.4400
104.136,0.0346,0.1070,-0.2936,-0.0000,1.1677,-0.0000,-0.4400
104.148,0.0391,0.1069,-0.2936,-0.0000,1.1677,-0.0000,-0.4400
104.160,0.0438,0.1069,-0.2936,-0.0000,1.1677,-0.0000,-0.4400
104.172,0.0485,0.1068,-0.2936,-0.0000,1.1677,-0.0000,-0.4400
104.184,0.0533,0.1067,-0.2936,-0.0000,1.1677,-0.0000,-0.4400
104.196,0.0582,0.1067,-0.2936,-0.0000,1.1677,-0.0000,-0.4400
104.208,0.0632,0.1066,-0.2936,-0.0000,1.1677,-0.0000,-0.4400
104.220,0.0683,0.1065,-0.2936,-0.0000,1.1677,-0.0000,-0.4400
104.232,0.0734,0.1064,-0.2936,-0.0000,1.1677,-0.0000,-0.4400
104.244,0.0786,0.1064,-0.2936,-0.0000,1.1677,-0.0000,-0.4400
104.256,0.0838,0.1063,-0.2936,-0.0000,1.1677,-0.0000,-0.4400
104.268,0.0890,0.1062,-0.2936,-0.0000,1.1677,-0.0000,-0.4400
104.280,0.0943,0.1061,-0.2936,-0.0000,1.1677,-0.0000,-0.4400
104.292,0.0996,0.1060,-0.2936,-0.0000,1.1677,-0.0000,-0.4400
104.304,0.1050,0.1060,-0.2936,-0.0000,1.1677,-0.0000,-0.4400
104.316,0.1103,0.1059,-0.2936,-0.0000,1.1677,-0.0000,-0.4400
104.328,0.1157,0.1058,-0.2936,-0.0000,1.1677,-0.0000,-0.4400
104.340,0.1211,0.1057,-0.2936,-0.0000,1.1677,-0.0000,-0.4400
104.352,0.1266,0.1057,-0.2936,-0.0000,1.1677,-0.0000,-0.4400
104.364,0.1320,0.1056,-0.2936,-0.0000,1.1677,-0.0000,-0.4400
104.376,0.1375,0.1055,-0.2936,-0.0000,1.1677,-0.0000,-0.4400
104.388,0.1429,0.1054,-0.2936,-0.0000,1.1677,-0.0000,-0.4400
104.400,0.1484,0.1053,-0.2936,-0.0000,1.1677,-0.0000,-0.4400
104.412,0.1539,0.1053,-0.2936,-0.0000,1.1677,-0.0000,-0.4400
104.424,0.1594,0.1052,-0.2936,-0.0000,1.1677,-0.0000,-0.4400
104.436,0.1649,0.1051,-0.2936,-0.0000,1.1677,-0.0000,-0.4400
104.448,0.1704,0.1050,-0.2936,-0.0000,1.1677,-0.0000,-0.4400
104.460,0.1759,0.1049,-0.2936,-0.0000,1.1677,-0.0000,-0.4400
104.472,0.1814,0.1049,-0.2936,-0.0000,1.1677,-0.0000,-0.4400
104.484,0.1869,0.1048,-0.2936,-0.0000,1.1677,-0.0000,-0.4400
104.496,0.1924,0.1047,-0.2936,-0.0000,1.1677,-0.0000,-0.4400
104.508,0.1979,0.1046,-0.2936,-0.0000,1.1677,-0.0000,-0.4400
104.520,0.2035,0.1045,-0.2936,-0.0000,1.1677,-0.0000,-0.4400
104.532,0.2090,0.1045,-0.2936,-0.0000,1.1677,-0.0000,-0.4400
104.544,0.2145,0.1044,-0.2936,-0.0000,1.1677,-0.0000,-0.4400
104.556,0.2200,0.1043,-0.2936,-0.0000,1.1677,-0.0000,-0.4400
104.568,0.2256,0.1042,-0.2936,-0.0000,1.1677,-0.0000,-0.4400
104.580,0.2311,0.1041,-0.2936,-0.0000,1.1677,-0.0000,-0.4400
104.592,0.2367,0.1041,-0.2936,-0.0000,1.1677,-0.0000,-0.4400
104.604,0.2422,0.1040,-0.2936,-0.0000,1.1677,-0.0000,-0.4400
104.616,0.2477,0.1039,-0.2936,-0.0000,1.1677,-0.0000,-0.4400
104.628,0.2533,0.1038,-0.2936,-0.0000,1.1677,-0.0000,-0.4400
104.640,0.2588,0.1037,-0.2936,-0.0000,1.1677,-0.0000,-0.4400
104.652,0.2643,0.1037,-0.2936,-0.0000,1.1677,-0.0000,-0.4400
104.664,0.2699,0.1036,-0.2936,-0.0000,1.1677,-0.0000,-0.4400
104.676,0.2754,0.1035,-0.2936,-0.0000,1.1677,-0.0000,-0.4400
104.688,0.2810,0.1034,-0.2936,-0.0000,1.1677,-0.0000,-0.4400
104.700,0.2865,0.1033,-0.2936,-0.0000,1.1677,-0.0000,-0.4400
104.712,0.2921,0.1033,-0.2936,-0.0000,1.1677,-0.0000,-0.4400
104.724,0.2976,0.1032,-0.2936,-0.0000,1.1677,-0.0000,-0.4400
104.736,0.3031,0.1031,-0.2936,-0.0000,1.1677,-0.0000,-0.4400
104.748,0.3087,0.1030,-0.2936,-0.0000,1.1677,-0.0000,-0.4400
104.760,0.3142,0.1029,-0.2936,-0.0000,1.1677,-0.0000,-0.4400
104.772,0.3198,0.1029,-0.2936,-0.0000,1.1677,-0.0000,-0.4400
104.784,0.3253,0.1028,-0.2936,-0.0000,1.1677,-0.0000,-0.4400
104.796,0.3309,0.1027,-0.2936,-0.0000,1.1677,-0.0000,-0.4400
104.808,0.3364,0.1026,-0.2936,-0.0000,1.1677,-0.0000,-0.4400
104.820,0.3419,0.1025,-0.2936,-0.0000,1.1677,-0.0000,-0.4400
104.832,0.3475,0.1024,-0.2936,-0.0000,1.1677,-0.0000,-0.4400
104.844,0.3530,0.1024,-0.2936,-0.0000,1.1677,-0.0000,-0.4400
104.856,0.3586,0.1023,-0.2936,-0.0000,1.1677,-0.0000,-0.4400
104.868,0.3641,0.1022,-0.2936,-0.0000,1.1677,-0.0000,-0.4400
104.880,0.3697,0.1021,-0.2936,-0.0000,1.1677,-0.0000,-0.4400
104.892,0.3752,0.1020,-0.2936,-0.0000,1.1677,-0.0000,-0.4400
104.904,0.3808,0.1020,-0.2936,-0.0000,1.1677,-0.0000,-0.4400
104.916,0.3863,0.1019,-0.2936,-0.0000,1.1677,-0.0000,-0.4400
104.928,0.3918,0.1018,-0.2936,-0.0000,1.1677,-0.0000,-0.4400
104.940,0.3974,0.1017,-0.2936,-0.0000,1.1677,-0.0000,-0.4400
104.952,0.4029,0.1016,-0.2936,-0.0000,1.1677,-0.0000,-0.4400
104.964,0.4085,0.1016,-0.2936,-0.0000,1.1677,-0.0000,-0.4400
104.976,0.4140,0.1015,-0.2936,-0.0000,1.1677,-0.0000,-0.4400
104.988,0.4196,0.1014,-0.2936,-0.0000,1.1677,-0.0000,-0.4400
105.000,0.4251,0.1013,-0.2936,-0.0000,1.1677,-0.0000,-0.4400
105.012,0.4307,0.1012,-0.2936,-0.0000,1.1677,-0.0000,-0.4400
105.024,0.4362,0.1012,-0.2936,-0.0000,1.1677,-0.0000,-0.4400
105.036,0.4417,0.1011,-0.2936,-0.0000,1.1677,-0.0000,-0.4400
105.048,0.4473,0.1010,-0.2936,-0.0000,1.1677,-0.0000,-0.4400
105.060,0.4528,0.1009,-0.2936,-0.0000,1.1677,-0.0000,-0.4400
105.072,0.4584,0.1008,-0.2936,-0.0000,1.1677,-0.0000,-0.4400
105.084,0.4639,0.1008,-0.2936,-0.0000,1.1677,-0.0000,-0.4400
105.096,0.4695,0.1007,-0.2936,-0.0000,1.1677,-0.0000,-0.4400
105.108,0.4750,0.1006,-0.2936,-0.0000,1.1677,-0.0000,-0.4400
105.120,0.4806,0.1005,-0.2936,-0.0000,1.1677,-0.0000,-0.4400
105.132,0.4861,0.1004,-0.2936,-0.0000,1.1677,-0.0000,-0.4400
105.144,0.4916,0.1004,-0.2936,-0.0000,1.1676,-0.0000,-0.4400
105.156,0.4972,0.1003,-0.2936,-0.0000,1.1676,-0.0000,-0.4400
105.168,0.5027,0.1002,-0.2936,-0.0000,1.1676,-0.0000,-0.4400
105.180,0.5083,0.1001,-0.2936,-0.0000,1.1676,-0.0000,-0.4400
105.192,0.5138,0.1000,-0.2936,-0.0000,1.1676,-0.0000,-0.4400
105.204,0.5194,0.1000,-0.2936,-0.0000,1.1676,-0.0000,-0.4400
105.216,0.5249,0.0999,-0.2936,-0.0000,1.1676,-0.0000,-0.4400
105.228,0.5305,0.0998,-0.2936,-0.0000,1.1676,-0.0000,-0.4400
105.240,0.5360,0.0997,-0.2936,-0.0000,1.1676,-0.0000,-0.4400
105.252,0.5416,0.0996,-0.2936,-0.0000,1.1676,-0.0000,-0.4400
105.264,0.5471,0.0995,-0.2936,-0.0000,1.1676,-0.0000,-0.4400
105.276,0.5526,0.0995,-0.2936,-0.0000,1.1676,-0.0000,-0.4400
105.288,0.5582,0.0994,-0.2936,-0.0000,1.1676,-0.0000,-0.4400
105.300,0.5637,0.0993,-0.2936,-0.0000,1.1676,-0.0000,-0.4400
105.312,0.5693,0.0992,-0.2936,-0.0000,1.1676,-0.0000,-0.4400
105.324,0.5748,0.0991,-0.2936,-0.0000,1.1676,-0.0000,-0.4400
105.336,0.5804,0.0991,-0.2936,-0.0000,1.1676,-0.0000,-0.4400
105.348,0.5859,0.0990,-0.2936,-0.0000,1.1676,-0.0000,-0.4400
105.360,0.5915,0.0989,-0.2936,-0.0000,1.1676,-0.0000,-0.4400
105.372,0.5970,0.0988,-0.2936,-0.0000,1.1676,-0.0000,-0.4400
105.384,0.6025,0.0987,-0.2936,-0.0000,1.1676,-0.0000,-0.4400
105.396,0.6081,0.0987,-0.2936,-0.0000,1.1676,-0.0000,-0.4400
105.408,0.6136,0.0986,-0.2936,-0.0000,1.1676,-0.0000,-0.4400
105.420,0.6192,0.0985,-0.2936,-0.0000,1.1676,-0.0000,-0.4400
105.432,0.6247,0.0984,-0.2936,-0.0000,1.1676,-0.0000,-0.4400
105.444,0.6303,0.0983,-0.2936,-0.0000,1.1676,-0.0000,-0.4400
105.456,0.6358,0.0983,-0.2936,-0.0000,1.1676,-0.0000,-0.4400
105.468,0.6414,0.0982,-0.2936,-0.0000,1.1676,-0.0000,-0.4400
105.480,0.6469,0.0981,-0.2936,-0.0000,1.1676,-0.0000,-0.4400
105.492,0.6525,0.0980,-0.2936,-0.0000,1.1676,-0.0000,-0.4400
105.504,0.6580,0.0979,-0.2936,-0.0000,1.1676,-0.0000,-0.4400
105.516,0.6635,0.0979,-0.2936,-0.0000,1.1676,-0.0000,-0.4400
105.528,0.6691,0.0978,-0.2936,-0.0000,1.1676,-0.0000,-0.4400
105.540,0.6746,0.0977,-0.2936,-0.0000,1.1676,-0.0000,-0.4400
105.552,0.6802,0.0976,-0.2936,-0.0000,1.1676,-0.0000,-0.4400
105.564,0.6857,0.0975,-0.2936,-0.0000,1.1676,-0.0000,-0.4400
105.576,0.6913,0.0975,-0.2936,-0.0000,1.1676,-0.0000,-0.4400
105.588,0.6968,0.0974,-0.2936,-0.0000,1.1676,-0.0000,-0.4400
105.600,0.7024,0.0973,-0.2936,-0.0000,1.1676,-0.0000,-0.4400
105.612,0.7079,0.0972,-0.2936,-0.0000,1.1676,-0.0000,-0.4400
105.624,0.7134,0.0971,-0.2936,-0.0000,1.1676,-0.0000,-0.4400
105.636,0.7190,0.0971,-0.2936,-0.0000,1.1676,-0.0000,-0.4400
105.648,0.7245,0.0970,-0.2936,-0.0000,1.1676,-0.0000,-0.4400
105.660,0.7301,0.0969,-0.2936,-0.0000,1.1676,-0.0000,-0.4400
105.672,0.7356,0.0968,-0.2936,-0.0000,1.1676,-0.0000,-0.4400
105.684,0.7412,0.0967,-0.2936,-0.0000,1.1676,-0.0000,-0.4400
105.696,0.7467,0.0967,-0.2936,-0.0000,1.1676,-0.0000,-0.4400
105.708,0.7523,0.0966,-0.2936,-0.0000,1.1676,-0.0000,-0.4400
105.720,0.7578,0.0965,-0.2936,-0.0000,1.1676,-0.0000,-0.4400
105.732,0.7633,0.0964,-0.2936,-0.0000,1.1676,-0.0000,-0.4400
105.744,0.7689,0.0963,-0.2936,-0.0000,1.1676,-0.0000,-0.4400
105.756,0.7744,0.0962,-0.2936,-0.0000,1.1676,-0.0000,-0.4400
105.768,0.7800,0.0962,-0.2936,-0.0000,1.1676,-0.0000,-0.4400
105.780,0.7855,0.0961,-0.2936,-0.0000,1.1676,-0.0000,-0.4400
105.792,0.7911,0.0960,-0.2936,-0.0000,1.1676,-0.0000,-0.4400
105.804,0.7966,0.0959,-0.2936,-0.0000,1.1676,-0.0000,-0.4400
105.816,0.8022,0.0958,-0.2936,-0.0000,1.1676,-0.0000,-0.4400
105.828,0.8077,0.0958,-0.2936,-0.0000,1.1676,-0.0000,-0.4400
105.840,0.8133,0.0957,-0.2936,-0.0000,1.1676,-0.0000,-0.4400
105.852,0.8188,0.0956,-0.2936,-0.0000,1.1676,-0.0000,-0.4400
105.864,0.8243,0.0955,-0.2936,-0.0000,1.1676,-0.0000,-0.4400
105.876,0.8299,0.0954,-0.2936,-0.0000,1.1676,-0.0000,-0.4400
105.888,0.8354,0.0954,-0.2936,-0.0000,1.1676,-0.0000,-0.4400
105.900,0.8410,0.0953,-0.2936,-0.0000,1.1676,-0.0000,-0.4400
105.912,0.8465,0.0952,-0.2936,-0.0000,1.1676,-0.0000,-0.4400
105.924,0.8521,0.0951,-0.2936,-0.0000,1.1676,-0.0000,-0.4400
105.936,0.8576,0.0950,-0.2936,-0.0000,1.1676,-0.0000,-0.4400
105.948,0.8632,0.0950,-0.2936,-0.0000,1.1676,-0.0000,-0.4400
105.960,0.8687,0.0949,-0.2936,-0.0000,1.1676,-0.0000,-0.4400
105.972,0.8742,0.0948,-0.2936,-0.0000,1.1676,-0.0000,-0.4400
105.984,0.8798,0.0947,-0.2936,-0.0000,1.1676,-0.0000,-0.4400
105.996,0.8851,0.0946,-0.2936,-0.0000,1.1676,-0.0000,-0.4400
106.008,0.8898,0.0946,-0.2936,-0.0000,1.1676,0.0000,-0.4400
106.020,0.8939,0.0945,-0.2936,0.0000,1.1676,0.0000,-0.4400
106.032,0.8975,0.0945,-0.2936,0.0000,1.1676,0.0000,-0.4400
106.044,0.9007,0.0944,-0.2936,0.0000,1.1676,0.0000,-0.4400
106.056,0.9036,0.0944,-0.2936,0.0000,1.1676,0.0000,-0.4400
106.068,0.9060,0.0943,-0.2936,0.0000,1.1676,0.0000,-0.4400
106.080,0.9082,0.0943,-0.2936,0.0000,1.1676,0.0000,-0.4400
106.092,0.9101,0.0943,-0.2936,0.0000,1.1676,0.0000,-0.4400
106.104,0.9101,0.0943,-0.2936,0.0000,1.1676,0.0000,-0.4400
106.116,0.9101,0.0945,-0.2937,0.0000,1.1677,0.0008,-0.4400
106.128,0.9101,0.0949,-0.2941,0.0000,1.1679,0.0024,-0.4400
106.140,0.9102,0.0955,-0.2945,0.0000,1.1682,0.0046,-0.4400
106.152,0.9102,0.0963,-0.2951,0.0001,1.1685,0.0074,-0.4400
106.164,0.9103,0.0972,-0.2957,0.0001,1.1688,0.0106,-0.4400
106.176,0.9103,0.0982,-0.2965,0.0001,1.1693,0.0143,-0.4400
106.188,0.9104,0.0993,-0.2973,0.0001,1.1697,0.0184,-0.4400
106.200,0.9105,0.1006,-0.2982,0.0002,1.1702,0.0228,-0.4400
106.212,0.9105,0.1019,-0.2992,0.0002,1.1708,0.0276,-0.4400
106.224,0.9106,0.1032,-0.3002,0.0002,1.1713,0.0326,-0.4400
106.236,0.9107,0.1047,-0.3013,0.0003,1.1719,0.0378,-0.4400
106.248,0.9108,0.1062,-0.3024,0.0003,1.1726,0.0432,-0.4400
106.260,0.9109,0.1077,-0.3035,0.0004,1.1732,0.0488,-0.4400
106.272,0.9109,0.1093,-0.3047,0.0004,1.1739,0.0546,-0.4400
106.284,0.9110,0.1109,-0.3059,0.0004,1.1745,0.0605,-0.4400
106.296,0.9111,0.1126,-0.3071,0.0005,1.1752,0.0665,-0.4400
106.308,0.9112,0.1143,-0.3084,0.0005,1.1759,0.0726,-0.4400
106.320,0.9113,0.1160,-0.3097,0.0006,1.1766,0.0788,-0.4400
106.332,0.9114,0.1177,-0.3110,0.0006,1.1774,0.0851,-0.4400
106.344,0.9115,0.1195,-0.3123,0.0007,1.1781,0.0915,-0.4400
106.356,0.9116,0.1213,-0.3136,0.0007,1.1788,0.0980,-0.4400
106.368,0.9117,0.1230,-0.3149,0.0008,1.1796,0.1045,-0.4400
106.380,0.9118,0.1249,-0.3162,0.0008,1.1803,0.1110,-0.4400
106.392,0.9119,0.1267,-0.3176,0.0009,1.1811,0.1176,-0.4400
106.404,0.9120,0.1285,-0.3189,0.0009,1.1818,0.1242,-0.4400
106.416,0.9121,0.1303,-0.3203,0.0010,1.1826,0.1309,-0.4400
106.428,0.9122,0.1322,-0.3217,0.0010,1.1834,0.1376,-0.4400
106.440,0.9123,0.1340,-0.3230,0.0011,1.1841,0.1443,-0.4400
106.452,0.9124,0.1359,-0.3244,0.0011,1.1849,0.1511,-0.4400
106.464,0.9125,0.1377,-0.3258,0.0012,1.1857,0.1578,-0.4400
106.476,0.9126,0.1396,-0.3272,0.0012,1.1864,0.1646,-0.4400
106.488,0.9127,0.1415,-0.3286,0.0013,1.1872,0.1714,-0.4400
106.500,0.9128,0.1434,-0.3300,0.0013,1.1880,0.1782,-0.4400
106.512,0.9129,0.1452,-0.3314,0.0014,1.1888,0.1851,-0.4400
106.524,0.9130,0.1471,-0.3328,0.0014,1.1896,0.1919,-0.4400
106.536,0.9131,0.1490,-0.3342,0.0015,1.1903,0.1988,-0.4400
106.548,0.9132,0.1509,-0.3356,0.0015,1.1911,0.2056,-0.4400
106.560,0.9133,0.1528,-0.3370,0.0016,1.1919,0.2125,-0.4400
106.572,0.9135,0.1547,-0.3384,0.0016,1.1927,0.2193,-0.4400
106.584,0.9136,0.1566,-0.3398,0.0017,1.1935,0.2262,-0.4400
106.596,0.9137,0.1585,-0.3412,0.0017,1.1943,0.2331,-0.4400
106.608,0.9138,0.1604,-0.3426,0.0018,1.1951,0.2400,-0.4400
106.620,0.9139,0.1623,-0.3440,0.0018,1.1958,0.2469,-0.4400
106.632,0.9140,0.1642,-0.3454,0.0019,1.1966,0.2537,-0.4400
106.644,0.9141,0.1661,-0.3468,0.0019,1.1974,0.2606,-0.4400
106.656,0.9142,0.1680,-0.3482,0.0020,1.1982,0.2675,-0.4400
106.668,0.9143,0.1699,-0.3496,0.0020,1.1990,0.2744,-0.4400
106.680,0.9144,0.1718,-0.3510,0.0021,1.1998,0.2813,-0.4400
106.692,0.9145,0.1737,-0.3524,0.0021,1.2006,0.2882,-0.4400
106.704,0.9146,0.1756,-0.3538,0.0022,1.2014,0.2951,-0.4400
106.716,0.9147,0.1775,-0.3553,0.0022,1.2022,0.3020,-0.4400
106.728,0.9148,0.1794,-0.3567,0.0023,1.2029,0.3090,-0.4400
106.740,0.9149,0.1813,-0.3581,0.0023,1.2037,0.3159,-0.4400
106.752,0.9150,0.1832,-0.3595,0.0024,1.2045,0.3228,-0.4400
106.764,0.9151,0.1851,-0.3609,0.0024,1.2053,0.3297,-0.4400
106.776,0.9152,0.1870,-0.3623,0.0025,1.2061,0.3366,-0.4400
106.788,0.9153,0.1889,-0.3637,0.0025,1.2069,0.3435,-0.4400
106.800,0.9154,0.1908,-0.3651,0.0026,1.2077,0.3504,-0.4400
106.812,0.9156,0.1927,-0.3665,0.0026,1.2085,0.3573,-0.4400
106.824,0.9157,0.1946,-0.3680,0.0027,1.2093,0.3642,-0.4400
106.836,0.9158,0.1965,-0.3694,0.0027,1.2101,0.3711,-0.4400
106.848,0.9159,0.1984,-0.3708,0.0028,1.2108,0.3781,-0.4400
106.860,0.9160,0.2003,-0.3722,0.0028,1.2116,0.3850,-0.4400
106.872,0.9161,0.2022,-0.3736,0.0029,1.2124,0.3919,-0.4400
106.884,0.9162,0.2041,-0.3750,0.0029,1.2132,0.3988,-0.4400
106.896,0.9163,0.2060,-0.3764,0.0030,1.2140,0.4057,-0.4400
106.908,0.9164,0.2079,-0.3778,0.0030,1.2148,0.4126,-0.4400
106.920,0.9165,0.2098,-0.3793,0.0031,1.2156,0.4195,-0.4400
106.932,0.9166,0.2117,-0.3807,0.0031,1.2164,0.4265,-0.4400
106.944,0.9167,0.2136,-0.3821,0.0032,1.2172,0.4334,-0.4400
106.956,0.9168,0.2155,-0.3835,0.0033,1.2180,0.4403,-0.4400
106.968,0.9169,0.2174,-0.3849,0.0033,1.2188,0.4472,-0.4400
106.980,0.9170,0.2193,-0.3863,0.0034,1.2195,0.4541,-0.4400
106.992,0.9171,0.2212,-0.3877,0.0034,1.2203,0.4610,-0.4400
107.004,0.9172,0.2231,-0.3891,0.0035,1.2211,0.4679,-0.4400
107.016,0.9173,0.2250,-0.3906,0.0035,1.2219,0.4749,-0.4400
107.028,0.9174,0.2269,-0.3920,0.0036,1.2227,0.4818,-0.4400
107.040,0.9176,0.2289,-0.3934,0.0036,1.2235,0.4887,-0.4400
107.052,0.9177,0.2308,-0.3948,0.0037,1.2243,0.4956,-0.4400
107.064,0.9178,0.2327,-0.3962,0.0037,1.2251,0.5025,-0.4400
107.076,0.9179,0.2346,-0.3976,0.0038,1.2259,0.5094,-0.4400
107.088,0.9180,0.2365,-0.3990,0.0038,1.2267,0.5164,-0.4400
107.100,0.9181,0.2384,-0.4004,0.0039,1.2275,0.5233,-0.4400
107.112,0.9182,0.2403,-0.4018,0.0039,1.2282,0.5302,-0.4400
107.124,0.9183,0.2422,-0.4033,0.0040,1.2290,0.5371,-0.4400
107.136,0.9184,0.2441,-0.4047,0.0040,1.2298,0.5440,-0.4400
107.148,0.9185,0.2460,-0.4061,0.0041,1.2306,0.5509,-0.4400
107.160,0.9186,0.2479,-0.4075,0.0041,1.2314,0.5578,-0.4400
107.172,0.9187,0.2498,-0.4089,0.0042,1.2322,0.5648,-0.4400
107.184,0.9188,0.2517,-0.4103,0.0042,1.2330,0.5717,-0.4400
107.196,0.9189,0.2536,-0.4117,0.0043,1.2338,0.5786,-0.4400
107.208,0.9190,0.2555,-0.4131,0.0043,1.2346,0.5855,-0.4400
107.220,0.9191,0.2574,-0.4146,0.0044,1.2354,0.5924,-0.4400
107.232,0.9192,0.2593,-0.4160,0.0044,1.2361,0.5993,-0.4400
107.244,0.9193,0.2612,-0.4174,0.0045,1.2369,0.6063,-0.4400
107.256,0.9194,0.2631,-0.4188,0.0045,1.2377,0.6132,-0.4400
107.268,0.9196,0.2650,-0.4202,0.0046,1.2385,0.6201,-0.4400
107.280,0.9197,0.2669,-0.4216,0.0046,1.2393,0.6270,-0.4400
107.292,0.9198,0.2688,-0.4230,0.0047,1.2401,0.6339,-0.4400
107.304,0.9199,0.2707,-0.4244,0.0047,1.2409,0.6408,-0.4400
107.316,0.9200,0.2727,-0.4259,0.0048,1.2417,0.6477,-0.4400
107.328,0.9201,0.2746,-0.4273,0.0048,1.2425,0.6547,-0.4400
107.340,0.9202,0.2765,-0.4287,0.0049,1.2433,0.6616,-0.4400
107.352,0.9203,0.2784,-0.4301,0.0049,1.2441,0.6685,-0.4400
107.364,0.9204,0.2803,-0.4315,0.0050,1.2448,0.6754,-0.4400
107.376,0.9205,0.2822,-0.4329,0.0050,1.2456,0.6823,-0.4400
107.388,0.9206,0.2841,-0.4343,0.0051,1.2464,0.6892,-0.4400
107.400,0.9207,0.2860,-0.4357,0.0051,1.2472,0.6962,-0.4400
107.412,0.9208,0.2879,-0.4372,0.0052,1.2480,0.7031,-0.4400
107.424,0.9209,0.2898,-0.4386,0.0052,1.2488,0.7100,-0.4400
107.436,0.9210,0.2917,-0.4400,0.0053,1.2496,0.7169,-0.4400
107.448,0.9211,0.2936,-0.4414,0.0053,1.2504,0.7238,-0.4400
107.460,0.9212,0.2955,-0.4428,0.0054,1.2512,0.7307,-0.4400
107.472,0.9213,0.2974,-0.4442,0.0054,1.2520,0.7376,-0.4400
107.484,0.9214,0.2993,-0.4456,0.0055,1.2528,0.7446,-0.4400
107.496,0.9216,0.3012,-0.4470,0.0055,1.2535,0.7515,-0.4400
107.508,0.9217,0.3031,-0.4485,0.0056,1.2543,0.7584,-0.4400
107.520,0.9218,0.3050,-0.4499,0.0056,1.2551,0.7653,-0.4400
107.532,0.9219,0.3069,-0.4513,0.0057,1.2559,0.7722,-0.4400
107.544,0.9220,0.3088,-0.4527,0.0058,1.2567,0.7791,-0.4400
107.556,0.9221,0.3107,-0.4541,0.0058,1.2575,0.7861,-0.4400
107.568,0.9222,0.3126,-0.4555,0.0059,1.2583,0.7930,-0.4400
107.580,0.9223,0.3145,-0.4569,0.0059,1.2591,0.7999,-0.4400
107.592,0.9224,0.3165,-0.4583,0.0060,1.2599,0.8068,-0.4400
107.604,0.9225,0.3184,-0.4598,0.0060,1.2607,0.8137,-0.4400
107.616,0.9226,0.3203,-0.4612,0.0061,1.2614,0.8206,-0.4400
107.628,0.9227,0.3222,-0.4626,0.0061,1.2622,0.8275,-0.4400
107.640,0.9228,0.3241,-0.4640,0.0062,1.2630,0.8345,-0.4400
107.652,0.9229,0.3260,-0.4654,0.0062,1.2638,0.8414,-0.4400
107.664,0.9230,0.3279,-0.4668,0.0063,1.2646,0.8483,-0.4400
107.676,0.9231,0.3298,-0.4682,0.0063,1.2654,0.8552,-0.4400
107.688,0.9232,0.3317,-0.4696,0.0064,1.2662,0.8621,-0.4400
107.700,0.9233,0.3336,-0.4711,0.0064,1.2670,0.8690,-0.4400
107.712,0.9234,0.3353,-0.4724,0.0065,1.2677,0.8754,-0.4400
107.724,0.9235,0.3369,-0.4735,0.0065,1.2683,0.8810,-0.4400
107.736,0.9236,0.3382,-0.4745,0.0065,1.2689,0.8859,-0.4400
107.748,0.9237,0.3394,-0.4754,0.0066,1.2694,0.8903,-0.4400
107.760,0.9237,0.3405,-0.4762,0.0066,1.2698,0.8941,-0.4400
107.772,0.9238,0.3414,-0.4769,0.0066,1.2702,0.8974,-0.4400
107.784,0.9238,0.3422,-0.4775,0.0066,1.2706,0.9004,-0.4400
107.796,0.9239,0.3429,-0.4780,0.0067,1.2709,0.9030,-0.4400
107.808,0.9239,0.3436,-0.4785,0.0067,1.2711,0.9053,-0.4400
107.820,0.9239,0.3441,-0.4789,0.0067,1.2714,0.9073,-0.4400
107.832,0.9240,0.3446,-0.4792,0.0067,1.2716,0.9091,-0.4400
107.844,0.9240,0.3450,-0.4796,0.0067,1.2717,0.9106,-0.4400
107.856,0.9240,0.3450,-0.4796,0.0067,1.2717,0.9106,-0.4400
107.868,0.9240,0.3456,-0.4796,0.0067,1.2717,0.9106,-0.4400
107.880,0.9240,0.3466,-0.4796,0.0067,1.2717,0.9107,-0.4400
107.892,0.9240,0.3480,-0.4796,0.0067,1.2717,0.9107,-0.4400
107.904,0.9240,0.3497,-0.4796,0.0067,1.2717,0.9107,-0.4400
107.916,0.9240,0.3518,-0.4796,0.0067,1.2718,0.9108,-0.4400
107.928,0.9240,0.3542,-0.4796,0.0067,1.2718,0.9109,-0.4400
107.940,0.9240,0.3568,-0.4796,0.0067,1.2718,0.9109,-0.4400
107.952,0.9240,0.3596,-0.4796,0.0067,1.2718,0.9110,-0.4400
107.964,0.9240,0.3626,-0.4796,0.0067,1.2718,0.9111,-0.4400
107.976,0.9240,0.3657,-0.4797,0.0067,1.2718,0.9112,-0.4400
107.988,0.9240,0.3691,-0.4797,0.0067,1.2718,0.9112,-0.4400
108.000,0.9240,0.3725,-0.4797,0.0067,1.2718,0.9113,-0.4400
108.012,0.9240,0.3761,-0.4797,0.0067,1.2718,0.9114,-0.4400
108.024,0.9240,0.3797,-0.4797,0.0067,1.2718,0.9115,-0.4400
108.036,0.9240,0.3835,-0.4798,0.0067,1.2719,0.9116,-0.4400
108.048,0.9240,0.3873,-0.4798,0.0067,1.2719,0.9117,-0.4400
108.060,0.9240,0.3912,-0.4798,0.0067,1.2719,0.9118,-0.4400
108.072,0.9240,0.3952,-0.4798,0.0067,1.2719,0.9119,-0.4400
108.084,0.9240,0.3992,-0.4798,0.0067,1.2719,0.9120,-0.4400
108.096,0.9240,0.4032,-0.4799,0.0067,1.2719,0.9121,-0.4400
108.108,0.9240,0.4073,-0.4799,0.0067,1.2719,0.9122,-0.4400
108.120,0.9240,0.4114,-0.4799,0.0067,1.2719,0.9124,-0.4400
108.132,0.9240,0.4156,-0.4799,0.0067,1.2719,0.9125,-0.4400
108.144,0.9240,0.4198,-0.4799,0.0067,1.2720,0.9126,-0.4400
108.156,0.9240,0.4240,-0.4800,0.0067,1.2720,0.9127,-0.4400
108.168,0.9240,0.4282,-0.4800,0.0067,1.2720,0.9128,-0.4400
108.180,0.9240,0.4325,-0.4800,0.0067,1.2720,0.9129,-0.4400
108.192,0.9240,0.4368,-0.4800,0.0067,1.2720,0.9130,-0.4400
108.204,0.9240,0.4411,-0.4801,0.0067,1.2720,0.9131,-0.4400
108.216,0.9240,0.4454,-0.4801,0.0067,1.2720,0.9132,-0.4400
108.228,0.9240,0.4497,-0.4801,0.0067,1.2720,0.9133,-0.4400
108.240,0.9240,0.4540,-0.4801,0.0067,1.2721,0.9135,-0.4400
108.252,0.9240,0.4583,-0.4802,0.0067,1.2721,0.9136,-0.4400
108.264,0.9240,0.4627,-0.4802,0.0067,1.2721,0.9137,-0.4400
108.276,0.9240,0.4670,-0.4802,0.0067,1.2721,0.9138,-0.4400
108.288,0.9240,0.4714,-0.4802,0.0067,1.2721,0.9139,-0.4400
108.300,0.9240,0.4757,-0.4802,0.0067,1.2721,0.9140,-0.4400
108.312,0.9240,0.4801,-0.4803,0.0067,1.2721,0.9141,-0.4400
108.324,0.9240,0.4844,-0.4803,0.0067,1.2722,0.9142,-0.4400
108.336,0.9240,0.4888,-0.4803,0.0067,1.2722,0.9144,-0.4400
108.348,0.9240,0.4932,-0.4803,0.0068,1.2722,0.9145,-0.4400
108.360,0.9240,0.4975,-0.4804,0.0068,1.2722,0.9146,-0.4400
108.372,0.9240,0.5019,-0.4804,0.0068,1.2722,0.9147,-0.4400
108.384,0.9240,0.5063,-0.4804,0.0068,1.2722,0.9148,-0.4400
108.396,0.9240,0.5107,-0.4804,0.0068,1.2722,0.9149,-0.4400
108.408,0.9240,0.5151,-0.4805,0.0068,1.2722,0.9150,-0.4400
108.420,0.9240,0.5195,-0.4805,0.0068,1.2723,0.9152,-0.4400
108.432,0.9240,0.5238,-0.4805,0.0068,1.2723,0.9153,-0.4400
108.444,0.9241,0.5282,-0.4805,0.0068,1.2723,0.9154,-0.4400
108.456,0.9241,0.5326,-0.4805,0.0068,1.2723,0.9155,-0.4400
108.468,0.9241,0.5370,-0.4806,0.0068,1.2723,0.9156,-0.4400
108.480,0.9241,0.5414,-0.4806,0.0068,1.2723,0.9157,-0.4400
108.492,0.9241,0.5458,-0.4806,0.0068,1.2723,0.9158,-0.4400
108.504,0.9241,0.5502,-0.4806,0.0068,1.2723,0.9160,-0.4400
108.516,0.9241,0.5546,-0.4807,0.0068,1.2724,0.9161,-0.4400
108.528,0.9241,0.5590,-0.4807,0.0068,1.2724,0.9162,-0.4400
108.540,0.9241,0.5633,-0.4807,0.0068,1.2724,0.9163,-0.4400
108.552,0.9241,0.5677,-0.4807,0.0068,1.2724,0.9164,-0.4400
108.564,0.9241,0.5721,-0.4808,0.0068,1.2724,0.9165,-0.4400
108.576,0.9241,0.5765,-0.4808,0.0068,1.2724,0.9166,-0.4400
108.588,0.9241,0.5809,-0.4808,0.0068,1.2724,0.9168,-0.4400
108.600,0.9241,0.5853,-0.4808,0.0068,1.2725,0.9169,-0.4400
108.612,0.9241,0.5897,-0.4809,0.0068,1.2725,0.9170,-0.4400
108.624,0.9241,0.5941,-0.4809,0.0068,1.2725,0.9171,-0.4400
108.636,0.9241,0.5985,-0.4809,0.0068,1.2725,0.9172,-0.4400
108.648,0.9241,0.6029,-0.4809,0.0068,1.2725,0.9173,-0.4400
108.660,0.9241,0.6073,-0.4809,0.0068,1.2725,0.9174,-0.4400
108.672,0.9241,0.6117,-0.4810,0.0068,1.2725,0.9176,-0.4400
108.684,0.9241,0.6161,-0.4810,0.0068,1.2725,0.9177,-0.4400
108.696,0.9241,0.6205,-0.4810,0.0068,1.2726,0.9178,-0.4400
108.708,0.9241,0.6249,-0.4810,0.0068,1.2726,0.9179,-0.4400
108.720,0.9241,0.6292,-0.4811,0.0068,1.2726,0.9180,-0.4400
108.732,0.9241,0.6336,-0.4811,0.0068,1.2726,0.9181,-0.4400
108.744,0.9241,0.6380,-0.4811,0.0068,1.2726,0.9182,-0.4400
108.756,0.9241,0.6424,-0.4811,0.0068,1.2726,0.9184,-0.4400
108.768,0.9241,0.6468,-0.4812,0.0068,1.2726,0.9185,-0.4400
108.780,0.9241,0.6512,-0.4812,0.0068,1.2726,0.9186,-0.4400
108.792,0.9241,0.6556,-0.4812,0.0068,1.2727,0.9187,-0.4400
108.804,0.9241,0.6600,-0.4812,0.0068,1.2727,0.9188,-0.4400
108.816,0.9241,0.6644,-0.4812,0.0068,1.2727,0.9189,-0.4400
108.828,0.9241,0.6688,-0.4813,0.0068,1.2727,0.9190,-0.4400
108.840,0.9241,0.6732,-0.4813,0.0068,1.2727,0.9192,-0.4400
108.852,0.9241,0.6776,-0.4813,0.0068,1.2727,0.9193,-0.4400
108.864,0.9241,0.6820,-0.4813,0.0068,1.2727,0.9194,-0.4400
108.876,0.9241,0.6864,-0.4814,0.0068,1.2728,0.9195,-0.4400
108.888,0.9241,0.6908,-0.4814,0.0068,1.2728,0.9196,-0.4400
108.900,0.9241,0.6952,-0.4814,0.0068,1.2728,0.9197,-0.4400
108.912,0.9241,0.6996,-0.4814,0.0068,1.2728,0.9198,-0.4400
108.924,0.9241,0.7040,-0.4815,0.0068,1.2728,0.9200,-0.4400
108.936,0.9241,0.7083,-0.4815,0.0068,1.2728,0.9201,-0.4400
108.948,0.9241,0.7127,-0.4815,0.0068,1.2728,0.9202,-0.4400
108.960,0.9241,0.7171,-0.4815,0.0068,1.2728,0.9203,-0.4400
108.972,0.9241,0.7215,-0.4816,0.0068,1.2729,0.9204,-0.4400
108.984,0.9241,0.7259,-0.4816,0.0068,1.2729,0.9205,-0.4400
108.996,0.9241,0.7303,-0.4816,0.0068,1.2729,0.9206,-0.4400
109.008,0.9241,0.7347,-0.4816,0.0068,1.2729,0.9208,-0.4400
109.020,0.9241,0.7391,-0.4816,0.0068,1.2729,0.9209,-0.4400
109.032,0.9241,0.7435,-0.4817,0.0068,1.2729,0.9210,-0.4400
109.044,0.9241,0.7479,-0.4817,0.0068,1.2729,0.9211,-0.4400
109.056,0.9241,0.7523,-0.4817,0.0068,1.2729,0.9212,-0.4400
109.068,0.9241,0.7562,-0.4817,0.0068,1.2730,0.9213,-0.4400
109.080,0.9241,0.7596,-0.4818,0.0068,1.2730,0.9214,-0.4400
109.092,0.9241,0.7626,-0.4818,0.0068,1.2730,0.9215,-0.4400
109.104,0.9241,0.7652,-0.4818,0.0068,1.2730,0.9216,-0.4400
109.116,0.9241,0.7675,-0.4818,0.0068,1.2730,0.9216,-0.4400
109.128,0.9241,0.7696,-0.4818,0.0068,1.2730,0.9217,-0.4400
109.140,0.9241,0.7714,-0.4818,0.0068,1.2730,0.9217,-0.4400
109.152,0.9241,0.7729,-0.4818,0.0068,1.2730,0.9218,-0.4400
109.164,0.9241,0.7743,-0.4818,0.0068,1.2730,0.9218,-0.4395
109.176,0.9241,0.7755,-0.4818,0.0068,1.2730,0.9218,-0.4385
109.188,0.9241,0.7766,-0.4818,0.0068,1.2730,0.9219,-0.4371
109.200,0.9241,0.7776,-0.4818,0.0068,1.2730,0.9219,-0.4353
109.212,0.9241,0.7784,-0.4819,0.0068,1.2730,0.9219,-0.4332
109.224,0.9241,0.7791,-0.4819,0.0068,1.2730,0.9219,-0.4309
109.236,0.9241,0.7798,-0.4819,0.0068,1.2730,0.9219,-0.4283
109.248,0.9242,0.7804,-0.4819,0.0068,1.2730,0.9219,-0.4255
109.260,0.9242,0.7809,-0.4819,0.0068,1.2730,0.9220,-0.4225
109.272,0.9242,0.7813,-0.4819,0.0068,1.2730,0.9220,-0.4193
109.284,0.9242,0.7817,-0.4819,0.0068,1.2730,0.9220,-0.4160
109.296,0.9242,0.7820,-0.4819,0.0068,1.2730,0.9220,-0.4125
109.308,0.9242,0.7823,-0.4819,0.0068,1.2730,0.9220,-0.4089
109.320,0.9242,0.7826,-0.4819,0.0068,1.2730,0.9220,-0.4053
109.332,0.9242,0.7828,-0.4819,0.0068,1.2730,0.9220,-0.4015
109.344,0.9242,0.7830,-0.4819,0.0068,1.2730,0.9220,-0.3977
109.356,0.9242,0.7832,-0.4819,0.0068,1.2730,0.9220,-0.3938
109.368,0.9242,0.7834,-0.4819,0.0068,1.2730,0.9220,-0.3898
109.380,0.9242,0.7835,-0.4819,0.0068,1.2730,0.9220,-0.3858
109.392,0.9242,0.7836,-0.4819,0.0068,1.2730,0.9220,-0.3818
109.404,0.9242,0.7837,-0.4819,0.0068,1.2730,0.9220,-0.3777
109.416,0.9242,0.7838,-0.4819,0.0068,1.2730,0.9220,-0.3735
109.428,0.9242,0.7839,-0.4819,0.0068,1.2730,0.9220,-0.3694
109.440,0.9242,0.7840,-0.4819,0.0068,1.2730,0.9220,-0.3652
109.452,0.9242,0.7841,-0.4819,0.0068,1.2730,0.9220,-0.3609
109.464,0.9242,0.7841,-0.4819,0.0068,1.2730,0.9220,-0.3567
109.476,0.9242,0.7842,-0.4819,0.0068,1.2730,0.9220,-0.3524
109.488,0.9242,0.7842,-0.4819,0.0068,1.2730,0.9220,-0.3482
109.500,0.9242,0.7842,-0.4819,0.0068,1.2730,0.9221,-0.3439
109.512,0.9242,0.7843,-0.4819,0.0068,1.2730,0.9221,-0.3396
109.524,0.9242,0.7843,-0.4819,0.0068,1.2730,0.9221,-0.3353
109.536,0.9242,0.7843,-0.4819,0.0068,1.2730,0.9221,-0.3309
109.548,0.9242,0.7844,-0.4819,0.0068,1.2730,0.9221,-0.3266
109.560,0.9242,0.7844,-0.4819,0.0068,1.2730,0.9221,-0.3222
109.572,0.9242,0.7844,-0.4819,0.0068,1.2730,0.9221,-0.3179
109.584,0.9242,0.7844,-0.4819,0.0068,1.2730,0.9221,-0.3135
109.596,0.9242,0.7844,-0.4819,0.0068,1.2730,0.9221,-0.3092
109.608,0.9242,0.7844,-0.4819,0.0068,1.2730,0.9221,-0.3048
109.620,0.9242,0.7844,-0.4819,0.0068,1.2730,0.9221,-0.3004
109.632,0.9242,0.7845,-0.4819,0.0068,1.2730,0.9221,-0.2961
109.644,0.9242,0.7845,-0.4819,0.0068,1.2730,0.9221,-0.2917
109.656,0.9242,0.7845,-0.4819,0.0068,1.2730,0.9221,-0.2873
109.668,0.9242,0.7845,-0.4819,0.0068,1.2730,0.9221,-0.2829
109.680,0.9242,0.7845,-0.4819,0.0068,1.2730,0.9221,-0.2785
109.692,0.9242,0.7845,-0.4819,0.0068,1.2730,0.9221,-0.2742
109.704,0.9242,0.7845,-0.4819,0.0068,1.2730,0.9221,-0.2698
109.716,0.9242,0.7845,-0.4819,0.0068,1.2730,0.9221,-0.2654
109.728,0.9242,0.7845,-0.4819,0.0068,1.2730,0.9221,-0.2610
109.740,0.9242,0.7845,-0.4819,0.0068,1.2730,0.9221,-0.2566
109.752,0.9242,0.7845,-0.4819,0.0068,1.2730,0.9221,-0.2522
109.764,0.9242,0.7845,-0.4819,0.0068,1.2730,0.9221,-0.2478
109.776,0.9242,0.7845,-0.4819,0.0068,1.2730,0.9221,-0.2434
109.788,0.9242,0.7845,-0.4819,0.0068,1.2730,0.9221,-0.2390
109.800,0.9242,0.7845,-0.4819,0.0068,1.2730,0.9221,-0.2346
109.812,0.9242,0.7845,-0.4819,0.0068,1.2730,0.9221,-0.2302
109.824,0.9242,0.7845,-0.4819,0.0068,1.2730,0.9221,-0.2258
109.836,0.9242,0.7845,-0.4819,0.0068,1.2730,0.9221,-0.2214
109.848,0.9242,0.7845,-0.4819,0.0068,1.2730,0.9221,-0.2170
109.860,0.9242,0.7845,-0.4819,0.0068,1.2730,0.9221,-0.2126
109.872,0.9242,0.7845,-0.4819,0.0068,1.2730,0.9221,-0.2083
109.884,0.9242,0.7845,-0.4819,0.0068,1.2730,0.9221,-0.2039
109.896,0.9242,0.7845,-0.4819,0.0068,1.2730,0.9221,-0.1995
109.908,0.9242,0.7845,-0.4819,0.0068,1.2730,0.9221,-0.1951
109.920,0.9242,0.7845,-0.4819,0.0068,1.2730,0.9221,-0.1907
109.932,0.9242,0.7845,-0.4819,0.0068,1.2730,0.9221,-0.1863
109.944,0.9242,0.7845,-0.4819,0.0068,1.2730,0.9221,-0.1819
109.956,0.9242,0.7845,-0.4819,0.0068,1.2730,0.9221,-0.1775
109.968,0.9242,0.7845,-0.4819,0.0068,1.2730,0.9221,-0.1731
109.980,0.9242,0.7845,-0.4819,0.0068,1.2730,0.9221,-0.1687
109.992,0.9242,0.7845,-0.4819,0.0068,1.2730,0.9221,-0.1643
110.004,0.9242,0.7845,-0.4819,0.0068,1.2730,0.9221,-0.1599
110.016,0.9242,0.7845,-0.4819,0.0068,1.2730,0.9221,-0.1555
110.028,0.9242,0.7845,-0.4819,0.0068,1.2730,0.9221,-0.1511
110.040,0.9242,0.7845,-0.4819,0.0068,1.2730,0.9221,-0.1467
110.052,0.9242,0.7845,-0.4819,0.0068,1.2730,0.9221,-0.1423
110.064,0.9242,0.7845,-0.4819,0.0068,1.2730,0.9221,-0.1379
110.076,0.9242,0.7845,-0.4819,0.0068,1.2730,0.9221,-0.1335
110.088,0.9242,0.7845,-0.4819,0.0068,1.2730,0.9221,-0.1291
110.100,0.9242,0.7845,-0.4819,0.0068,1.2730,0.9221,-0.1247
110.112,0.9242,0.7845,-0.4819,0.0068,1.2730,0.9221,-0.1203
110.124,0.9242,0.7845,-0.4819,0.0068,1.2730,0.9221,-0.1159
110.136,0.9242,0.7845,-0.4819,0.0068,1.2730,0.9221,-0.1115
110.148,0.9242,0.7845,-0.4819,0.0068,1.2730,0.9221,-0.1071
110.160,0.9242,0.7845,-0.4819,0.0068,1.2730,0.9221,-0.1027
110.172,0.9242,0.7845,-0.4819,0.0068,1.2730,0.9221,-0.0983
110.184,0.9242,0.7845,-0.4819,0.0068,1.2730,0.9221,-0.0939
110.196,0.9242,0.7845,-0.4819,0.0068,1.2730,0.9221,-0.0895
110.208,0.9242,0.7845,-0.4819,0.0068,1.2730,0.9221,-0.0851
110.220,0.9242,0.7845,-0.4819,0.0068,1.2730,0.9221,-0.0807
110.232,0.9242,0.7845,-0.4819,0.0068,1.2730,0.9221,-0.0763
110.244,0.9242,0.7845,-0.4819,0.0068,1.2730,0.9221,-0.0719
110.256,0.9242,0.7845,-0.4819,0.0068,1.2730,0.9221,-0.0675
110.268,0.9242,0.7845,-0.4819,0.0068,1.2730,0.9221,-0.0631
110.280,0.9242,0.7845,-0.4819,0.0068,1.2730,0.9221,-0.0587
110.292,0.9242,0.7845,-0.4819,0.0068,1.2730,0.9221,-0.0543
110.304,0.9242,0.7845,-0.4819,0.0068,1.2730,0.9221,-0.0499
110.316,0.9242,0.7845,-0.4819,0.0068,1.2730,0.9221,-0.0455
110.328,0.9242,0.7845,-0.4819,0.0068,1.2730,0.9221,-0.0411
110.340,0.9242,0.7845,-0.4819,0.0068,1.2730,0.9221,-0.0367
110.352,0.9242,0.7845,-0.4819,0.0068,1.2730,0.9221,-0.0323
110.364,0.9242,0.7845,-0.4819,0.0068,1.2730,0.9221,-0.0284
110.376,0.9242,0.7845,-0.4819,0.0068,1.2730,0.9221,-0.0250
110.388,0.9242,0.7845,-0.4819,0.0068,1.2730,0.9221,-0.0220
110.400,0.9242,0.7845,-0.4819,0.0068,1.2730,0.9221,-0.0194
110.412,0.9242,0.7845,-0.4819,0.0068,1.2730,0.9221,-0.0170
110.424,0.9242,0.7840,-0.4819,0.0068,1.2730,0.9221,-0.0150
110.436,0.9242,0.7830,-0.4819,0.0068,1.2730,0.9221,-0.0132
110.448,0.9242,0.7816,-0.4819,0.0068,1.2730,0.9221,-0.0116
110.460,0.9242,0.7799,-0.4819,0.0068,1.2730,0.9221,-0.0102
110.472,0.9242,0.7778,-0.4819,0.0068,1.2730,0.9221,-0.0090
110.484,0.9242,0.7755,-0.4819,0.0068,1.2730,0.9221,-0.0079
110.496,0.9242,0.7729,-0.4819,0.0068,1.2730,0.9221,-0.0070
110.508,0.9242,0.7701,-0.4819,0.0068,1.2730,0.9221,-0.0061
110.520,0.9242,0.7671,-0.4819,0.0068,1.2730,0.9221,-0.0054
110.532,0.9242,0.7640,-0.4819,0.0068,1.2730,0.9221,-0.0047
110.544,0.9242,0.7607,-0.4819,0.0068,1.2730,0.9221,-0.0042
110.556,0.9242,0.7573,-0.4819,0.0068,1.2730,0.9221,-0.0037
110.568,0.9242,0.7537,-0.4819,0.0068,1.2730,0.9221,-0.0032
110.580,0.9242,0.7501,-0.4819,0.0068,1.2730,0.9221,-0.0028
110.592,0.9242,0.7464,-0.4819,0.0068,1.2730,0.9221,-0.0025
110.604,0.9242,0.7426,-0.4819,0.0068,1.2730,0.9221,-0.0022
110.616,0.9242,0.7387,-0.4819,0.0068,1.2730,0.9221,-0.0019
110.628,0.9242,0.7348,-0.4819,0.0068,1.2730,0.9221,-0.0017
110.640,0.9242,0.7308,-0.4819,0.0068,1.2730,0.9221,-0.0015
110.652,0.9242,0.7268,-0.4819,0.0068,1.2730,0.9221,-0.0013
110.664,0.9242,0.7227,-0.4819,0.0068,1.2730,0.9221,-0.0012
110.676,0.9242,0.7186,-0.4819,0.0068,1.2730,0.9221,-0.0010
110.688,0.9242,0.7145,-0.4819,0.0068,1.2730,0.9221,-0.0009
110.700,0.9242,0.7103,-0.4819,0.0068,1.2730,0.9221,-0.0008
110.712,0.9242,0.7061,-0.4819,0.0068,1.2730,0.9221,-0.0007
110.724,0.9242,0.7019,-0.4819,0.0068,1.2730,0.9221,-0.0006
110.736,0.9242,0.6977,-0.4819,0.0068,1.2730,0.9221,-0.0005
110.748,0.9242,0.6935,-0.4819,0.0068,1.2730,0.9221,-0.0005
110.760,0.9242,0.6892,-0.4819,0.0068,1.2730,0.9221,-0.0004
110.772,0.9242,0.6849,-0.4819,0.0068,1.2730,0.9221,-0.0004
110.784,0.9242,0.6807,-0.4819,0.0068,1.2730,0.9221,-0.0003
110.796,0.9242,0.6764,-0.4819,0.0068,1.2730,0.9221,-0.0003
110.808,0.9242,0.6721,-0.4819,0.0068,1.2730,0.9221,-0.0003
110.820,0.9242,0.6678,-0.4819,0.0068,1.2730,0.9221,-0.0002
110.832,0.9242,0.6634,-0.4819,0.0068,1.2730,0.9221,-0.0002
110.844,0.9242,0.6591,-0.4819,0.0068,1.2730,0.9221,-0.0002
110.856,0.9242,0.6548,-0.4819,0.0068,1.2730,0.9221,-0.0002
110.868,0.9242,0.6505,-0.4819,0.0068,1.2730,0.9221,-0.0001
110.880,0.9242,0.6461,-0.4819,0.0068,1.2730,0.9221,-0.0001
110.892,0.9242,0.6418,-0.4819,0.0068,1.2730,0.9221,-0.0001
110.904,0.9242,0.6375,-0.4819,0.0068,1.2730,0.9221,-0.0001
110.916,0.9242,0.6331,-0.4819,0.0068,1.2730,0.9221,-0.0001
110.928,0.9242,0.6288,-0.4819,0.0068,1.2730,0.9221,-0.0001
110.940,0.9242,0.6244,-0.4819,0.0068,1.2730,0.9221,-0.0001
110.952,0.9242,0.6201,-0.4819,0.0068,1.2730,0.9221,-0.0001
110.964,0.9242,0.6157,-0.4819,0.0068,1.2730,0.9221,-0.0000
110.976,0.9242,0.6114,-0.4819,0.0068,1.2730,0.9221,-0.0000
110.988,0.9242,0.6070,-0.4819,0.0068,1.2730,0.9221,-0.0000
111.000,0.9242,0.6027,-0.4819,0.0068,1.2730,0.9221,-0.0000
111.012,0.9242,0.5983,-0.4819,0.0068,1.2730,0.9221,-0.0000
111.024,0.9242,0.5939,-0.4819,0.0068,1.2730,0.9221,-0.0000
111.036,0.9242,0.5896,-0.4819,0.0068,1.2730,0.9221,-0.0000
111.048,0.9242,0.5852,-0.4819,0.0068,1.2730,0.9221,-0.0000
111.060,0.9242,0.5809,-0.4819,0.0068,1.2730,0.9221,-0.0000
111.072,0.9242,0.5765,-0.4819,0.0068,1.2730,0.9221,-0.0000
111.084,0.9242,0.5722,-0.4819,0.0068,1.2730,0.9221,-0.0000
111.096,0.9242,0.5678,-0.4819,0.0068,1.2730,0.9221,-0.0000
111.108,0.9242,0.5634,-0.4819,0.0068,1.2730,0.9221,-0.0000
111.120,0.9242,0.5591,-0.4819,0.0068,1.2730,0.9221,-0.0000
111.132,0.9242,0.5547,-0.4819,0.0068,1.2730,0.9221,-0.0000
111.144,0.9242,0.5503,-0.4819,0.0068,1.2730,0.9221,-0.0000
111.156,0.9242,0.5460,-0.4819,0.0068,1.2730,0.9221,-0.0000
111.168,0.9242,0.5416,-0.4819,0.0068,1.2730,0.9221,-0.0000
111.180,0.9242,0.5373,-0.4819,0.0068,1.2730,0.9221,-0.0000
111.192,0.9242,0.5329,-0.4819,0.0068,1.2730,0.9221,-0.0000
111.204,0.9242,0.5285,-0.4819,0.0068,1.2730,0.9221,-0.0000
111.216,0.9242,0.5242,-0.4819,0.0068,1.2730,0.9221,-0.0000
111.228,0.9242,0.5198,-0.4819,0.0068,1.2730,0.9221,-0.0000
111.240,0.9242,0.5154,-0.4819,0.0068,1.2730,0.9221,-0.0000
111.252,0.9242,0.5111,-0.4819,0.0068,1.2730,0.9221,-0.0000
111.264,0.9242,0.5067,-0.4819,0.0068,1.2730,0.9221,-0.0000
111.276,0.9242,0.5024,-0.4819,0.0068,1.2730,0.9221,-0.0000
111.288,0.9242,0.4980,-0.4819,0.0068,1.2730,0.9221,-0.0000
111.300,0.9242,0.4936,-0.4819,0.0068,1.2730,0.9221,-0.0000
111.312,0.9242,0.4893,-0.4819,0.0068,1.2730,0.9221,-0.0000
111.324,0.9242,0.4849,-0.4819,0.0068,1.2730,0.9221,-0.0000
111.336,0.9242,0.4805,-0.4819,0.0068,1.2730,0.9221,-0.0000
111.348,0.9242,0.4762,-0.4819,0.0068,1.2730,0.9221,-0.0000
111.360,0.9242,0.4718,-0.4819,0.0068,1.2730,0.9221,-0.0000
111.372,0.9242,0.4675,-0.4819,0.0068,1.2730,0.9221,-0.0000
111.384,0.9242,0.4631,-0.4819,0.0068,1.2730,0.9221,-0.0000
111.396,0.9242,0.4587,-0.4819,0.0068,1.2730,0.9221,-0.0000
111.408,0.9242,0.4544,-0.4819,0.0068,1.2730,0.9221,-0.0000
111.420,0.9242,0.4500,-0.4819,0.0068,1.2730,0.9221,-0.0000
111.432,0.9242,0.4456,-0.4819,0.0068,1.2730,0.9221,-0.0000
111.444,0.9242,0.4413,-0.4819,0.0068,1.2730,0.9221,-0.0000
111.456,0.9242,0.4369,-0.4819,0.0068,1.2730,0.9221,-0.0000
111.468,0.9242,0.4326,-0.4819,0.0068,1.2730,0.9221,-0.0000
111.480,0.9242,0.4282,-0.4819,0.0068,1.2730,0.9221,-0.0000
111.492,0.9242,0.4238,-0.4819,0.0068,1.2730,0.9221,-0.0000
111.504,0.9242,0.4195,-0.4819,0.0068,1.2730,0.9221,-0.0000
111.516,0.9242,0.4151,-0.4819,0.0068,1.2730,0.9221,-0.0000
111.528,0.9242,0.4107,-0.4819,0.0068,1.2730,0.9221,-0.0000
111.540,0.9242,0.4064,-0.4819,0.0068,1.2730,0.9221,-0.0000
111.552,0.9242,0.4020,-0.4819,0.0068,1.2730,0.9221,-0.0000
111.564,0.9242,0.3976,-0.4819,0.0068,1.2730,0.9221,-0.0000
111.576,0.9242,0.3933,-0.4819,0.0068,1.2730,0.9221,-0.0000
111.588,0.9242,0.3889,-0.4819,0.0068,1.2730,0.9221,-0.0000
111.600,0.9242,0.3846,-0.4819,0.0068,1.2730,0.9221,-0.0000
111.612,0.9242,0.3802,-0.4819,0.0068,1.2730,0.9221,-0.0000
111.624,0.9242,0.3764,-0.4819,0.0068,1.2730,0.9221,-0.0000
111.636,0.9242,0.3730,-0.4819,0.0068,1.2730,0.9221,-0.0000
111.648,0.9242,0.3700,-0.4819,0.0068,1.2730,0.9221,-0.0000
111.660,0.9242,0.3674,-0.4819,0.0068,1.2730,0.9221,-0.0000
111.672,0.9242,0.3651,-0.4819,0.0068,1.2730,0.9221,-0.0000
111.684,0.9242,0.3631,-0.4819,0.0068,1.2730,0.9221,-0.0000
111.696,0.9242,0.3613,-0.4819,0.0068,1.2730,0.9221,-0.0000
111.708,0.9242,0.3613,-0.4819,0.0068,1.2730,0.9221,-0.0000
111.720,0.9235,0.3613,-0.4819,0.0068,1.2730,0.9221,-0.0000
111.732,0.9222,0.3612,-0.4819,0.0068,1.2730,0.9221,-0.0000
111.744,0.9205,0.3612,-0.4819,0.0068,1.2730,0.9221,-0.0000
111.756,0.9182,0.3612,-0.4819,0.0068,1.2730,0.9221,-0.0000
111.768,0.9156,0.3611,-0.4819,0.0068,1.2730,0.9221,-0.0000
111.780,0.9127,0.3611,-0.4819,0.0068,1.2730,0.9221,-0.0000
111.792,0.9094,0.3611,-0.4819,0.0068,1.2730,0.9221,-0.0000
111.804,0.9058,0.3610,-0.4819,0.0068,1.2730,0.9221,-0.0000
111.816,0.9020,0.3610,-0.4819,0.0068,1.2730,0.9221,-0.0000
111.828,0.8980,0.3609,-0.4819,0.0068,1.2730,0.9221,-0.0000
111.840,0.8939,0.3608,-0.4819,0.0068,1.2730,0.9221,-0.0000
111.852,0.8895,0.3608,-0.4819,0.0068,1.2730,0.9221,-0.0000
111.864,0.8850,0.3607,-0.4819,0.0068,1.2730,0.9221,-0.0000
111.876,0.8804,0.3607,-0.4819,0.0068,1.2730,0.9221,-0.0000
111.888,0.8757,0.3606,-0.4819,0.0068,1.2730,0.9221,-0.0000
111.900,0.8708,0.3605,-0.4819,0.0068,1.2730,0.9221,-0.0000
111.912,0.8659,0.3604,-0.4819,0.0068,1.2730,0.9221,-0.0000
111.924,0.8609,0.3604,-0.4819,0.0068,1.2730,0.9221,-0.0000
111.936,0.8559,0.3603,-0.4819,0.0068,1.2730,0.9221,-0.0000
111.948,0.8508,0.3602,-0.4819,0.0068,1.2730,0.9221,-0.0000
111.960,0.8456,0.3602,-0.4819,0.0068,1.2730,0.9221,-0.0000
111.972,0.8404,0.3601,-0.4819,0.0068,1.2730,0.9221,-0.0000
111.984,0.8351,0.3600,-0.4819,0.0068,1.2730,0.9221,-0.0000
111.996,0.8298,0.3599,-0.4819,0.0068,1.2730,0.9221,-0.0000
112.008,0.8245,0.3599,-0.4819,0.0068,1.2730,0.9221,-0.0000
112.020,0.8192,0.3598,-0.4819,0.0068,1.2730,0.9221,-0.0000
112.032,0.8138,0.3597,-0.4819,0.0068,1.2730,0.9221,-0.0000
112.044,0.8084,0.3596,-0.4819,0.0068,1.2730,0.9221,-0.0000
112.056,0.8030,0.3596,-0.4819,0.0068,1.2730,0.9221,-0.0000
112.068,0.7976,0.3595,-0.4819,0.0068,1.2730,0.9221,-0.0000
112.080,0.7921,0.3594,-0.4819,0.0068,1.2730,0.9221,-0.0000
112.092,0.7867,0.3593,-0.4819,0.0068,1.2730,0.9221,-0.0000
112.104,0.7812,0.3592,-0.4819,0.0068,1.2730,0.9221,-0.0000
112.116,0.7758,0.3592,-0.4819,0.0068,1.2730,0.9221,-0.0000
112.128,0.7703,0.3591,-0.4819,0.0068,1.2730,0.9221,-0.0000
112.140,0.7648,0.3590,-0.4819,0.0068,1.2730,0.9221,-0.0000
112.152,0.7593,0.3589,-0.4819,0.0068,1.2730,0.9221,-0.0000
112.164,0.7538,0.3589,-0.4819,0.0068,1.2730,0.9221,-0.0000
112.176,0.7483,0.3588,-0.4819,0.0068,1.2730,0.9221,-0.0000
112.188,0.7428,0.3587,-0.4819,0.0068,1.2730,0.9221,-0.0000
112.200,0.7373,0.3586,-0.4819,0.0068,1.2730,0.9221,-0.0000
112.212,0.7317,0.3585,-0.4819,0.0068,1.2730,0.9221,-0.0000
112.224,0.7262,0.3585,-0.4819,0.0068,1.2730,0.9221,-0.0000
112.236,0.7207,0.3584,-0.4819,0.0068,1.2730,0.9221,-0.0000
112.248,0.7152,0.3583,-0.4819,0.0068,1.2730,0.9221,-0.0000
112.260,0.7096,0.3582,-0.4819,0.0068,1.2730,0.9221,-0.0000
112.272,0.7041,0.3582,-0.4819,0.0068,1.2730,0.9221,-0.0000
112.284,0.6986,0.3581,-0.4819,0.0068,1.2730,0.9221,-0.0000
112.296,0.6930,0.3580,-0.4819,0.0068,1.2730,0.9221,-0.0000
112.308,0.6875,0.3579,-0.4819,0.0068,1.2730,0.9221,-0.0000
112.320,0.6820,0.3578,-0.4819,0.0068,1.2730,0.9221,-0.0000
112.332,0.6764,0.3578,-0.4819,0.0068,1.2730,0.9221,-0.0000
112.344,0.6709,0.3577,-0.4819,0.0068,1.2730,0.9221,-0.0000
112.356,0.6653,0.3576,-0.4819,0.0068,1.2730,0.9221,-0.0000
112.368,0.6598,0.3575,-0.4819,0.0068,1.2730,0.9221,-0.0000
112.380,0.6543,0.3575,-0.4819,0.0068,1.2730,0.9221,-0.0000
112.392,0.6487,0.3574,-0.4819,0.0068,1.2730,0.9221,-0.0000
112.404,0.6432,0.3573,-0.4819,0.0068,1.2730,0.9221,-0.0000
112.416,0.6376,0.3572,-0.4819,0.0068,1.2730,0.9221,-0.0000
112.428,0.6321,0.3571,-0.4819,0.0068,1.2730,0.9221,-0.0000
112.440,0.6266,0.3571,-0.4819,0.0068,1.2730,0.9221,-0.0000
112.452,0.6210,0.3570,-0.4819,0.0068,1.2730,0.9221,-0.0000
112.464,0.6155,0.3569,-0.4819,0.0068,1.2730,0.9221,-0.0000
112.476,0.6099,0.3568,-0.4819,0.0068,1.2730,0.9221,-0.0000
112.488,0.6044,0.3567,-0.4819,0.0068,1.2730,0.9221,-0.0000
112.500,0.5988,0.3567,-0.4819,0.0068,1.2730,0.9221,-0.0000
112.512,0.5933,0.3566,-0.4819,0.0068,1.2730,0.9221,-0.0000
112.524,0.5878,0.3565,-0.4819,0.0068,1.2730,0.9221,-0.0000
112.536,0.5822,0.3564,-0.4819,0.0068,1.2730,0.9221,-0.0000
112.548,0.5767,0.3564,-0.4819,0.0068,1.2730,0.9221,-0.0000
112.560,0.5711,0.3563,-0.4819,0.0068,1.2730,0.9221,-0.0000
112.572,0.5656,0.3562,-0.4819,0.0068,1.2730,0.9221,-0.0000
112.584,0.5600,0.3561,-0.4819,0.0068,1.2730,0.9221,-0.0000
112.596,0.5545,0.3560,-0.4819,0.0068,1.2730,0.9221,-0.0000
112.608,0.5489,0.3560,-0.4819,0.0068,1.2730,0.9221,-0.0000
112.620,0.5434,0.3559,-0.4819,0.0068,1.2730,0.9221,-0.0000
112.632,0.5379,0.3558,-0.4819,0.0068,1.2730,0.9221,-0.0000
112.644,0.5323,0.3557,-0.4819,0.0068,1.2730,0.9221,-0.0000
112.656,0.5268,0.3556,-0.4819,0.0068,1.2730,0.9221,-0.0000
112.668,0.5212,0.3556,-0.4819,0.0068,1.2730,0.9221,-0.0000
112.680,0.5157,0.3555,-0.4819,0.0068,1.2730,0.9221,-0.0000
112.692,0.5101,0.3554,-0.4819,0.0068,1.2730,0.9221,-0.0000
112.704,0.5046,0.3553,-0.4819,0.0068,1.2730,0.9221,-0.0000
112.716,0.4990,0.3553,-0.4819,0.0068,1.2730,0.9221,-0.0000
112.728,0.4935,0.3552,-0.4819,0.0068,1.2730,0.9221,-0.0000
112.740,0.4880,0.3551,-0.4819,0.0068,1.2730,0.9221,-0.0000
112.752,0.4824,0.3550,-0.4819,0.0068,1.2730,0.9221,-0.0000
112.764,0.4769,0.3549,-0.4819,0.0068,1.2730,0.9221,-0.0000
112.776,0.4713,0.3549,-0.4819,0.0068,1.2730,0.9221,-0.0000
112.788,0.4658,0.3548,-0.4819,0.0068,1.2730,0.9221,-0.0000
112.800,0.4602,0.3547,-0.4819,0.0068,1.2730,0.9221,-0.0000
112.812,0.4547,0.3546,-0.4819,0.0068,1.2730,0.9221,-0.0000
112.824,0.4491,0.3545,-0.4819,0.0068,1.2730,0.9221,-0.0000
112.836,0.4436,0.3545,-0.4819,0.0068,1.2730,0.9221,-0.0000
112.848,0.4380,0.3544,-0.4819,0.0068,1.2730,0.9221,-0.0000
112.860,0.4325,0.3543,-0.4819,0.0068,1.2730,0.9221,-0.0000
112.872,0.4270,0.3542,-0.4819,0.0068,1.2730,0.9221,-0.0000
112.884,0.4214,0.3542,-0.4819,0.0068,1.2730,0.9221,-0.0000
112.896,0.4159,0.3541,-0.4819,0.0068,1.2730,0.9221,-0.0000
112.908,0.4103,0.3540,-0.4819,0.0068,1.2730,0.9221,-0.0000
112.920,0.4048,0.3539,-0.4819,0.0068,1.2730,0.9221,-0.0000
112.932,0.3992,0.3538,-0.4819,0.0068,1.2730,0.9221,-0.0000
112.944,0.3937,0.3538,-0.4819,0.0068,1.2730,0.9221,-0.0000
112.956,0.3881,0.3537,-0.4819,0.0068,1.2730,0.9221,-0.0000
112.968,0.3826,0.3536,-0.4819,0.0068,1.2730,0.9221,-0.0000
112.980,0.3771,0.3535,-0.4819,0.0068,1.2730,0.9221,-0.0000
112.992,0.3715,0.3534,-0.4819,0.0068,1.2730,0.9221,-0.0000
113.004,0.3660,0.3534,-0.4819,0.0068,1.2730,0.9221,-0.0000
113.016,0.3604,0.3533,-0.4819,0.0068,1.2730,0.9221,-0.0000
113.028,0.3549,0.3532,-0.4819,0.0068,1.2730,0.9221,-0.0000
113.040,0.3493,0.3531,-0.4819,0.0068,1.2730,0.9221,-0.0000
113.052,0.3438,0.3531,-0.4819,0.0068,1.2730,0.9221,-0.0000
113.064,0.3382,0.3530,-0.4819,0.0068,1.2730,0.9221,-0.0000
113.076,0.3327,0.3529,-0.4819,0.0068,1.2730,0.9221,-0.0000
113.088,0.3271,0.3528,-0.4819,0.0068,1.2730,0.9221,-0.0000
113.100,0.3216,0.3527,-0.4819,0.0068,1.2730,0.9221,-0.0000
113.112,0.3161,0.3527,-0.4819,0.0068,1.2730,0.9221,-0.0000
113.124,0.3105,0.3526,-0.4819,0.0068,1.2730,0.9221,-0.0000
113.136,0.3050,0.3525,-0.4819,0.0068,1.2730,0.9221,-0.0000
113.148,0.2994,0.3524,-0.4819,0.0068,1.2730,0.9221,-0.0000
113.160,0.2939,0.3524,-0.4819,0.0068,1.2730,0.9221,-0.0000
113.172,0.2883,0.3523,-0.4819,0.0068,1.2730,0.9221,-0.0000
113.184,0.2828,0.3522,-0.4819,0.0068,1.2730,0.9221,-0.0000
113.196,0.2772,0.3521,-0.4819,0.0068,1.2730,0.9221,-0.0000
113.208,0.2717,0.3520,-0.4819,0.0068,1.2730,0.9221,-0.0000
113.220,0.2662,0.3520,-0.4819,0.0068,1.2730,0.9221,-0.0000
113.232,0.2606,0.3519,-0.4819,0.0068,1.2730,0.9221,-0.0000
113.244,0.2551,0.3518,-0.4819,0.0068,1.2730,0.9221,-0.0000
113.256,0.2495,0.3517,-0.4819,0.0068,1.2730,0.9221,-0.0000
113.268,0.2440,0.3516,-0.4819,0.0068,1.2730,0.9221,-0.0000
113.280,0.2384,0.3516,-0.4819,0.0068,1.2730,0.9221,-0.0000
113.292,0.2329,0.3515,-0.4819,0.0068,1.2730,0.9221,-0.0000
113.304,0.2273,0.3514,-0.4819,0.0068,1.2730,0.9221,-0.0000
113.316,0.2218,0.3513,-0.4819,0.0068,1.2730,0.9221,-0.0000
113.328,0.2163,0.3513,-0.4819,0.0068,1.2730,0.9221,-0.0000
113.340,0.2107,0.3512,-0.4819,0.0068,1.2730,0.9221,-0.0000
113.352,0.2052,0.3511,-0.4819,0.0068,1.2730,0.9221,-0.0000
113.364,0.1996,0.3510,-0.4819,0.0068,1.2730,0.9221,-0.0000
113.376,0.1941,0.3509,-0.4819,0.0068,1.2730,0.9221,-0.0000
113.388,0.1885,0.3509,-0.4819,0.0068,1.2730,0.9221,-0.0000
113.400,0.1830,0.3508,-0.4819,0.0068,1.2730,0.9221,-0.0000
113.412,0.1774,0.3507,-0.4819,0.0068,1.2730,0.9221,-0.0000
113.424,0.1719,0.3506,-0.4819,0.0068,1.2730,0.9221,-0.0000
113.436,0.1663,0.3505,-0.4819,0.0068,1.2730,0.9221,-0.0000
113.448,0.1608,0.3505,-0.4819,0.0068,1.2730,0.9221,-0.0000
113.460,0.1553,0.3504,-0.4819,0.0068,1.2730,0.9221,-0.0000
113.472,0.1497,0.3503,-0.4819,0.0068,1.2730,0.9221,-0.0000
113.484,0.1442,0.3502,-0.4819,0.0068,1.2730,0.9221,-0.0000
113.496,0.1386,0.3502,-0.4819,0.0068,1.2730,0.9221,-0.0000
113.508,0.1331,0.3501,-0.4819,0.0068,1.2730,0.9221,-0.0000
113.520,0.1275,0.3500,-0.4819,0.0068,1.2730,0.9221,-0.0000
113.532,0.1220,0.3499,-0.4819,0.0068,1.2730,0.9221,-0.0000
113.544,0.1164,0.3498,-0.4819,0.0068,1.2730,0.9221,-0.0000
113.556,0.1109,0.3498,-0.4819,0.0068,1.2730,0.9221,-0.0000
113.568,0.1054,0.3497,-0.4819,0.0068,1.2730,0.9221,-0.0000
113.580,0.0998,0.3496,-0.4819,0.0068,1.2730,0.9221,-0.0000
113.592,0.0943,0.3495,-0.4819,0.0068,1.2730,0.9221,-0.0000
113.604,0.0887,0.3494,-0.4819,0.0068,1.2730,0.9221,-0.0000
113.616,0.0832,0.3494,-0.4819,0.0068,1.2730,0.9221,-0.0000
113.628,0.0776,0.3493,-0.4819,0.0068,1.2730,0.9221,-0.0000
113.640,0.0721,0.3492,-0.4819,0.0068,1.2730,0.9221,-0.0000
113.652,0.0665,0.3491,-0.4819,0.0068,1.2730,0.9221,-0.0000
113.664,0.0610,0.3491,-0.4819,0.0068,1.2730,0.9221,-0.0000
113.676,0.0554,0.3490,-0.4819,0.0068,1.2730,0.9221,-0.0000
113.688,0.0499,0.3489,-0.4819,0.0068,1.2730,0.9221,-0.0000
113.700,0.0444,0.3488,-0.4819,0.0068,1.2730,0.9221,-0.0000
113.712,0.0390,0.3487,-0.4819,0.0068,1.2730,0.9221,-0.0000
113.724,0.0344,0.3487,-0.4819,0.0068,1.2730,0.9221,-0.0000
113.736,0.0302,0.3486,-0.4819,0.0068,1.2730,0.9221,-0.0000
113.748,0.0266,0.3486,-0.4819,0.0068,1.2730,0.9221,-0.0000
113.760,0.0234,0.3485,-0.4819,0.0068,1.2730,0.9221,-0.0000
113.772,0.0206,0.3485,-0.4819,0.0068,1.2730,0.9221,-0.0000
113.784,0.0181,0.3484,-0.4819,0.0068,1.2730,0.9221,-0.0000
113.796,0.0160,0.3484,-0.4819,0.0068,1.2730,0.9221,-0.0000
113.808,0.0140,0.3484,-0.4819,0.0068,1.2730,0.9221,-0.0000
113.820,0.0140,0.3484,-0.4819,0.0068,1.2730,0.9221,-0.0000
113.832,0.0140,0.3481,-0.4815,0.0068,1.2721,0.9214,-0.0000
113.844,0.0140,0.3477,-0.4809,0.0068,1.2704,0.9201,-0.0000
113.856,0.0140,0.3470,-0.4800,0.0068,1.2680,0.9184,-0.0000
113.868,0.0139,0.3462,-0.4788,0.0068,1.2649,0.9162,-0.0000
113.880,0.0139,0.3452,-0.4774,0.0067,1.2613,0.9136,-0.0000
113.892,0.0139,0.3441,-0.4759,0.0067,1.2572,0.9106,-0.0000
113.904,0.0138,0.3428,-0.4742,0.0067,1.2527,0.9073,-0.0000
113.916,0.0138,0.3415,-0.4723,0.0067,1.2478,0.9038,-0.0000
113.928,0.0137,0.3401,-0.4704,0.0066,1.2426,0.9000,-0.0000
113.940,0.0136,0.3385,-0.4683,0.0066,1.2371,0.8960,-0.0000
113.952,0.0136,0.3370,-0.4661,0.0066,1.2313,0.8918,-0.0000
113.964,0.0135,0.3353,-0.4638,0.0066,1.2253,0.8875,-0.0000
113.976,0.0134,0.3336,-0.4615,0.0065,1.2191,0.8830,-0.0000
113.988,0.0134,0.3319,-0.4591,0.0065,1.2128,0.8784,-0.0000
114.000,0.0133,0.3301,-0.4566,0.0064,1.2063,0.8737,-0.0000
114.012,0.0132,0.3283,-0.4541,0.0064,1.1996,0.8689,-0.0000
114.024,0.0132,0.3264,-0.4515,0.0064,1.1928,0.8640,-0.0000
114.036,0.0131,0.3246,-0.4489,0.0063,1.1860,0.8590,-0.0000
114.048,0.0130,0.3227,-0.4463,0.0063,1.1790,0.8539,-0.0000
114.060,0.0129,0.3207,-0.4436,0.0063,1.1719,0.8488,-0.0000
114.072,0.0128,0.3188,-0.4409,0.0062,1.1648,0.8437,-0.0000
114.084,0.0128,0.3168,-0.4382,0.0062,1.1577,0.8385,-0.0000
114.096,0.0127,0.3148,-0.4355,0.0062,1.1504,0.8332,-0.0000
114.108,0.0126,0.3128,-0.4327,0.0061,1.1431,0.8280,-0.0000
114.120,0.0125,0.3108,-0.4299,0.0061,1.1358,0.8227,-0.0000
114.132,0.0124,0.3088,-0.4272,0.0060,1.1284,0.8173,-0.0000
114.144,0.0124,0.3068,-0.4244,0.0060,1.1210,0.8120,-0.0000
114.156,0.0123,0.3048,-0.4215,0.0060,1.1136,0.8066,-0.0000
114.168,0.0122,0.3027,-0.4187,0.0059,1.1062,0.8012,-0.0000
114.180,0.0121,0.3007,-0.4159,0.0059,1.0987,0.7958,-0.0000
114.192,0.0120,0.2986,-0.4131,0.0058,1.0912,0.7904,-0.0000
114.204,0.0120,0.2966,-0.4102,0.0058,1.0837,0.7849,-0.0000
114.216,0.0119,0.2945,-0.4074,0.0058,1.0762,0.7795,-0.0000
114.228,0.0118,0.2925,-0.4045,0.0057,1.0686,0.7740,-0.0000
114.240,0.0117,0.2904,-0.4017,0.0057,1.0611,0.7685,-0.0000
114.252,0.0116,0.2883,-0.3988,0.0056,1.0535,0.7631,-0.0000
114.264,0.0115,0.2862,-0.3959,0.0056,1.0459,0.7576,-0.0000
114.276,0.0115,0.2842,-0.3931,0.0056,1.0384,0.7521,-0.0000
114.288,0.0114,0.2821,-0.3902,0.0055,1.0308,0.7466,-0.0000
114.300,0.0113,0.2800,-0.3873,0.0055,1.0232,0.7411,-0.0000
114.312,0.0112,0.2779,-0.3844,0.0054,1.0156,0.7356,-0.0000
114.324,0.0111,0.2759,-0.3816,0.0054,1.0080,0.7301,-0.0000
114.336,0.0110,0.2738,-0.3787,0.0053,1.0004,0.7246,-0.0000
114.348,0.0109,0.2717,-0.3758,0.0053,0.9928,0.7191,-0.0000
114.360,0.0109,0.2696,-0.3729,0.0053,0.9852,0.7135,-0.0000
114.372,0.0108,0.2675,-0.3700,0.0052,0.9775,0.7080,-0.0000
114.384,0.0107,0.2654,-0.3671,0.0052,0.9699,0.7025,-0.0000
114.396,0.0106,0.2634,-0.3643,0.0051,0.9623,0.6970,-0.0000
114.408,0.0105,0.2613,-0.3614,0.0051,0.9547,0.6915,-0.0000
114.420,0.0104,0.2592,-0.3585,0.0051,0.9471,0.6859,-0.0000
114.432,0.0104,0.2571,-0.3556,0.0050,0.9394,0.6804,-0.0000
114.444,0.0103,0.2550,-0.3527,0.0050,0.9318,0.6749,-0.0000
114.456,0.0102,0.2529,-0.3498,0.0049,0.9242,0.6694,-0.0000
114.468,0.0101,0.2508,-0.3469,0.0049,0.9165,0.6638,-0.0000
114.480,0.0100,0.2487,-0.3440,0.0049,0.9089,0.6583,-0.0000
114.492,0.0099,0.2466,-0.3412,0.0048,0.9013,0.6528,-0.0000
114.504,0.0099,0.2446,-0.3383,0.0048,0.8936,0.6473,-0.0000
114.516,0.0098,0.2425,-0.3354,0.0047,0.8860,0.6417,-0.0000
114.528,0.0097,0.2404,-0.3325,0.0047,0.8784,0.6362,-0.0000
114.540,0.0096,0.2383,-0.3296,0.0047,0.8707,0.6307,-0.0000
114.552,0.0095,0.2362,-0.3267,0.0046,0.8631,0.6251,-0.0000
114.564,0.0094,0.2341,-0.3238,0.0046,0.8555,0.6196,-0.0000
114.576,0.0093,0.2320,-0.3209,0.0045,0.8478,0.6141,-0.0000
114.588,0.0093,0.2299,-0.3180,0.0045,0.8402,0.6085,-0.0000
114.600,0.0092,0.2278,-0.3151,0.0045,0.8326,0.6030,-0.0000
114.612,0.0091,0.2258,-0.3123,0.0044,0.8249,0.5975,-0.0000
114.624,0.0090,0.2237,-0.3094,0.0044,0.8173,0.5920,-0.0000
114.636,0.0089,0.2216,-0.3065,0.0043,0.8096,0.5864,-0.0000
114.648,0.0088,0.2195,-0.3036,0.0043,0.8020,0.5809,-0.0000
114.660,0.0088,0.2174,-0.3007,0.0042,0.7944,0.5754,-0.0000
114.672,0.0087,0.2153,-0.2978,0.0042,0.7867,0.5698,-0.0000
114.684,0.0086,0.2132,-0.2949,0.0042,0.7791,0.5643,-0.0000
114.696,0.0085,0.2111,-0.2920,0.0041,0.7715,0.5588,-0.0000
114.708,0.0084,0.2090,-0.2891,0.0041,0.7638,0.5532,-0.0000
114.720,0.0083,0.2069,-0.2862,0.0040,0.7562,0.5477,-0.0000
114.732,0.0083,0.2049,-0.2833,0.0040,0.7485,0.5422,-0.0000
114.744,0.0082,0.2028,-0.2805,0.0040,0.7409,0.5366,-0.0000
114.756,0.0081,0.2007,-0.2776,0.0039,0.7333,0.5311,-0.0000
114.768,0.0080,0.1986,-0.2747,0.0039,0.7256,0.5256,-0.0000
114.780,0.0079,0.1965,-0.2718,0.0038,0.7180,0.5200,-0.0000
114.792,0.0078,0.1944,-0.2689,0.0038,0.7104,0.5145,-0.0000
114.804,0.0077,0.1923,-0.2660,0.0038,0.7027,0.5090,-0.0000
114.816,0.0077,0.1902,-0.2631,0.0037,0.6951,0.5034,-0.0000
114.828,0.0076,0.1881,-0.2602,0.0037,0.6874,0.4979,-0.0000
114.840,0.0075,0.1860,-0.2573,0.0036,0.6798,0.4924,-0.0000
114.852,0.0074,0.1840,-0.2544,0.0036,0.6722,0.4868,-0.0000
114.864,0.0073,0.1819,-0.2515,0.0036,0.6645,0.4813,-0.0000
114.876,0.0072,0.1798,-0.2487,0.0035,0.6569,0.4758,-0.0000
114.888,0.0072,0.1777,-0.2458,0.0035,0.6493,0.4702,-0.0000
114.900,0.0071,0.1756,-0.2429,0.0034,0.6416,0.4647,-0.0000
114.912,0.0070,0.1735,-0.2400,0.0034,0.6340,0.4592,-0.0000
114.924,0.0069,0.1714,-0.2371,0.0033,0.6263,0.4537,-0.0000
114.936,0.0068,0.1693,-0.2342,0.0033,0.6187,0.4481,-0.0000
114.948,0.0067,0.1672,-0.2313,0.0033,0.6111,0.4426,-0.0000
114.960,0.0067,0.1651,-0.2284,0.0032,0.6034,0.4371,-0.0000
114.972,0.0066,0.1630,-0.2255,0.0032,0.5958,0.4315,-0.0000
114.984,0.0065,0.1610,-0.2226,0.0031,0.5881,0.4260,-0.0000
114.996,0.0064,0.1589,-0.2197,0.0031,0.5805,0.4205,-0.0000
115.008,0.0063,0.1568,-0.2168,0.0031,0.5729,0.4149,-0.0000
115.020,0.0062,0.1547,-0.2140,0.0030,0.5652,0.4094,-0.0000
115.032,0.0061,0.1526,-0.2111,0.0030,0.5576,0.4039,-0.0000
115.044,0.0061,0.1505,-0.2082,0.0029,0.5500,0.3983,-0.0000
115.056,0.0060,0.1484,-0.2053,0.0029,0.5423,0.3928,-0.0000
115.068,0.0059,0.1463,-0.2024,0.0029,0.5347,0.3873,-0.0000
115.080,0.0058,0.1442,-0.1995,0.0028,0.5270,0.3817,-0.0000
115.092,0.0057,0.1421,-0.1966,0.0028,0.5194,0.3762,-0.0000
115.104,0.0056,0.1401,-0.1937,0.0027,0.5118,0.3707,-0.0000
115.116,0.0056,0.1380,-0.1908,0.0027,0.5041,0.3651,-0.0000
115.128,0.0055,0.1359,-0.1879,0.0027,0.4965,0.3596,-0.0000
115.140,0.0054,0.1338,-0.1850,0.0026,0.4888,0.3541,-0.0000
115.152,0.0053,0.1317,-0.1822,0.0026,0.4812,0.3485,-0.0000
115.164,0.0052,0.1296,-0.1793,0.0025,0.4736,0.3430,-0.0000
115.176,0.0051,0.1275,-0.1764,0.0025,0.4659,0.3375,-0.0000
115.188,0.0051,0.1254,-0.1735,0.0025,0.4583,0.3319,-0.0000
115.200,0.0050,0.1233,-0.1706,0.0024,0.4507,0.3264,-0.0000
115.212,0.0049,0.1212,-0.1677,0.0024,0.4430,0.3209,-0.0000
115.224,0.0048,0.1192,-0.1648,0.0023,0.4354,0.3153,-0.0000
115.236,0.0047,0.1171,-0.1619,0.0023,0.4277,0.3098,-0.0000
115.248,0.0046,0.1150,-0.1590,0.0022,0.4201,0.3043,-0.0000
115.260,0.0045,0.1129,-0.1561,0.0022,0.4125,0.2987,-0.0000
115.272,0.0045,0.1108,-0.1532,0.0022,0.4048,0.2932,-0.0000
115.284,0.0044,0.1087,-0.1503,0.0021,0.3972,0.2877,-0.0000
115.296,0.0043,0.1066,-0.1475,0.0021,0.3896,0.2821,-0.0000
115.308,0.0042,0.1045,-0.1446,0.0020,0.3819,0.2766,-0.0000
115.320,0.0041,0.1024,-0.1417,0.0020,0.3743,0.2711,-0.0000
115.332,0.0040,0.1003,-0.1388,0.0020,0.3666,0.2656,-0.0000
115.344,0.0040,0.0982,-0.1359,0.0019,0.3590,0.2600,-0.0000
115.356,0.0039,0.0962,-0.1330,0.0019,0.3514,0.2545,-0.0000
115.368,0.0038,0.0941,-0.1301,0.0018,0.3437,0.2490,-0.0000
115.380,0.0037,0.0920,-0.1272,0.0018,0.3361,0.2434,-0.0000
115.392,0.0036,0.0899,-0.1243,0.0018,0.3284,0.2379,-0.0000
115.404,0.0035,0.0878,-0.1214,0.0017,0.3208,0.2324,-0.0000
115.416,0.0035,0.0857,-0.1185,0.0017,0.3132,0.2268,-0.0000
115.428,0.0034,0.0836,-0.1157,0.0016,0.3055,0.2213,-0.0000
115.440,0.0033,0.0815,-0.1128,0.0016,0.2979,0.2158,-0.0000
115.452,0.0032,0.0794,-0.1099,0.0016,0.2903,0.2102,-0.0000
115.464,0.0031,0.0773,-0.1070,0.0015,0.2826,0.2047,-0.0000
115.476,0.0030,0.0753,-0.1041,0.0015,0.2750,0.1992,-0.0000
115.488,0.0029,0.0732,-0.1012,0.0014,0.2673,0.1936,-0.0000
115.500,0.0029,0.0711,-0.0983,0.0014,0.2597,0.1881,-0.0000
115.512,0.0028,0.0690,-0.0954,0.0013,0.2521,0.1826,-0.0000
115.524,0.0027,0.0669,-0.0925,0.0013,0.2444,0.1770,-0.0000
115.536,0.0026,0.0648,-0.0896,0.0013,0.2368,0.1715,-0.0000
115.548,0.0025,0.0627,-0.0867,0.0012,0.2291,0.1660,-0.0000
115.560,0.0024,0.0606,-0.0838,0.0012,0.2215,0.1604,-0.0000
115.572,0.0024,0.0585,-0.0810,0.0011,0.2139,0.1549,-0.0000
115.584,0.0023,0.0564,-0.0781,0.0011,0.2062,0.1494,-0.0000
115.596,0.0022,0.0543,-0.0752,0.0011,0.1986,0.1438,-0.0000
115.608,0.0021,0.0523,-0.0723,0.0010,0.1910,0.1383,-0.0000
115.620,0.0020,0.0502,-0.0694,0.0010,0.1833,0.1328,-0.0000
115.632,0.0019,0.0481,-0.0665,0.0009,0.1757,0.1272,-0.0000
115.644,0.0019,0.0460,-0.0636,0.0009,0.1680,0.1217,-0.0000
115.656,0.0018,0.0439,-0.0607,0.0009,0.1604,0.1162,-0.0000
115.668,0.0017,0.0418,-0.0578,0.0008,0.1528,0.1106,-0.0000
115.680,0.0016,0.0397,-0.0549,0.0008,0.1451,0.1051,-0.0000
115.692,0.0015,0.0376,-0.0520,0.0007,0.1375,0.0996,-0.0000
115.704,0.0014,0.0355,-0.0492,0.0007,0.1299,0.0940,-0.0000
115.716,0.0013,0.0334,-0.0463,0.0007,0.1222,0.0885,-0.0000
115.728,0.0013,0.0314,-0.0434,0.0006,0.1146,0.0830,-0.0000
115.740,0.0012,0.0293,-0.0405,0.0006,0.1069,0.0775,-0.0000
115.752,0.0011,0.0272,-0.0376,0.0005,0.0993,0.0719,-0.0000
115.764,0.0010,0.0251,-0.0347,0.0005,0.0917,0.0664,-0.0000
115.776,0.0009,0.0230,-0.0318,0.0004,0.0840,0.0609,-0.0000
115.788,0.0008,0.0209,-0.0289,0.0004,0.0764,0.0553,-0.0000
115.800,0.0008,0.0188,-0.0260,0.0004,0.0687,0.0498,-0.0000
115.812,0.0007,0.0167,-0.0231,0.0003,0.0611,0.0443,-0.0000
115.824,0.0006,0.0147,-0.0204,0.0003,0.0538,0.0389,-0.0000
115.836,0.0005,0.0130,-0.0179,0.0003,0.0473,0.0343,-0.0000
115.848,0.0005,0.0114,-0.0158,0.0002,0.0416,0.0302,-0.0000
115.860,0.0004,0.0100,-0.0139,0.0002,0.0366,0.0265,-0.0000
115.872,0.0004,0.0088,-0.0122,0.0002,0.0322,0.0234,-0.0000
115.884,0.0003,0.0078,-0.0107,0.0002,0.0284,0.0206,-0.0000
115.896,0.0003,0.0068,-0.0095,0.0001,0.0250,0.0181,-0.0000
115.908,0.0002,0.0060,-0.0083,0.0001,0.0220,0.0159,-0.0000
115.920,0.0002,0.0053,-0.0073,0.0001,0.0193,0.0140,-0.0000
115.932,0.0002,0.0047,-0.0064,0.0001,0.0170,0.0123,-0.0000
115.944,0.0002,0.0041,-0.0057,0.0001,0.0150,0.0108,-0.0000
115.956,0.0001,0.0036,-0.0050,0.0001,0.0132,0.0095,-0.0000
115.968,0.0001,0.0032,-0.0044,0.0001,0.0116,0.0084,-0.0000
115.980,0.0001,0.0028,-0.0039,0.0001,0.0102,0.0074,-0.0000
115.992,0.0001,0.0025,-0.0034,0.0000,0.0090,0.0065,-0.0000
116.004,0.0001,0.0022,-0.0030,0.0000,0.0079,0.0057,-0.0000
116.016,0.0001,0.0019,-0.0026,0.0000,0.0070,0.0050,-0.0000
116.028,0.0001,0.0017,-0.0023,0.0000,0.0061,0.0044,-0.0000
116.040,0.0001,0.0015,-0.0020,0.0000,0.0054,0.0039,-0.0000
116.052,0.0001,0.0013,-0.0018,0.0000,0.0047,0.0034,-0.0000
116.064,0.0000,0.0011,-0.0016,0.0000,0.0042,0.0030,-0.0000
116.076,0.0000,0.0010,-0.0014,0.0000,0.0037,0.0027,-0.0000
116.088,0.0000,0.0009,-0.0012,0.0000,0.0032,0.0023,-0.0000
116.100,0.0000,0.0008,-0.0011,0.0000,0.0028,0.0021,-0.0000
116.112,0.0000,0.0007,-0.0009,0.0000,0.0025,0.0018,-0.0000
116.124,0.0000,0.0006,-0.0008,0.0000,0.0022,0.0016,-0.0000
116.136,0.0000,0.0005,-0.0007,0.0000,0.0019,0.0014,-0.0000
116.148,0.0000,0.0005,-0.0006,0.0000,0.0017,0.0012,-0.0000
116.160,0.0000,0.0004,-0.0006,0.0000,0.0015,0.0011,-0.0000
116.172,0.0000,0.0004,-0.0005,0.0000,0.0013,0.0010,-0.0000
116.184,0.0000,0.0003,-0.0004,0.0000,0.0012,0.0008,0.0000
116.196,0.0000,0.0003,-0.0004,0.0000,0.0010,0.0007,0.0000
116.208,0.0000,0.0002,-0.0003,0.0000,0.0009,0.0007,0.0000
116.220,0.0000,0.0002,-0.0003,0.0000,0.0008,0.0006,0.0000
116.232,0.0000,0.0002,-0.0003,0.0000,0.0007,0.0005,0.0000
116.244,0.0000,0.0002,-0.0002,0.0000,0.0006,0.0004,0.0000
116.256,0.0000,0.0001,-0.0002,0.0000,0.0005,0.0004,0.0000
116.268,0.0000,0.0001,-0.0002,0.0000,0.0005,0.0003,0.0000
116.280,0.0000,0.0001,-0.0002,0.0000,0.0004,0.0003,0.0000
116.292,0.0000,0.0001,-0.0001,0.0000,0.0004,0.0003,0.0000
116.304,0.0000,0.0001,-0.0001,0.0000,0.0003,0.0002,0.0000
116.316,0.0000,0.0001,-0.0001,0.0000,0.0003,0.0002,0.0000
116.328,0.0000,0.0001,-0.0001,0.0000,0.0003,0.0002,0.0000
116.340,0.0000,0.0001,-0.0001,0.0000,0.0002,0.0002,0.0000
116.352,0.0000,0.0001,-0.0001,0.0000,0.0002,0.0001,0.0000
116.364,0.0000,0.0000,-0.0001,0.0000,0.0002,0.0001,0.0000
116.376,0.0000,0.0000,-0.0001,0.0000,0.0002,0.0001,0.0000
116.388,0.0000,0.0000,-0.0001,0.0000,0.0001,0.0001,0.0000
116.400,0.0000,0.0000,-0.0000,0.0000,0.0001,0.0001,0.0000
116.412,0.0000,0.0000,-0.0000,0.0000,0.0001,0.0001,0.0000
116.424,0.0000,0.0000,-0.0000,0.0000,0.0001,0.0001,0.0000
116.436,0.0000,0.0000,-0.0000,0.0000,0.0001,0.0001,0.0000
116.448,0.0000,0.0000,-0.0000,0.0000,0.0001,0.0001,0.0000
116.460,0.0000,0.0000,-0.0000,0.0000,0.0001,0.0000,0.0000
116.472,0.0000,0.0000,-0.0000,0.0000,0.0001,0.0000,0.0000
116.484,0.0000,0.0000,-0.0000,0.0000,0.0000,0.0000,0.0000
116.496,0.0000,0.0000,-0.0000,0.0000,0.0000,0.0000,0.0000
116.508,0.0000,0.0000,-0.0000,0.0000,0.0000,0.0000,0.0000
116.520,0.0000,0.0000,-0.0000,0.0000,0.0000,0.0000,0.0000
116.532,0.0000,0.0000,-0.0000,0.0000,0.0000,0.0000,0.0000
116.544,0.0000,0.0000,-0.0000,0.0000,0.0000,0.0000,0.0000
116.556,0.0000,0.0000,-0.0000,0.0000,0.0000,0.0000,0.0000
116.568,0.0000,0.0000,-0.0000,0.0000,0.0000,0.0000,0.0000
116.580,0.0000,0.0000,-0.0000,0.0000,0.0000,0.0000,0.0000
116.592,0.0000,0.0000,-0.0000,0.0000,0.0000,0.0000,0.0000
116.604,0.0000,0.0000,-0.0000,0.0000,0.0000,0.0000,0.0000
116.616,0.0000,0.0000,-0.0000,0.0000,0.0000,0.0000,0.0000
116.628,0.0000,0.0000,-0.0000,0.0000,0.0000,0.0000,0.0000
116.640,0.0000,0.0000,-0.0000,0.0000,0.0000,0.0000,0.0000
116.652,0.0000,0.0000,-0.0000,0.0000,0.0000,0.0000,0.0000
116.664,0.0000,0.0000,-0.0000,0.0000,0.0000,0.0000,0.0000
116.676,0.0000,0.0000,-0.0000,0.0000,0.0000,0.0000,0.0000
116.688,0.0000,0.0000,-0.0000,0.0000,0.0000,0.0000,0.0000
116.700,0.0000,0.0000,-0.0000,0.0000,0.0000,0.0000,0.0000
116.712,0.0000,0.0000,-0.0000,0.0000,0.0000,0.0000,0.0000
116.724,0.0000,0.0000,-0.0000,0.0000,0.0000,0.0000,0.0000
116.736,0.0000,0.0000,-0.0000,0.0000,0.0000,0.0000,0.0000
116.748,0.0000,0.0000,-0.0000,0.0000,0.0000,0.0000,0.0000
116.760,0.0000,0.0000,-0.0000,0.0000,0.0000,0.0000,0.0000
116.772,0.0000,0.0000,-0.0000,0.0000,0.0000,0.0000,0.0000
116.784,0.0000,0.0000,-0.0000,0.0000,0.0000,0.0000,0.0000
116.796,0.0000,0.0000,-0.0000,0.0000,0.0000,0.0000,0.0000
116.808,0.0000,0.0000,-0.0000,0.0000,0.0000,0.0000,0.0000
116.820,0.0000,0.0000,-0.0000,0.0000,0.0000,0.0000,0.0000
116.832,0.0000,0.0000,-0.0000,0.0000,0.0000,0.0000,0.0000
116.844,0.0000,0.0000,-0.0000,0.0000,0.0000,0.0000,0.0000
116.856,0.0000,0.0000,-0.0000,0.0000,0.0000,0.0000,0.0000
116.868,0.0000,0.0000,-0.0000,0.0000,0.0000,0.0000,0.0000
116.880,0.0000,0.0000,-0.0000,0.0000,0.0000,0.0000,0.0000
116.892,0.0000,0.0000,-0.0000,0.0000,0.0000,0.0000,0.0000
116.904,0.0000,0.0000,-0.0000,0.0000,0.0000,0.0000,0.0000
116.916,0.0000,0.0000,-0.0000,0.0000,0.0000,0.0000,0.0000
116.928,0.0000,0.0000,-0.0000,0.0000,0.0000,0.0000,0.0000
116.940,0.0000,0.0000,-0.0000,0.0000,0.0000,0.0000,0.0000
116.952,0.0000,0.0000,-0.0000,0.0000,0.0000,0.0000,0.0000
116.964,0.0000,0.0000,-0.0000,0.0000,0.0000,0.0000,0.0000
116.976,0.0000,0.0000,-0.0000,0.0000,0.0000,0.0000,0.0000
116.988,0.0000,0.0000,-0.0000,0.0000,0.0000,0.0000,0.0000
117.000,0.0000,0.0000,-0.0000,0.0000,0.0000,0.0000,0.0000
117.012,0.0000,0.0000,-0.0000,0.0000,0.0000,0.0000,0.0000
117.024,0.0000,0.0000,-0.0000,0.0000,0.0000,0.0000,0.0000
117.036,0.0000,0.0000,-0.0000,0.0000,0.0000,0.0000,0.0000
117.048,0.0000,0.0000,-0.0000,0.0000,0.0000,0.0000,0.0000
117.060,0.0000,0.0000,-0.0000,0.0000,0.0000,0.0000,0.0000
117.072,0.0000,0.0000,-0.0000,0.0000,0.0000,0.0000,0.0000
117.084,0.0000,0.0000,-0.0000,0.0000,0.0000,0.0000,0.0000
117.096,0.0000,0.0000,-0.0000,0.0000,0.0000,0.0000,0.0000
117.108,0.0000,0.0000,-0.0000,0.0000,0.0000,0.0000,0.0000
117.120,0.0000,0.0000,-0.0000,0.0000,0.0000,0.0000,0.0000
117.132,0.0000,0.0000,-0.0000,0.0000,0.0000,0.0000,0.0000
117.144,0.0000,0.0000,-0.0000,0.0000,0.0000,0.0000,0.0000
117.156,0.0000,0.0000,-0.0000,0.0000,0.0000,0.0000,0.0000
117.168,0.0000,0.0000,-0.0000,0.0000,0.0000,0.0000,0.0000
117.180,0.0000,0.0000,-0.0000,0.0000,0.0000,0.0000,0.0000
117.192,0.0000,0.0000,-0.0000,0.0000,0.0000,0.0000,0.0000
117.204,0.0000,0.0000,-0.0000,0.0000,0.0000,0.0000,0.0000
117.216,0.0000,0.0000,-0.0000,0.0000,0.0000,0.0000,0.0000
117.228,0.0000,0.0000,-0.0000,0.0000,0.0000,0.0000,0.0000
117.240,0.0000,0.0000,-0.0000,0.0000,0.0000,0.0000,0.0000
117.252,0.0000,0.0000,-0.0000,0.0000,0.0000,0.0000,0.0000
117.264,0.0000,0.0000,-0.0000,0.0000,0.0000,0.0000,0.0000
117.276,0.0000,0.0000,-0.0000,0.0000,0.0000,0.0000,0.0000
117.288,0.0000,0.0000,-0.0000,0.0000,0.0000,0.0000,0.0000
117.300,0.0000,0.0000,-0.0000,0.0000,0.0000,0.0000,0.0000
117.312,0.0000,0.0000,-0.0000,0.0000,0.0000,0.0000,0.0000
117.324,0.0000,0.0000,-0.0000,0.0000,0.0000,0.0000,0.0000
117.336,0.0000,0.0000,-0.0000,0.0000,0.0000,0.0000,0.0000
117.348,0.0000,0.0000,-0.0000,0.0000,0.0000,0.0000,0.0000
117.360,0.0000,0.0000,-0.0000,0.0000,0.0000,0.0000,0.0000
117.372,0.0000,0.0000,-0.0000,0.0000,0.0000,0.0000,0.0000
117.384,0.0000,0.0000,-0.0000,0.0000,0.0000,0.0000,0.0000
117.396,0.0000,0.0000,-0.0000,0.0000,0.0000,0.0000,0.0000
117.408,0.0000,0.0000,-0.0000,0.0000,0.0000,0.0000,0.0000
117.420,0.0000,0.0000,-0.0000,0.0000,0.0000,0.0000,0.0000
117.432,0.0000,0.0000,-0.0000,0.0000,0.0000,0.0000,0.0000
117.444,0.0000,0.0000,-0.0000,0.0000,0.0000,0.0000,0.0000
117.456,0.0000,0.0000,-0.0000,0.0000,0.0000,0.0000,0.0000
117.468,0.0000,0.0000,-0.0000,0.0000,0.0000,0.0000,0.0000
117.480,0.0000,0.0000,-0.0000,0.0000,0.0000,0.0000,0.0000
117.492,0.0000,0.0000,-0.0000,0.0000,0.0000,0.0000,0.0000
117.504,0.0000,0.0000,-0.0000,0.0000,0.0000,0.0000,0.0000
117.516,0.0000,0.0000,-0.0000,-0.0000,0.0000,0.0000,0.0000
117.528,0.0000,0.0000,-0.0000,-0.0000,0.0000,0.0000,0.0000
117.540,0.0000,0.0000,-0.0000,-0.0000,0.0000,0.0000,0.0000
117.552,0.0000,0.0000,-0.0000,-0.0000,0.0000,0.0000,0.0000
117.564,0.0000,0.0000,-0.0000,-0.0000,0.0000,0.0000,0.0000
117.576,0.0000,0.0000,-0.0000,-0.0000,0.0000,0.0000,0.0000
117.588,0.0000,0.0000,-0.0000,-0.0000,0.0000,0.0000,0.0000
117.600,0.0000,0.0000,0.0000,-0.0000,0.0000,0.0000,0.0000
117.612,0.0000,0.0000,0.0000,-0.0000,0.0000,0.0000,0.0000
117.624,0.0000,0.0000,0.0000,-0.0000,0.0000,0.0000,0.0000
117.636,0.0000,0.0000,0.0000,-0.0000,0.0000,0.0000,0.0000
117.648,0.0000,0.0000,0.0000,-0.0000,0.0000,0.0000,0.0000
117.660,0.0000,0.0000,0.0000,-0.0000,0.0000,0.0000,0.0000
117.672,0.0000,0.0000,0.0000,-0.0000,0.0000,0.0000,0.0000
117.684,0.0000,0.0000,0.0000,-0.0000,0.0000,0.0000,0.0000
117.696,0.0000,0.0000,0.0000,-0.0000,0.0000,0.0000,0.0000
117.708,0.0000,0.0000,0.0000,-0.0000,0.0000,0.0000,0.0000
117.720,0.0000,0.0000,0.0000,-0.0000,0.0000,0.0000,0.0000
117.732,0.0000,0.0000,0.0000,-0.0000,0.0000,0.0000,0.0000
117.744,0.0000,0.0000,0.0000,-0.0000,0.0000,0.0000,0.0000
117.756,0.0000,0.0000,0.0000,-0.0000,0.0000,0.0000,0.0000
117.768,0.0000,0.0000,0.0000,-0.0000,0.0000,0.0000,0.0000
117.780,0.0000,0.0000,0.0000,-0.0000,0.0000,0.0000,0.0000
117.792,0.0000,0.0000,0.0000,-0.0000,0.0000,0.0000,0.0000
117.804,0.0000,0.0000,0.0000,-0.0000,0.0000,0.0000,0.0000
117.816,0.0000,0.0000,0.0000,-0.0000,0.0000,0.0000,0.0000
117.828,0.0000,0.0000,0.0000,-0.0000,0.0000,0.0000,0.0000
117.840,0.0000,0.0000,0.0000,-0.0000,0.0000,0.0000,0.0000
117.852,0.0000,0.0000,0.0000,-0.0000,0.0000,0.0000,0.0000
117.864,0.0000,0.0000,0.0000,-0.0000,0.0000,0.0000,0.0000
117.876,0.0000,0.0000,0.0000,-0.0000,0.0000,0.0000,0.0000
117.888,0.0000,0.0000,0.0000,-0.0000,0.0000,0.0000,0.0000
117.900,0.0000,0.0000,0.0000,-0.0000,0.0000,0.0000,0.0000
117.912,0.0000,0.0000,0.0000,-0.0000,0.0000,0.0000,0.0000
117.924,0.0000,0.0000,0.0000,-0.0000,0.0000,0.0000,0.0000
117.936,0.0000,0.0000,0.0000,-0.0000,0.0000,0.0000,0.0000
117.948,0.0000,0.0000,0.0000,-0.0000,0.0000,0.0000,0.0000
117.960,0.0000,0.0000,0.0000,-0.0000,0.0000,0.0000,0.0000
117.972,0.0000,0.0000,0.0000,-0.0000,0.0000,0.0000,0.0000
117.984,0.0000,0.0000,0.0000,-0.0000,0.0000,0.0000,0.0000
117.996,0.0000,0.0000,0.0000,-0.0000,0.0000,0.0000,0.0000
118.008,0.0000,0.0000,0.0000,-0.0000,0.0000,0.0000,0.0000
118.020,0.0000,0.0000,0.0000,-0.0000,0.0000,0.0000,0.0000
118.032,0.0000,0.0000,0.0000,-0.0000,0.0000,0.0000,0.0000
118.044,0.0000,0.0000,0.0000,-0.0000,0.0000,0.0000,0.0000
118.056,0.0000,0.0000,0.0000,-0.0000,0.0000,0.0000,0.0000
118.068,0.0000,0.0000,0.0000,-0.0000,0.0000,0.0000,0.0000
118.080,0.0000,0.0000,0.0000,-0.0000,0.0000,0.0000,0.0000
118.092,0.0000,0.0000,0.0000,-0.0000,0.0000,0.0000,0.0000
118.104,0.0000,0.0000,0.0000,-0.0000,0.0000,0.0000,0.0000
118.116,0.0000,0.0000,0.0000,-0.0000,0.0000,0.0000,0.0000
118.128,0.0000,0.0000,0.0000,-0.0000,0.0000,0.0000,0.0000
118.140,0.0000,0.0000,0.0000,-0.0000,0.0000,0.0000,0.0000
118.152,0.0000,0.0000,0.0000,-0.0000,0.0000,0.0000,0.0000
118.164,0.0000,0.0000,0.0000,-0.0000,0.0000,0.0000,0.0000
118.176,0.0000,0.0000,0.0000,-0.0000,0.0000,0.0000,0.0000
118.188,0.0000,0.0000,0.0000,-0.0000,0.0000,0.0000,0.0000
118.200,0.0000,0.0000,0.0000,-0.0000,0.0000,0.0000,0.0000
118.212,0.0000,0.0000,0.0000,-0.0000,0.0000,0.0000,0.0000
118.224,0.0000,0.0000,0.0000,-0.0000,0.0000,0.0000,0.0000
118.236,0.0000,0.0000,0.0000,-0.0000,0.0000,0.0000,0.0000
118.248,0.0000,0.0000,0.0000,-0.0000,0.0000,0.0000,0.0000
118.260,0.0000,0.0000,0.0000,-0.0000,0.0000,0.0000,0.0000
118.272,0.0000,0.0000,0.0000,-0.0000,0.0000,0.0000,0.0000
118.284,0.0000,0.0000,0.0000,-0.0000,0.0000,0.0000,0.0000
118.296,0.0000,0.0000,0.0000,-0.0000,0.0000,0.0000,0.0000
118.308,0.0000,0.0000,0.0000,-0.0000,0.0000,0.0000,0.0000
118.320,0.0000,0.0000,0.0000,-0.0000,0.0000,0.0000,0.0000
118.332,0.0000,0.0000,0.0000,-0.0000,0.0000,0.0000,0.0000
118.344,0.0000,0.0000,0.0000,-0.0000,0.0000,0.0000,0.0000
118.356,0.0000,0.0000,0.0000,-0.0000,0.0000,0.0000,0.0000
118.368,0.0000,0.0000,0.0000,-0.0000,0.0000,0.0000,0.0000
118.380,0.0000,0.0000,0.0000,-0.0000,0.0000,0.0000,0.0000
118.392,0.0000,0.0000,0.0000,-0.0000,0.0000,0.0000,0.0000
118.404,0.0000,0.0000,0.0000,-0.0000,0.0000,0.0000,0.0000
118.416,0.0000,0.0000,0.0000,-0.0000,0.0000,0.0000,0.0000
118.428,0.0000,0.0000,0.0000,-0.0000,0.0000,0.0000,0.0000
118.440,0.0000,0.0000,0.0000,-0.0000,0.0000,0.0000,0.0000
118.452,0.0000,0.0000,0.0000,-0.0000,0.0000,0.0000,0.0000
118.464,0.0000,0.0000,0.0000,-0.0000,0.0000,0.0000,0.0000
118.476,0.0000,0.0000,0.0000,-0.0000,0.0000,0.0000,0.0000
118.488,0.0000,0.0000,0.0000,-0.0000,0.0000,0.0000,0.0000
118.500,0.0000,0.0000,0.0000,-0.0000,0.0000,0.0000,0.0000
118.512,0.0000,0.0000,0.0000,-0.0000,0.0000,0.0000,0.0000
118.524,0.0000,0.0000,0.0000,-0.0000,0.0000,0.0000,0.0000
118.536,0.0000,0.0000,0.0000,-0.0000,0.0000,0.0000,0.0000
118.548,0.0000,0.0000,0.0000,-0.0000,0.0000,0.0000,0.0000
118.560,0.0000,0.0000,0.0000,-0.0000,0.0000,0.0000,0.0000
118.572,0.0000,0.0000,0.0000,-0.0000,0.0000,0.0000,0.0000
118.584,0.0000,0.0000,0.0000,-0.0000,0.0000,0.0000,0.0000
118.596,0.0000,0.0000,0.0000,-0.0000,0.0000,0.0000,0.0000
118.608,0.0000,0.0000,0.0000,-0.0000,0.0000,0.0000,0.0000
118.620,0.0000,0.0000,0.0000,-0.0000,0.0000,0.0000,0.0000
118.632,0.0000,0.0000,0.0000,-0.0000,0.0000,0.0000,0.0000
118.644,0.0000,0.0000,0.0000,-0.0000,0.0000,0.0000,0.0000
118.656,0.0000,0.0000,0.0000,-0.0000,0.0000,0.0000,0.0000
118.668,0.0000,0.0000,0.0000,-0.0000,0.0000,0.0000,0.0000
118.680,0.0000,0.0000,0.0000,-0.0000,0.0000,0.0000,0.0000
118.692,0.0000,0.0000,0.0000,-0.0000,0.0000,0.0000,0.0000
118.704,0.0000,0.0000,0.0000,-0.0000,0.0000,0.0000,0.0000
118.716,0.0000,0.0000,0.0000,-0.0000,0.0000,0.0000,0.0000
118.728,0.0000,0.0000,0.0000,-0.0000,0.0000,0.0000,0.0000
118.740,0.0000,0.0000,0.0000,-0.0000,0.0000,0.0000,0.0000
118.752,0.0000,0.0000,0.0000,-0.0000,0.0000,0.0000,0.0000
118.764,0.0000,0.0000,0.0000,-0.0000,0.0000,0.0000,0.0000
118.776,0.0000,0.0000,0.0000,-0.0000,0.0000,0.0000,0.0000
118.788,0.0000,0.0000,0.0000,-0.0000,0.0000,0.0000,0.0000
118.800,0.0000,0.0000,0.0000,-0.0000,0.0000,0.0000,0.0000
118.812,0.0000,0.0000,0.0000,-0.0000,0.0000,0.0000,0.0000
118.824,0.0000,0.0000,0.0000,-0.0000,0.0000,0.0000,0.0000
118.836,0.0000,0.0000,0.0000,-0.0000,0.0000,0.0000,0.0000
118.848,0.0000,0.0000,0.0000,-0.0000,0.0000,0.0000,0.0000
118.860,0.0000,0.0000,0.0000,-0.0000,0.0000,0.0000,0.0000
118.872,0.0000,0.0000,0.0000,-0.0000,0.0000,0.0000,0.0000
118.884,0.0000,0.0000,0.0000,-0.0000,0.0000,0.0000,0.0000
118.896,0.0000,0.0000,0.0000,-0.0000,0.0000,0.0000,0.0000
118.908,0.0000,0.0000,0.0000,-0.0000,0.0000,0.0000,0.0000
118.920,0.0000,0.0000,0.0000,-0.0000,0.0000,0.0000,0.0000
118.932,0.0000,0.0000,0.0000,-0.0000,0.0000,0.0000,0.0000
118.944,0.0000,0.0000,0.0000,-0.0000,0.0000,0.0000,0.0000
118.956,0.0000,0.0000,0.0000,-0.0000,0.0000,0.0000,0.0000
118.968,0.0000,0.0000,0.0000,-0.0000,0.0000,0.0000,0.0000
118.980,0.0000,0.0000,0.0000,-0.0000,0.0000,0.0000,0.0000
118.992,0.0000,0.0000,0.0000,-0.0000,0.0000,0.0000,0.0000
119.004,0.0000,0.0000,0.0000,-0.0000,0.0000,0.0000,0.0000
119.016,0.0000,0.0000,0.0000,-0.0000,0.0000,0.0000,0.0000
119.028,-0.0003,0.0003,-0.0003,-0.0000,0.0009,-0.0003,0.0000
119.040,-0.0007,0.0008,-0.0010,-0.0000,0.0026,-0.0007,0.0000
119.052,-0.0014,0.0015,-0.0018,-0.0000,0.0049,-0.0014,0.0000
119.064,-0.0022,0.0024,-0.0030,-0.0000,0.0079,-0.0022,0.0000
119.076,-0.0032,0.0034,-0.0043,-0.0000,0.0114,-0.0032,0.0000
119.088,-0.0044,0.0046,-0.0058,-0.0000,0.0154,-0.0044,0.0000
119.100,-0.0056,0.0059,-0.0074,-0.0000,0.0197,-0.0056,0.0000
119.112,-0.0070,0.0074,-0.0092,-0.0000,0.0245,-0.0069,0.0000
119.124,-0.0084,0.0089,-0.0111,-0.0001,0.0296,-0.0084,0.0000
119.136,-0.0099,0.0105,-0.0131,-0.0001,0.0349,-0.0099,0.0000
119.148,-0.0115,0.0122,-0.0152,-0.0001,0.0405,-0.0115,0.0000
119.160,-0.0132,0.0139,-0.0174,-0.0001,0.0463,-0.0131,0.0000
119.172,-0.0149,0.0157,-0.0197,-0.0001,0.0523,-0.0148,0.0000
119.184,-0.0166,0.0176,-0.0220,-0.0001,0.0585,-0.0166,0.0000
119.196,-0.0184,0.0195,-0.0243,-0.0001,0.0648,-0.0184,-0.0000
119.208,-0.0203,0.0214,-0.0268,-0.0001,0.0713,-0.0202,-0.0000
119.220,-0.0221,0.0234,-0.0292,-0.0002,0.0778,-0.0221,-0.0000
119.232,-0.0240,0.0254,-0.0317,-0.0002,0.0845,-0.0240,-0.0000
119.244,-0.0259,0.0274,-0.0343,-0.0002,0.0913,-0.0259,-0.0000
119.256,-0.0279,0.0295,-0.0369,-0.0002,0.0981,-0.0278,-0.0000
119.268,-0.0298,0.0315,-0.0394,-0.0002,0.1050,-0.0298,-0.0000
119.280,-0.0318,0.0336,-0.0421,-0.0002,0.1120,-0.0318,-0.0000
119.292,-0.0338,0.0357,-0.0447,-0.0002,0.1190,-0.0338,-0.0000
119.304,-0.0358,0.0379,-0.0474,-0.0002,0.1261,-0.0358,-0.0000
119.316,-0.0379,0.0400,-0.0500,-0.0003,0.1332,-0.0378,-0.0000
119.328,-0.0399,0.0421,-0.0527,-0.0003,0.1403,-0.0398,-0.0000
119.340,-0.0419,0.0443,-0.0554,-0.0003,0.1475,-0.0418,-0.0000
119.352,-0.0440,0.0465,-0.0581,-0.0003,0.1547,-0.0439,-0.0000
119.364,-0.0460,0.0486,-0.0608,-0.0003,0.1620,-0.0459,-0.0000
119.376,-0.0481,0.0508,-0.0636,-0.0003,0.1692,-0.0480,-0.0000
119.388,-0.0502,0.0530,-0.0663,-0.0003,0.1765,-0.0501,-0.0000
119.400,-0.0522,0.0552,-0.0690,-0.0004,0.1838,-0.0521,-0.0000
119.412,-0.0543,0.0574,-0.0718,-0.0004,0.1911,-0.0542,-0.0000
119.424,-0.0564,0.0596,-0.0745,-0.0004,0.1984,-0.0563,-0.0000
119.436,-0.0585,0.0618,-0.0773,-0.0004,0.2057,-0.0584,-0.0000
119.448,-0.0606,0.0640,-0.0800,-0.0004,0.2131,-0.0604,-0.0000
119.460,-0.0626,0.0662,-0.0828,-0.0004,0.2204,-0.0625,-0.0000
119.472,-0.0647,0.0684,-0.0855,-0.0005,0.2278,-0.0646,-0.0000
119.484,-0.0668,0.0706,-0.0883,-0.0005,0.2351,-0.0667,-0.0000
119.496,-0.0689,0.0728,-0.0911,-0.0005,0.2425,-0.0688,-0.0000
119.508,-0.0710,0.0750,-0.0939,-0.0005,0.2499,-0.0709,-0.0000
119.520,-0.0731,0.0773,-0.0966,-0.0005,0.2572,-0.0730,-0.0000
119.532,-0.0752,0.0795,-0.0994,-0.0005,0.2646,-0.0751,-0.0000
119.544,-0.0773,0.0817,-0.1022,-0.0005,0.2720,-0.0772,-0.0000
119.556,-0.0794,0.0839,-0.1049,-0.0006,0.2794,-0.0793,-0.0000
119.568,-0.0815,0.0861,-0.1077,-0.0006,0.2868,-0.0814,-0.0000
119.580,-0.0836,0.0884,-0.1105,-0.0006,0.2942,-0.0834,-0.0000
119.592,-0.0857,0.0906,-0.1133,-0.0006,0.3016,-0.0855,-0.0000
119.604,-0.0878,0.0928,-0.1161,-0.0006,0.3090,-0.0876,-0.0000
119.616,-0.0899,0.0950,-0.1188,-0.0006,0.3164,-0.0897,-0.0000
119.628,-0.0920,0.0972,-0.1216,-0.0006,0.3238,-0.0918,-0.0000
119.640,-0.0941,0.0995,-0.1244,-0.0007,0.3312,-0.0939,-0.0000
119.652,-0.0962,0.1017,-0.1272,-0.0007,0.3386,-0.0960,-0.0000
119.664,-0.0983,0.1039,-0.1300,-0.0007,0.3460,-0.0981,-0.0000
119.676,-0.1004,0.1061,-0.1327,-0.0007,0.3534,-0.1002,-0.0000
119.688,-0.1026,0.1084,-0.1355,-0.0007,0.3608,-0.1023,-0.0000
119.700,-0.1047,0.1106,-0.1383,-0.0007,0.3682,-0.1044,-0.0000
119.712,-0.1068,0.1128,-0.1411,-0.0007,0.3756,-0.1065,-0.0000
119.724,-0.1089,0.1150,-0.1439,-0.0008,0.3830,-0.1087,-0.0000
119.736,-0.1110,0.1173,-0.1467,-0.0008,0.3904,-0.1108,-0.0000
119.748,-0.1131,0.1195,-0.1494,-0.0008,0.3979,-0.1129,-0.0000
119.760,-0.1152,0.1217,-0.1522,-0.0008,0.4053,-0.1150,-0.0000
119.772,-0.1173,0.1239,-0.1550,-0.0008,0.4127,-0.1171,-0.0000
119.784,-0.1194,0.1262,-0.1578,-0.0008,0.4201,-0.1192,-0.0000
119.796,-0.1215,0.1284,-0.1606,-0.0008,0.4275,-0.1213,-0.0000
119.808,-0.1236,0.1306,-0.1634,-0.0009,0.4349,-0.1234,-0.0000
119.820,-0.1257,0.1328,-0.1661,-0.0009,0.4423,-0.1255,-0.0000
119.832,-0.1278,0.1351,-0.1689,-0.0009,0.4497,-0.1276,-0.0000
119.844,-0.1299,0.1373,-0.1717,-0.0009,0.4571,-0.1297,-0.0000
119.856,-0.1320,0.1395,-0.1745,-0.0009,0.4646,-0.1318,-0.0000
119.868,-0.1341,0.1417,-0.1773,-0.0009,0.4720,-0.1339,-0.0000
119.880,-0.1363,0.1440,-0.1801,-0.0009,0.4794,-0.1360,-0.0000
119.892,-0.1384,0.1462,-0.1829,-0.0010,0.4868,-0.1381,-0.0000
119.904,-0.1405,0.1484,-0.1856,-0.0010,0.4942,-0.1402,-0.0000
119.916,-0.1426,0.1507,-0.1884,-0.0010,0.5016,-0.1423,-0.0000
119.928,-0.1447,0.1529,-0.1912,-0.0010,0.5090,-0.1444,-0.0000
119.940,-0.1468,0.1551,-0.1940,-0.0010,0.5164,-0.1465,-0.0000
119.952,-0.1489,0.1573,-0.1968,-0.0010,0.5239,-0.1486,-0.0000
119.964,-0.1510,0.1596,-0.1996,-0.0011,0.5313,-0.1507,-0.0000
119.976,-0.1531,0.1618,-0.2023,-0.0011,0.5387,-0.1528,-0.0000
119.988,-0.1552,0.1640,-0.2051,-0.0011,0.5461,-0.1549,-0.0000
120.000,-0.1573,0.1662,-0.2079,-0.0011,0.5535,-0.1570,-0.0000
120.012,-0.1594,0.1685,-0.2107,-0.0011,0.5609,-0.1591,-0.0000
120.024,-0.1615,0.1707,-0.2135,-0.0011,0.5683,-0.1612,-0.0000
120.036,-0.1636,0.1729,-0.2163,-0.0011,0.5758,-0.1633,-0.0000
120.048,-0.1657,0.1751,-0.2190,-0.0012,0.5832,-0.1654,-0.0000
120.060,-0.1679,0.1774,-0.2218,-0.0012,0.5906,-0.1675,-0.0000
120.072,-0.1700,0.1796,-0.2246,-0.0012,0.5980,-0.1696,-0.0000
120.084,-0.1721,0.1818,-0.2274,-0.0012,0.6054,-0.1717,-0.0000
120.096,-0.1742,0.1840,-0.2302,-0.0012,0.6128,-0.1738,-0.0000
120.108,-0.1763,0.1863,-0.2330,-0.0012,0.6202,-0.1759,-0.0000
120.120,-0.1784,0.1885,-0.2358,-0.0012,0.6276,-0.1780,-0.0000
120.132,-0.1805,0.1907,-0.2385,-0.0013,0.6351,-0.1801,-0.0000
120.144,-0.1826,0.1929,-0.2413,-0.0013,0.6425,-0.1822,-0.0000
120.156,-0.1847,0.1952,-0.2441,-0.0013,0.6499,-0.1843,-0.0000
120.168,-0.1868,0.1974,-0.2469,-0.0013,0.6573,-0.1864,-0.0000
120.180,-0.1889,0.1996,-0.2497,-0.0013,0.6647,-0.1885,-0.0000
120.192,-0.1910,0.2019,-0.2525,-0.0013,0.6721,-0.1907,-0.0000
120.204,-0.1931,0.2041,-0.2552,-0.0013,0.6795,-0.1928,-0.0000
120.216,-0.1952,0.2063,-0.2580,-0.0014,0.6869,-0.1949,-0.0000
120.228,-0.1974,0.2085,-0.2608,-0.0014,0.6944,-0.1970,-0.0000
120.240,-0.1995,0.2108,-0.2636,-0.0014,0.7018,-0.1991,-0.0000
120.252,-0.2016,0.2130,-0.2664,-0.0014,0.7092,-0.2012,-0.0000
120.264,-0.2037,0.2152,-0.2692,-0.0014,0.7166,-0.2033,-0.0000
120.276,-0.2058,0.2174,-0.2720,-0.0014,0.7240,-0.2054,-0.0000
120.288,-0.2079,0.2197,-0.2747,-0.0014,0.7314,-0.2075,-0.0000
120.300,-0.2100,0.2219,-0.2775,-0.0015,0.7388,-0.2096,-0.0000
120.312,-0.2121,0.2241,-0.2803,-0.0015,0.7463,-0.2117,-0.0000
120.324,-0.2142,0.2263,-0.2831,-0.0015,0.7537,-0.2138,-0.0000
120.336,-0.2163,0.2286,-0.2859,-0.0015,0.7611,-0.2159,-0.0000
120.348,-0.2184,0.2308,-0.2887,-0.0015,0.7685,-0.2180,-0.0000
120.360,-0.2205,0.2330,-0.2914,-0.0015,0.7759,-0.2201,-0.0000
120.372,-0.2226,0.2353,-0.2942,-0.0015,0.7833,-0.2222,-0.0000
120.384,-0.2247,0.2375,-0.2970,-0.0016,0.7907,-0.2243,-0.0000
120.396,-0.2268,0.2397,-0.2998,-0.0016,0.7981,-0.2264,-0.0000
120.408,-0.2290,0.2419,-0.3026,-0.0016,0.8056,-0.2285,-0.0000
120.420,-0.2311,0.2442,-0.3054,-0.0016,0.8130,-0.2306,-0.0000
120.432,-0.2332,0.2464,-0.3082,-0.0016,0.8204,-0.2327,-0.0000
120.444,-0.2353,0.2486,-0.3109,-0.0016,0.8278,-0.2348,-0.0000
120.456,-0.2374,0.2508,-0.3137,-0.0017,0.8352,-0.2369,-0.0000
120.468,-0.2395,0.2531,-0.3165,-0.0017,0.8426,-0.2390,-0.0000
120.480,-0.2416,0.2553,-0.3193,-0.0017,0.8500,-0.2411,-0.0000
120.492,-0.2437,0.2575,-0.3221,-0.0017,0.8574,-0.2432,-0.0000
120.504,-0.2458,0.2597,-0.3249,-0.0017,0.8649,-0.2453,-0.0000
120.516,-0.2479,0.2620,-0.3276,-0.0017,0.8723,-0.2474,-0.0000
120.528,-0.2500,0.2642,-0.3304,-0.0017,0.8797,-0.2495,-0.0000
120.540,-0.2521,0.2664,-0.3332,-0.0018,0.8871,-0.2516,-0.0000
120.552,-0.2542,0.2686,-0.3360,-0.0018,0.8945,-0.2537,-0.0000
120.564,-0.2563,0.2709,-0.3388,-0.0018,0.9019,-0.2558,-0.0000
120.576,-0.2585,0.2731,-0.3416,-0.0018,0.9093,-0.2579,-0.0000
120.588,-0.2606,0.2753,-0.3443,-0.0018,0.9168,-0.2600,-0.0000
120.600,-0.2627,0.2776,-0.3471,-0.0018,0.9242,-0.2621,-0.0000
120.612,-0.2648,0.2798,-0.3499,-0.0018,0.9316,-0.2642,-0.0000
120.624,-0.2669,0.2820,-0.3527,-0.0019,0.9390,-0.2664,-0.0000
120.636,-0.2690,0.2842,-0.3555,-0.0019,0.9464,-0.2685,-0.0000
120.648,-0.2711,0.2865,-0.3583,-0.0019,0.9538,-0.2706,-0.0000
120.660,-0.2732,0.2887,-0.3611,-0.0019,0.9612,-0.2727,-0.0000
120.672,-0.2753,0.2909,-0.3638,-0.0019,0.9686,-0.2748,-0.0000
120.684,-0.2774,0.2931,-0.3666,-0.0019,0.9761,-0.2769,-0.0000
120.696,-0.2795,0.2954,-0.3694,-0.0019,0.9835,-0.2790,-0.0000
120.708,-0.2816,0.2976,-0.3722,-0.0020,0.9909,-0.2811,-0.0000
120.720,-0.2837,0.2998,-0.3750,-0.0020,0.9983,-0.2832,-0.0000
120.732,-0.2858,0.3020,-0.3778,-0.0020,1.0057,-0.2853,-0.0000
120.744,-0.2880,0.3043,-0.3805,-0.0020,1.0131,-0.2874,-0.0000
120.756,-0.2901,0.3065,-0.3833,-0.0020,1.0205,-0.2895,-0.0000
120.768,-0.2922,0.3087,-0.3861,-0.0020,1.0280,-0.2916,-0.0000
120.780,-0.2943,0.3109,-0.3889,-0.0020,1.0354,-0.2937,-0.0000
120.792,-0.2964,0.3132,-0.3917,-0.0021,1.0428,-0.2958,-0.0000
120.804,-0.2985,0.3154,-0.3945,-0.0021,1.0502,-0.2979,-0.0000
120.816,-0.3006,0.3176,-0.3973,-0.0021,1.0576,-0.3000,-0.0000
120.828,-0.3027,0.3199,-0.4000,-0.0021,1.0650,-0.3021,-0.0000
120.840,-0.3048,0.3221,-0.4028,-0.0021,1.0724,-0.3042,-0.0000
120.852,-0.3069,0.3243,-0.4056,-0.0021,1.0798,-0.3063,-0.0000
120.864,-0.3090,0.3265,-0.4084,-0.0022,1.0873,-0.3084,-0.0000
120.876,-0.3111,0.3288,-0.4112,-0.0022,1.0947,-0.3105,-0.0000
120.888,-0.3132,0.3310,-0.4140,-0.0022,1.1021,-0.3126,-0.0000
120.900,-0.3153,0.3332,-0.4167,-0.0022,1.1095,-0.3147,-0.0000
120.912,-0.3174,0.3354,-0.4195,-0.0022,1.1169,-0.3168,-0.0000
120.924,-0.3196,0.3377,-0.4223,-0.0022,1.1243,-0.3189,-0.0000
120.936,-0.3217,0.3399,-0.4251,-0.0022,1.1317,-0.3210,-0.0000
120.948,-0.3238,0.3421,-0.4279,-0.0023,1.1391,-0.3231,-0.0000
120.960,-0.3259,0.3443,-0.4307,-0.0023,1.1466,-0.3252,-0.0000
120.972,-0.3280,0.3466,-0.4335,-0.0023,1.1540,-0.3273,-0.0000
120.984,-0.3301,0.3488,-0.4362,-0.0023,1.1614,-0.3294,-0.0000
120.996,-0.3322,0.3510,-0.4390,-0.0023,1.1688,-0.3315,-0.0000
121.008,-0.3343,0.3532,-0.4418,-0.0023,1.1762,-0.3336,-0.0000
121.020,-0.3363,0.3554,-0.4445,-0.0023,1.1833,-0.3357,-0.0000
121.032,-0.3381,0.3573,-0.4468,-0.0024,1.1896,-0.3374,-0.0000
121.044,-0.3397,0.3589,-0.4489,-0.0024,1.1951,-0.3390,-0.0000
121.056,-0.3411,0.3604,-0.4507,-0.0024,1.2000,-0.3404,-0.0000
121.068,-0.3423,0.3617,-0.4523,-0.0024,1.2042,-0.3416,-0.0000
121.080,-0.3433,0.3628,-0.4537,-0.0024,1.2080,-0.3426,-0.0000
121.092,-0.3443,0.3638,-0.4550,-0.0024,1.2113,-0.3436,-0.0000
121.104,-0.3451,0.3647,-0.4561,-0.0024,1.2142,-0.3444,-0.0000
121.116,-0.3458,0.3654,-0.4570,-0.0024,1.2167,-0.3451,-0.0000
121.128,-0.3465,0.3661,-0.4579,-0.0024,1.2190,-0.3458,-0.0000
121.140,-0.3470,0.3667,-0.4586,-0.0024,1.2210,-0.3463,-0.0000
121.152,-0.3475,0.3672,-0.4593,-0.0024,1.2227,-0.3468,-0.0000
121.164,-0.3475,0.3672,-0.4593,-0.0024,1.2227,-0.3468,-0.0000
121.176,-0.3475,0.3677,-0.4593,-0.0024,1.2227,-0.3468,-0.0000
121.188,-0.3475,0.3687,-0.4593,-0.0024,1.2228,-0.3468,-0.0000
121.200,-0.3475,0.3701,-0.4593,-0.0024,1.2228,-0.3469,-0.0000
121.212,-0.3476,0.3719,-0.4593,-0.0024,1.2229,-0.3469,-0.0000
121.224,-0.3476,0.3740,-0.4594,-0.0024,1.2229,-0.3469,-0.0000
121.236,-0.3476,0.3763,-0.4594,-0.0024,1.2230,-0.3469,-0.0000
121.248,-0.3476,0.3789,-0.4594,-0.0024,1.2231,-0.3469,-0.0000
121.260,-0.3476,0.3818,-0.4594,-0.0024,1.2232,-0.3470,-0.0000
121.272,-0.3477,0.3848,-0.4595,-0.0024,1.2232,-0.3470,-0.0000
121.284,-0.3477,0.3879,-0.4595,-0.0024,1.2233,-0.3470,-0.0000
121.296,-0.3477,0.3913,-0.4595,-0.0024,1.2234,-0.3470,-0.0000
121.308,-0.3478,0.3947,-0.4596,-0.0024,1.2235,-0.3471,-0.0000
121.320,-0.3478,0.3983,-0.4596,-0.0024,1.2236,-0.3471,-0.0000
121.332,-0.3478,0.4020,-0.4597,-0.0024,1.2237,-0.3471,-0.0000
121.344,-0.3478,0.4057,-0.4597,-0.0024,1.2238,-0.3472,-0.0000
121.356,-0.3479,0.4095,-0.4597,-0.0024,1.2240,-0.3472,-0.0000
121.368,-0.3479,0.4134,-0.4598,-0.0024,1.2241,-0.3472,-0.0000
121.380,-0.3479,0.4174,-0.4598,-0.0024,1.2242,-0.3472,-0.0000
121.392,-0.3480,0.4214,-0.4599,-0.0024,1.2243,-0.3473,-0.0000
121.404,-0.3480,0.4255,-0.4599,-0.0024,1.2244,-0.3473,-0.0000
121.416,-0.3480,0.4296,-0.4600,-0.0024,1.2245,-0.3473,-0.0000
121.428,-0.3481,0.4337,-0.4600,-0.0024,1.2247,-0.3474,-0.0000
121.440,-0.3481,0.4379,-0.4601,-0.0024,1.2248,-0.3474,-0.0000
121.452,-0.3481,0.4421,-0.4601,-0.0024,1.2249,-0.3475,-0.0000
121.464,-0.3482,0.4463,-0.4601,-0.0024,1.2250,-0.3475,-0.0000
121.476,-0.3482,0.4505,-0.4602,-0.0024,1.2251,-0.3475,-0.0000
121.488,-0.3482,0.4548,-0.4602,-0.0024,1.2253,-0.3476,-0.0000
121.500,-0.3483,0.4591,-0.4603,-0.0024,1.2254,-0.3476,-0.0000
121.512,-0.3483,0.4634,-0.4603,-0.0024,1.2255,-0.3476,-0.0000
121.524,-0.3484,0.4677,-0.4604,-0.0024,1.2256,-0.3477,-0.0000
121.536,-0.3484,0.4720,-0.4604,-0.0024,1.2258,-0.3477,-0.0000
121.548,-0.3484,0.4763,-0.4605,-0.0024,1.2259,-0.3477,-0.0000
121.560,-0.3485,0.4807,-0.4605,-0.0024,1.2260,-0.3478,-0.0000
121.572,-0.3485,0.4850,-0.4606,-0.0024,1.2262,-0.3478,-0.0000
121.584,-0.3485,0.4894,-0.4606,-0.0024,1.2263,-0.3478,-0.0000
121.596,-0.3486,0.4937,-0.4607,-0.0024,1.2264,-0.3479,-0.0000
121.608,-0.3486,0.4981,-0.4607,-0.0024,1.2265,-0.3479,-0.0000
121.620,-0.3486,0.5025,-0.4608,-0.0024,1.2267,-0.3479,-0.0000
121.632,-0.3487,0.5068,-0.4608,-0.0024,1.2268,-0.3480,-0.0000
121.644,-0.3487,0.5112,-0.4609,-0.0024,1.2269,-0.3480,-0.0000
121.656,-0.3488,0.5156,-0.4609,-0.0024,1.2270,-0.3481,-0.0000
121.668,-0.3488,0.5200,-0.4609,-0.0024,1.2272,-0.3481,-0.0000
121.680,-0.3488,0.5243,-0.4610,-0.0024,1.2273,-0.3481,-0.0000
121.692,-0.3489,0.5287,-0.4610,-0.0024,1.2274,-0.3482,-0.0000
121.704,-0.3489,0.5331,-0.4611,-0.0024,1.2275,-0.3482,-0.0000
121.716,-0.3489,0.5375,-0.4611,-0.0024,1.2277,-0.3482,-0.0000
121.728,-0.3490,0.5419,-0.4612,-0.0024,1.2278,-0.3483,-0.0000
121.740,-0.3490,0.5463,-0.4612,-0.0024,1.2279,-0.3483,-0.0000
121.752,-0.3490,0.5507,-0.4613,-0.0024,1.2281,-0.3483,-0.0000
121.764,-0.3491,0.5551,-0.4613,-0.0024,1.2282,-0.3484,-0.0000
121.776,-0.3491,0.5595,-0.4614,-0.0024,1.2283,-0.3484,-0.0000
121.788,-0.3491,0.5639,-0.4614,-0.0024,1.2284,-0.3485,-0.0000
121.800,-0.3492,0.5683,-0.4615,-0.0024,1.2286,-0.3485,-0.0000
121.812,-0.3492,0.5727,-0.4615,-0.0024,1.2287,-0.3485,-0.0000
121.824,-0.3493,0.5771,-0.4616,-0.0024,1.2288,-0.3486,-0.0000
121.836,-0.3493,0.5815,-0.4616,-0.0024,1.2290,-0.3486,-0.0000
121.848,-0.3493,0.5859,-0.4617,-0.0024,1.2291,-0.3486,-0.0000
121.860,-0.3494,0.5903,-0.4617,-0.0024,1.2292,-0.3487,-0.0000
121.872,-0.3494,0.5947,-0.4618,-0.0024,1.2293,-0.3487,-0.0000
121.884,-0.3494,0.5991,-0.4618,-0.0024,1.2295,-0.3487,-0.0000
121.896,-0.3495,0.6035,-0.4619,-0.0024,1.2296,-0.3488,-0.0000
121.908,-0.3495,0.6079,-0.4619,-0.0024,1.2297,-0.3488,-0.0000
121.920,-0.3495,0.6123,-0.4620,-0.0024,1.2298,-0.3489,-0.0000
121.932,-0.3496,0.6167,-0.4620,-0.0024,1.2300,-0.3489,-0.0000
121.944,-0.3496,0.6211,-0.4620,-0.0024,1.2301,-0.3489,-0.0000
121.956,-0.3497,0.6255,-0.4621,-0.0024,1.2302,-0.3490,-0.0000
121.968,-0.3497,0.6299,-0.4621,-0.0024,1.2304,-0.3490,-0.0000
121.980,-0.3497,0.6343,-0.4622,-0.0024,1.2305,-0.3490,-0.0000
121.992,-0.3498,0.6387,-0.4622,-0.0024,1.2306,-0.3491,-0.0000
122.004,-0.3498,0.6431,-0.4623,-0.0024,1.2307,-0.3491,-0.0000
122.016,-0.3498,0.6475,-0.4623,-0.0024,1.2309,-0.3491,-0.0000
122.028,-0.3499,0.6519,-0.4624,-0.0024,1.2310,-0.3492,-0.0000
122.040,-0.3499,0.6563,-0.4624,-0.0024,1.2311,-0.3492,-0.0000
122.052,-0.3499,0.6607,-0.4625,-0.0024,1.2313,-0.3493,-0.0000
122.064,-0.3500,0.6651,-0.4625,-0.0024,1.2314,-0.3493,-0.0000
122.076,-0.3500,0.6695,-0.4626,-0.0024,1.2315,-0.3493,-0.0000
122.088,-0.3501,0.6739,-0.4626,-0.0024,1.2316,-0.3494,-0.0000
122.100,-0.3501,0.6783,-0.4627,-0.0024,1.2318,-0.3494,-0.0000
122.112,-0.3501,0.6827,-0.4627,-0.0024,1.2319,-0.3494,-0.0000
122.124,-0.3502,0.6871,-0.4628,-0.0024,1.2320,-0.3495,-0.0000
122.136,-0.3502,0.6915,-0.4628,-0.0024,1.2322,-0.3495,-0.0000
122.148,-0.3502,0.6959,-0.4629,-0.0024,1.2323,-0.3495,-0.0000
122.160,-0.3503,0.7003,-0.4629,-0.0024,1.2324,-0.3496,-0.0000
122.172,-0.3503,0.7047,-0.4630,-0.0024,1.2325,-0.3496,-0.0000
122.184,-0.3503,0.7091,-0.4630,-0.0024,1.2327,-0.3497,-0.0000
122.196,-0.3504,0.7135,-0.4631,-0.0024,1.2328,-0.3497,-0.0000
122.208,-0.3504,0.7179,-0.4631,-0.0024,1.2329,-0.3497,-0.0000
122.220,-0.3505,0.7223,-0.4632,-0.0024,1.2330,-0.3498,-0.0000
122.232,-0.3505,0.7267,-0.4632,-0.0024,1.2332,-0.3498,-0.0000
122.244,-0.3505,0.7311,-0.4633,-0.0024,1.2333,-0.3498,-0.0000
122.256,-0.3506,0.7355,-0.4633,-0.0024,1.2334,-0.3499,-0.0000
122.268,-0.3506,0.7399,-0.4633,-0.0024,1.2336,-0.3499,-0.0000
122.280,-0.3506,0.7443,-0.4634,-0.0024,1.2337,-0.3499,-0.0000
122.292,-0.3507,0.7487,-0.4634,-0.0024,1.2338,-0.3500,-0.0000
122.304,-0.3507,0.7531,-0.4635,-0.0024,1.2339,-0.3500,-0.0000
122.316,-0.3507,0.7575,-0.4635,-0.0024,1.2341,-0.3501,-0.0000
122.328,-0.3508,0.7619,-0.4636,-0.0024,1.2342,-0.3501,-0.0000
122.340,-0.3508,0.7663,-0.4636,-0.0024,1.2343,-0.3501,-0.0000
122.352,-0.3509,0.7707,-0.4637,-0.0024,1.2345,-0.3502,-0.0000
122.364,-0.3509,0.7751,-0.4637,-0.0024,1.2346,-0.3502,-0.0000
122.376,-0.3509,0.7790,-0.4638,-0.0024,1.2347,-0.3502,-0.0000
122.388,-0.3510,0.7824,-0.4638,-0.0024,1.2348,-0.3503,-0.0000
122.400,-0.3510,0.7854,-0.4638,-0.0024,1.2349,-0.3503,-0.0000
122.412,-0.3510,0.7880,-0.4639,-0.0024,1.2350,-0.3503,-0.0000
122.424,-0.3510,0.7904,-0.4639,-0.0024,1.2350,-0.3503,-0.0000
122.436,-0.3510,0.7924,-0.4639,-0.0024,1.2351,-0.3503,-0.0000
122.448,-0.3511,0.7942,-0.4639,-0.0024,1.2351,-0.3504,-0.0000
122.460,-0.3511,0.7958,-0.4640,-0.0024,1.2352,-0.3504,-0.0000
122.472,-0.3511,0.7972,-0.4640,-0.0024,1.2352,-0.3504,-0.0000
122.484,-0.3511,0.7984,-0.4640,-0.0024,1.2353,-0.3504,-0.0005
122.496,-0.3511,0.7995,-0.4640,-0.0024,1.2353,-0.3504,-0.0015
122.508,-0.3511,0.8004,-0.4640,-0.0024,1.2353,-0.3504,-0.0029
122.520,-0.3511,0.8013,-0.4640,-0.0024,1.2353,-0.3504,-0.0047
122.532,-0.3511,0.8020,-0.4640,-0.0024,1.2354,-0.3504,-0.0068
122.544,-0.3511,0.8026,-0.4640,-0.0024,1.2354,-0.3504,-0.0091
122.556,-0.3511,0.8032,-0.4640,-0.0024,1.2354,-0.3504,-0.0117
122.568,-0.3511,0.8037,-0.4640,-0.0024,1.2354,-0.3504,-0.0145
122.580,-0.3511,0.8042,-0.4640,-0.0024,1.2354,-0.3504,-0.0175
122.592,-0.3511,0.8045,-0.4641,-0.0024,1.2354,-0.3504,-0.0207
122.604,-0.3511,0.8049,-0.4641,-0.0024,1.2354,-0.3504,-0.0240
122.616,-0.3511,0.8052,-0.4641,-0.0024,1.2355,-0.3504,-0.0275
122.628,-0.3511,0.8055,-0.4641,-0.0024,1.2355,-0.3504,-0.0311
122.640,-0.3511,0.8057,-0.4641,-0.0024,1.2355,-0.3504,-0.0347
122.652,-0.3511,0.8059,-0.4641,-0.0024,1.2355,-0.3504,-0.0385
122.664,-0.3511,0.8061,-0.4641,-0.0024,1.2355,-0.3505,-0.0423
122.676,-0.3512,0.8062,-0.4641,-0.0024,1.2355,-0.3505,-0.0462
122.688,-0.3512,0.8064,-0.4641,-0.0024,1.2355,-0.3505,-0.0502
122.700,-0.3512,0.8065,-0.4641,-0.0024,1.2355,-0.3505,-0.0542
122.712,-0.3512,0.8066,-0.4641,-0.0024,1.2355,-0.3505,-0.0582
122.724,-0.3512,0.8067,-0.4641,-0.0024,1.2355,-0.3505,-0.0623
122.736,-0.3512,0.8068,-0.4641,-0.0024,1.2355,-0.3505,-0.0665
122.748,-0.3512,0.8068,-0.4641,-0.0024,1.2355,-0.3505,-0.0706
122.760,-0.3512,0.8069,-0.4641,-0.0024,1.2355,-0.3505,-0.0748
122.772,-0.3512,0.8070,-0.4641,-0.0024,1.2355,-0.3505,-0.0791
122.784,-0.3512,0.8070,-0.4641,-0.0024,1.2355,-0.3505,-0.0833
122.796,-0.3512,0.8071,-0.4641,-0.0024,1.2355,-0.3505,-0.0876
122.808,-0.3512,0.8071,-0.4641,-0.0024,1.2355,-0.3505,-0.0918
122.820,-0.3512,0.8071,-0.4641,-0.0024,1.2355,-0.3505,-0.0961
122.832,-0.3512,0.8072,-0.4641,-0.0024,1.2355,-0.3505,-0.1004
122.844,-0.3512,0.8072,-0.4641,-0.0024,1.2355,-0.3505,-0.1047
122.856,-0.3512,0.8072,-0.4641,-0.0024,1.2355,-0.3505,-0.1091
122.868,-0.3512,0.8072,-0.4641,-0.0024,1.2355,-0.3505,-0.1134
122.880,-0.3512,0.8073,-0.4641,-0.0024,1.2355,-0.3505,-0.1178
122.892,-0.3512,0.8073,-0.4641,-0.0024,1.2355,-0.3505,-0.1221
122.904,-0.3512,0.8073,-0.4641,-0.0024,1.2355,-0.3505,-0.1265
122.916,-0.3512,0.8073,-0.4641,-0.0024,1.2355,-0.3505,-0.1308
122.928,-0.3512,0.8073,-0.4641,-0.0024,1.2355,-0.3505,-0.1352
122.940,-0.3512,0.8073,-0.4641,-0.0024,1.2355,-0.3505,-0.1396
122.952,-0.3512,0.8073,-0.4641,-0.0024,1.2355,-0.3505,-0.1439
122.964,-0.3512,0.8073,-0.4641,-0.0024,1.2355,-0.3505,-0.1483
122.976,-0.3512,0.8073,-0.4641,-0.0024,1.2355,-0.3505,-0.1527
122.988,-0.3512,0.8073,-0.4641,-0.0024,1.2355,-0.3505,-0.1571
123.000,-0.3512,0.8074,-0.4641,-0.0024,1.2355,-0.3505,-0.1614
123.012,-0.3512,0.8074,-0.4641,-0.0024,1.2355,-0.3505,-0.1658
123.024,-0.3512,0.8074,-0.4641,-0.0024,1.2355,-0.3505,-0.1702
123.036,-0.3512,0.8074,-0.4641,-0.0024,1.2355,-0.3505,-0.1746
123.048,-0.3512,0.8074,-0.4641,-0.0024,1.2355,-0.3505,-0.1790
123.060,-0.3512,0.8069,-0.4641,-0.0024,1.2359,-0.3505,-0.1834
123.072,-0.3512,0.8063,-0.4641,-0.0024,1.2363,-0.3505,-0.1878
123.084,-0.3512,0.8058,-0.4641,-0.0024,1.2367,-0.3505,-0.1922
123.096,-0.3512,0.8052,-0.4641,-0.0024,1.2371,-0.3505,-0.1966
123.108,-0.3512,0.8047,-0.4641,-0.0024,1.2376,-0.3505,-0.2010
123.120,-0.3512,0.8041,-0.4641,-0.0024,1.2380,-0.3505,-0.2054
123.132,-0.3512,0.8036,-0.4641,-0.0024,1.2384,-0.3505,-0.2098
123.144,-0.3512,0.8030,-0.4641,-0.0024,1.2388,-0.3505,-0.2142
123.156,-0.3512,0.8025,-0.4641,-0.0024,1.2392,-0.3505,-0.2186
123.168,-0.3512,0.8019,-0.4641,-0.0024,1.2396,-0.3505,-0.2230
123.180,-0.3512,0.8014,-0.4641,-0.0024,1.2400,-0.3505,-0.2273
123.192,-0.3512,0.8008,-0.4641,-0.0024,1.2405,-0.3505,-0.2317
123.204,-0.3512,0.8003,-0.4641,-0.0024,1.2409,-0.3505,-0.2361
123.216,-0.3512,0.7997,-0.4641,-0.0024,1.2413,-0.3505,-0.2405
123.228,-0.3512,0.7992,-0.4641,-0.0024,1.2417,-0.3505,-0.2449
123.240,-0.3512,0.7987,-0.4641,-0.0024,1.2421,-0.3505,-0.2493
123.252,-0.3512,0.7981,-0.4641,-0.0024,1.2425,-0.3505,-0.2537
123.264,-0.3512,0.7976,-0.4641,-0.0024,1.2429,-0.3505,-0.2581
123.276,-0.3512,0.7970,-0.4641,-0.0024,1.2432,-0.3505,-0.2625
123.288,-0.3512,0.7965,-0.4641,-0.0024,1.2436,-0.3505,-0.2669
123.300,-0.3512,0.7960,-0.4641,-0.0024,1.2440,-0.3505,-0.2713
123.312,-0.3512,0.7954,-0.4641,-0.0024,1.2444,-0.3505,-0.2757
123.324,-0.3512,0.7949,-0.4641,-0.0024,1.2448,-0.3505,-0.2801
123.336,-0.3512,0.7944,-0.4641,-0.0024,1.2452,-0.3505,-0.2845
123.348,-0.3512,0.7938,-0.4641,-0.0024,1.2456,-0.3505,-0.2889
123.360,-0.3512,0.7933,-0.4641,-0.0024,1.2460,-0.3505,-0.2933
123.372,-0.3512,0.7928,-0.4641,-0.0024,1.2463,-0.3505,-0.2977
123.384,-0.3512,0.7923,-0.4641,-0.0024,1.2467,-0.3505,-0.3021
123.396,-0.3512,0.7917,-0.4641,-0.0024,1.2471,-0.3505,-0.3065
123.408,-0.3512,0.7912,-0.4641,-0.0024,1.2475,-0.3505,-0.3109
123.420,-0.3512,0.7907,-0.4641,-0.0024,1.2478,-0.3505,-0.3153
123.432,-0.3512,0.7902,-0.4641,-0.0024,1.2482,-0.3505,-0.3197
123.444,-0.3512,0.7897,-0.4641,-0.0024,1.2486,-0.3505,-0.3241
123.456,-0.3512,0.7892,-0.4641,-0.0024,1.2489,-0.3505,-0.3285
123.468,-0.3512,0.7887,-0.4641,-0.0024,1.2493,-0.3505,-0.3329
123.480,-0.3512,0.7882,-0.4641,-0.0024,1.2497,-0.3505,-0.3373
123.492,-0.3512,0.7877,-0.4641,-0.0024,1.2500,-0.3505,-0.3417
123.504,-0.3512,0.7871,-0.4641,-0.0024,1.2504,-0.3505,-0.3461
123.516,-0.3512,0.7866,-0.4641,-0.0024,1.2508,-0.3505,-0.3505
123.528,-0.3512,0.7861,-0.4641,-0.0024,1.2511,-0.3505,-0.3549
123.540,-0.3512,0.7856,-0.4641,-0.0024,1.2515,-0.3505,-0.3593
123.552,-0.3512,0.7851,-0.4641,-0.0024,1.2518,-0.3505,-0.3637
123.564,-0.3512,0.7847,-0.4641,-0.0024,1.2522,-0.3505,-0.3681
123.576,-0.3512,0.7842,-0.4641,-0.0024,1.2525,-0.3505,-0.3725
123.588,-0.3512,0.7837,-0.4641,-0.0024,1.2529,-0.3505,-0.3769
123.600,-0.3512,0.7832,-0.4641,-0.0024,1.2532,-0.3505,-0.3813
123.612,-0.3512,0.7827,-0.4641,-0.0024,1.2536,-0.3505,-0.3857
123.624,-0.3512,0.7822,-0.4641,-0.0024,1.2539,-0.3505,-0.3901
123.636,-0.3512,0.7817,-0.4641,-0.0024,1.2543,-0.3505,-0.3945
123.648,-0.3512,0.7813,-0.4641,-0.0024,1.2546,-0.3505,-0.3989
123.660,-0.3512,0.7808,-0.4641,-0.0024,1.2549,-0.3505,-0.4033
123.672,-0.3512,0.7803,-0.4641,-0.0024,1.2553,-0.3505,-0.4077
123.684,-0.3512,0.7799,-0.4641,-0.0024,1.2556,-0.3505,-0.4116
123.696,-0.3512,0.7795,-0.4641,-0.0024,1.2558,-0.3505,-0.4150
123.708,-0.3512,0.7791,-0.4641,-0.0024,1.2561,-0.3505,-0.4180
123.720,-0.3512,0.7788,-0.4641,-0.0024,1.2563,-0.3505,-0.4206
123.732,-0.3512,0.7784,-0.4641,-0.0024,1.2563,-0.3505,-0.4230
123.744,-0.3512,0.7775,-0.4641,-0.0024,1.2562,-0.3505,-0.4250
123.756,-0.3512,0.7762,-0.4641,-0.0024,1.2561,-0.3505,-0.4268
123.768,-0.3512,0.7746,-0.4641,-0.0024,1.2560,-0.3505,-0.4284
123.780,-0.3512,0.7727,-0.4641,-0.0024,1.2559,-0.3505,-0.4298
123.792,-0.3512,0.7705,-0.4641,-0.0024,1.2558,-0.3505,-0.4310
123.804,-0.3512,0.7681,-0.4641,-0.0024,1.2556,-0.3505,-0.4321
123.816,-0.3512,0.7655,-0.4641,-0.0024,1.2555,-0.3505,-0.4330
123.828,-0.3512,0.7628,-0.4641,-0.0024,1.2553,-0.3505,-0.4339
123.840,-0.3512,0.7598,-0.4641,-0.0024,1.2552,-0.3505,-0.4346
123.852,-0.3512,0.7568,-0.4641,-0.0024,1.2550,-0.3505,-0.4353
123.864,-0.3512,0.7536,-0.4641,-0.0024,1.2548,-0.3505,-0.4358
123.876,-0.3512,0.7503,-0.4641,-0.0024,1.2547,-0.3505,-0.4363
123.888,-0.3512,0.7469,-0.4641,-0.0024,1.2545,-0.3505,-0.4368
123.900,-0.3512,0.7434,-0.4641,-0.0024,1.2543,-0.3505,-0.4372
123.912,-0.3512,0.7399,-0.4641,-0.0024,1.2541,-0.3505,-0.4375
123.924,-0.3512,0.7362,-0.4641,-0.0024,1.2539,-0.3505,-0.4378
123.936,-0.3512,0.7326,-0.4641,-0.0024,1.2538,-0.3505,-0.4381
123.948,-0.3512,0.7289,-0.4641,-0.0024,1.2536,-0.3505,-0.4383
123.960,-0.3512,0.7251,-0.4641,-0.0024,1.2534,-0.3505,-0.4385
123.972,-0.3512,0.7213,-0.4641,-0.0024,1.2532,-0.3505,-0.4387
123.984,-0.3512,0.7175,-0.4641,-0.0024,1.2530,-0.3505,-0.4388
123.996,-0.3512,0.7136,-0.4641,-0.0024,1.2528,-0.3505,-0.4390
124.008,-0.3512,0.7097,-0.4641,-0.0024,1.2526,-0.3505,-0.4391
124.020,-0.3512,0.7058,-0.4641,-0.0024,1.2524,-0.3505,-0.4392
124.032,-0.3512,0.7019,-0.4641,-0.0024,1.2522,-0.3505,-0.4393
124.044,-0.3512,0.6979,-0.4641,-0.0024,1.2520,-0.3505,-0.4394
124.056,-0.3512,0.6940,-0.4641,-0.0024,1.2518,-0.3505,-0.4395
124.068,-0.3512,0.6900,-0.4641,-0.0024,1.2516,-0.3505,-0.4395
124.080,-0.3512,0.6860,-0.4641,-0.0024,1.2514,-0.3505,-0.4396
124.092,-0.3512,0.6820,-0.4641,-0.0024,1.2512,-0.3505,-0.4396
124.104,-0.3512,0.6780,-0.4641,-0.0024,1.2510,-0.3505,-0.4397
124.116,-0.3512,0.6740,-0.4641,-0.0024,1.2508,-0.3505,-0.4397
124.128,-0.3512,0.6699,-0.4641,-0.0024,1.2506,-0.3505,-0.4397
124.140,-0.3512,0.6659,-0.4641,-0.0024,1.2504,-0.3505,-0.4398
124.152,-0.3512,0.6619,-0.4641,-0.0024,1.2502,-0.3505,-0.4398
124.164,-0.3512,0.6578,-0.4641,-0.0024,1.2500,-0.3505,-0.4398
124.176,-0.3512,0.6538,-0.4641,-0.0024,1.2498,-0.3505,-0.4398
124.188,-0.3512,0.6497,-0.4641,-0.0024,1.2496,-0.3505,-0.4399
124.200,-0.3512,0.6456,-0.4641,-0.0024,1.2494,-0.3505,-0.4399
124.212,-0.3512,0.6416,-0.4641,-0.0024,1.2492,-0.3505,-0.4399
124.224,-0.3512,0.6375,-0.4641,-0.0024,1.2489,-0.3505,-0.4399
124.236,-0.3512,0.6335,-0.4641,-0.0024,1.2487,-0.3505,-0.4399
124.248,-0.3512,0.6294,-0.4641,-0.0024,1.2485,-0.3505,-0.4399
124.260,-0.3512,0.6253,-0.4641,-0.0024,1.2483,-0.3505,-0.4399
124.272,-0.3512,0.6213,-0.4641,-0.0024,1.2481,-0.3505,-0.4399
124.284,-0.3512,0.6172,-0.4641,-0.0024,1.2479,-0.3505,-0.4400
124.296,-0.3512,0.6131,-0.4641,-0.0024,1.2477,-0.3505,-0.4400
124.308,-0.3512,0.6090,-0.4641,-0.0024,1.2475,-0.3505,-0.4400
124.320,-0.3512,0.6050,-0.4641,-0.0024,1.2473,-0.3505,-0.4400
124.332,-0.3512,0.6009,-0.4641,-0.0024,1.2471,-0.3505,-0.4400
124.344,-0.3512,0.5968,-0.4641,-0.0024,1.2469,-0.3505,-0.4400
124.356,-0.3512,0.5927,-0.4641,-0.0024,1.2467,-0.3505,-0.4400
124.368,-0.3512,0.5887,-0.4641,-0.0024,1.2465,-0.3505,-0.4400
124.380,-0.3512,0.5846,-0.4641,-0.0024,1.2463,-0.3505,-0.4400
124.392,-0.3512,0.5805,-0.4641,-0.0024,1.2461,-0.3505,-0.4400
124.404,-0.3512,0.5764,-0.4641,-0.0024,1.2459,-0.3505,-0.4400
124.416,-0.3512,0.5724,-0.4641,-0.0024,1.2457,-0.3505,-0.4400
124.428,-0.3512,0.5683,-0.4641,-0.0024,1.2455,-0.3505,-0.4400
124.440,-0.3512,0.5642,-0.4641,-0.0024,1.2453,-0.3505,-0.4400
124.452,-0.3512,0.5601,-0.4641,-0.0024,1.2450,-0.3505,-0.4400
124.464,-0.3512,0.5560,-0.4641,-0.0024,1.2448,-0.3505,-0.4400
124.476,-0.3512,0.5520,-0.4641,-0.0024,1.2446,-0.3505,-0.4400
124.488,-0.3512,0.5479,-0.4641,-0.0024,1.2444,-0.3505,-0.4400
124.500,-0.3512,0.5438,-0.4641,-0.0024,1.2442,-0.3505,-0.4400
124.512,-0.3512,0.5397,-0.4641,-0.0024,1.2440,-0.3505,-0.4400
124.524,-0.3512,0.5356,-0.4641,-0.0024,1.2438,-0.3505,-0.4400
124.536,-0.3512,0.5316,-0.4641,-0.0024,1.2436,-0.3505,-0.4400
124.548,-0.3512,0.5275,-0.4641,-0.0024,1.2434,-0.3505,-0.4400
124.560,-0.3512,0.5234,-0.4641,-0.0024,1.2432,-0.3505,-0.4400
124.572,-0.3512,0.5193,-0.4641,-0.0024,1.2430,-0.3505,-0.4400
124.584,-0.3512,0.5152,-0.4641,-0.0024,1.2428,-0.3505,-0.4400
124.596,-0.3512,0.5112,-0.4641,-0.0024,1.2426,-0.3505,-0.4400
124.608,-0.3512,0.5071,-0.4641,-0.0024,1.2424,-0.3505,-0.4400
124.620,-0.3512,0.5030,-0.4641,-0.0024,1.2422,-0.3505,-0.4400
124.632,-0.3512,0.4989,-0.4641,-0.0024,1.2420,-0.3505,-0.4400
124.644,-0.3512,0.4948,-0.4641,-0.0024,1.2418,-0.3505,-0.4400
124.656,-0.3512,0.4908,-0.4641,-0.0024,1.2416,-0.3505,-0.4400
124.668,-0.3512,0.4867,-0.4641,-0.0024,1.2413,-0.3505,-0.4400
124.680,-0.3512,0.4826,-0.4641,-0.0024,1.2411,-0.3505,-0.4400
124.692,-0.3512,0.4785,-0.4641,-0.0024,1.2409,-0.3505,-0.4400
124.704,-0.3512,0.4744,-0.4641,-0.0024,1.2407,-0.3505,-0.4400
124.716,-0.3512,0.4704,-0.4641,-0.0024,1.2405,-0.3505,-0.4400
124.728,-0.3512,0.4663,-0.4641,-0.0024,1.2403,-0.3505,-0.4400
124.740,-0.3512,0.4622,-0.4641,-0.0024,1.2401,-0.3505,-0.4400
124.752,-0.3512,0.4581,-0.4641,-0.0024,1.2399,-0.3505,-0.4400
124.764,-0.3512,0.4540,-0.4641,-0.0024,1.2397,-0.3505,-0.4400
124.776,-0.3512,0.4500,-0.4641,-0.0024,1.2395,-0.3505,-0.4400
124.788,-0.3512,0.4459,-0.4641,-0.0024,1.2393,-0.3505,-0.4400
124.800,-0.3512,0.4418,-0.4641,-0.0024,1.2391,-0.3505,-0.4400
124.812,-0.3512,0.4377,-0.4641,-0.0024,1.2389,-0.3505,-0.4400
124.824,-0.3512,0.4336,-0.4641,-0.0024,1.2387,-0.3505,-0.4400
124.836,-0.3512,0.4295,-0.4641,-0.0024,1.2385,-0.3505,-0.4400
124.848,-0.3512,0.4255,-0.4641,-0.0024,1.2383,-0.3505,-0.4400
124.860,-0.3512,0.4214,-0.4641,-0.0024,1.2381,-0.3505,-0.4400
124.872,-0.3512,0.4173,-0.4641,-0.0024,1.2378,-0.3505,-0.4400
124.884,-0.3512,0.4132,-0.4641,-0.0024,1.2376,-0.3505,-0.4400
124.896,-0.3512,0.4091,-0.4641,-0.0024,1.2374,-0.3505,-0.4400
124.908,-0.3512,0.4051,-0.4641,-0.0024,1.2372,-0.3505,-0.4400
124.920,-0.3512,0.4010,-0.4641,-0.0024,1.2370,-0.3505,-0.4400
124.932,-0.3512,0.3974,-0.4641,-0.0024,1.2368,-0.3505,-0.4400
124.944,-0.3512,0.3942,-0.4641,-0.0024,1.2367,-0.3505,-0.4400
124.956,-0.3512,0.3915,-0.4641,-0.0024,1.2365,-0.3505,-0.4400
124.968,-0.3512,0.3890,-0.4641,-0.0024,1.2364,-0.3505,-0.4400
124.980,-0.3512,0.3868,-0.4641,-0.0024,1.2363,-0.3505,-0.4400
124.992,-0.3512,0.3850,-0.4641,-0.0024,1.2362,-0.3505,-0.4400
125.004,-0.3512,0.3833,-0.4641,-0.0024,1.2361,-0.3505,-0.4400
125.016,-0.3512,0.3833,-0.4641,-0.0024,1.2361,-0.3505,-0.4400
125.028,-0.3512,0.3830,-0.4641,-0.0024,1.2361,-0.3505,-0.4400
125.040,-0.3512,0.3825,-0.4641,-0.0024,1.2361,-0.3505,-0.4400
125.052,-0.3512,0.3818,-0.4641,-0.0024,1.2361,-0.3505,-0.4400
125.064,-0.3512,0.3809,-0.4641,-0.0024,1.2361,-0.3505,-0.4400
125.076,-0.3512,0.3798,-0.4641,-0.0024,1.2361,-0.3505,-0.4400
125.088,-0.3512,0.3786,-0.4641,-0.0024,1.2361,-0.3505,-0.4400
125.100,-0.3512,0.3773,-0.4641,-0.0024,1.2361,-0.3505,-0.4400
125.112,-0.3512,0.3759,-0.4641,-0.0024,1.2361,-0.3505,-0.4400
125.124,-0.3512,0.3744,-0.4641,-0.0024,1.2361,-0.3505,-0.4400
125.136,-0.3512,0.3727,-0.4641,-0.0024,1.2361,-0.3505,-0.4400
125.148,-0.3512,0.3710,-0.4641,-0.0024,1.2361,-0.3505,-0.4400
125.160,-0.3512,0.3693,-0.4641,-0.0024,1.2361,-0.3505,-0.4400
125.172,-0.3512,0.3675,-0.4641,-0.0024,1.2361,-0.3505,-0.4400
125.184,-0.3512,0.3656,-0.4641,-0.0024,1.2361,-0.3505,-0.4400
125.196,-0.3512,0.3637,-0.4641,-0.0024,1.2361,-0.3505,-0.4400
125.208,-0.3512,0.3617,-0.4641,-0.0024,1.2361,-0.3505,-0.4400
125.220,-0.3512,0.3598,-0.4641,-0.0024,1.2361,-0.3505,-0.4400
125.232,-0.3512,0.3577,-0.4641,-0.0024,1.2361,-0.3505,-0.4400
125.244,-0.3512,0.3557,-0.4641,-0.0024,1.2360,-0.3505,-0.4400
125.256,-0.3512,0.3536,-0.4641,-0.0024,1.2360,-0.3505,-0.4400
125.268,-0.3512,0.3515,-0.4641,-0.0024,1.2360,-0.3505,-0.4400
125.280,-0.3512,0.3494,-0.4641,-0.0024,1.2360,-0.3505,-0.4400
125.292,-0.3512,0.3473,-0.4641,-0.0024,1.2360,-0.3505,-0.4400
125.304,-0.3512,0.3452,-0.4641,-0.0024,1.2360,-0.3505,-0.4400
125.316,-0.3512,0.3430,-0.4641,-0.0024,1.2360,-0.3505,-0.4400
125.328,-0.3512,0.3409,-0.4641,-0.0024,1.2360,-0.3505,-0.4400
125.340,-0.3512,0.3387,-0.4641,-0.0024,1.2360,-0.3505,-0.4400
125.352,-0.3512,0.3365,-0.4641,-0.0024,1.2360,-0.3505,-0.4400
125.364,-0.3512,0.3343,-0.4641,-0.0024,1.2360,-0.3505,-0.4400
125.376,-0.3512,0.3321,-0.4641,-0.0024,1.2360,-0.3505,-0.4400
125.388,-0.3512,0.3299,-0.4641,-0.0024,1.2360,-0.3505,-0.4400
125.400,-0.3512,0.3277,-0.4641,-0.0024,1.2360,-0.3505,-0.4400
125.412,-0.3512,0.3255,-0.4641,-0.0024,1.2359,-0.3505,-0.4400
125.424,-0.3512,0.3233,-0.4641,-0.0024,1.2359,-0.3505,-0.4400
125.436,-0.3512,0.3211,-0.4641,-0.0024,1.2359,-0.3505,-0.4400
125.448,-0.3512,0.3189,-0.4641,-0.0024,1.2359,-0.3505,-0.4400
125.460,-0.3512,0.3167,-0.4641,-0.0024,1.2359,-0.3505,-0.4400
125.472,-0.3512,0.3144,-0.4641,-0.0024,1.2359,-0.3505,-0.4400
125.484,-0.3512,0.3122,-0.4641,-0.0024,1.2359,-0.3505,-0.4400
125.496,-0.3512,0.3100,-0.4641,-0.0024,1.2359,-0.3505,-0.4400
125.508,-0.3512,0.3077,-0.4641,-0.0024,1.2359,-0.3505,-0.4400
125.520,-0.3512,0.3055,-0.4641,-0.0024,1.2359,-0.3505,-0.4400
125.532,-0.3512,0.3033,-0.4641,-0.0024,1.2359,-0.3505,-0.4400
125.544,-0.3512,0.3011,-0.4641,-0.0024,1.2359,-0.3505,-0.4400
125.556,-0.3512,0.2988,-0.4641,-0.0024,1.2359,-0.3505,-0.4400
125.568,-0.3512,0.2966,-0.4641,-0.0024,1.2358,-0.3505,-0.4400
125.580,-0.3512,0.2943,-0.4641,-0.0024,1.2358,-0.3505,-0.4400
125.592,-0.3512,0.2921,-0.4641,-0.0024,1.2358,-0.3505,-0.4400
125.604,-0.3512,0.2899,-0.4641,-0.0024,1.2358,-0.3505,-0.4400
125.616,-0.3512,0.2876,-0.4641,-0.0024,1.2358,-0.3505,-0.4400
125.628,-0.3512,0.2854,-0.4641,-0.0024,1.2358,-0.3505,-0.4400
125.640,-0.3512,0.2832,-0.4641,-0.0024,1.2358,-0.3505,-0.4400
125.652,-0.3512,0.2809,-0.4641,-0.0024,1.2358,-0.3505,-0.4400
125.664,-0.3512,0.2787,-0.4641,-0.0024,1.2358,-0.3505,-0.4400
125.676,-0.3512,0.2764,-0.4641,-0.0024,1.2358,-0.3505,-0.4400
125.688,-0.3512,0.2742,-0.4641,-0.0024,1.2358,-0.3505,-0.4400
125.700,-0.3512,0.2720,-0.4641,-0.0024,1.2358,-0.3505,-0.4400
125.712,-0.3512,0.2697,-0.4641,-0.0024,1.2358,-0.3505,-0.4400
125.724,-0.3512,0.2675,-0.4641,-0.0024,1.2358,-0.3505,-0.4400
125.736,-0.3512,0.2652,-0.4641,-0.0024,1.2357,-0.3505,-0.4400
125.748,-0.3512,0.2630,-0.4641,-0.0024,1.2357,-0.3505,-0.4400
125.760,-0.3512,0.2608,-0.4641,-0.0024,1.2357,-0.3505,-0.4400
125.772,-0.3512,0.2585,-0.4641,-0.0024,1.2357,-0.3505,-0.4400
125.784,-0.3512,0.2563,-0.4641,-0.0024,1.2357,-0.3505,-0.4400
125.796,-0.3512,0.2540,-0.4641,-0.0024,1.2357,-0.3505,-0.4400
125.808,-0.3512,0.2518,-0.4641,-0.0024,1.2357,-0.3505,-0.4400
125.820,-0.3512,0.2496,-0.4641,-0.0024,1.2357,-0.3505,-0.4400
125.832,-0.3512,0.2473,-0.4641,-0.0024,1.2357,-0.3505,-0.4400
125.844,-0.3512,0.2451,-0.4641,-0.0024,1.2357,-0.3505,-0.4400
125.856,-0.3512,0.2428,-0.4641,-0.0024,1.2357,-0.3505,-0.4400
125.868,-0.3512,0.2406,-0.4641,-0.0024,1.2357,-0.3505,-0.4400
125.880,-0.3512,0.2384,-0.4641,-0.0024,1.2357,-0.3505,-0.4400
125.892,-0.3512,0.2361,-0.4641,-0.0024,1.2356,-0.3505,-0.4400
125.904,-0.3512,0.2339,-0.4641,-0.0024,1.2356,-0.3505,-0.4400
125.916,-0.3512,0.2316,-0.4641,-0.0024,1.2356,-0.3505,-0.4400
125.928,-0.3512,0.2294,-0.4641,-0.0024,1.2356,-0.3505,-0.4400
125.940,-0.3512,0.2272,-0.4641,-0.0024,1.2356,-0.3505,-0.4400
125.952,-0.3512,0.2249,-0.4641,-0.0024,1.2356,-0.3505,-0.4400
125.964,-0.3512,0.2227,-0.4641,-0.0024,1.2356,-0.3505,-0.4400
125.976,-0.3512,0.2204,-0.4641,-0.0024,1.2356,-0.3505,-0.4400
125.988,-0.3512,0.2182,-0.4641,-0.0024,1.2356,-0.3505,-0.4400
126.000,-0.3512,0.2159,-0.4641,-0.0024,1.2356,-0.3505,-0.4400
126.012,-0.3512,0.2137,-0.4641,-0.0024,1.2356,-0.3505,-0.4400
126.024,-0.3512,0.2116,-0.4641,-0.0024,1.2356,-0.3505,-0.4400
126.036,-0.3512,0.2098,-0.4641,-0.0024,1.2356,-0.3505,-0.4400
126.048,-0.3512,0.2098,-0.4641,-0.0024,1.2356,-0.3505,-0.4400
126.060,-0.3508,0.2098,-0.4641,-0.0024,1.2356,-0.3505,-0.4400
126.072,-0.3501,0.2098,-0.4641,-0.0024,1.2356,-0.3505,-0.4400
126.084,-0.3492,0.2098,-0.4641,-0.0024,1.2356,-0.3505,-0.4400
126.096,-0.3479,0.2097,-0.4641,-0.0024,1.2356,-0.3505,-0.4400
126.108,-0.3465,0.2097,-0.4641,-0.0024,1.2356,-0.3505,-0.4400
126.120,-0.3449,0.2097,-0.4641,-0.0024,1.2356,-0.3505,-0.4400
126.132,-0.3431,0.2096,-0.4641,-0.0024,1.2356,-0.3505,-0.4400
126.144,-0.3412,0.2096,-0.4641,-0.0024,1.2356,-0.3505,-0.4400
126.156,-0.3391,0.2095,-0.4641,-0.0024,1.2356,-0.3505,-0.4400
126.168,-0.3370,0.2095,-0.4641,-0.0024,1.2356,-0.3505,-0.4400
126.180,-0.3347,0.2094,-0.4641,-0.0024,1.2356,-0.3505,-0.4400
126.192,-0.3323,0.2093,-0.4641,-0.0024,1.2356,-0.3505,-0.4400
126.204,-0.3299,0.2093,-0.4641,-0.0024,1.2356,-0.3505,-0.4400
126.216,-0.3274,0.2092,-0.4641,-0.0024,1.2356,-0.3505,-0.4400
126.228,-0.3248,0.2091,-0.4641,-0.0024,1.2356,-0.3505,-0.4400
126.240,-0.3222,0.2091,-0.4641,-0.0024,1.2356,-0.3505,-0.4400
126.252,-0.3195,0.2090,-0.4641,-0.0024,1.2356,-0.3505,-0.4400
126.264,-0.3168,0.2089,-0.4641,-0.0024,1.2356,-0.3505,-0.4400
126.276,-0.3140,0.2088,-0.4641,-0.0024,1.2356,-0.3505,-0.4400
126.288,-0.3112,0.2088,-0.4641,-0.0024,1.2356,-0.3505,-0.4400
126.300,-0.3084,0.2087,-0.4641,-0.0024,1.2356,-0.3505,-0.4400
126.312,-0.3056,0.2086,-0.4641,-0.0024,1.2356,-0.3505,-0.4400
126.324,-0.3027,0.2085,-0.4641,-0.0024,1.2356,-0.3505,-0.4400
126.336,-0.2999,0.2085,-0.4641,-0.0024,1.2356,-0.3505,-0.4400
126.348,-0.2970,0.2084,-0.4641,-0.0024,1.2356,-0.3505,-0.4400
126.360,-0.2941,0.2083,-0.4641,-0.0024,1.2356,-0.3505,-0.4400
126.372,-0.2911,0.2082,-0.4641,-0.0024,1.2356,-0.3505,-0.4400
126.384,-0.2882,0.2082,-0.4641,-0.0024,1.2356,-0.3505,-0.4400
126.396,-0.2853,0.2081,-0.4641,-0.0024,1.2356,-0.3505,-0.4400
126.408,-0.2823,0.2080,-0.4641,-0.0024,1.2356,-0.3505,-0.4400
126.420,-0.2794,0.2079,-0.4641,-0.0024,1.2356,-0.3505,-0.4400
126.432,-0.2764,0.2079,-0.4641,-0.0024,1.2356,-0.3505,-0.4400
126.444,-0.2734,0.2078,-0.4641,-0.0024,1.2356,-0.3505,-0.4400
126.456,-0.2704,0.2077,-0.4641,-0.0024,1.2356,-0.3505,-0.4400
126.468,-0.2675,0.2076,-0.4641,-0.0024,1.2356,-0.3505,-0.4400
126.480,-0.2645,0.2075,-0.4641,-0.0024,1.2356,-0.3505,-0.4400
126.492,-0.2615,0.2075,-0.4641,-0.0024,1.2356,-0.3505,-0.4400
126.504,-0.2585,0.2074,-0.4641,-0.0024,1.2356,-0.3505,-0.4400
126.516,-0.2555,0.2073,-0.4641,-0.0024,1.2356,-0.3505,-0.4400
126.528,-0.2525,0.2072,-0.4641,-0.0024,1.2356,-0.3505,-0.4400
126.540,-0.2495,0.2071,-0.4641,-0.0024,1.2356,-0.3505,-0.4400
126.552,-0.2465,0.2071,-0.4641,-0.0024,1.2356,-0.3505,-0.4400
126.564,-0.2435,0.2070,-0.4641,-0.0024,1.2356,-0.3505,-0.4400
126.576,-0.2405,0.2069,-0.4641,-0.0024,1.2356,-0.3505,-0.4400
126.588,-0.2375,0.2068,-0.4641,-0.0024,1.2356,-0.3505,-0.4400
126.600,-0.2345,0.2067,-0.4641,-0.0024,1.2356,-0.3505,-0.4400
126.612,-0.2315,0.2067,-0.4641,-0.0024,1.2356,-0.3505,-0.4400
126.624,-0.2285,0.2066,-0.4641,-0.0024,1.2356,-0.3505,-0.4400
126.636,-0.2255,0.2065,-0.4641,-0.0024,1.2356,-0.3505,-0.4400
126.648,-0.2224,0.2064,-0.4641,-0.0024,1.2356,-0.3505,-0.4400
126.660,-0.2194,0.2063,-0.4641,-0.0024,1.2356,-0.3505,-0.4400
126.672,-0.2164,0.2063,-0.4641,-0.0024,1.2356,-0.3505,-0.4400
126.684,-0.2134,0.2062,-0.4641,-0.0024,1.2356,-0.3505,-0.4400
126.696,-0.2104,0.2061,-0.4641,-0.0024,1.2356,-0.3505,-0.4400
126.708,-0.2074,0.2060,-0.4641,-0.0024,1.2355,-0.3505,-0.4400
126.720,-0.2044,0.2059,-0.4641,-0.0024,1.2355,-0.3505,-0.4400
126.732,-0.2014,0.2059,-0.4641,-0.0024,1.2355,-0.3505,-0.4400
126.744,-0.1983,0.2058,-0.4641,-0.0024,1.2355,-0.3505,-0.4400
126.756,-0.1953,0.2057,-0.4641,-0.0024,1.2355,-0.3505,-0.4400
126.768,-0.1923,0.2056,-0.4641,-0.0024,1.2355,-0.3505,-0.4400
126.780,-0.1893,0.2055,-0.4641,-0.0024,1.2355,-0.3505,-0.4400
126.792,-0.1863,0.2055,-0.4641,-0.0024,1.2355,-0.3505,-0.4400
126.804,-0.1833,0.2054,-0.4641,-0.0024,1.2355,-0.3505,-0.4400
126.816,-0.1803,0.2053,-0.4641,-0.0024,1.2355,-0.3505,-0.4400
126.828,-0.1772,0.2052,-0.4641,-0.0024,1.2355,-0.3505,-0.4400
126.840,-0.1742,0.2051,-0.4641,-0.0024,1.2355,-0.3505,-0.4400
126.852,-0.1712,0.2051,-0.4641,-0.0024,1.2355,-0.3505,-0.4400
126.864,-0.1682,0.2050,-0.4641,-0.0024,1.2355,-0.3505,-0.4400
126.876,-0.1652,0.2049,-0.4641,-0.0024,1.2355,-0.3505,-0.4400
126.888,-0.1622,0.2048,-0.4641,-0.0024,1.2355,-0.3505,-0.4400
126.900,-0.1591,0.2047,-0.4641,-0.0024,1.2355,-0.3505,-0.4400
126.912,-0.1561,0.2047,-0.4641,-0.0024,1.2355,-0.3505,-0.4400
126.924,-0.1531,0.2046,-0.4641,-0.0024,1.2355,-0.3505,-0.4400
126.936,-0.1501,0.2045,-0.4641,-0.0024,1.2355,-0.3505,-0.4400
126.948,-0.1471,0.2044,-0.4641,-0.0024,1.2355,-0.3505,-0.4400
126.960,-0.1441,0.2043,-0.4641,-0.0024,1.2355,-0.3505,-0.4400
126.972,-0.1410,0.2043,-0.4641,-0.0024,1.2355,-0.3505,-0.4400
126.984,-0.1380,0.2042,-0.4641,-0.0024,1.2355,-0.3505,-0.4400
126.996,-0.1350,0.2041,-0.4641,-0.0024,1.2355,-0.3505,-0.4400
127.008,-0.1320,0.2040,-0.4641,-0.0024,1.2355,-0.3505,-0.4400
127.020,-0.1290,0.2039,-0.4641,-0.0024,1.2355,-0.3505,-0.4400
127.032,-0.1260,0.2039,-0.4641,-0.0024,1.2355,-0.3505,-0.4400
127.044,-0.1230,0.2038,-0.4641,-0.0024,1.2355,-0.3505,-0.4400
127.056,-0.1199,0.2037,-0.4641,-0.0024,1.2355,-0.3505,-0.4400
127.068,-0.1169,0.2036,-0.4641,-0.0024,1.2355,-0.3505,-0.4400
127.080,-0.1139,0.2035,-0.4641,-0.0024,1.2355,-0.3505,-0.4400
127.092,-0.1109,0.2035,-0.4641,-0.0024,1.2355,-0.3505,-0.4400
127.104,-0.1079,0.2034,-0.4641,-0.0024,1.2355,-0.3505,-0.4400
127.116,-0.1049,0.2033,-0.4641,-0.0024,1.2355,-0.3505,-0.4400
127.128,-0.1018,0.2032,-0.4641,-0.0024,1.2355,-0.3505,-0.4400
127.140,-0.0988,0.2032,-0.4641,-0.0024,1.2355,-0.3505,-0.4400
127.152,-0.0958,0.2031,-0.4641,-0.0024,1.2355,-0.3505,-0.4400
127.164,-0.0928,0.2030,-0.4641,-0.0024,1.2355,-0.3505,-0.4400
127.176,-0.0898,0.2029,-0.4641,-0.0024,1.2355,-0.3505,-0.4400
127.188,-0.0868,0.2028,-0.4641,-0.0024,1.2355,-0.3505,-0.4400
127.200,-0.0837,0.2028,-0.4641,-0.0024,1.2355,-0.3505,-0.4400
127.212,-0.0807,0.2027,-0.4641,-0.0024,1.2355,-0.3505,-0.4400
127.224,-0.0777,0.2026,-0.4641,-0.0024,1.2355,-0.3505,-0.4400
127.236,-0.0747,0.2025,-0.4641,-0.0024,1.2355,-0.3505,-0.4400
127.248,-0.0717,0.2024,-0.4641,-0.0024,1.2355,-0.3505,-0.4400
127.260,-0.0687,0.2024,-0.4641,-0.0024,1.2355,-0.3505,-0.4400
127.272,-0.0657,0.2023,-0.4641,-0.0024,1.2355,-0.3505,-0.4400
127.284,-0.0626,0.2022,-0.4641,-0.0024,1.2355,-0.3505,-0.4400
127.296,-0.0596,0.2021,-0.4641,-0.0024,1.2355,-0.3505,-0.4400
127.308,-0.0566,0.2020,-0.4641,-0.0024,1.2355,-0.3505,-0.4400
127.320,-0.0536,0.2020,-0.4641,-0.0024,1.2355,-0.3505,-0.4400
127.332,-0.0506,0.2019,-0.4641,-0.0024,1.2355,-0.3505,-0.4400
127.344,-0.0476,0.2018,-0.4641,-0.0024,1.2355,-0.3505,-0.4400
127.356,-0.0445,0.2017,-0.4641,-0.0024,1.2355,-0.3505,-0.4400
127.368,-0.0415,0.2016,-0.4641,-0.0024,1.2355,-0.3505,-0.4400
127.380,-0.0385,0.2016,-0.4641,-0.0024,1.2355,-0.3505,-0.4400
127.392,-0.0355,0.2015,-0.4641,-0.0024,1.2355,-0.3505,-0.4400
127.404,-0.0325,0.2014,-0.4641,-0.0024,1.2355,-0.3505,-0.4400
127.416,-0.0295,0.2013,-0.4641,-0.0024,1.2355,-0.3505,-0.4400
127.428,-0.0264,0.2012,-0.4641,-0.0024,1.2355,-0.3505,-0.4400
127.440,-0.0234,0.2012,-0.4641,-0.0024,1.2355,-0.3505,-0.4400
127.452,-0.0204,0.2011,-0.4641,-0.0024,1.2355,-0.3505,-0.4400
127.464,-0.0174,0.2010,-0.4641,-0.0024,1.2355,-0.3505,-0.4400
127.476,-0.0144,0.2009,-0.4641,-0.0024,1.2355,-0.3505,-0.4400
127.488,-0.0114,0.2008,-0.4641,-0.0024,1.2355,-0.3505,-0.4400
127.500,-0.0083,0.2008,-0.4641,-0.0024,1.2355,-0.3505,-0.4400
127.512,-0.0053,0.2007,-0.4641,-0.0024,1.2355,-0.3505,-0.4400
127.524,-0.0023,0.2006,-0.4641,-0.0024,1.2355,-0.3505,-0.4400
127.536,0.0007,0.2005,-0.4641,-0.0024,1.2355,-0.3505,-0.4400
127.548,0.0037,0.2004,-0.4641,-0.0024,1.2355,-0.3505,-0.4400
127.560,0.0067,0.2004,-0.4641,-0.0024,1.2355,-0.3505,-0.4400
127.572,0.0097,0.2003,-0.4641,-0.0024,1.2355,-0.3505,-0.4400
127.584,0.0128,0.2002,-0.4641,-0.0024,1.2355,-0.3505,-0.4400
127.596,0.0158,0.2001,-0.4641,-0.0024,1.2355,-0.3505,-0.4400
127.608,0.0188,0.2000,-0.4641,-0.0024,1.2355,-0.3505,-0.4400
127.620,0.0218,0.2000,-0.4641,-0.0024,1.2355,-0.3505,-0.4400
127.632,0.0248,0.1999,-0.4641,-0.0024,1.2355,-0.3505,-0.4400
127.644,0.0278,0.1998,-0.4641,-0.0024,1.2355,-0.3505,-0.4400
127.656,0.0309,0.1997,-0.4641,-0.0024,1.2355,-0.3505,-0.4400
127.668,0.0339,0.1996,-0.4641,-0.0024,1.2355,-0.3505,-0.4400
127.680,0.0369,0.1996,-0.4641,-0.0024,1.2355,-0.3505,-0.4400
127.692,0.0399,0.1995,-0.4641,-0.0024,1.2355,-0.3505,-0.4400
127.704,0.0429,0.1994,-0.4641,-0.0024,1.2355,-0.3505,-0.4400
127.716,0.0459,0.1993,-0.4641,-0.0024,1.2355,-0.3505,-0.4400
127.728,0.0490,0.1992,-0.4641,-0.0024,1.2355,-0.3505,-0.4400
127.740,0.0520,0.1992,-0.4641,-0.0024,1.2355,-0.3505,-0.4400
127.752,0.0550,0.1991,-0.4641,-0.0024,1.2355,-0.3505,-0.4400
127.764,0.0580,0.1990,-0.4641,-0.0024,1.2355,-0.3505,-0.4400
127.776,0.0610,0.1989,-0.4641,-0.0024,1.2355,-0.3505,-0.4400
127.788,0.0640,0.1988,-0.4641,-0.0024,1.2355,-0.3505,-0.4400
127.800,0.0670,0.1988,-0.4641,-0.0024,1.2355,-0.3505,-0.4400
127.812,0.0701,0.1987,-0.4641,-0.0024,1.2355,-0.3505,-0.4400
127.824,0.0731,0.1986,-0.4641,-0.0024,1.2355,-0.3505,-0.4400
127.836,0.0761,0.1985,-0.4641,-0.0024,1.2355,-0.3505,-0.4400
127.848,0.0791,0.1984,-0.4641,-0.0024,1.2355,-0.3505,-0.4400
127.860,0.0821,0.1984,-0.4641,-0.0024,1.2355,-0.3505,-0.4400
127.872,0.0851,0.1983,-0.4641,-0.0024,1.2355,-0.3505,-0.4400
127.884,0.0882,0.1982,-0.4641,-0.0024,1.2355,-0.3505,-0.4400
127.896,0.0912,0.1981,-0.4641,-0.0024,1.2355,-0.3505,-0.4400
127.908,0.0942,0.1980,-0.4641,-0.0024,1.2355,-0.3505,-0.4400
127.920,0.0972,0.1980,-0.4641,-0.0024,1.2355,-0.3505,-0.4400
127.932,0.1002,0.1979,-0.4641,-0.0024,1.2355,-0.3505,-0.4400
127.944,0.1032,0.1978,-0.4641,-0.0024,1.2355,-0.3505,-0.4400
127.956,0.1063,0.1977,-0.4641,-0.0024,1.2355,-0.3505,-0.4400
127.968,0.1093,0.1976,-0.4641,-0.0024,1.2355,-0.3505,-0.4400
127.980,0.1123,0.1976,-0.4641,-0.0024,1.2355,-0.3505,-0.4400
127.992,0.1153,0.1975,-0.4641,-0.0024,1.2355,-0.3505,-0.4400
128.004,0.1183,0.1974,-0.4641,-0.0024,1.2355,-0.3505,-0.4400
128.016,0.1213,0.1973,-0.4641,-0.0024,1.2355,-0.3505,-0.4400
128.028,0.1244,0.1972,-0.4641,-0.0024,1.2355,-0.3505,-0.4400
128.040,0.1274,0.1972,-0.4641,-0.0024,1.2355,-0.3505,-0.4400
128.052,0.1303,0.1971,-0.4641,-0.0024,1.2355,-0.3505,-0.4400
128.064,0.1328,0.1970,-0.4641,-0.0024,1.2355,-0.3505,-0.4400
128.076,0.1351,0.1970,-0.4641,-0.0024,1.2355,-0.3505,-0.4400
128.088,0.1370,0.1969,-0.4641,-0.0024,1.2355,-0.3505,-0.4400
128.100,0.1388,0.1969,-0.4641,-0.0024,1.2355,-0.3505,-0.4400
128.112,0.1388,0.1969,-0.4641,-0.0024,1.2355,-0.3505,-0.4400
128.124,0.1388,0.1975,-0.4650,-0.0024,1.2360,-0.3514,-0.4400
128.136,0.1388,0.1987,-0.4668,-0.0025,1.2368,-0.3532,-0.4400
128.148,0.1388,0.2005,-0.4693,-0.0025,1.2380,-0.3558,-0.4400
128.160,0.1389,0.2026,-0.4725,-0.0025,1.2395,-0.3590,-0.4400
128.172,0.1389,0.2052,-0.4762,-0.0025,1.2413,-0.3628,-0.4400
128.184,0.1390,0.2081,-0.4804,-0.0025,1.2433,-0.3671,-0.4400
128.196,0.1390,0.2113,-0.4851,-0.0026,1.2455,-0.3718,-0.4400
128.208,0.1391,0.2148,-0.4901,-0.0026,1.2479,-0.3770,-0.4400
128.220,0.1391,0.2185,-0.4955,-0.0026,1.2505,-0.3825,-0.4400
128.232,0.1392,0.2224,-0.5012,-0.0026,1.2532,-0.3883,-0.4400
128.244,0.1393,0.2265,-0.5071,-0.0027,1.2560,-0.3943,-0.4400
128.256,0.1394,0.2307,-0.5133,-0.0027,1.2589,-0.4006,-0.4400
128.268,0.1394,0.2351,-0.5197,-0.0027,1.2620,-0.4071,-0.4400
128.280,0.1395,0.2396,-0.5262,-0.0028,1.2651,-0.4138,-0.4400
128.292,0.1396,0.2443,-0.5330,-0.0028,1.2683,-0.4206,-0.4400
128.304,0.1397,0.2490,-0.5398,-0.0028,1.2715,-0.4276,-0.4400
128.316,0.1398,0.2538,-0.5468,-0.0029,1.2749,-0.4347,-0.4400
128.328,0.1399,0.2587,-0.5539,-0.0029,1.2782,-0.4420,-0.4400
128.340,0.1399,0.2636,-0.5611,-0.0030,1.2816,-0.4493,-0.4400
128.352,0.1400,0.2686,-0.5683,-0.0030,1.2851,-0.4567,-0.4400
128.364,0.1401,0.2737,-0.5757,-0.0030,1.2886,-0.4642,-0.4400
128.376,0.1402,0.2788,-0.5831,-0.0031,1.2921,-0.4717,-0.4400
128.388,0.1403,0.2839,-0.5906,-0.0031,1.2957,-0.4793,-0.4400
128.400,0.1404,0.2891,-0.5981,-0.0032,1.2992,-0.4870,-0.4400
128.412,0.1405,0.2943,-0.6056,-0.0032,1.3028,-0.4947,-0.4400
128.424,0.1406,0.2995,-0.6132,-0.0032,1.3064,-0.5024,-0.4400
128.436,0.1407,0.3047,-0.6208,-0.0033,1.3101,-0.5102,-0.4400
128.448,0.1408,0.3100,-0.6285,-0.0033,1.3137,-0.5180,-0.4400
128.460,0.1408,0.3153,-0.6362,-0.0034,1.3174,-0.5258,-0.4400
128.472,0.1409,0.3206,-0.6439,-0.0034,1.3210,-0.5336,-0.4400
128.484,0.1410,0.3259,-0.6516,-0.0034,1.3247,-0.5415,-0.4400
128.496,0.1411,0.3312,-0.6594,-0.0035,1.3284,-0.5494,-0.4400
128.508,0.1412,0.3366,-0.6671,-0.0035,1.3321,-0.5573,-0.4400
128.520,0.1413,0.3419,-0.6749,-0.0036,1.3358,-0.5652,-0.4400
128.532,0.1414,0.3473,-0.6827,-0.0036,1.3395,-0.5732,-0.4400
128.544,0.1415,0.3527,-0.6905,-0.0036,1.3432,-0.5811,-0.4400
128.556,0.1416,0.3580,-0.6983,-0.0037,1.3469,-0.5891,-0.4400
128.568,0.1417,0.3634,-0.7061,-0.0037,1.3506,-0.5970,-0.4400
128.580,0.1418,0.3688,-0.7139,-0.0038,1.3543,-0.6050,-0.4400
128.592,0.1419,0.3742,-0.7218,-0.0038,1.3581,-0.6130,-0.4400
128.604,0.1420,0.3796,-0.7296,-0.0039,1.3618,-0.6210,-0.4400
128.616,0.1421,0.3850,-0.7374,-0.0039,1.3655,-0.6290,-0.4400
128.628,0.1422,0.3904,-0.7453,-0.0039,1.3693,-0.6369,-0.4400
128.640,0.1423,0.3958,-0.7531,-0.0040,1.3730,-0.6449,-0.4400
128.652,0.1424,0.4012,-0.7610,-0.0040,1.3767,-0.6529,-0.4400
128.664,0.1425,0.4066,-0.7688,-0.0041,1.3805,-0.6609,-0.4400
128.676,0.1426,0.4120,-0.7767,-0.0041,1.3842,-0.6690,-0.4400
128.688,0.1426,0.4174,-0.7846,-0.0041,1.3879,-0.6770,-0.4400
128.700,0.1427,0.4228,-0.7924,-0.0042,1.3917,-0.6850,-0.4400
128.712,0.1428,0.4282,-0.8003,-0.0042,1.3954,-0.6930,-0.4400
128.724,0.1429,0.4336,-0.8082,-0.0043,1.3992,-0.7010,-0.4400
128.736,0.1430,0.4390,-0.8160,-0.0043,1.4029,-0.7090,-0.4400
128.748,0.1431,0.4444,-0.8239,-0.0044,1.4066,-0.7170,-0.4400
128.760,0.1432,0.4499,-0.8318,-0.0044,1.4104,-0.7250,-0.4400
128.772,0.1433,0.4553,-0.8396,-0.0044,1.4141,-0.7331,-0.4400
128.784,0.1434,0.4607,-0.8475,-0.0045,1.4179,-0.7411,-0.4400
128.796,0.1435,0.4661,-0.8554,-0.0045,1.4216,-0.7491,-0.4400
128.808,0.1436,0.4715,-0.8632,-0.0046,1.4254,-0.7571,-0.4400
128.820,0.1437,0.4769,-0.8711,-0.0046,1.4291,-0.7651,-0.4400
128.832,0.1438,0.4824,-0.8790,-0.0046,1.4328,-0.7732,-0.4400
128.844,0.1439,0.4878,-0.8869,-0.0047,1.4366,-0.7812,-0.4400
128.856,0.1440,0.4932,-0.8947,-0.0047,1.4403,-0.7892,-0.4400
128.868,0.1441,0.4986,-0.9026,-0.0048,1.4441,-0.7972,-0.4400
128.880,0.1442,0.5040,-0.9105,-0.0048,1.4478,-0.8053,-0.4400
128.892,0.1443,0.5095,-0.9184,-0.0049,1.4516,-0.8133,-0.4400
128.904,0.1444,0.5149,-0.9262,-0.0049,1.4553,-0.8213,-0.4400
128.916,0.1445,0.5203,-0.9341,-0.0049,1.4591,-0.8293,-0.4400
128.928,0.1446,0.5257,-0.9420,-0.0050,1.4628,-0.8373,-0.4400
128.940,0.1447,0.5311,-0.9499,-0.0050,1.4665,-0.8454,-0.4400
128.952,0.1447,0.5366,-0.9577,-0.0051,1.4703,-0.8534,-0.4400
128.964,0.1448,0.5420,-0.9656,-0.0051,1.4740,-0.8614,-0.4400
128.976,0.1449,0.5474,-0.9735,-0.0052,1.4778,-0.8694,-0.4400
128.988,0.1450,0.5528,-0.9814,-0.0052,1.4815,-0.8775,-0.4400
129.000,0.1451,0.5582,-0.9893,-0.0052,1.4853,-0.8855,-0.4400
129.012,0.1452,0.5637,-0.9971,-0.0053,1.4890,-0.8935,-0.4400
129.024,0.1453,0.5691,-1.0050,-0.0053,1.4928,-0.9015,-0.4400
129.036,0.1454,0.5745,-1.0129,-0.0054,1.4965,-0.9096,-0.4400
129.048,0.1455,0.5799,-1.0208,-0.0054,1.5003,-0.9176,-0.4400
129.060,0.1456,0.5853,-1.0286,-0.0054,1.5040,-0.9256,-0.4400
129.072,0.1457,0.5908,-1.0365,-0.0055,1.5078,-0.9336,-0.4400
129.084,0.1458,0.5962,-1.0444,-0.0055,1.5115,-0.9417,-0.4400
129.096,0.1459,0.6016,-1.0523,-0.0056,1.5152,-0.9497,-0.4400
129.108,0.1460,0.6070,-1.0602,-0.0056,1.5190,-0.9577,-0.4400
129.120,0.1461,0.6124,-1.0680,-0.0057,1.5227,-0.9657,-0.4400
129.132,0.1462,0.6179,-1.0759,-0.0057,1.5265,-0.9738,-0.4400
129.144,0.1463,0.6233,-1.0838,-0.0057,1.5302,-0.9818,-0.4400
129.156,0.1464,0.6287,-1.0917,-0.0058,1.5340,-0.9898,-0.4400
129.168,0.1465,0.6341,-1.0995,-0.0058,1.5377,-0.9979,-0.4400
129.180,0.1466,0.6395,-1.1074,-0.0059,1.5415,-1.0059,-0.4400
129.192,0.1467,0.6450,-1.1153,-0.0059,1.5452,-1.0139,-0.4400
129.204,0.1468,0.6504,-1.1232,-0.0059,1.5490,-1.0219,-0.4400
129.216,0.1468,0.6558,-1.1310,-0.0060,1.5527,-1.0300,-0.4400
129.228,0.1469,0.6612,-1.1389,-0.0060,1.5565,-1.0380,-0.4400
129.240,0.1470,0.6667,-1.1468,-0.0061,1.5602,-1.0460,-0.4400
129.252,0.1471,0.6721,-1.1547,-0.0061,1.5639,-1.0540,-0.4400
129.264,0.1472,0.6775,-1.1626,-0.0062,1.5677,-1.0621,-0.4400
129.276,0.1473,0.6829,-1.1704,-0.0062,1.5714,-1.0701,-0.4400
129.288,0.1474,0.6883,-1.1783,-0.0062,1.5752,-1.0781,-0.4400
129.300,0.1475,0.6938,-1.1862,-0.0063,1.5789,-1.0861,-0.4400
129.312,0.1476,0.6992,-1.1941,-0.0063,1.5827,-1.0942,-0.4400
129.324,0.1477,0.7046,-1.2019,-0.0064,1.5864,-1.1022,-0.4400
129.336,0.1478,0.7100,-1.2098,-0.0064,1.5902,-1.1102,-0.4400
129.348,0.1479,0.7154,-1.2177,-0.0065,1.5939,-1.1182,-0.4400
129.360,0.1480,0.7209,-1.2256,-0.0065,1.5977,-1.1263,-0.4400
129.372,0.1481,0.7263,-1.2335,-0.0065,1.6014,-1.1343,-0.4400
129.384,0.1482,0.7317,-1.2413,-0.0066,1.6052,-1.1423,-0.4400
129.396,0.1483,0.7371,-1.2492,-0.0066,1.6089,-1.1503,-0.4400
129.408,0.1484,0.7425,-1.2571,-0.0067,1.6127,-1.1584,-0.4400
129.420,0.1485,0.7480,-1.2650,-0.0067,1.6164,-1.1664,-0.4400
129.432,0.1486,0.7534,-1.2728,-0.0067,1.6201,-1.1744,-0.4400
129.444,0.1487,0.7588,-1.2807,-0.0068,1.6239,-1.1824,-0.4400
129.456,0.1488,0.7642,-1.2886,-0.0068,1.6276,-1.1905,-0.4400
129.468,0.1489,0.7696,-1.2965,-0.0069,1.6314,-1.1985,-0.4400
129.480,0.1489,0.7751,-1.3044,-0.0069,1.6351,-1.2065,-0.4400
129.492,0.1490,0.7805,-1.3122,-0.0070,1.6389,-1.2145,-0.4400
129.504,0.1491,0.7859,-1.3201,-0.0070,1.6426,-1.2226,-0.4400
129.516,0.1492,0.7913,-1.3280,-0.0070,1.6464,-1.2306,-0.4400
129.528,0.1493,0.7967,-1.3359,-0.0071,1.6501,-1.2386,-0.4400
129.540,0.1494,0.8022,-1.3437,-0.0071,1.6539,-1.2466,-0.4400
129.552,0.1495,0.8076,-1.3516,-0.0072,1.6576,-1.2547,-0.4400
129.564,0.1496,0.8130,-1.3595,-0.0072,1.6614,-1.2627,-0.4400
129.576,0.1497,0.8184,-1.3674,-0.0072,1.6651,-1.2707,-0.4400
129.588,0.1498,0.8238,-1.3753,-0.0073,1.6688,-1.2787,-0.4400
129.600,0.1499,0.8293,-1.3831,-0.0073,1.6726,-1.2868,-0.4400
129.612,0.1500,0.8347,-1.3910,-0.0074,1.6763,-1.2948,-0.4400
129.624,0.1501,0.8401,-1.3989,-0.0074,1.6801,-1.3028,-0.4400
129.636,0.1502,0.8455,-1.4068,-0.0075,1.6838,-1.3108,-0.4400
129.648,0.1503,0.8510,-1.4146,-0.0075,1.6876,-1.3189,-0.4400
129.660,0.1504,0.8564,-1.4225,-0.0075,1.6913,-1.3269,-0.4400
129.672,0.1505,0.8618,-1.4304,-0.0076,1.6951,-1.3349,-0.4400
129.684,0.1506,0.8672,-1.4383,-0.0076,1.6988,-1.3429,-0.4400
129.696,0.1507,0.8726,-1.4462,-0.0077,1.7026,-1.3510,-0.4400
129.708,0.1508,0.8781,-1.4540,-0.0077,1.7063,-1.3590,-0.4400
129.720,0.1509,0.8830,-1.4613,-0.0077,1.7098,-1.3664,-0.4400
129.732,0.1509,0.8874,-1.4677,-0.0078,1.7128,-1.3729,-0.4400
129.744,0.1510,0.8913,-1.4733,-0.0078,1.7155,-1.3786,-0.4400
129.756,0.1511,0.8947,-1.4782,-0.0078,1.7178,-1.3836,-0.4400
129.768,0.1511,0.8977,-1.4826,-0.0079,1.7199,-1.3881,-0.4400
129.780,0.1512,0.9003,-1.4864,-0.0079,1.7217,-1.3919,-0.4400
129.792,0.1512,0.9026,-1.4897,-0.0079,1.7233,-1.3954,-0.4400
129.804,0.1512,0.9047,-1.4927,-0.0079,1.7247,-1.3984,-0.4400
129.816,0.1513,0.9065,-1.4953,-0.0079,1.7259,-1.4011,-0.4400
129.828,0.1513,0.9080,-1.4976,-0.0079,1.7270,-1.4034,-0.4400
129.840,0.1513,0.9094,-1.4996,-0.0079,1.7280,-1.4054,-0.4400
129.852,0.1513,0.9094,-1.4996,-0.0079,1.7280,-1.4054,-0.4400
129.864,0.1513,0.9100,-1.4996,-0.0079,1.7280,-1.4055,-0.4400
129.876,0.1513,0.9110,-1.4997,-0.0080,1.7280,-1.4055,-0.4400
129.888,0.1513,0.9124,-1.4997,-0.0080,1.7280,-1.4055,-0.4400
129.900,0.1513,0.9142,-1.4998,-0.0080,1.7281,-1.4056,-0.4400
129.912,0.1513,0.9163,-1.4998,-0.0080,1.7281,-1.4057,-0.4400
129.924,0.1513,0.9187,-1.4999,-0.0080,1.7281,-1.4058,-0.4400
129.936,0.1513,0.9213,-1.5000,-0.0080,1.7282,-1.4058,-0.4400
129.948,0.1513,0.9242,-1.5001,-0.0080,1.7282,-1.4059,-0.4400
129.960,0.1513,0.9272,-1.5002,-0.0080,1.7283,-1.4060,-0.4400
129.972,0.1513,0.9305,-1.5003,-0.0080,1.7283,-1.4062,-0.4400
129.984,0.1513,0.9338,-1.5004,-0.0080,1.7284,-1.4063,-0.4400
129.996,0.1513,0.9373,-1.5005,-0.0080,1.7284,-1.4064,-0.4400
130.008,0.1513,0.9409,-1.5007,-0.0080,1.7285,-1.4065,-0.4400
130.020,0.1513,0.9447,-1.5008,-0.0080,1.7285,-1.4066,-0.4400
130.032,0.1513,0.9485,-1.5009,-0.0080,1.7286,-1.4068,-0.4400
130.044,0.1513,0.9524,-1.5010,-0.0080,1.7287,-1.4069,-0.4400
130.056,0.1513,0.9563,-1.5012,-0.0080,1.7287,-1.4070,-0.4400
130.068,0.1513,0.9603,-1.5013,-0.0080,1.7288,-1.4072,-0.4400
130.080,0.1513,0.9644,-1.5014,-0.0080,1.7289,-1.4073,-0.4400
130.092,0.1513,0.9685,-1.5016,-0.0080,1.7289,-1.4074,-0.4400
130.104,0.1513,0.9727,-1.5017,-0.0080,1.7290,-1.4076,-0.4400
130.116,0.1513,0.9769,-1.5019,-0.0080,1.7291,-1.4077,-0.4400
130.128,0.1513,0.9811,-1.5020,-0.0080,1.7291,-1.4079,-0.4400
130.140,0.1513,0.9854,-1.5021,-0.0080,1.7292,-1.4080,-0.4400
130.152,0.1513,0.9897,-1.5023,-0.0080,1.7293,-1.4082,-0.4400
130.164,0.1513,0.9940,-1.5024,-0.0080,1.7293,-1.4083,-0.4400
130.176,0.1514,0.9983,-1.5026,-0.0080,1.7294,-1.4084,-0.4400
130.188,0.1514,1.0026,-1.5027,-0.0080,1.7295,-1.4086,-0.4400
130.200,0.1514,1.0070,-1.5029,-0.0080,1.7295,-1.4087,-0.4400
130.212,0.1514,1.0113,-1.5030,-0.0080,1.7296,-1.4089,-0.4400
130.224,0.1514,1.0157,-1.5031,-0.0080,1.7297,-1.4090,-0.4400
130.236,0.1514,1.0201,-1.5033,-0.0080,1.7297,-1.4092,-0.4400
130.248,0.1514,1.0245,-1.5034,-0.0080,1.7298,-1.4093,-0.4400
130.260,0.1514,1.0289,-1.5036,-0.0080,1.7299,-1.4095,-0.4400
130.272,0.1514,1.0333,-1.5037,-0.0080,1.7299,-1.4096,-0.4400
130.284,0.1514,1.0378,-1.5039,-0.0080,1.7300,-1.4098,-0.4400
130.296,0.1514,1.0422,-1.5040,-0.0080,1.7301,-1.4099,-0.4400
130.308,0.1514,1.0466,-1.5042,-0.0080,1.7302,-1.4101,-0.4400
130.320,0.1514,1.0510,-1.5043,-0.0080,1.7302,-1.4102,-0.4400
130.332,0.1514,1.0555,-1.5045,-0.0080,1.7303,-1.4104,-0.4400
130.344,0.1514,1.0599,-1.5046,-0.0080,1.7304,-1.4105,-0.4400
130.356,0.1514,1.0644,-1.5048,-0.0080,1.7304,-1.4107,-0.4400
130.368,0.1514,1.0688,-1.5049,-0.0080,1.7305,-1.4108,-0.4400
130.380,0.1514,1.0733,-1.5051,-0.0080,1.7306,-1.4110,-0.4400
130.392,0.1514,1.0777,-1.5052,-0.0080,1.7306,-1.4111,-0.4400
130.404,0.1514,1.0822,-1.5053,-0.0080,1.7307,-1.4113,-0.4400
130.416,0.1514,1.0866,-1.5055,-0.0080,1.7308,-1.4114,-0.4400
130.428,0.1514,1.0911,-1.5056,-0.0080,1.7309,-1.4116,-0.4400
130.440,0.1514,1.0955,-1.5058,-0.0080,1.7309,-1.4117,-0.4400
130.452,0.1514,1.1000,-1.5059,-0.0080,1.7310,-1.4119,-0.4400
130.464,0.1514,1.1045,-1.5061,-0.0080,1.7311,-1.4120,-0.4400
130.476,0.1514,1.1089,-1.5062,-0.0080,1.7311,-1.4122,-0.4400
130.488,0.1514,1.1134,-1.5064,-0.0080,1.7312,-1.4123,-0.4400
130.500,0.1514,1.1178,-1.5065,-0.0080,1.7313,-1.4125,-0.4400
130.512,0.1514,1.1223,-1.5067,-0.0080,1.7313,-1.4126,-0.4400
130.524,0.1514,1.1268,-1.5068,-0.0080,1.7314,-1.4128,-0.4400
130.536,0.1514,1.1312,-1.5070,-0.0080,1.7315,-1.4129,-0.4400
130.548,0.1514,1.1357,-1.5071,-0.0080,1.7316,-1.4131,-0.4400
130.560,0.1514,1.1401,-1.5073,-0.0080,1.7316,-1.4132,-0.4400
130.572,0.1514,1.1446,-1.5074,-0.0080,1.7317,-1.4134,-0.4400
130.584,0.1514,1.1491,-1.5076,-0.0080,1.7318,-1.4135,-0.4400
130.596,0.1514,1.1535,-1.5077,-0.0080,1.7318,-1.4137,-0.4400
130.608,0.1514,1.1580,-1.5079,-0.0080,1.7319,-1.4138,-0.4400
130.620,0.1514,1.1625,-1.5080,-0.0080,1.7320,-1.4140,-0.4400
130.632,0.1514,1.1669,-1.5082,-0.0080,1.7321,-1.4141,-0.4400
130.644,0.1514,1.1714,-1.5083,-0.0080,1.7321,-1.4143,-0.4400
130.656,0.1514,1.1759,-1.5085,-0.0080,1.7322,-1.4144,-0.4400
130.668,0.1514,1.1803,-1.5086,-0.0080,1.7323,-1.4146,-0.4400
130.680,0.1514,1.1848,-1.5087,-0.0080,1.7323,-1.4147,-0.4400
130.692,0.1514,1.1893,-1.5089,-0.0080,1.7324,-1.4149,-0.4400
130.704,0.1514,1.1937,-1.5090,-0.0080,1.7325,-1.4150,-0.4400
130.716,0.1514,1.1982,-1.5092,-0.0080,1.7325,-1.4152,-0.4400
130.728,0.1514,1.2026,-1.5093,-0.0080,1.7326,-1.4153,-0.4400
130.740,0.1514,1.2071,-1.5095,-0.0080,1.7327,-1.4155,-0.4400
130.752,0.1514,1.2116,-1.5096,-0.0080,1.7328,-1.4156,-0.4400
130.764,0.1514,1.2160,-1.5098,-0.0080,1.7328,-1.4158,-0.4400
130.776,0.1514,1.2205,-1.5099,-0.0080,1.7329,-1.4159,-0.4400
130.788,0.1514,1.2250,-1.5101,-0.0080,1.7330,-1.4161,-0.4400
130.800,0.1514,1.2294,-1.5102,-0.0080,1.7330,-1.4163,-0.4400
130.812,0.1514,1.2339,-1.5104,-0.0080,1.7331,-1.4164,-0.4400
130.824,0.1514,1.2384,-1.5105,-0.0080,1.7332,-1.4166,-0.4400
130.836,0.1514,1.2428,-1.5107,-0.0080,1.7332,-1.4167,-0.4400
130.848,0.1515,1.2473,-1.5108,-0.0080,1.7333,-1.4169,-0.4400
130.860,0.1515,1.2518,-1.5110,-0.0080,1.7334,-1.4170,-0.4400
130.872,0.1515,1.2562,-1.5111,-0.0080,1.7335,-1.4172,-0.4400
130.884,0.1515,1.2607,-1.5113,-0.0080,1.7335,-1.4173,-0.4400
130.896,0.1515,1.2652,-1.5114,-0.0080,1.7336,-1.4175,-0.4400
130.908,0.1515,1.2696,-1.5116,-0.0080,1.7337,-1.4176,-0.4400
130.920,0.1515,1.2741,-1.5117,-0.0080,1.7337,-1.4178,-0.4400
130.932,0.1515,1.2786,-1.5119,-0.0080,1.7338,-1.4179,-0.4400
130.944,0.1515,1.2830,-1.5120,-0.0080,1.7339,-1.4181,-0.4400
130.956,0.1515,1.2875,-1.5122,-0.0080,1.7340,-1.4182,-0.4400
130.968,0.1515,1.2919,-1.5123,-0.0080,1.7340,-1.4184,-0.4400
130.980,0.1515,1.2964,-1.5124,-0.0080,1.7341,-1.4185,-0.4400
130.992,0.1515,1.3009,-1.5126,-0.0080,1.7342,-1.4187,-0.4400
131.004,0.1515,1.3053,-1.5127,-0.0080,1.7342,-1.4188,-0.4400
131.016,0.1515,1.3098,-1.5129,-0.0080,1.7343,-1.4190,-0.4400
131.028,0.1515,1.3143,-1.5130,-0.0080,1.7344,-1.4191,-0.4400
131.040,0.1515,1.3187,-1.5132,-0.0080,1.7344,-1.4193,-0.4400
131.052,0.1515,1.3232,-1.5133,-0.0080,1.7345,-1.4194,-0.4400
131.064,0.1515,1.3271,-1.5135,-0.0080,1.7346,-1.4196,-0.4400
131.076,0.1515,1.3306,-1.5136,-0.0080,1.7346,-1.4197,-0.4400
131.088,0.1515,1.3336,-1.5137,-0.0080,1.7347,-1.4198,-0.4400
131.100,0.1515,1.3363,-1.5138,-0.0080,1.7347,-1.4199,-0.4400
131.112,0.1515,1.3387,-1.5138,-0.0080,1.7348,-1.4199,-0.4400
131.124,0.1515,1.3407,-1.5139,-0.0080,1.7348,-1.4200,-0.4400
131.136,0.1515,1.3426,-1.5140,-0.0080,1.7348,-1.4201,-0.4400
131.148,0.1515,1.3442,-1.5140,-0.0080,1.7348,-1.4201,-0.4395
131.160,0.1515,1.3456,-1.5141,-0.0080,1.7349,-1.4202,-0.4385
131.172,0.1515,1.3468,-1.5141,-0.0080,1.7349,-1.4202,-0.4371
131.184,0.1515,1.3479,-1.5142,-0.0080,1.7349,-1.4203,-0.4353
131.196,0.1515,1.3489,-1.5142,-0.0080,1.7349,-1.4203,-0.4332
131.208,0.1515,1.3497,-1.5142,-0.0080,1.7349,-1.4203,-0.4309
131.220,0.1515,1.3505,-1.5142,-0.0080,1.7349,-1.4203,-0.4283
131.232,0.1515,1.3511,-1.5143,-0.0080,1.7350,-1.4204,-0.4255
131.244,0.1515,1.3517,-1.5143,-0.0080,1.7350,-1.4204,-0.4225
131.256,0.1515,1.3522,-1.5143,-0.0080,1.7350,-1.4204,-0.4193
131.268,0.1515,1.3527,-1.5143,-0.0080,1.7350,-1.4204,-0.4160
131.280,0.1515,1.3531,-1.5143,-0.0080,1.7350,-1.4204,-0.4125
131.292,0.1515,1.3534,-1.5143,-0.0080,1.7350,-1.4204,-0.4089
131.304,0.1515,1.3537,-1.5143,-0.0080,1.7350,-1.4204,-0.4053
131.316,0.1515,1.3540,-1.5144,-0.0080,1.7350,-1.4205,-0.4015
131.328,0.1515,1.3542,-1.5144,-0.0080,1.7350,-1.4205,-0.3977
131.340,0.1515,1.3544,-1.5144,-0.0080,1.7350,-1.4205,-0.3938
131.352,0.1515,1.3546,-1.5144,-0.0080,1.7350,-1.4205,-0.3898
131.364,0.1515,1.3548,-1.5144,-0.0080,1.7350,-1.4205,-0.3858
131.376,0.1515,1.3549,-1.5144,-0.0080,1.7350,-1.4205,-0.3818
131.388,0.1515,1.3550,-1.5144,-0.0080,1.7350,-1.4205,-0.3777
131.400,0.1515,1.3551,-1.5144,-0.0080,1.7350,-1.4205,-0.3735
131.412,0.1515,1.3552,-1.5144,-0.0080,1.7350,-1.4205,-0.3694
131.424,0.1515,1.3553,-1.5144,-0.0080,1.7350,-1.4205,-0.3652
131.436,0.1515,1.3554,-1.5144,-0.0080,1.7350,-1.4205,-0.3609
131.448,0.1515,1.3555,-1.5144,-0.0080,1.7350,-1.4205,-0.3567
131.460,0.1515,1.3555,-1.5144,-0.0080,1.7350,-1.4205,-0.3524
131.472,0.1515,1.3556,-1.5144,-0.0080,1.7350,-1.4205,-0.3482
131.484,0.1515,1.3556,-1.5144,-0.0080,1.7350,-1.4205,-0.3439
131.496,0.1515,1.3557,-1.5144,-0.0080,1.7350,-1.4205,-0.3396
131.508,0.1515,1.3557,-1.5144,-0.0080,1.7350,-1.4205,-0.3353
131.520,0.1515,1.3557,-1.5144,-0.0080,1.7350,-1.4205,-0.3309
131.532,0.1515,1.3557,-1.5144,-0.0080,1.7350,-1.4205,-0.3266
131.544,0.1515,1.3558,-1.5144,-0.0080,1.7350,-1.4205,-0.3222
131.556,0.1515,1.3558,-1.5144,-0.0080,1.7350,-1.4205,-0.3179
131.568,0.1515,1.3558,-1.5144,-0.0080,1.7350,-1.4205,-0.3135
131.580,0.1515,1.3558,-1.5144,-0.0080,1.7350,-1.4205,-0.3092
131.592,0.1515,1.3558,-1.5144,-0.0080,1.7350,-1.4205,-0.3048
131.604,0.1515,1.3559,-1.5144,-0.0080,1.7350,-1.4205,-0.3004
131.616,0.1515,1.3559,-1.5144,-0.0080,1.7350,-1.4205,-0.2961
131.628,0.1515,1.3559,-1.5144,-0.0080,1.7350,-1.4205,-0.2917
131.640,0.1515,1.3559,-1.5144,-0.0080,1.7350,-1.4205,-0.2873
131.652,0.1515,1.3559,-1.5144,-0.0080,1.7350,-1.4205,-0.2829
131.664,0.1515,1.3559,-1.5144,-0.0080,1.7350,-1.4205,-0.2786
131.676,0.1515,1.3559,-1.5144,-0.0080,1.7350,-1.4205,-0.2742
131.688,0.1515,1.3559,-1.5144,-0.0080,1.7350,-1.4205,-0.2698
131.700,0.1515,1.3559,-1.5144,-0.0080,1.7350,-1.4205,-0.2654
131.712,0.1515,1.3559,-1.5144,-0.0080,1.7350,-1.4205,-0.2610
131.724,0.1515,1.3559,-1.5144,-0.0080,1.7350,-1.4205,-0.2566
131.736,0.1515,1.3559,-1.5144,-0.0080,1.7350,-1.4205,-0.2522
131.748,0.1515,1.3559,-1.5144,-0.0080,1.7350,-1.4205,-0.2478
131.760,0.1515,1.3559,-1.5144,-0.0080,1.7350,-1.4205,-0.2434
131.772,0.1515,1.3559,-1.5144,-0.0080,1.7350,-1.4205,-0.2390
131.784,0.1515,1.3559,-1.5144,-0.0080,1.7350,-1.4205,-0.2346
131.796,0.1515,1.3559,-1.5144,-0.0080,1.7350,-1.4205,-0.2302
131.808,0.1515,1.3559,-1.5144,-0.0080,1.7350,-1.4205,-0.2258
131.820,0.1515,1.3559,-1.5144,-0.0080,1.7350,-1.4205,-0.2214
131.832,0.1515,1.3559,-1.5144,-0.0080,1.7350,-1.4205,-0.2170
131.844,0.1515,1.3559,-1.5144,-0.0080,1.7350,-1.4205,-0.2126
131.856,0.1515,1.3559,-1.5144,-0.0080,1.7350,-1.4205,-0.2083
131.868,0.1515,1.3559,-1.5144,-0.0080,1.7350,-1.4205,-0.2039
131.880,0.1515,1.3559,-1.5144,-0.0080,1.7350,-1.4205,-0.1995
131.892,0.1515,1.3559,-1.5144,-0.0080,1.7350,-1.4205,-0.1951
131.904,0.1515,1.3559,-1.5144,-0.0080,1.7350,-1.4205,-0.1907
131.916,0.1515,1.3559,-1.5144,-0.0080,1.7350,-1.4205,-0.1863
131.928,0.1515,1.3559,-1.5144,-0.0080,1.7350,-1.4205,-0.1819
131.940,0.1515,1.3559,-1.5144,-0.0080,1.7350,-1.4205,-0.1775
131.952,0.1515,1.3559,-1.5144,-0.0080,1.7350,-1.4205,-0.1731
131.964,0.1515,1.3559,-1.5144,-0.0080,1.7350,-1.4205,-0.1687
131.976,0.1515,1.3559,-1.5144,-0.0080,1.7350,-1.4205,-0.1643
131.988,0.1515,1.3559,-1.5144,-0.0080,1.7350,-1.4205,-0.1599
132.000,0.1515,1.3559,-1.5144,-0.0080,1.7350,-1.4205,-0.1555
132.012,0.1515,1.3559,-1.5144,-0.0080,1.7350,-1.4205,-0.1511
132.024,0.1515,1.3559,-1.5144,-0.0080,1.7350,-1.4205,-0.1467
132.036,0.1515,1.3559,-1.5144,-0.0080,1.7350,-1.4205,-0.1423
132.048,0.1515,1.3559,-1.5144,-0.0080,1.7350,-1.4205,-0.1379
132.060,0.1515,1.3559,-1.5144,-0.0080,1.7350,-1.4205,-0.1335
132.072,0.1515,1.3559,-1.5144,-0.0080,1.7350,-1.4205,-0.1291
132.084,0.1515,1.3559,-1.5144,-0.0080,1.7350,-1.4205,-0.1247
132.096,0.1515,1.3559,-1.5144,-0.0080,1.7350,-1.4205,-0.1203
132.108,0.1515,1.3559,-1.5144,-0.0080,1.7350,-1.4205,-0.1159
132.120,0.1515,1.3559,-1.5144,-0.0080,1.7350,-1.4205,-0.1115
132.132,0.1515,1.3559,-1.5144,-0.0080,1.7350,-1.4205,-0.1071
132.144,0.1515,1.3559,-1.5144,-0.0080,1.7350,-1.4205,-0.1027
132.156,0.1515,1.3559,-1.5144,-0.0080,1.7350,-1.4205,-0.0983
132.168,0.1515,1.3559,-1.5144,-0.0080,1.7350,-1.4205,-0.0939
132.180,0.1515,1.3559,-1.5144,-0.0080,1.7350,-1.4205,-0.0895
132.192,0.1515,1.3559,-1.5144,-0.0080,1.7350,-1.4205,-0.0851
132.204,0.1515,1.3559,-1.5144,-0.0080,1.7350,-1.4205,-0.0807
132.216,0.1515,1.3559,-1.5144,-0.0080,1.7350,-1.4205,-0.0763
132.228,0.1515,1.3559,-1.5144,-0.0080,1.7350,-1.4205,-0.0719
132.240,0.1515,1.3559,-1.5144,-0.0080,1.7350,-1.4205,-0.0675
132.252,0.1515,1.3559,-1.5144,-0.0080,1.7350,-1.4205,-0.0631
132.264,0.1515,1.3559,-1.5144,-0.0080,1.7350,-1.4205,-0.0587
132.276,0.1515,1.3559,-1.5144,-0.0080,1.7350,-1.4205,-0.0543
132.288,0.1515,1.3559,-1.5144,-0.0080,1.7350,-1.4205,-0.0499
132.300,0.1515,1.3559,-1.5144,-0.0080,1.7350,-1.4205,-0.0455
132.312,0.1515,1.3559,-1.5144,-0.0080,1.7350,-1.4205,-0.0411
132.324,0.1515,1.3559,-1.5144,-0.0080,1.7350,-1.4205,-0.0367
132.336,0.1515,1.3559,-1.5144,-0.0080,1.7350,-1.4205,-0.0323
132.348,0.1515,1.3559,-1.5144,-0.0080,1.7350,-1.4205,-0.0284
132.360,0.1515,1.3559,-1.5144,-0.0080,1.7350,-1.4205,-0.0250
132.372,0.1515,1.3554,-1.5144,-0.0080,1.7350,-1.4205,-0.0220
132.384,0.1515,1.3544,-1.5144,-0.0080,1.7350,-1.4205,-0.0194
132.396,0.1515,1.3530,-1.5144,-0.0080,1.7350,-1.4205,-0.0170
132.408,0.1515,1.3513,-1.5144,-0.0080,1.7350,-1.4205,-0.0150
132.420,0.1515,1.3492,-1.5144,-0.0080,1.7350,-1.4205,-0.0132
132.432,0.1515,1.3469,-1.5144,-0.0080,1.7350,-1.4205,-0.0116
132.444,0.1515,1.3443,-1.5144,-0.0080,1.7350,-1.4205,-0.0102
132.456,0.1515,1.3415,-1.5144,-0.0080,1.7350,-1.4205,-0.0090
132.468,0.1515,1.3385,-1.5144,-0.0080,1.7350,-1.4205,-0.0079
132.480,0.1515,1.3354,-1.5144,-0.0080,1.7350,-1.4205,-0.0070
132.492,0.1515,1.3321,-1.5144,-0.0080,1.7350,-1.4205,-0.0061
132.504,0.1515,1.3287,-1.5144,-0.0080,1.7350,-1.4205,-0.0054
132.516,0.1515,1.3251,-1.5144,-0.0080,1.7350,-1.4205,-0.0047
132.528,0.1515,1.3215,-1.5144,-0.0080,1.7350,-1.4205,-0.0042
132.540,0.1515,1.3178,-1.5144,-0.0080,1.7350,-1.4205,-0.0037
132.552,0.1515,1.3140,-1.5144,-0.0080,1.7350,-1.4205,-0.0032
132.564,0.1515,1.3101,-1.5144,-0.0080,1.7350,-1.4205,-0.0028
132.576,0.1515,1.3062,-1.5144,-0.0080,1.7350,-1.4205,-0.0025
132.588,0.1515,1.3022,-1.5144,-0.0080,1.7350,-1.4205,-0.0022
132.600,0.1515,1.2982,-1.5144,-0.0080,1.7350,-1.4205,-0.0019
132.612,0.1515,1.2941,-1.5144,-0.0080,1.7350,-1.4205,-0.0017
132.624,0.1515,1.2900,-1.5144,-0.0080,1.7350,-1.4205,-0.0015
132.636,0.1515,1.2859,-1.5144,-0.0080,1.7350,-1.4205,-0.0013
132.648,0.1515,1.2817,-1.5144,-0.0080,1.7350,-1.4205,-0.0012
132.660,0.1515,1.2776,-1.5144,-0.0080,1.7350,-1.4205,-0.0010
132.672,0.1515,1.2733,-1.5144,-0.0080,1.7350,-1.4205,-0.0009
132.684,0.1515,1.2691,-1.5144,-0.0080,1.7350,-1.4205,-0.0008
132.696,0.1515,1.2649,-1.5144,-0.0080,1.7350,-1.4205,-0.0007
132.708,0.1515,1.2606,-1.5144,-0.0080,1.7350,-1.4205,-0.0006
132.720,0.1515,1.2564,-1.5144,-0.0080,1.7350,-1.4205,-0.0005
132.732,0.1515,1.2521,-1.5144,-0.0080,1.7350,-1.4205,-0.0005
132.744,0.1515,1.2478,-1.5144,-0.0080,1.7350,-1.4205,-0.0004
132.756,0.1515,1.2435,-1.5144,-0.0080,1.7350,-1.4205,-0.0004
132.768,0.1515,1.2392,-1.5144,-0.0080,1.7350,-1.4205,-0.0003
132.780,0.1515,1.2349,-1.5144,-0.0080,1.7350,-1.4205,-0.0003
132.792,0.1515,1.2305,-1.5144,-0.0080,1.7350,-1.4205,-0.0003
132.804,0.1515,1.2262,-1.5144,-0.0080,1.7350,-1.4205,-0.0002
132.816,0.1515,1.2219,-1.5144,-0.0080,1.7350,-1.4205,-0.0002
132.828,0.1515,1.2176,-1.5144,-0.0080,1.7350,-1.4205,-0.0002
132.840,0.1515,1.2132,-1.5144,-0.0080,1.7350,-1.4205,-0.0002
132.852,0.1515,1.2089,-1.5144,-0.0080,1.7350,-1.4205,-0.0001
132.864,0.1515,1.2045,-1.5144,-0.0080,1.7350,-1.4205,-0.0001
132.876,0.1515,1.2002,-1.5144,-0.0080,1.7350,-1.4205,-0.0001
132.888,0.1515,1.1958,-1.5144,-0.0080,1.7350,-1.4205,-0.0001
132.900,0.1515,1.1915,-1.5144,-0.0080,1.7350,-1.4205,-0.0001
132.912,0.1515,1.1871,-1.5144,-0.0080,1.7350,-1.4205,-0.0001
132.924,0.1515,1.1828,-1.5144,-0.0080,1.7350,-1.4205,-0.0001
132.936,0.1515,1.1784,-1.5144,-0.0080,1.7350,-1.4205,-0.0001
132.948,0.1515,1.1741,-1.5144,-0.0080,1.7350,-1.4205,-0.0000
132.960,0.1515,1.1697,-1.5144,-0.0080,1.7350,-1.4205,-0.0000
132.972,0.1515,1.1654,-1.5144,-0.0080,1.7350,-1.4205,-0.0000
132.984,0.1515,1.1610,-1.5144,-0.0080,1.7350,-1.4205,-0.0000
132.996,0.1515,1.1567,-1.5144,-0.0080,1.7350,-1.4205,-0.0000
133.008,0.1515,1.1523,-1.5144,-0.0080,1.7350,-1.4205,-0.0000
133.020,0.1515,1.1479,-1.5144,-0.0080,1.7350,-1.4205,-0.0000
133.032,0.1515,1.1436,-1.5144,-0.0080,1.7350,-1.4205,-0.0000
133.044,0.1515,1.1392,-1.5144,-0.0080,1.7350,-1.4205,-0.0000
133.056,0.1515,1.1349,-1.5144,-0.0080,1.7350,-1.4205,-0.0000
133.068,0.1515,1.1305,-1.5144,-0.0080,1.7350,-1.4205,-0.0000
133.080,0.1515,1.1261,-1.5144,-0.0080,1.7350,-1.4205,-0.0000
133.092,0.1515,1.1218,-1.5144,-0.0080,1.7350,-1.4205,-0.0000
133.104,0.1515,1.1174,-1.5144,-0.0080,1.7350,-1.4205,-0.0000
133.116,0.1515,1.1130,-1.5144,-0.0080,1.7350,-1.4205,-0.0000
133.128,0.1515,1.1087,-1.5144,-0.0080,1.7350,-1.4205,-0.0000
133.140,0.1515,1.1043,-1.5144,-0.0080,1.7350,-1.4205,-0.0000
133.152,0.1515,1.1000,-1.5144,-0.0080,1.7350,-1.4205,-0.0000
133.164,0.1515,1.0956,-1.5144,-0.0080,1.7350,-1.4205,-0.0000
133.176,0.1515,1.0912,-1.5144,-0.0080,1.7350,-1.4205,-0.0000
133.188,0.1515,1.0869,-1.5144,-0.0080,1.7350,-1.4205,-0.0000
133.200,0.1515,1.0825,-1.5144,-0.0080,1.7350,-1.4205,-0.0000
133.212,0.1515,1.0781,-1.5144,-0.0080,1.7350,-1.4205,-0.0000
133.224,0.1515,1.0738,-1.5144,-0.0080,1.7350,-1.4205,-0.0000
133.236,0.1515,1.0694,-1.5144,-0.0080,1.7350,-1.4205,-0.0000
133.248,0.1515,1.0651,-1.5144,-0.0080,1.7350,-1.4205,-0.0000
133.260,0.1515,1.0607,-1.5144,-0.0080,1.7350,-1.4205,-0.0000
133.272,0.1515,1.0563,-1.5144,-0.0080,1.7350,-1.4205,-0.0000
133.284,0.1515,1.0520,-1.5144,-0.0080,1.7350,-1.4205,-0.0000
133.296,0.1515,1.0476,-1.5144,-0.0080,1.7350,-1.4205,-0.0000
133.308,0.1515,1.0432,-1.5144,-0.0080,1.7350,-1.4205,-0.0000
133.320,0.1515,1.0389,-1.5144,-0.0080,1.7350,-1.4205,-0.0000
133.332,0.1515,1.0345,-1.5144,-0.0080,1.7350,-1.4205,-0.0000
133.344,0.1515,1.0302,-1.5144,-0.0080,1.7350,-1.4205,-0.0000
133.356,0.1515,1.0258,-1.5144,-0.0080,1.7350,-1.4205,-0.0000
133.368,0.1515,1.0214,-1.5144,-0.0080,1.7350,-1.4205,-0.0000
133.380,0.1515,1.0171,-1.5144,-0.0080,1.7350,-1.4205,-0.0000
133.392,0.1515,1.0127,-1.5144,-0.0080,1.7350,-1.4205,-0.0000
133.404,0.1515,1.0083,-1.5144,-0.0080,1.7350,-1.4205,-0.0000
133.416,0.1515,1.0040,-1.5144,-0.0080,1.7350,-1.4205,-0.0000
133.428,0.1515,0.9996,-1.5144,-0.0080,1.7350,-1.4205,-0.0000
133.440,0.1515,0.9952,-1.5144,-0.0080,1.7350,-1.4205,-0.0000
133.452,0.1515,0.9909,-1.5144,-0.0080,1.7350,-1.4205,-0.0000
133.464,0.1515,0.9865,-1.5144,-0.0080,1.7350,-1.4205,-0.0000
133.476,0.1515,0.9822,-1.5144,-0.0080,1.7350,-1.4205,-0.0000
133.488,0.1515,0.9778,-1.5144,-0.0080,1.7350,-1.4205,-0.0000
133.500,0.1515,0.9734,-1.5144,-0.0080,1.7350,-1.4205,-0.0000
133.512,0.1515,0.9691,-1.5144,-0.0080,1.7350,-1.4205,-0.0000
133.524,0.1515,0.9647,-1.5144,-0.0080,1.7350,-1.4205,-0.0000
133.536,0.1515,0.9603,-1.5144,-0.0080,1.7350,-1.4205,-0.0000
133.548,0.1515,0.9560,-1.5144,-0.0080,1.7350,-1.4205,-0.0000
133.560,0.1515,0.9516,-1.5144,-0.0080,1.7350,-1.4205,-0.0000
133.572,0.1515,0.9478,-1.5144,-0.0080,1.7350,-1.4205,-0.0000
133.584,0.1515,0.9444,-1.5144,-0.0080,1.7350,-1.4205,-0.0000
133.596,0.1515,0.9414,-1.5144,-0.0080,1.7350,-1.4205,-0.0000
133.608,0.1515,0.9388,-1.5144,-0.0080,1.7350,-1.4205,-0.0000
133.620,0.1515,0.9365,-1.5144,-0.0080,1.7350,-1.4205,-0.0000
133.632,0.1515,0.9345,-1.5144,-0.0080,1.7350,-1.4205,-0.0000
133.644,0.1515,0.9327,-1.5144,-0.0080,1.7350,-1.4205,-0.0000
133.656,0.1515,0.9311,-1.5144,-0.0080,1.7350,-1.4205,-0.0000
133.668,0.1515,0.9311,-1.5144,-0.0080,1.7350,-1.4205,-0.0000
133.680,0.1514,0.9311,-1.5144,-0.0080,1.7350,-1.4205,-0.0000
133.692,0.1512,0.9311,-1.5144,-0.0080,1.7350,-1.4205,-0.0000
133.704,0.1509,0.9311,-1.5144,-0.0080,1.7350,-1.4205,-0.0000
133.716,0.1505,0.9310,-1.5144,-0.0080,1.7350,-1.4205,-0.0000
133.728,0.1501,0.9310,-1.5144,-0.0080,1.7350,-1.4205,-0.0000
133.740,0.1496,0.9310,-1.5144,-0.0080,1.7350,-1.4205,-0.0000
133.752,0.1491,0.9309,-1.5144,-0.0080,1.7350,-1.4205,-0.0000
133.764,0.1485,0.9309,-1.5144,-0.0080,1.7350,-1.4205,-0.0000
133.776,0.1479,0.9308,-1.5144,-0.0080,1.7350,-1.4205,-0.0000
133.788,0.1472,0.9308,-1.5144,-0.0080,1.7350,-1.4205,-0.0000
133.800,0.1465,0.9307,-1.5144,-0.0080,1.7350,-1.4205,-0.0000
133.812,0.1458,0.9307,-1.5144,-0.0080,1.7350,-1.4205,-0.0000
133.824,0.1451,0.9306,-1.5144,-0.0080,1.7350,-1.4205,-0.0000
133.836,0.1443,0.9306,-1.5144,-0.0080,1.7350,-1.4205,-0.0000
133.848,0.1435,0.9305,-1.5144,-0.0080,1.7350,-1.4205,-0.0000
133.860,0.1428,0.9305,-1.5144,-0.0080,1.7350,-1.4205,-0.0000
133.872,0.1419,0.9304,-1.5144,-0.0080,1.7350,-1.4205,-0.0000
133.884,0.1411,0.9303,-1.5144,-0.0080,1.7350,-1.4205,-0.0000
133.896,0.1403,0.9303,-1.5144,-0.0080,1.7350,-1.4205,-0.0000
133.908,0.1395,0.9302,-1.5144,-0.0080,1.7350,-1.4205,-0.0000
133.920,0.1386,0.9301,-1.5144,-0.0080,1.7350,-1.4205,-0.0000
133.932,0.1378,0.9301,-1.5144,-0.0080,1.7350,-1.4205,-0.0000
133.944,0.1369,0.9300,-1.5144,-0.0080,1.7350,-1.4205,-0.0000
133.956,0.1360,0.9299,-1.5144,-0.0080,1.7350,-1.4205,-0.0000
133.968,0.1352,0.9299,-1.5144,-0.0080,1.7350,-1.4205,-0.0000
133.980,0.1343,0.9298,-1.5144,-0.0080,1.7350,-1.4205,-0.0000
133.992,0.1334,0.9297,-1.5144,-0.0080,1.7350,-1.4205,-0.0000
134.004,0.1325,0.9297,-1.5144,-0.0080,1.7350,-1.4205,-0.0000
134.016,0.1316,0.9296,-1.5144,-0.0080,1.7350,-1.4205,-0.0000
134.028,0.1307,0.9295,-1.5144,-0.0080,1.7350,-1.4205,-0.0000
134.040,0.1299,0.9295,-1.5144,-0.0080,1.7350,-1.4205,-0.0000
134.052,0.1290,0.9294,-1.5144,-0.0080,1.7350,-1.4205,-0.0000
134.064,0.1281,0.9293,-1.5144,-0.0080,1.7350,-1.4205,-0.0000
134.076,0.1272,0.9293,-1.5144,-0.0080,1.7350,-1.4205,-0.0000
134.088,0.1263,0.9292,-1.5144,-0.0080,1.7350,-1.4205,-0.0000
134.100,0.1254,0.9291,-1.5144,-0.0080,1.7350,-1.4205,-0.0000
134.112,0.1245,0.9291,-1.5144,-0.0080,1.7350,-1.4205,-0.0000
134.124,0.1236,0.9290,-1.5144,-0.0080,1.7350,-1.4205,-0.0000
134.136,0.1227,0.9289,-1.5144,-0.0080,1.7350,-1.4205,-0.0000
134.148,0.1218,0.9289,-1.5144,-0.0080,1.7350,-1.4205,-0.0000
134.160,0.1209,0.9288,-1.5144,-0.0080,1.7350,-1.4205,-0.0000
134.172,0.1200,0.9287,-1.5144,-0.0080,1.7350,-1.4205,-0.0000
134.184,0.1190,0.9287,-1.5144,-0.0080,1.7350,-1.4205,-0.0000
134.196,0.1181,0.9286,-1.5144,-0.0080,1.7350,-1.4205,-0.0000
134.208,0.1172,0.9285,-1.5144,-0.0080,1.7350,-1.4205,-0.0000
134.220,0.1163,0.9285,-1.5144,-0.0080,1.7350,-1.4205,-0.0000
134.232,0.1154,0.9284,-1.5144,-0.0080,1.7350,-1.4205,-0.0000
134.244,0.1145,0.9283,-1.5144,-0.0080,1.7350,-1.4205,-0.0000
134.256,0.1136,0.9282,-1.5144,-0.0080,1.7350,-1.4205,-0.0000
134.268,0.1127,0.9282,-1.5144,-0.0080,1.7350,-1.4205,-0.0000
134.280,0.1118,0.9281,-1.5144,-0.0080,1.7350,-1.4205,-0.0000
134.292,0.1109,0.9280,-1.5144,-0.0080,1.7350,-1.4205,-0.0000
134.304,0.1100,0.9280,-1.5144,-0.0080,1.7350,-1.4205,-0.0000
134.316,0.1091,0.9279,-1.5144,-0.0080,1.7350,-1.4205,-0.0000
134.328,0.1082,0.9278,-1.5144,-0.0080,1.7350,-1.4205,-0.0000
134.340,0.1073,0.9278,-1.5144,-0.0080,1.7350,-1.4205,-0.0000
134.352,0.1063,0.9277,-1.5144,-0.0080,1.7350,-1.4205,-0.0000
134.364,0.1054,0.9276,-1.5144,-0.0080,1.7350,-1.4205,-0.0000
134.376,0.1045,0.9276,-1.5144,-0.0080,1.7350,-1.4205,-0.0000
134.388,0.1036,0.9275,-1.5144,-0.0080,1.7350,-1.4205,-0.0000
134.400,0.1027,0.9274,-1.5144,-0.0080,1.7350,-1.4205,-0.0000
134.412,0.1018,0.9273,-1.5144,-0.0080,1.7350,-1.4205,-0.0000
134.424,0.1009,0.9273,-1.5144,-0.0080,1.7350,-1.4205,-0.0000
134.436,0.1000,0.9272,-1.5144,-0.0080,1.7350,-1.4205,-0.0000
134.448,0.0991,0.9271,-1.5144,-0.0080,1.7350,-1.4205,-0.0000
134.460,0.0982,0.9271,-1.5144,-0.0080,1.7350,-1.4205,-0.0000
134.472,0.0973,0.9270,-1.5144,-0.0080,1.7350,-1.4205,-0.0000
134.484,0.0963,0.9269,-1.5144,-0.0080,1.7350,-1.4205,-0.0000
134.496,0.0954,0.9269,-1.5144,-0.0080,1.7350,-1.4205,-0.0000
134.508,0.0945,0.9268,-1.5144,-0.0080,1.7350,-1.4205,-0.0000
134.520,0.0936,0.9267,-1.5144,-0.0080,1.7350,-1.4205,-0.0000
134.532,0.0927,0.9267,-1.5144,-0.0080,1.7350,-1.4205,-0.0000
134.544,0.0918,0.9266,-1.5144,-0.0080,1.7350,-1.4205,-0.0000
134.556,0.0909,0.9265,-1.5144,-0.0080,1.7350,-1.4205,-0.0000
134.568,0.0900,0.9264,-1.5144,-0.0080,1.7350,-1.4205,-0.0000
134.580,0.0891,0.9264,-1.5144,-0.0080,1.7350,-1.4205,-0.0000
134.592,0.0882,0.9263,-1.5144,-0.0080,1.7350,-1.4205,-0.0000
134.604,0.0873,0.9262,-1.5144,-0.0080,1.7350,-1.4205,-0.0000
134.616,0.0864,0.9262,-1.5144,-0.0080,1.7350,-1.4205,-0.0000
134.628,0.0854,0.9261,-1.5144,-0.0080,1.7350,-1.4205,-0.0000
134.640,0.0845,0.9260,-1.5144,-0.0080,1.7350,-1.4205,-0.0000
134.652,0.0836,0.9260,-1.5144,-0.0080,1.7350,-1.4205,-0.0000
134.664,0.0827,0.9259,-1.5144,-0.0080,1.7350,-1.4205,-0.0000
134.676,0.0818,0.9258,-1.5144,-0.0080,1.7350,-1.4205,-0.0000
134.688,0.0809,0.9258,-1.5144,-0.0080,1.7350,-1.4205,-0.0000
134.700,0.0800,0.9257,-1.5144,-0.0080,1.7350,-1.4205,-0.0000
134.712,0.0791,0.9256,-1.5144,-0.0080,1.7350,-1.4205,-0.0000
134.724,0.0782,0.9256,-1.5144,-0.0080,1.7350,-1.4205,-0.0000
134.736,0.0773,0.9255,-1.5144,-0.0080,1.7350,-1.4205,-0.0000
134.748,0.0764,0.9254,-1.5144,-0.0080,1.7350,-1.4205,-0.0000
134.760,0.0754,0.9253,-1.5144,-0.0080,1.7350,-1.4205,-0.0000
134.772,0.0745,0.9253,-1.5144,-0.0080,1.7350,-1.4205,-0.0000
134.784,0.0736,0.9252,-1.5144,-0.0080,1.7350,-1.4205,-0.0000
134.796,0.0727,0.9251,-1.5144,-0.0080,1.7350,-1.4205,-0.0000
134.808,0.0718,0.9251,-1.5144,-0.0080,1.7350,-1.4205,-0.0000
134.820,0.0709,0.9250,-1.5144,-0.0080,1.7350,-1.4205,-0.0000
134.832,0.0700,0.9249,-1.5144,-0.0080,1.7350,-1.4205,-0.0000
134.844,0.0691,0.9249,-1.5144,-0.0080,1.7350,-1.4205,-0.0000
134.856,0.0682,0.9248,-1.5144,-0.0080,1.7350,-1.4205,-0.0000
134.868,0.0673,0.9247,-1.5144,-0.0080,1.7350,-1.4205,-0.0000
134.880,0.0664,0.9247,-1.5144,-0.0080,1.7350,-1.4205,-0.0000
134.892,0.0654,0.9246,-1.5144,-0.0080,1.7350,-1.4205,-0.0000
134.904,0.0645,0.9245,-1.5144,-0.0080,1.7350,-1.4205,-0.0000
134.916,0.0636,0.9244,-1.5144,-0.0080,1.7350,-1.4205,-0.0000
134.928,0.0627,0.9244,-1.5144,-0.0080,1.7350,-1.4205,-0.0000
134.940,0.0618,0.9243,-1.5144,-0.0080,1.7350,-1.4205,-0.0000
134.952,0.0609,0.9242,-1.5144,-0.0080,1.7350,-1.4205,-0.0000
134.964,0.0600,0.9242,-1.5144,-0.0080,1.7350,-1.4205,-0.0000
134.976,0.0591,0.9241,-1.5144,-0.0080,1.7350,-1.4205,-0.0000
134.988,0.0582,0.9240,-1.5144,-0.0080,1.7350,-1.4205,-0.0000
135.000,0.0573,0.9240,-1.5144,-0.0080,1.7350,-1.4205,-0.0000
135.012,0.0564,0.9239,-1.5144,-0.0080,1.7350,-1.4205,-0.0000
135.024,0.0554,0.9238,-1.5144,-0.0080,1.7350,-1.4205,-0.0000
135.036,0.0545,0.9238,-1.5144,-0.0080,1.7350,-1.4205,-0.0000
135.048,0.0536,0.9237,-1.5144,-0.0080,1.7350,-1.4205,-0.0000
135.060,0.0527,0.9236,-1.5144,-0.0080,1.7350,-1.4205,-0.0000
135.072,0.0518,0.9235,-1.5144,-0.0080,1.7350,-1.4205,-0.0000
135.084,0.0509,0.9235,-1.5144,-0.0080,1.7350,-1.4205,-0.0000
135.096,0.0500,0.9234,-1.5144,-0.0080,1.7350,-1.4205,-0.0000
135.108,0.0491,0.9233,-1.5144,-0.0080,1.7350,-1.4205,-0.0000
135.120,0.0482,0.9233,-1.5144,-0.0080,1.7350,-1.4205,-0.0000
135.132,0.0473,0.9232,-1.5144,-0.0080,1.7350,-1.4205,-0.0000
135.144,0.0464,0.9231,-1.5144,-0.0080,1.7350,-1.4205,-0.0000
135.156,0.0454,0.9231,-1.5144,-0.0080,1.7350,-1.4205,-0.0000
135.168,0.0445,0.9230,-1.5144,-0.0080,1.7350,-1.4205,-0.0000
135.180,0.0436,0.9229,-1.5144,-0.0080,1.7350,-1.4205,-0.0000
135.192,0.0427,0.9229,-1.5144,-0.0080,1.7350,-1.4205,-0.0000
135.204,0.0418,0.9228,-1.5144,-0.0080,1.7350,-1.4205,-0.0000
135.216,0.0409,0.9227,-1.5144,-0.0080,1.7350,-1.4205,-0.0000
135.228,0.0400,0.9227,-1.5144,-0.0080,1.7350,-1.4205,-0.0000
135.240,0.0391,0.9226,-1.5144,-0.0080,1.7350,-1.4205,-0.0000
135.252,0.0382,0.9225,-1.5144,-0.0080,1.7350,-1.4205,-0.0000
135.264,0.0373,0.9224,-1.5144,-0.0080,1.7350,-1.4205,-0.0000
135.276,0.0364,0.9224,-1.5144,-0.0080,1.7350,-1.4205,-0.0000
135.288,0.0354,0.9223,-1.5144,-0.0080,1.7350,-1.4205,-0.0000
135.300,0.0345,0.9222,-1.5144,-0.0080,1.7350,-1.4205,-0.0000
135.312,0.0336,0.9222,-1.5144,-0.0080,1.7350,-1.4205,-0.0000
135.324,0.0327,0.9221,-1.5144,-0.0080,1.7350,-1.4205,-0.0000
135.336,0.0318,0.9220,-1.5144,-0.0080,1.7350,-1.4205,-0.0000
135.348,0.0309,0.9220,-1.5144,-0.0080,1.7350,-1.4205,-0.0000
135.360,0.0300,0.9219,-1.5144,-0.0080,1.7350,-1.4205,-0.0000
135.372,0.0291,0.9218,-1.5144,-0.0080,1.7350,-1.4205,-0.0000
135.384,0.0282,0.9218,-1.5144,-0.0080,1.7350,-1.4205,-0.0000
135.396,0.0273,0.9217,-1.5144,-0.0080,1.7350,-1.4205,-0.0000
135.408,0.0264,0.9216,-1.5144,-0.0080,1.7350,-1.4205,-0.0000
135.420,0.0255,0.9215,-1.5144,-0.0080,1.7350,-1.4205,-0.0000
135.432,0.0245,0.9215,-1.5144,-0.0080,1.7350,-1.4205,-0.0000
135.444,0.0236,0.9214,-1.5144,-0.0080,1.7350,-1.4205,-0.0000
135.456,0.0227,0.9213,-1.5144,-0.0080,1.7350,-1.4205,-0.0000
135.468,0.0218,0.9213,-1.5144,-0.0080,1.7350,-1.4205,-0.0000
135.480,0.0209,0.9212,-1.5144,-0.0080,1.7350,-1.4205,-0.0000
135.492,0.0200,0.9211,-1.5144,-0.0080,1.7350,-1.4205,-0.0000
135.504,0.0191,0.9211,-1.5144,-0.0080,1.7350,-1.4205,-0.0000
135.516,0.0182,0.9210,-1.5144,-0.0080,1.7350,-1.4205,-0.0000
135.528,0.0173,0.9209,-1.5144,-0.0080,1.7350,-1.4205,-0.0000
135.540,0.0164,0.9209,-1.5144,-0.0080,1.7350,-1.4205,-0.0000
135.552,0.0155,0.9208,-1.5144,-0.0080,1.7350,-1.4205,-0.0000
135.564,0.0145,0.9207,-1.5144,-0.0080,1.7350,-1.4205,-0.0000
135.576,0.0136,0.9206,-1.5144,-0.0080,1.7350,-1.4205,-0.0000
135.588,0.0127,0.9206,-1.5144,-0.0080,1.7350,-1.4205,-0.0000
135.600,0.0118,0.9205,-1.5144,-0.0080,1.7350,-1.4205,-0.0000
135.612,0.0109,0.9204,-1.5144,-0.0080,1.7350,-1.4205,-0.0000
135.624,0.0100,0.9204,-1.5144,-0.0080,1.7350,-1.4205,-0.0000
135.636,0.0091,0.9203,-1.5144,-0.0080,1.7350,-1.4205,-0.0000
135.648,0.0082,0.9202,-1.5144,-0.0080,1.7350,-1.4205,-0.0000
135.660,0.0073,0.9202,-1.5144,-0.0080,1.7350,-1.4205,-0.0000
135.672,0.0064,0.9201,-1.5144,-0.0080,1.7350,-1.4205,-0.0000
135.684,0.0056,0.9200,-1.5144,-0.0080,1.7350,-1.4205,-0.0000
135.696,0.0050,0.9200,-1.5144,-0.0080,1.7350,-1.4205,-0.0000
135.708,0.0044,0.9199,-1.5144,-0.0080,1.7350,-1.4205,-0.0000
135.720,0.0038,0.9199,-1.5144,-0.0080,1.7350,-1.4205,-0.0000
135.732,0.0038,0.9199,-1.5144,-0.0080,1.7350,-1.4205,-0.0000
135.744,0.0038,0.9192,-1.5133,-0.0080,1.7338,-1.4195,-0.0000
135.756,0.0038,0.9180,-1.5113,-0.0080,1.7314,-1.4176,-0.0000
135.768,0.0038,0.9162,-1.5084,-0.0080,1.7281,-1.4149,-0.0000
135.780,0.0038,0.9140,-1.5048,-0.0080,1.7240,-1.4115,-0.0000
135.792,0.0038,0.9114,-1.5005,-0.0080,1.7190,-1.4074,-0.0000
135.804,0.0038,0.9085,-1.4956,-0.0079,1.7135,-1.4029,-0.0000
135.816,0.0038,0.9052,-1.4902,-0.0079,1.7073,-1.3978,-0.0000
135.828,0.0038,0.9017,-1.4844,-0.0079,1.7006,-1.3924,-0.0000
135.840,0.0037,0.8979,-1.4782,-0.0078,1.6935,-1.3865,-0.0000
135.852,0.0037,0.8939,-1.4716,-0.0078,1.6860,-1.3804,-0.0000
135.864,0.0037,0.8897,-1.4648,-0.0078,1.6782,-1.3740,-0.0000
135.876,0.0037,0.8854,-1.4576,-0.0077,1.6700,-1.3673,-0.0000
135.888,0.0037,0.8809,-1.4503,-0.0077,1.6616,-1.3604,-0.0000
135.900,0.0037,0.8763,-1.4427,-0.0076,1.6529,-1.3533,-0.0000
135.912,0.0036,0.8716,-1.4350,-0.0076,1.6440,-1.3460,-0.0000
135.924,0.0036,0.8668,-1.4271,-0.0076,1.6349,-1.3386,-0.0000
135.936,0.0036,0.8619,-1.4190,-0.0075,1.6257,-1.3310,-0.0000
135.948,0.0036,0.8570,-1.4108,-0.0075,1.6163,-1.3233,-0.0000
135.960,0.0036,0.8519,-1.4025,-0.0074,1.6069,-1.3156,-0.0000
135.972,0.0035,0.8469,-1.3942,-0.0074,1.5972,-1.3077,-0.0000
135.984,0.0035,0.8417,-1.3857,-0.0073,1.5875,-1.2998,-0.0000
135.996,0.0035,0.8365,-1.3772,-0.0073,1.5778,-1.2918,-0.0000
136.008,0.0035,0.8313,-1.3685,-0.0073,1.5679,-1.2837,-0.0000
136.020,0.0034,0.8260,-1.3599,-0.0072,1.5580,-1.2756,-0.0000
136.032,0.0034,0.8207,-1.3512,-0.0072,1.5480,-1.2674,-0.0000
136.044,0.0034,0.8154,-1.3424,-0.0071,1.5380,-1.2592,-0.0000
136.056,0.0034,0.8101,-1.3336,-0.0071,1.5279,-1.2509,-0.0000
136.068,0.0034,0.8047,-1.3248,-0.0070,1.5178,-1.2426,-0.0000
136.080,0.0033,0.7993,-1.3159,-0.0070,1.5076,-1.2343,-0.0000
136.092,0.0033,0.7939,-1.3070,-0.0069,1.4974,-1.2260,-0.0000
136.104,0.0033,0.7885,-1.2981,-0.0069,1.4872,-1.2176,-0.0000
136.116,0.0033,0.7831,-1.2892,-0.0068,1.4770,-1.2092,-0.0000
136.128,0.0032,0.7776,-1.2802,-0.0068,1.4667,-1.2008,-0.0000
136.140,0.0032,0.7722,-1.2713,-0.0067,1.4564,-1.1924,-0.0000
136.152,0.0032,0.7667,-1.2623,-0.0067,1.4461,-1.1840,-0.0000
136.164,0.0032,0.7613,-1.2533,-0.0066,1.4358,-1.1756,-0.0000
136.176,0.0032,0.7558,-1.2443,-0.0066,1.4255,-1.1671,-0.0000
136.188,0.0031,0.7503,-1.2353,-0.0065,1.4152,-1.1587,-0.0000
136.200,0.0031,0.7448,-1.2262,-0.0065,1.4049,-1.1502,-0.0000
136.212,0.0031,0.7394,-1.2172,-0.0065,1.3945,-1.1417,-0.0000
136.224,0.0031,0.7339,-1.2082,-0.0064,1.3842,-1.1332,-0.0000
136.236,0.0030,0.7284,-1.1991,-0.0064,1.3738,-1.1248,-0.0000
136.248,0.0030,0.7229,-1.1901,-0.0063,1.3634,-1.1163,-0.0000
136.260,0.0030,0.7174,-1.1810,-0.0063,1.3530,-1.1078,-0.0000
136.272,0.0030,0.7119,-1.1720,-0.0062,1.3427,-1.0993,-0.0000
136.284,0.0029,0.7064,-1.1629,-0.0062,1.3323,-1.0908,-0.0000
136.296,0.0029,0.7009,-1.1538,-0.0061,1.3219,-1.0823,-0.0000
136.308,0.0029,0.6954,-1.1448,-0.0061,1.3115,-1.0738,-0.0000
136.320,0.0029,0.6899,-1.1357,-0.0060,1.3011,-1.0653,-0.0000
136.332,0.0029,0.6843,-1.1266,-0.0060,1.2907,-1.0568,-0.0000
136.344,0.0028,0.6788,-1.1175,-0.0059,1.2803,-1.0483,-0.0000
136.356,0.0028,0.6733,-1.1085,-0.0059,1.2699,-1.0397,-0.0000
136.368,0.0028,0.6678,-1.0994,-0.0058,1.2595,-1.0312,-0.0000
136.380,0.0028,0.6623,-1.0903,-0.0058,1.2491,-1.0227,-0.0000
136.392,0.0027,0.6568,-1.0812,-0.0057,1.2387,-1.0142,-0.0000
136.404,0.0027,0.6513,-1.0722,-0.0057,1.2283,-1.0057,-0.0000
136.416,0.0027,0.6457,-1.0631,-0.0056,1.2179,-0.9972,-0.0000
136.428,0.0027,0.6402,-1.0540,-0.0056,1.2075,-0.9886,-0.0000
136.440,0.0026,0.6347,-1.0449,-0.0055,1.1971,-0.9801,-0.0000
136.452,0.0026,0.6292,-1.0358,-0.0055,1.1867,-0.9716,-0.0000
136.464,0.0026,0.6237,-1.0268,-0.0054,1.1763,-0.9631,-0.0000
136.476,0.0026,0.6182,-1.0177,-0.0054,1.1659,-0.9546,-0.0000
136.488,0.0026,0.6126,-1.0086,-0.0053,1.1555,-0.9460,-0.0000
136.500,0.0025,0.6071,-0.9995,-0.0053,1.1451,-0.9375,-0.0000
136.512,0.0025,0.6016,-0.9904,-0.0053,1.1347,-0.9290,-0.0000
136.524,0.0025,0.5961,-0.9813,-0.0052,1.1243,-0.9205,-0.0000
136.536,0.0025,0.5906,-0.9722,-0.0052,1.1139,-0.9120,-0.0000
136.548,0.0024,0.5851,-0.9632,-0.0051,1.1035,-0.9034,-0.0000
136.560,0.0024,0.5795,-0.9541,-0.0051,1.0931,-0.8949,-0.0000
136.572,0.0024,0.5740,-0.9450,-0.0050,1.0826,-0.8864,-0.0000
136.584,0.0024,0.5685,-0.9359,-0.0050,1.0722,-0.8779,-0.0000
136.596,0.0023,0.5630,-0.9268,-0.0049,1.0618,-0.8694,-0.0000
136.608,0.0023,0.5575,-0.9177,-0.0049,1.0514,-0.8608,-0.0000
136.620,0.0023,0.5519,-0.9086,-0.0048,1.0410,-0.8523,-0.0000
136.632,0.0023,0.5464,-0.8996,-0.0048,1.0306,-0.8438,-0.0000
136.644,0.0023,0.5409,-0.8905,-0.0047,1.0202,-0.8353,-0.0000
136.656,0.0022,0.5354,-0.8814,-0.0047,1.0098,-0.8267,-0.0000
136.668,0.0022,0.5299,-0.8723,-0.0046,0.9994,-0.8182,-0.0000
136.680,0.0022,0.5243,-0.8632,-0.0046,0.9890,-0.8097,-0.0000
136.692,0.0022,0.5188,-0.8541,-0.0045,0.9786,-0.8012,-0.0000
136.704,0.0021,0.5133,-0.8450,-0.0045,0.9681,-0.7927,-0.0000
136.716,0.0021,0.5078,-0.8360,-0.0044,0.9577,-0.7841,-0.0000
136.728,0.0021,0.5023,-0.8269,-0.0044,0.9473,-0.7756,-0.0000
136.740,0.0021,0.4967,-0.8178,-0.0043,0.9369,-0.7671,-0.0000
136.752,0.0020,0.4912,-0.8087,-0.0043,0.9265,-0.7586,-0.0000
136.764,0.0020,0.4857,-0.7996,-0.0042,0.9161,-0.7500,-0.0000
136.776,0.0020,0.4802,-0.7905,-0.0042,0.9057,-0.7415,-0.0000
136.788,0.0020,0.4747,-0.7814,-0.0041,0.8953,-0.7330,-0.0000
136.800,0.0020,0.4692,-0.7724,-0.0041,0.8849,-0.7245,-0.0000
136.812,0.0019,0.4636,-0.7633,-0.0040,0.8745,-0.7159,-0.0000
136.824,0.0019,0.4581,-0.7542,-0.0040,0.8640,-0.7074,-0.0000
136.836,0.0019,0.4526,-0.7451,-0.0040,0.8536,-0.6989,-0.0000
136.848,0.0019,0.4471,-0.7360,-0.0039,0.8432,-0.6904,-0.0000
136.860,0.0018,0.4416,-0.7269,-0.0039,0.8328,-0.6819,-0.0000
136.872,0.0018,0.4360,-0.7178,-0.0038,0.8224,-0.6733,-0.0000
136.884,0.0018,0.4305,-0.7087,-0.0038,0.8120,-0.6648,-0.0000
136.896,0.0018,0.4250,-0.6997,-0.0037,0.8016,-0.6563,-0.0000
136.908,0.0017,0.4195,-0.6906,-0.0037,0.7912,-0.6478,-0.0000
136.920,0.0017,0.4140,-0.6815,-0.0036,0.7808,-0.6392,-0.0000
136.932,0.0017,0.4084,-0.6724,-0.0036,0.7704,-0.6307,-0.0000
136.944,0.0017,0.4029,-0.6633,-0.0035,0.7599,-0.6222,-0.0000
136.956,0.0017,0.3974,-0.6542,-0.0035,0.7495,-0.6137,-0.0000
136.968,0.0016,0.3919,-0.6451,-0.0034,0.7391,-0.6051,-0.0000
136.980,0.0016,0.3864,-0.6361,-0.0034,0.7287,-0.5966,-0.0000
136.992,0.0016,0.3808,-0.6270,-0.0033,0.7183,-0.5881,-0.0000
137.004,0.0016,0.3753,-0.6179,-0.0033,0.7079,-0.5796,-0.0000
137.016,0.0015,0.3698,-0.6088,-0.0032,0.6975,-0.5711,-0.0000
137.028,0.0015,0.3643,-0.5997,-0.0032,0.6871,-0.5625,-0.0000
137.040,0.0015,0.3588,-0.5906,-0.0031,0.6767,-0.5540,-0.0000
137.052,0.0015,0.3532,-0.5815,-0.0031,0.6663,-0.5455,-0.0000
137.064,0.0015,0.3477,-0.5725,-0.0030,0.6558,-0.5370,-0.0000
137.076,0.0014,0.3422,-0.5634,-0.0030,0.6454,-0.5284,-0.0000
137.088,0.0014,0.3367,-0.5543,-0.0029,0.6350,-0.5199,-0.0000
137.100,0.0014,0.3312,-0.5452,-0.0029,0.6246,-0.5114,-0.0000
137.112,0.0014,0.3256,-0.5361,-0.0028,0.6142,-0.5029,-0.0000
137.124,0.0013,0.3201,-0.5270,-0.0028,0.6038,-0.4943,-0.0000
137.136,0.0013,0.3146,-0.5179,-0.0027,0.5934,-0.4858,-0.0000
137.148,0.0013,0.3091,-0.5088,-0.0027,0.5830,-0.4773,-0.0000
137.160,0.0013,0.3036,-0.4998,-0.0026,0.5726,-0.4688,-0.0000
137.172,0.0012,0.2980,-0.4907,-0.0026,0.5622,-0.4602,-0.0000
137.184,0.0012,0.2925,-0.4816,-0.0026,0.5517,-0.4517,-0.0000
137.196,0.0012,0.2870,-0.4725,-0.0025,0.5413,-0.4432,-0.0000
137.208,0.0012,0.2815,-0.4634,-0.0025,0.5309,-0.4347,-0.0000
137.220,0.0012,0.2760,-0.4543,-0.0024,0.5205,-0.4262,-0.0000
137.232,0.0011,0.2705,-0.4452,-0.0024,0.5101,-0.4176,-0.0000
137.244,0.0011,0.2649,-0.4362,-0.0023,0.4997,-0.4091,-0.0000
137.256,0.0011,0.2594,-0.4271,-0.0023,0.4893,-0.4006,-0.0000
137.268,0.0011,0.2539,-0.4180,-0.0022,0.4789,-0.3921,-0.0000
137.280,0.0010,0.2484,-0.4089,-0.0022,0.4685,-0.3835,-0.0000
137.292,0.0010,0.2429,-0.3998,-0.0021,0.4580,-0.3750,-0.0000
137.304,0.0010,0.2373,-0.3907,-0.0021,0.4476,-0.3665,-0.0000
137.316,0.0010,0.2318,-0.3816,-0.0020,0.4372,-0.3580,-0.0000
137.328,0.0009,0.2263,-0.3725,-0.0020,0.4268,-0.3494,-0.0000
137.340,0.0009,0.2208,-0.3635,-0.0019,0.4164,-0.3409,-0.0000
137.352,0.0009,0.2153,-0.3544,-0.0019,0.4060,-0.3324,-0.0000
137.364,0.0009,0.2097,-0.3453,-0.0018,0.3956,-0.3239,-0.0000
137.376,0.0009,0.2042,-0.3362,-0.0018,0.3852,-0.3154,-0.0000
137.388,0.0008,0.1987,-0.3271,-0.0017,0.3748,-0.3068,-0.0000
137.400,0.0008,0.1932,-0.3180,-0.0017,0.3644,-0.2983,-0.0000
137.412,0.0008,0.1877,-0.3089,-0.0016,0.3539,-0.2898,-0.0000
137.424,0.0008,0.1821,-0.2999,-0.0016,0.3435,-0.2813,-0.0000
137.436,0.0007,0.1766,-0.2908,-0.0015,0.3331,-0.2727,-0.0000
137.448,0.0007,0.1711,-0.2817,-0.0015,0.3227,-0.2642,-0.0000
137.460,0.0007,0.1656,-0.2726,-0.0014,0.3123,-0.2557,-0.0000
137.472,0.0007,0.1601,-0.2635,-0.0014,0.3019,-0.2472,-0.0000
137.484,0.0006,0.1545,-0.2544,-0.0013,0.2915,-0.2386,-0.0000
137.496,0.0006,0.1490,-0.2453,-0.0013,0.2811,-0.2301,-0.0000
137.508,0.0006,0.1435,-0.2362,-0.0013,0.2707,-0.2216,-0.0000
137.520,0.0006,0.1380,-0.2272,-0.0012,0.2603,-0.2131,-0.0000
137.532,0.0006,0.1325,-0.2181,-0.0012,0.2498,-0.2046,-0.0000
137.544,0.0005,0.1269,-0.2090,-0.0011,0.2394,-0.1960,-0.0000
137.556,0.0005,0.1214,-0.1999,-0.0011,0.2290,-0.1875,-0.0000
137.568,0.0005,0.1159,-0.1908,-0.0010,0.2186,-0.1790,-0.0000
137.580,0.0005,0.1104,-0.1817,-0.0010,0.2082,-0.1705,-0.0000
137.592,0.0004,0.1049,-0.1726,-0.0009,0.1978,-0.1619,-0.0000
137.604,0.0004,0.0993,-0.1636,-0.0009,0.1874,-0.1534,-0.0000
137.616,0.0004,0.0938,-0.1545,-0.0008,0.1770,-0.1449,-0.0000
137.628,0.0004,0.0883,-0.1454,-0.0008,0.1666,-0.1364,-0.0000
137.640,0.0003,0.0828,-0.1363,-0.0007,0.1562,-0.1278,-0.0000
137.652,0.0003,0.0773,-0.1272,-0.0007,0.1457,-0.1193,-0.0000
137.664,0.0003,0.0718,-0.1181,-0.0006,0.1353,-0.1108,-0.0000
137.676,0.0003,0.0662,-0.1090,-0.0006,0.1249,-0.1023,-0.0000
137.688,0.0003,0.0607,-0.1000,-0.0005,0.1145,-0.0938,-0.0000
137.700,0.0002,0.0552,-0.0909,-0.0005,0.1041,-0.0852,-0.0000
137.712,0.0002,0.0497,-0.0818,-0.0004,0.0937,-0.0767,-0.0000
137.724,0.0002,0.0442,-0.0727,-0.0004,0.0833,-0.0682,-0.0000
137.736,0.0002,0.0389,-0.0640,-0.0003,0.0733,-0.0600,-0.0000
137.748,0.0001,0.0342,-0.0563,-0.0003,0.0645,-0.0528,-0.0000
137.760,0.0001,0.0301,-0.0495,-0.0003,0.0568,-0.0465,-0.0000
137.772,0.0001,0.0265,-0.0436,-0.0002,0.0499,-0.0409,-0.0000
137.784,0.0001,0.0233,-0.0384,-0.0002,0.0440,-0.0360,-0.0000
137.796,0.0001,0.0205,-0.0338,-0.0002,0.0387,-0.0317,-0.0000
137.808,0.0001,0.0180,-0.0297,-0.0002,0.0340,-0.0279,0.0000
137.820,0.0001,0.0159,-0.0261,-0.0001,0.0300,-0.0245,0.0000
137.832,0.0001,0.0140,-0.0230,-0.0001,0.0264,-0.0216,0.0000
137.844,0.0001,0.0123,-0.0202,-0.0001,0.0232,-0.0190,0.0000
137.856,0.0000,0.0108,-0.0178,-0.0001,0.0204,-0.0167,0.0000
137.868,0.0000,0.0095,-0.0157,-0.0001,0.0180,-0.0147,0.0000
137.880,0.0000,0.0084,-0.0138,-0.0001,0.0158,-0.0129,0.0000
137.892,0.0000,0.0074,-0.0121,-0.0001,0.0139,-0.0114,0.0000
137.904,0.0000,0.0065,-0.0107,-0.0001,0.0122,-0.0100,0.0000
137.916,0.0000,0.0057,-0.0094,-0.0000,0.0108,-0.0088,0.0000
137.928,0.0000,0.0050,-0.0083,-0.0000,0.0095,-0.0078,0.0000
137.940,0.0000,0.0044,-0.0073,-0.0000,0.0083,-0.0068,0.0000
137.952,0.0000,0.0039,-0.0064,-0.0000,0.0073,-0.0060,0.0000
137.964,0.0000,0.0034,-0.0056,-0.0000,0.0065,-0.0053,0.0000
137.976,0.0000,0.0030,-0.0050,-0.0000,0.0057,-0.0047,0.0000
137.988,0.0000,0.0027,-0.0044,-0.0000,0.0050,-0.0041,0.0000
138.000,0.0000,0.0023,-0.0038,-0.0000,0.0044,-0.0036,0.0000
138.012,0.0000,0.0021,-0.0034,-0.0000,0.0039,-0.0032,0.0000
138.024,0.0000,0.0018,-0.0030,-0.0000,0.0034,-0.0028,0.0000
138.036,0.0000,0.0016,-0.0026,-0.0000,0.0030,-0.0025,0.0000
138.048,0.0000,0.0014,-0.0023,-0.0000,0.0026,-0.0022,0.0000
138.060,0.0000,0.0012,-0.0020,-0.0000,0.0023,-0.0019,0.0000
138.072,0.0000,0.0011,-0.0018,-0.0000,0.0020,-0.0017,0.0000
138.084,0.0000,0.0010,-0.0016,-0.0000,0.0018,-0.0015,0.0000
138.096,0.0000,0.0008,-0.0014,-0.0000,0.0016,-0.0013,0.0000
138.108,0.0000,0.0007,-0.0012,-0.0000,0.0014,-0.0011,0.0000
138.120,0.0000,0.0006,-0.0011,-0.0000,0.0012,-0.0010,0.0000
138.132,0.0000,0.0006,-0.0009,-0.0000,0.0011,-0.0009,0.0000
138.144,0.0000,0.0005,-0.0008,-0.0000,0.0009,-0.0008,0.0000
138.156,0.0000,0.0004,-0.0007,-0.0000,0.0008,-0.0007,0.0000
138.168,0.0000,0.0004,-0.0006,-0.0000,0.0007,-0.0006,0.0000
138.180,0.0000,0.0003,-0.0006,-0.0000,0.0006,-0.0005,0.0000
138.192,0.0000,0.0003,-0.0005,-0.0000,0.0006,-0.0005,0.0000
138.204,0.0000,0.0003,-0.0004,-0.0000,0.0005,-0.0004,0.0000
138.216,0.0000,0.0002,-0.0004,-0.0000,0.0004,-0.0004,0.0000
138.228,0.0000,0.0002,-0.0003,-0.0000,0.0004,-0.0003,0.0000
138.240,0.0000,0.0002,-0.0003,-0.0000,0.0003,-0.0003,0.0000
138.252,0.0000,0.0002,-0.0003,-0.0000,0.0003,-0.0002,0.0000
138.264,0.0000,0.0001,-0.0002,-0.0000,0.0003,-0.0002,0.0000
138.276,0.0000,0.0001,-0.0002,-0.0000,0.0002,-0.0002,0.0000
138.288,0.0000,0.0001,-0.0002,-0.0000,0.0002,-0.0002,0.0000
138.300,0.0000,0.0001,-0.0002,-0.0000,0.0002,-0.0001,0.0000
138.312,0.0000,0.0001,-0.0001,-0.0000,0.0002,-0.0001,0.0000
138.324,0.0000,0.0001,-0.0001,-0.0000,0.0001,-0.0001,0.0000
138.336,0.0000,0.0001,-0.0001,-0.0000,0.0001,-0.0001,0.0000
138.348,0.0000,0.0001,-0.0001,-0.0000,0.0001,-0.0001,0.0000
138.360,0.0000,0.0001,-0.0001,-0.0000,0.0001,-0.0001,0.0000
138.372,0.0000,0.0000,-0.0001,-0.0000,0.0001,-0.0001,0.0000
138.384,0.0000,0.0000,-0.0001,-0.0000,0.0001,-0.0001,0.0000
138.396,0.0000,0.0000,-0.0001,-0.0000,0.0001,-0.0001,0.0000
138.408,0.0000,0.0000,-0.0000,-0.0000,0.0001,-0.0000,0.0000
138.420,0.0000,0.0000,-0.0000,-0.0000,0.0001,-0.0000,0.0000
138.432,0.0000,0.0000,-0.0000,-0.0000,0.0000,-0.0000,0.0000
138.444,0.0000,0.0000,-0.0000,-0.0000,0.0000,-0.0000,0.0000
138.456,0.0000,0.0000,-0.0000,-0.0000,0.0000,-0.0000,0.0000
138.468,0.0000,0.0000,-0.0000,-0.0000,0.0000,-0.0000,0.0000
138.480,0.0000,0.0000,-0.0000,-0.0000,0.0000,-0.0000,0.0000
138.492,0.0000,0.0000,-0.0000,-0.0000,0.0000,-0.0000,0.0000
138.504,0.0000,0.0000,-0.0000,-0.0000,0.0000,-0.0000,0.0000
138.516,0.0000,0.0000,-0.0000,-0.0000,0.0000,-0.0000,0.0000
138.528,0.0000,0.0000,-0.0000,-0.0000,0.0000,-0.0000,0.0000
138.540,0.0000,0.0000,-0.0000,-0.0000,0.0000,-0.0000,0.0000
138.552,0.0000,0.0000,-0.0000,-0.0000,0.0000,-0.0000,0.0000
138.564,0.0000,0.0000,-0.0000,-0.0000,0.0000,-0.0000,0.0000
138.576,0.0000,0.0000,-0.0000,-0.0000,0.0000,-0.0000,0.0000
138.588,0.0000,0.0000,-0.0000,-0.0000,0.0000,-0.0000,0.0000
138.600,0.0000,0.0000,-0.0000,-0.0000,0.0000,-0.0000,0.0000
138.612,0.0000,0.0000,-0.0000,-0.0000,0.0000,-0.0000,0.0000
138.624,0.0000,0.0000,-0.0000,-0.0000,0.0000,-0.0000,0.0000
138.636,0.0000,0.0000,-0.0000,-0.0000,0.0000,-0.0000,0.0000
138.648,0.0000,0.0000,-0.0000,-0.0000,0.0000,-0.0000,0.0000
138.660,0.0000,0.0000,-0.0000,-0.0000,0.0000,-0.0000,0.0000
138.672,0.0000,0.0000,-0.0000,-0.0000,0.0000,-0.0000,0.0000
138.684,0.0000,0.0000,-0.0000,-0.0000,0.0000,-0.0000,0.0000
138.696,0.0000,0.0000,-0.0000,-0.0000,0.0000,-0.0000,0.0000
138.708,0.0000,0.0000,-0.0000,-0.0000,0.0000,-0.0000,0.0000
138.720,0.0000,0.0000,-0.0000,-0.0000,0.0000,-0.0000,0.0000
138.732,0.0000,0.0000,-0.0000,-0.0000,0.0000,-0.0000,0.0000
138.744,0.0000,0.0000,-0.0000,-0.0000,0.0000,-0.0000,0.0000
138.756,0.0000,0.0000,-0.0000,-0.0000,0.0000,-0.0000,0.0000
138.768,0.0000,0.0000,-0.0000,-0.0000,0.0000,-0.0000,0.0000
138.780,0.0000,0.0000,-0.0000,-0.0000,0.0000,-0.0000,0.0000
138.792,0.0000,0.0000,-0.0000,-0.0000,0.0000,-0.0000,0.0000
138.804,0.0000,0.0000,-0.0000,-0.0000,0.0000,-0.0000,0.0000
138.816,0.0000,0.0000,-0.0000,-0.0000,0.0000,-0.0000,0.0000
138.828,0.0000,0.0000,-0.0000,-0.0000,0.0000,-0.0000,0.0000
138.840,0.0000,0.0000,-0.0000,-0.0000,0.0000,-0.0000,0.0000
138.852,0.0000,0.0000,-0.0000,-0.0000,0.0000,-0.0000,0.0000
138.864,0.0000,0.0000,-0.0000,-0.0000,0.0000,-0.0000,0.0000
138.876,0.0000,0.0000,-0.0000,-0.0000,0.0000,-0.0000,0.0000
138.888,0.0000,0.0000,-0.0000,-0.0000,0.0000,-0.0000,0.0000
138.900,0.0000,0.0000,-0.0000,-0.0000,0.0000,-0.0000,0.0000
138.912,0.0000,0.0000,-0.0000,-0.0000,0.0000,-0.0000,0.0000
138.924,0.0000,0.0000,-0.0000,-0.0000,0.0000,-0.0000,0.0000
138.936,0.0000,0.0000,-0.0000,-0.0000,0.0000,-0.0000,0.0000
138.948,0.0000,0.0000,-0.0000,-0.0000,0.0000,-0.0000,0.0000
138.960,0.0000,0.0000,-0.0000,-0.0000,0.0000,-0.0000,0.0000
138.972,0.0000,0.0000,-0.0000,-0.0000,0.0000,-0.0000,0.0000
138.984,0.0000,0.0000,-0.0000,-0.0000,0.0000,-0.0000,0.0000
138.996,0.0000,0.0000,-0.0000,-0.0000,0.0000,-0.0000,0.0000
139.008,0.0000,0.0000,-0.0000,-0.0000,0.0000,-0.0000,0.0000
139.020,0.0000,0.0000,-0.0000,-0.0000,0.0000,-0.0000,0.0000
139.032,0.0000,0.0000,-0.0000,-0.0000,0.0000,-0.0000,0.0000
139.044,0.0000,0.0000,-0.0000,-0.0000,0.0000,-0.0000,0.0000
139.056,0.0000,0.0000,-0.0000,-0.0000,0.0000,-0.0000,0.0000
139.068,0.0000,0.0000,-0.0000,-0.0000,0.0000,-0.0000,0.0000
139.080,0.0000,0.0000,-0.0000,-0.0000,0.0000,-0.0000,0.0000
139.092,0.0000,0.0000,-0.0000,-0.0000,0.0000,-0.0000,0.0000
139.104,0.0000,0.0000,-0.0000,-0.0000,0.0000,-0.0000,0.0000
139.116,0.0000,0.0000,-0.0000,-0.0000,0.0000,-0.0000,0.0000
139.128,0.0000,0.0000,-0.0000,-0.0000,0.0000,-0.0000,0.0000
139.140,0.0000,0.0000,-0.0000,-0.0000,0.0000,-0.0000,0.0000
139.152,0.0000,0.0000,-0.0000,-0.0000,0.0000,-0.0000,0.0000
139.164,0.0000,0.0000,-0.0000,-0.0000,0.0000,-0.0000,0.0000
139.176,0.0000,0.0000,-0.0000,-0.0000,0.0000,-0.0000,0.0000
139.188,0.0000,0.0000,-0.0000,-0.0000,0.0000,-0.0000,0.0000
139.200,0.0000,0.0000,-0.0000,-0.0000,0.0000,-0.0000,0.0000
139.212,0.0000,0.0000,-0.0000,-0.0000,0.0000,-0.0000,0.0000
139.224,0.0000,0.0000,-0.0000,-0.0000,0.0000,-0.0000,0.0000
139.236,0.0000,0.0000,-0.0000,-0.0000,0.0000,-0.0000,0.0000
139.248,0.0000,0.0000,-0.0000,-0.0000,0.0000,-0.0000,0.0000
139.260,0.0000,0.0000,-0.0000,-0.0000,0.0000,-0.0000,0.0000
139.272,0.0000,0.0000,-0.0000,-0.0000,0.0000,-0.0000,0.0000
139.284,0.0000,0.0000,-0.0000,-0.0000,0.0000,-0.0000,0.0000
139.296,0.0000,0.0000,-0.0000,-0.0000,0.0000,-0.0000,0.0000
139.308,0.0000,0.0000,-0.0000,-0.0000,0.0000,-0.0000,0.0000
139.320,0.0000,0.0000,-0.0000,-0.0000,0.0000,-0.0000,0.0000
139.332,0.0000,0.0000,-0.0000,-0.0000,0.0000,-0.0000,0.0000
139.344,0.0000,0.0000,-0.0000,-0.0000,0.0000,-0.0000,0.0000
139.356,0.0000,0.0000,-0.0000,-0.0000,0.0000,-0.0000,0.0000
139.368,0.0000,0.0000,-0.0000,-0.0000,0.0000,-0.0000,0.0000
139.380,0.0000,0.0000,-0.0000,-0.0000,0.0000,-0.0000,0.0000
139.392,0.0000,0.0000,-0.0000,-0.0000,0.0000,-0.0000,0.0000
139.404,0.0000,0.0000,-0.0000,-0.0000,0.0000,-0.0000,0.0000
139.416,0.0000,0.0000,-0.0000,-0.0000,0.0000,-0.0000,0.0000
139.428,0.0000,0.0000,-0.0000,-0.0000,0.0000,-0.0000,0.0000
139.440,0.0000,0.0000,-0.0000,-0.0000,0.0000,-0.0000,0.0000
139.452,0.0000,0.0000,-0.0000,-0.0000,0.0000,-0.0000,0.0000
139.464,0.0000,0.0000,-0.0000,-0.0000,0.0000,-0.0000,0.0000
139.476,0.0000,0.0000,-0.0000,-0.0000,0.0000,-0.0000,0.0000
139.488,0.0000,0.0000,-0.0000,-0.0000,0.0000,-0.0000,0.0000
139.500,0.0000,0.0000,-0.0000,-0.0000,0.0000,-0.0000,0.0000
139.512,0.0000,0.0000,-0.0000,-0.0000,0.0000,-0.0000,0.0000
139.524,0.0000,0.0000,-0.0000,-0.0000,0.0000,-0.0000,0.0000
139.536,0.0000,0.0000,-0.0000,-0.0000,0.0000,-0.0000,0.0000
139.548,0.0000,0.0000,-0.0000,-0.0000,0.0000,-0.0000,0.0000
139.560,0.0000,0.0000,-0.0000,-0.0000,0.0000,-0.0000,0.0000
139.572,0.0000,0.0000,-0.0000,-0.0000,0.0000,-0.0000,0.0000
139.584,0.0000,0.0000,-0.0000,-0.0000,0.0000,-0.0000,0.0000
139.596,0.0000,0.0000,-0.0000,-0.0000,0.0000,-0.0000,0.0000
139.608,0.0000,0.0000,-0.0000,-0.0000,0.0000,-0.0000,0.0000
139.620,0.0000,0.0000,0.0000,-0.0000,0.0000,-0.0000,0.0000
139.632,0.0000,0.0000,0.0000,-0.0000,0.0000,-0.0000,0.0000
139.644,0.0000,0.0000,0.0000,-0.0000,0.0000,-0.0000,0.0000
139.656,0.0000,0.0000,0.0000,-0.0000,0.0000,-0.0000,0.0000
139.668,0.0000,0.0000,0.0000,-0.0000,0.0000,-0.0000,0.0000
139.680,0.0000,0.0000,0.0000,-0.0000,0.0000,-0.0000,0.0000
139.692,0.0000,0.0000,0.0000,-0.0000,0.0000,-0.0000,0.0000
139.704,0.0000,0.0000,0.0000,-0.0000,0.0000,-0.0000,0.0000
139.716,0.0000,0.0000,0.0000,-0.0000,0.0000,-0.0000,0.0000
139.728,0.0000,0.0000,0.0000,-0.0000,0.0000,-0.0000,0.0000
139.740,0.0000,0.0000,0.0000,-0.0000,0.0000,-0.0000,0.0000
139.752,0.0000,0.0000,0.0000,-0.0000,0.0000,-0.0000,0.0000
139.764,0.0000,0.0000,0.0000,-0.0000,0.0000,-0.0000,0.0000
139.776,0.0000,0.0000,0.0000,-0.0000,0.0000,-0.0000,0.0000
139.788,0.0000,0.0000,0.0000,-0.0000,0.0000,-0.0000,0.0000
139.800,0.0000,0.0000,0.0000,-0.0000,0.0000,-0.0000,0.0000
139.812,0.0000,0.0000,0.0000,-0.0000,0.0000,-0.0000,0.0000
139.824,0.0000,0.0000,0.0000,-0.0000,0.0000,-0.0000,0.0000
139.836,0.0000,0.0000,0.0000,-0.0000,0.0000,-0.0000,0.0000
139.848,0.0000,0.0000,0.0000,-0.0000,0.0000,-0.0000,0.0000
139.860,0.0000,0.0000,0.0000,-0.0000,0.0000,-0.0000,0.0000
139.872,0.0000,0.0000,0.0000,-0.0000,0.0000,-0.0000,0.0000
